customer_id,customer_unique_id,customer_zip_code_prefix,customer_city,customer_state
002905287304e28c0218389269b4759b,8bc183d9b9efac18f96f680940191c45,37578,bueno brandao,MG
002b5342c72978cf0aba6aae1f5d5293,76e5f3bca2b1f5c510c41563c2ea31a4,22775,rio de janeiro,RJ
002d597546b2cf44428232c9f237f873,539b6ae3b5f2999db7e44c8d4dc2069f,13208,jundiai,SP
003e45472805afa1ee701d83284fa22b,28e2041c0f17e12da80a0146305c9259,90670,porto alegre,RS
0040a8417928d0d5abd5169cd7877181,96e147852028a3ce1d25c86f03032023,12288,cacapava,SP
00ee08bd4046a080a8ec38c5e0937372,5efe3bb2ff056a6a0f2370818502daed,25935,mage,RJ
00f58ffb9b2f2764032aca4e22330725,b1cf8d49a04154f58aa89edd28a8bca2,03570,sao paulo,SP
012413f25e1a3f143b2001198e916594,99251d77284980383662133057fe855b,13880,vargem grande do sul,SP
01514a0b29d64250fc301b3413aa0ba3,af329b8b816bc8de251c365f45c848af,86088,londrina,PR
0199164bec886c94218205248559d7b6,90b1c133c701d73bea3f50a1d78730ec,13333,indaiatuba,SP
01d444480a8e7ed180b6c5cb5993a273,7ee80de1a077e0aeae1783715ec36476,06900,embu-guacu,SP
01de8fdab9ccb256665253dab73c1509,6af4044a36cafc05bb7c43494a3fd874,23056,rio de janeiro,RJ
01e2dee0a2e7464a701d0c480225501c,36def45e1f60582815cbf52cf3c33b1f,13098,campinas,SP
01fc05160cf790b9ed54ec795ff07688,225e63e9d240db566203b1ed918a809c,20760,rio de janeiro,RJ
022b1e47fbf658d8e3865c8753bf361f,0623c2d27abb37e8ad0ac4c8328ea5ad,92310,canoas,RS
023cd48849ba0870ecf5157ad5039ef2,9124f443beec74e545798a0f3977d1df,08440,sao paulo,SP
02447d437f30e908a881b92fdca09e41,615922c430abddd368735199c38e735d,27936,macae,RJ
026134c333097d60a052ab271aa99159,0398b8575daf8b69af233f7b7c39fb02,28200,sao joao da barra,RJ
02735ed0fa102eb7d85ff54982e7905a,a094910c1933dcb019f14b2cbd8e89b5,78005,cuiaba,MT
0277bd798b42071cb092b1795dbae947,6f3f49fc855f386bf0f737c9d84995dc,21557,rio de janeiro,RJ
029f546fde4adb1892e8800cb49b694b,e9aea07c357910650d00d683d374a8ba,41720,salvador,BA
02a0108a7d89916840cb3edb1585480e,862a31a206dd93be6ed95a70cd8b4b2d,34300,rio acima,MG
02acb1d49edb6c09b61d2f496afc61b5,bfe14bfa136397036c4fd0cade75c68c,29142,cariacica,ES
02d82f830047e8f02a1092bc7c6599ac,40b9153e9d1e084b64e305161a713aec,24130,niteroi,RJ
02fcee476755e629f2a4113550450b24,38fb3a44470e308a1f68847d62cf00b7,06766,taboao da serra,SP
030c88df740faf58e3bbf38fe25c1743,940aac34d4cc9e76c04cb2df90d0a957,38412,uberlandia,MG
031cb9fac5344bf6def68aacea5eafec,f95407bbebadeb8eb236153ba339e998,05466,sao paulo,SP
03440934dd266ec0b356eed6e0191612,2f4118eaf3d3df4bf8c3d57f8c2bb1a3,30140,belo horizonte,MG
035ac81f8d263612429021ec3c89e7ac,7fea4a45a89866c4724b55c562951862,01127,sao paulo,SP
035cbd7a946d33043056a4fb2d685fb4,ca994abc57b0bd7981d91d0061b3d8d6,90570,porto alegre,RS
0381ec58ea2fa26fb596e5d1af0e270d,168572ecfee20cf6f055775f96a119a5,04814,sao paulo,SP
0386dfdebdb359b0612a0563487cbb7f,f8a45ea781e72553d785afcdc0660c91,22270,rio de janeiro,RJ
0389344fcfa1b39110fe6943f8abcfad,c2676cdedacba0e3aed5312e06b9bdda,95180,farroupilha,RS
03a7ec15e921e602f51a834e5be50b4f,1d49289b3a906433e3ee62d969b5fd35,95185,carlos barbosa,RS
03ae9ed4f94758b2d7b66356b797add4,4e51fe41912be91deba264ef9b453a34,38017,uberaba,MG
0404d1fae25bd35102d36861b05e0108,2795c58c219802a191224d7756c24679,05417,sao paulo,SP
0437042370a13825737a6b3ec892166a,dc7231ae7ea2f5af8f54965e6c999611,01508,sao paulo,SP
0440345aa3f318c95691cd2345894071,4c9970ba5173d36a54c376b7f02c3aaa,09210,santo andre,SP
0462ec49c7305de0305ec03923c990c1,986c25a5e2ca08ed0a961e8475bfa26d,12517,guaratingueta,SP
049393fef7b67922535cadda19054cae,b3d3b280e7cc9eb88110b820ba5fc75c,35770,caetanopolis,MG
0495c862254261efd27f91c74ce7361b,36960608076d6103c6f3a513b5123884,05540,sao paulo,SP
04a3408f7d73698797fafee2580f4b18,56f0db47c9ee73713767795c062fe0d8,04304,sao paulo,SP
04d00072237ea49b7decdfe6d22f98af,106e0497270dd197f3911ddfd9251552,20530,rio de janeiro,RJ
04d795e7e90c83bd1dd185038140abc9,424adf7fb8aa12c60a29a76787d9a60d,38183,araxa,MG
04f3fed63b02610ccf63aea0874d9b19,aa8804bf7d630692c09b03528f1fdedd,24230,niteroi,RJ
052de1fe665ac4765f9f00a663057442,387dfe9949a341018335ecc237ee7a28,28970,araruama,RJ
053716fea805d6b29d6f8b6113fefe4d,3b2aa495b3557acad84b380301a9cc94,62570,bela cruz,CE
0541aa34358f8279116d1d183f1e4eec,66e1f83376794a26466b8aff77e4a5d0,65031,sao luis,MA
0546c71e7b8f6ea44bc1324beefa72ea,7aa39b5004216556ea3013c7ae23ba40,21853,rio de janeiro,RJ
0551eb34013c485caeacfd2915dbec96,d3d6ab62e2b65c66b94b19924886f9ab,87709,paranavai,PR
05787fcd7b77ceb360bd59963a6d7aa0,678f55620ea0eefc503bc2ba3f5e20e0,02837,sao paulo,SP
057adf4557a4a3544a67ea4221b891c0,ff423b634e7bbec16b9f1466f126eb18,09170,santo andre,SP
05838d97b4a3948e120c9fb440374691,d7b402c756be57180fa0df36f58d8b7f,33400,lagoa santa,MG
05e237154feb13bc6ef4bb9906d36b5a,3494f941155fd4f208c6f3164fa6adc2,40314,salvador,BA
05f755716925c7f1c0aa42b4730e77a7,809ecdd6011f1787f73bef179ce2a63a,20751,rio de janeiro,RJ
062ef9c4ca1960871896825b2c3a1f9a,b98f07c1577a24dc45f9d2d01eeff3d3,04661,sao paulo,SP
06310364d1a86fb500d18a2b70a26df0,95b5df391e1286f9062bc28b86465d77,12610,lorena,SP
06d1ee5468d9a2c7acbbc36630dc6c87,70d7ba99d56bc498764ab76ab8329f43,96203,rio grande,RS
06d59aa5dcec13f7cb753276300a499b,7cb9a6b438fe0a5f228bfd32ff9e1a11,30720,belo horizonte,MG
06ec7aed3161859018db02f695b6600d,3e43e6105506432c953e165fb2acf44c,11701,praia grande,SP
070571ebd72c8abf80e793aa0faa32f8,ce062bc310d6e7ef233195118e090f1e,22080,rio de janeiro,RJ
071d9f8e80f0f0415885e9aac5814700,dc0ad7294670a9c92b0af89e43ed44d8,11030,santos,SP
07226545d056696fc5946dab0f0f2a7c,be503af00c47c568e3fffd9b2344b5c6,02562,sao paulo,SP
0770fab1a98ce26d042a7aad41fdbc8f,ef89c781d27561d99c4b90783fde3c57,62790,redencao,CE
079f12eb1b192642da96011b5befc023,4eaf709a63916717d9f464d05beabfb5,36660,alem paraiba,MG
07c5453d0cc0683141b3b76577d9cb32,5489252feee6939c7874ef05a203c4a3,22710,rio de janeiro,RJ
07faf5d8c1d359058b9d05b3cb4d1d3d,d54f530b276f01f27816bae1abd12be4,02851,sao paulo,SP
0808e1fd27de920368bc1c0b7bfc116d,4fb7466a20c5587f2b4d6716ee6cab92,01434,sao paulo,SP
083d0767ee04f4a01cc28835dc32d6b4,e6b176f00ad708dab08998ac633b71bb,08490,sao paulo,SP
084c12a2c5354ee5059c02f470e22aec,58bfa8233987cdb7b475f1ac752a7457,01310,sao paulo,SP
0881e1574aa6b621c551a421297af5b8,18bc87094128bbfe943cf88adcf72059,01238,sao paulo,SP
08a0ac1decaff11abb24f276429ee4bf,903fd0a27e127b1fad40186fd85c1499,25515,sao joao de meriti,RJ
08b9cbfbf948ebc2dc43212aa3b5a2a2,553b07cb90e5a17d748dbcf842c00118,19042,presidente prudente,SP
08d7b1fe49c75e0ebc5758f55d41a580,61566a7cfb47ac2054df1a47072b413b,20511,rio de janeiro,RJ
08dbe84d5f0f740e4ffded575b686e32,c6c03bba166b958a40328e452ead2b3f,53150,olinda,PE
0905bd9a4436e519b45948d992a8a04d,fb0122e601d03542c5c8e3e54c7f897c,24230,niteroi,RJ
090881015f7293808eff51132d75a209,de86a31c04324655ba359a25f09f0bd1,13401,piracicaba,SP
091fea6ad6eea188d7ef495b8b0a3551,60779ec5b5cd830c9a6c3772161b71b6,06852,itapecerica da serra,SP
093e07dbdcc9f26d16a5cf4c0b8173ab,95e1a44735b65ecbe457b0c97f588b07,21020,rio de janeiro,RJ
0941cc6c82ccb3ad29471a38e6a8dc04,01873d3c2fc620aa701e30d2c4181673,05425,sao paulo,SP
0971df83869ecd83b4282f773573bff3,a6f6c3f1be85c43acea3bdd136c56434,89203,joinville,SC
0971e2b38bc165dd8bf1b9d24a054890,dd3c3c93dbf411c967feecabdf1b8751,08051,sao paulo,SP
097ce021afdda40c7055a54a30c2f6bd,0e6f346821860fcc7dd1c8abb2422cfe,12955,bom jesus dos perdoes,SP
0994f4004d043a6b92949b75744e0e52,8087ebdbfc13d2aef5f18e68f0f83509,88708,tubarao,SC
0998fbfbcd689d31ddedcb38f3fd8105,a84b054411cab9cef6857aeaa4763426,11045,santos,SP
09c804cb1bb9c05c716227a2dd3d6116,a2659a2f67317655f6b14060a8377bec,41740,salvador,BA
09ce0754a6b5bcbb8c24d38a6ce54543,6fe3f2fcf4c33b5803e830f218451eb3,41515,salvador,BA
0a165647633fca8a08bab0951c4c7135,a5ef5cc7731fd9adc29b4190154c1730,06753,taboao da serra,SP
0a1bd304aedee91a65a9692e70d91998,a8beb07b598aff188b86be92c67e0f1a,29785,vila valerio,ES
0a6860bf531cbda0c10e174657d4e375,5f06c03e3868fb73b6c70ac75fac6e34,38600,paracatu,MG
0a788c899a1caa2d6a12019e8828fa88,b89e8adcd81b4e77d1d67eed240eb456,17455,fernao,SP
0ab5ac09913dfd3f247c7929a3799799,af5454198a97379394cacf676e1e96cb,11900,registro,SP
0af4e8ff1f457449b9586c1ffc45ccc1,39dc893707cd584729686523e0eb0dd3,29057,vitoria,ES
0afa45aa9b2befa48d4056a9037aeaaf,3ef6f3712c0d045d9546a3cbcb7d65d3,38065,uberaba,MG
0b0d7d1cf1fe43bd5ecafafb0e92e15c,f594e88b628dc49e8a6e46cbd876adbf,37584,congonhal,MG
0b5b5dbba2cc3894c03bea1a9d74a5e8,1db2eb86cd8c1dc45233524679afa266,12606,lorena,SP
0b6eceb6d7f78319c58e4e91d10004d2,87c2eb529dbad6e0fef1b43f4cf94b35,62500,itapipoca,CE
0b813ddf68690d0aca83a20391ec4a19,c35c5c670ea2e345e3136b292df0e10e,62595,cruz,CE
0b873e99a8f0f2b3432d1678dc3fd2a0,e7ed4f9558a25b5403b41224518d052a,97800,sao luiz gonzaga,RS
0b990a3550b758bda642b10c7ff76cf0,96701d73665eab8fc6fecb9863266efe,03040,sao paulo,SP
0bb10a5c4a815deda21cde1c4131e90a,05b072d40a72efe9dc9752cb3ac00dd6,16075,aracatuba,SP
0bb18eb234e80c2f203cac31f9b03078,35fd26e0b8e2aad867717d6e3227fc9d,88025,florianopolis,SC
0bc2c14672dbd55d2657dc1913bdd03a,e1d01ab557759cb60095b085ff6ade4f,36205,barbacena,MG
0be4ccac4dad0eece92dc788cd5e9260,383a372bb06ef1c032c7dc50636eee24,38550,coromandel,MG
0be74c3190e29ed9550c7c2ca1417a14,1f8a812f37c3d595f72c0ff5b85066f6,16920,castilho,SP
0bf35cac6cc7327065da879e2d90fae8,c4c0011e639bdbcf26059ddc38bd3c18,13225,varzea paulista,SP
0bf644fc54b89e3ba5b32c2b9e618de6,9065ff1d98e9831c8b9444fa2710d313,37502,itajuba,MG
0bf752a3e1a9a91859d9760834a75acb,8040b6b69f77f454c1969f6f687edce6,29709,colatina,ES
0bfe07b61bfee66e26439b13efc8ea89,e9c905c9d93eadb270434d5f1de50fee,87970,nova londrina,PR
0c32da3090365f1c34eaa407bd52778a,6faf12196f13db59a69a92ff91568816,29550,jeronimo monteiro,ES
0c3dfc99f2187c03f0e115be04ab0d72,eb69ead1e0da68c941a67677f6a39f3b,06162,osasco,SP
0c43610fd930ed4eee8f18b6a89a1755,980349653e7fe046c6ecce32d729bab3,09560,sao caetano do sul,SP
0c5ce79848f718f81dec0ee02829d074,7aaf11fd37a9580e5a7e74c59eec9428,12042,taubate,SP
0c74ae4dc7cfc64d2850f5c612bf9411,a0aca7b3db05546e683192165316eff7,13098,campinas,SP
0c792d32a3251b4f69dae8646dfbedbc,6d394722d5fc5e721aee6875a218d8db,22775,rio de janeiro,RJ
0c838ef80e244083eebe4db0da227bb2,b5f48e65c14e0e73846f1b0f8611c64e,93125,sao leopoldo,RS
0ca4bbdbec6605e739a455a86c28e158,287ae0a02c99fcc6944ae8922beb860a,96810,santa cruz do sul,RS
0cb626f6bb027482159790ab08643c1b,c6b2c164bd41abc73502efd29be542cd,55590,ipojuca,PE
0cd6b3508de5b154bb090ec5d3b341e2,3deb9256b16c2ba3086834bcc57ad694,13041,campinas,SP
0cdc56cae92a99834552b88218f2baa5,2c1fd85b76dbae1183e7f72866dde523,08040,sao paulo,SP
0cfcefc0ed0af6a2e601540feeac24e7,77cbda5b2227fa2e9de95536462fd31a,89052,blumenau,SC
0d00d77134cae4c58695086ad8d85100,8886115442775dd8a20c2dcc921c7cc8,88070,florianopolis,SC
0d15109f485330cb77c3721039e60cdd,d4a3b115ff6ab5394c886b0edb046e3f,04310,sao paulo,SP
0d380cd86105a9cb8abf440e29132168,671b97e69e72a66b0be36e82406fc42a,09951,diadema,SP
0d45bdea2b7f24d31d6d7da7a8c12d0d,b8675e46655f71c128a083ff4152d39a,26554,mesquita,RJ
0d50609a16197a4158052601ce51d830,844f54c49898195cea2b5ce2f541b586,72001,brasilia,DF
0dd483b51c6190c96232df15157970ad,a0f206c2c1a4a8f15e1fab6fe953603e,74815,goiania,GO
0dd884f71795de2277b374e5714f7102,b4e821d1470e0b442d201d391a455738,03438,sao paulo,SP
0e030dda2e8d63beb191f52346ac0fbe,27a12bf46bf13e96f6dc1d15ff2fce12,06429,barueri,SP
0e068af4f6f8959942b47a78c8255534,06e6706cd5fc45a1157b970df4b88b4d,59056,natal,RN
0e27a2aeccb3a049d9d3acf1b9561fc3,d1ab24ff7d73637cd27b282b4ac5ace5,04514,sao paulo,SP
0e477ff075da653798461adff6337e5b,46717e39938403ae43984287d25b3557,20080,rio de janeiro,RJ
0e8a675c17fd0098a9ba9cf466d8012b,cdd833bc60a44f1fe474fd896f70a6db,35420,mariana,MG
0ea8cb0fd92fb311cd7cac1299c91589,3ba31655c5f4e503b6b896c0e6952ed7,14701,bebedouro,SP
0ebd6e76d10794d15132085db227253e,80ea9b35f8854abb863d90d42261c8fd,71520,brasilia,DF
0ec772ec9c9b8134fbdecec2ff589336,c56796ad30e680795862271384f49a8d,30320,belo horizonte,MG
0ed69dedf24f7a41d9a121f868ca58a7,c7846462cecda1978a9248b0da25c4d5,04880,sao paulo,SP
0eeef532854817bddb1fe6fea6c20b6b,a48b10541da559f610aa549f4eb59538,30180,belo horizonte,MG
0ef6c3eb9b6225c4e6e938b4d1016713,4d7e6ee77e984de7603341c14791676c,06216,osasco,SP
0efd4ac57927695b9fbfbd8780d70f23,a6d3c7ee085baccb75aceec287458144,65085,sao luis,MA
0f0d67fa1a4dbe0aeee78a2092dc9810,4c0bac678bfb8ff0becd5b393b45a884,30550,belo horizonte,MG
0f3a6d2c22bbdb61d02eb98f4a1e0dfb,c5cc879614b6acdf5b62db3edd062e81,22710,rio de janeiro,RJ
0f3c6edd9f58c263db53fdb1783a249d,3321a75303831a580b0973bbf54900da,35160,ipatinga,MG
0f48fd567c7d908f03f5cbddb5d08034,0ee5220613aaf5279645253070443531,22030,rio de janeiro,RJ
0f5e161db26d065ff8926895975c0ca6,13328de954c6d7341f586b24d02741ff,01156,sao paulo,SP
0f753a0814caee1942c04f4b68cea4ed,c6beb7c861d439fc18966f613e37b9be,08421,sao paulo,SP
0f864a38c06696957ebd1c557264a1f3,115b32ea5bce18ca0f4d63e9f5262cea,28735,quissama,RJ
0f93ba90e798d14d87e136f1b9e56f9f,c1da38f46c9e10f86a672d754b4e561d,02019,sao paulo,SP
0fae07bb4b1670e3da7d768c54f59464,ef589c64edf26fb431b56db8f6515fad,66083,belem,PA
0fb114a0daa717bfb16a4155b898461b,343fc5ba6c25583233f749bca311cca4,02859,sao paulo,SP
0fb62aa00ff179056ed520c3055e9b45,62e60ff1f96c2e132ca02e04b34247f4,81730,curitiba,PR
0ff311b8f13804a95afa54e23c1cfb02,f0daba1cfcc18d5a3229e1a911313e3e,21235,rio de janeiro,RJ
0ff924800f1b14fea0d993177b08cf1a,9295fc2f2f8647c5b79752e79826f628,45600,itabuna,BA
1003176bbc6539b4cf4931fe0228a69b,7529cddb0b278198afe2ca79092325d6,04174,sao paulo,SP
1004ffe8679b2e76e70417c5224b71ee,9445e4dd2324226ebcb8a09243046a76,86840,faxinal,PR
10382753619258cb2129a23a626d1a9f,27a86b0297f39efe6b94046f95a5f4bf,04562,sao paulo,SP
10393ebe49b1afbc4ae8a0d428d051dc,1c2543a75250b1786435958a06af4545,08574,itaquaquecetuba,SP
10485a34b74fc55cb3502f137335a9f0,3c074185e3b7522767c519164ed0e143,02814,sao paulo,SP
10a1e2ad2a1671332d2ba53f19253bd5,62b35fe1a5889cd6b3e90874d1b4a74c,09320,maua,SP
10af370476c83fd83030e8c170e52466,dd92479c2bb42ffbdc755b0b67974ac5,06186,osasco,SP
10b13e89e2eb3812975f1dc3884874de,9ce5dc90259123107bd01b26ea8e59c8,41200,salvador,BA
10baa4f455812091db9188eb661c7a68,daa89b4611b5333d04b7dfd195d9740e,14701,bebedouro,SP
10bbc2e28e8d9aada22254f4d45a9fd4,571b56c7c9a85b39baef2250fae008b0,31560,belo horizonte,MG
10bdb4d046daa3102b2a3336b8ac6626,826a63183ef3a328f99d54414fe0da55,23052,rio de janeiro,RJ
10c23e73ba4e0d1dba0fcb959305ecf2,58c9adbd05815ccb9c1e1ddf6a8f6124,20020,rio de janeiro,RJ
10c4efb37540624591e9cc876785fa40,deaddabc5832a737cae0272fd87dfef4,60430,fortaleza,CE
10d74e1a3adaeada0d8da4a2b2891cc3,abcee124c52c041bafc381cbc0036d24,13081,campinas,SP
10e925f935d8bfe0a9edf39378996fd7,a58b1fe8146940d706e5f07d73bc7d51,22775,rio de janeiro,RJ
1101f065d72d5db705dee21a12d5b950,1a9e959a0b5c9032b4bfae0222fd2989,21815,rio de janeiro,RJ
1124aa987445b3d3f42412a375522a89,d98096b0c597ce4bf28a2839ad0f89fc,07020,guarulhos,SP
11529689a3fdf79b53cf853daf570b16,1b5a1fb128d2fb23ffc39090575c46ad,13219,jundiai,SP
115c455ac3a2dc3e5c81ea3da5659c33,98567142d17a8d8642e89af2f6c7b9cf,95340,nova bassano,RS
11653da9bd935f545a6bb58b7dc41d99,3c555d15cca5369965d1759ad9530a66,22245,rio de janeiro,RJ
119053da640dded32c4fe454527f73dc,8502c8109cd30372f8d8e9ca8c2a716a,40140,salvador,BA
119e936a72d10c6ea12ab6129ffd9a79,7b9ff92eb917af9f81bcfa998b63b790,65070,sao luis,MA
11ccdef696a84d0671c602467bb81e2a,675164c0840bbd9e5b9a0a34d50b3e65,58085,joao pessoa,PB
11d983fbbe99a7f4d98590596bdd225f,fa54d75873028cd9410f92cdbf523503,13082,campinas,SP
11e6c1e1c69c492681319ffe14aab2eb,09ab36a420b5c87c5c9772bdb494f2e3,48130,aramari,BA
11f0c49caade1b82c30832ba7cb8fb5c,c165b645d4f9deefb1f21f9d244375aa,08670,suzano,SP
1207f9024cf3352f0bb86cc319cb2ced,b720bceb1eead5e8409eeed32732ea49,74310,goiania,GO
1251538e4e2d9de1c61999470342ed3c,52541f277de0476d40074256599f6714,03051,sao paulo,SP
12560c8fc6ef4609768854c0dec45c80,ff5f29fbfd0a13f7e7ed9f7b92a32194,27700,vassouras,RJ
12591d8c5871d885c6e6d8f2814df84f,d7ba5097bed1548b9330222f461761bc,04840,sao paulo,SP
1286872c3c0be0909184f3a1056a7471,16bc2322bea13ae832031605ee72b8cd,95720,garibaldi,RS
1295c00ce6a0b5d21e8e2efe0540dd01,0331ceffb5757c1ca368a6c4ed73ae3a,70673,brasilia,DF
12ca54ef905df73b98dcf7ccb0b92d92,319aed7fd576c317a96b55a991befb3e,18090,sorocaba,SP
12da3cc12c05934879a7ac7b9b31ca09,87aecbf5cf4d5e1f984e1d7a481c4f93,49027,aracaju,SE
131764f6a14ca2016bce014a174c7e52,dd81a31dd911c4dc0d9f5440ca32ca81,84264,telemaco borba,PR
13208e52f365a5397f177b4b4120c895,98d09a4203b52454142ad4dee48c4281,04023,sao paulo,SP
135366749a34710bc46eb15cb5db3531,055e3d2a2a5a60055ea33e135227bf99,68543,floresta do araguaia,PA
136e5f727307a6bed0a74338d7ee9a3f,370c6f261334ee5235f6f6e13825d707,08810,mogi das cruzes,SP
1377de493eac3f735d982ffb1f321083,a3e15d29558f98562bae08c77650ddf5,13184,hortolandia,SP
13a6bcc8613c796033664f81fec6fc70,d8c9bcfdb052d3431868568f91eece65,32260,contagem,MG
13db9c37d449305364a897e44f479406,746c7bded4ed70487bf7d6461e9f855a,65590,barreirinhas,MA
13f5f91f46713c9ca70ad436db456b77,2bc7ebf4e970183f5bd343a653a8c307,78010,cuiaba,MT
1400ebf0d96ab707b2ecf5cd40091a3f,a278e5ab3d212b2c8285bdfa911b25a7,22710,rio de janeiro,RJ
1409d4984ed93c6cd3098952b9ff8ff1,ef473761105b90c05402d43c9bf26def,81010,curitiba,PR
140bf51a12fef6c8bb0ae5c195f502fd,a6c22e1aef01b2630980a308bfe91422,38701,patos de minas,MG
1435646705531d9d7ecba595d247bd50,d236006dffb32725e28fde955d09fbc5,13930,serra negra,SP
1453fb48451a18493f27e2e36cfb0962,d46de37fe2b8f3bab462d95755aac731,02911,sao paulo,SP
145f93b9592c03d9d7dfbbae7e80c6f7,d76adfdcadecba144ec1e65118e8e165,98600,tres passos,RS
14841ab540bf9dd232bcb84d8135325c,8ea127cdfebf2952bcf1314cb10ec98c,85810,cascavel,PR
14926af09825dc08d4d15878f3c545bd,33b8504997ee93e701c16848217641a2,01516,sao paulo,SP
14b2a904e8bcb72a2bbdbcf5b8e54978,486c4f9b2ca35e1afa9010d23792be4f,87301,campo mourao,PR
14c746d1ab062a46b0ddb1cb59cd8bbf,2cff422ea56f68a1e1bdce4371b88d66,21341,rio de janeiro,RJ
14e2483e0c2635d3cd24ad5e0507c925,f7d2fc6f0a2778f53d2a6bfc27bd0e8c,35960,santa barbara,MG
14fd66ddf6349b2c9c874aa2094196ae,5b952e3dc4849109f9b9287dfafdec45,30692,belo horizonte,MG
150ef1b6b2d3073c20d4e0b9118e7986,5b53a63514dcd1cfed131a137fb67fdd,72235,brasilia,DF
1520225ce891e1d6768c68b12052d208,23b833537a1b57f8e1233d20320885cf,01411,sao paulo,SP
152f7f1e31c841edcb2e9d218b90e2af,7e8044cc943709716d3b41bd9be977ae,15600,fernandopolis,SP
153f9ed55da08a668c70699abfb30404,2a71993810121005cab869235acaacd6,08694,suzano,SP
1562d6268e88c62bc715fb76f73c7b9a,b3806e7118d02476c96b3dd8578dd07f,30270,belo horizonte,MG
1576435038c52a6ec02a0a6e23670ced,d849e6dec60225ffbc33734085906919,06753,taboao da serra,SP
15778bb5115aa08c143de76f1fb32f24,4ca83a431453d9a255b231e87668e463,03673,sao paulo,SP
15943304541965ce9e0c9ec3a9891818,db8042d926c1738f9de893fb990de370,85610,renascenca,PR
159ac2552bf49fe290890620c02d767a,2d38423803c18db71ffaabc1915d98cf,07153,guarulhos,SP
15bea20cd005ed59d34db54c6b32ec98,02c639f8dd288caf7cc6dc66513c23b3,35610,dores do indaia,MG
15cd6d28330a079fcdcd23372d2930c6,a76755933c997e2d5a1cf81a3db71e8e,13272,valinhos,SP
15e2c54d007482bc098449b458ad86fa,7d9f6bcbdcf41cd30ef4691f011c5cac,13481,limeira,SP
1601d0bf4dc5e44ceef3224280577bb9,fd5163a01357fed89a029737641f90db,14094,ribeirao preto,SP
16599d79f2e23502ad2b1d5ad017eb0d,fc816e4ab40ab193e1bdb0d79968b024,72310,brasilia,DF
1664bcafea1725d052fef88e918bf61a,9abbeef7cb0624acfb8e8516fb5f1cb0,13940,aguas de lindoia,SP
16945739bbf3e4f5c2ab429606de8267,d78c12d22bb74c07f4a55c5c3a76b39d,25046,duque de caxias,RJ
16acc3d65525c4dbd79a188f57c821f0,081f8c2a3da4bfd6b1aa4cbc1cff9927,24931,marica,RJ
16cbc4e32c7cdb2964442a15b807711c,5cf21d69d40b50119524be327a12ed7b,03922,sao paulo,SP
16f5cf0023d5d11a905dabc8ffe04c02,5ad895e7b7ce9007c007cf5a524d01ae,38415,uberlandia,MG
1700391c8dfc8bd005f553a061675982,e15512b4dd34095c4d8a1cb1c38766d8,13330,indaiatuba,SP
17089785734f497b2cd404fc39932fda,cf59b7d848feec2e709f49a6c7166369,07145,guarulhos,SP
170fa80e9be57279b9ff58d86386806e,10b5d8ebc7239e0278bd3cbef0f6534c,36144,conceicao da ibitipoca,MG
1710b798ebdc5db6665c815b90a64999,5c418344883a1f8617cb5577648adb4a,65110,sao jose de ribamar,MA
17123dccf4003deea7415632427c9b49,d48bc392ab12721e76bcb5ff6f4d5520,04011,sao paulo,SP
171345b7d45c10d2ff1a8cfc52c163db,2b12a51b531dea88f25faeba84224598,20550,rio de janeiro,RJ
17b0e9829728899569d2b8bee6a124d8,768777b7676d673fb19bc4c0cf613d86,22270,rio de janeiro,RJ
17bf46f1da4feb965bb6ece7dd8bd95c,6777d4af8d5920d859e894ea694b04cb,04523,sao paulo,SP
183c90ac1c0a763b5c69fde1cc691200,24bd689acac1d4eff3cdf2ba592bd82a,85900,toledo,PR
1846f31738b622a163fe57dd41f2df49,21a9117f4f2d0eef9bece51e17bf1b71,16290,brauna,SP
184cf2d63cab844e956321da06369a1b,f0c85a3e052169c1a3aaffcb9737f170,96230,santa vitoria do palmar,RS
185e9b45f2f0219b52c196c4e066ee0a,aa0a178cbb7879e045276239b8a97705,22763,rio de janeiro,RJ
185f6a4579e6c10122c789bc38ba3337,397d9b4fe1a6f27a7180b14a42dab978,23946,angra dos reis,RJ
1867fd3a705e13f9043a5411e03958f9,4d7b6c39aa3c7b53acb8058e4094a593,05187,sao paulo,SP
186ec83c7ec57c2073127c57d48d6549,7cecee7f130941c470e112c8c9234e4e,12830,sao jose do barreiro,SP
18af9e4b5bd9da0a9c658e1226e621cd,800cf25123d236ae5c4af326089d18d8,32073,contagem,MG
18afaffac96c533eecffd4a9b2da713d,aee3ba1f1556734cc5f1fdd8ff225054,38015,uberaba,MG
18b70c2620ae375bc887c4a472178764,4b99bc966b8a9c4975ad78e20d619f1c,71520,brasilia,DF
18bf077cc226f63f9556ee53ecf916fc,88f4f2cc2cc3f7c3e8cd20d5e592424a,22430,rio de janeiro,RJ
18e4e3b5b035ce0777b667468ba0d774,8840e050375d9161257a8a684fe5b48f,12310,jacarei,SP
18eb70a38a00f5203e6449011e998840,8f29ee8f73c19eec34ae94cc73ea90f6,91160,porto alegre,RS
1909b44d6c01d36a4d946e60f46036b3,a999002d66b0ee5c8fa36a45d9e9c891,35300,caratinga,MG
191984a8ba4cbb2145acb4fe35b69664,08642cd329066fe11ec63293f714f2f8,33030,santa luzia,MG
1927c5e53ceafe1b0d6a5ca2f20286d8,838aa2f09ee5cbf0fb2ca07b1cc2c5e4,20780,rio de janeiro,RJ
195bfa760d994681f4db21fc8ed21af5,44fe005d35d016299a6e515c312c292a,16201,birigui,SP
196dbd926f76403591fc4fd8b225171d,5446fa30b1804ee0c3729e788f778508,29050,vitoria,ES
196f617ec14599ab7ceb83a6117fd9e5,e7ecabec7c3df7ee00d6ac4a80ff1f00,18117,votorantim,SP
198346aca2ea3817a0ab900610c9ca5f,ef369fb8cd1029e81293db4aed96cc1a,05528,sao paulo,SP
1a00c0fbcc12796d898b5b4a368ea94a,4c42f3f25481f5a560b1caa9dddec4d6,05653,sao paulo,SP
1a187e61bc83d03ff6e887048de8b269,5624dec0a80e5d123f451b83ab841ee1,03925,sao paulo,SP
1a4b762133b7e44eca5756c5a267615f,f970695774455214d343a537cd2472cf,29216,guarapari,ES
1a55eb1f27ee730a8fb638821c22a4c9,ca456b58534be99055e50781fe92b780,15085,sao jose do rio preto,SP
1a814d4c8923ef3a0e978777f00b717c,d277ef4a75c805239e54be86625e0722,71929,brasilia,DF
1a9c7149943c405cdc9cdd35b20aed1f,a1d5e43cb94338161cf729569621a759,28625,nova friburgo,RJ
1aa71eb042121263aafbe80c1b562c9c,737520a9aad80b3fbbdad19b66b37b30,45920,nova vicosa,BA
1aac2b5adf8aec2c00fe67d06aa8ebc2,96fab6e511253d619ab79a63c31b29c4,08240,sao paulo,SP
1ad3802505f427339707ee3d01e4b8e9,39fd31e21ce00ef1d84be900427cb71e,11020,santos,SP
1ad479458bb6630f9187cb80530d065c,9bf81d9e8483c962fbf97dc079976645,09667,sao bernardo do campo,SP
1adc79ab67375fd7d0fe045da2bcad32,90733cb485a6e26204cf267efde660cd,37704,pocos de caldas,MG
1b0555269127c13e727a1f3cb545faf2,29939d49096b68defc67b5d5a24cfb6a,81830,curitiba,PR
1b277e094d7add96b8704328769f7f1b,4a3e63e98318348a7c9cc124cbdfcd48,06126,osasco,SP
1b293346430a8dbcd22f860a05a642f8,ad4ce702671fb943b1820a1a1b730d1c,11346,sao vicente,SP
1b4855e0e8c7bcbe7235c4486514ea80,7644e4a1248469c10e71a684d79c1742,07715,caieiras,SP
1b4eefcef3c75cb129309be3e28e5fe1,ebeca5aa9c50d3ea149d12fbc28880fe,35660,para de minas,MG
1b53291bea0d803ea8d9445552fc011c,7869ac0d544d3469667563fa66598674,29167,serra,ES
1b55371dee453c946fe64347a326f0b4,9ce8c0e4fde79838dfa511b4cc893f7a,88200,tijucas,SC
1b737e43244d83cf4389263c34c333ba,9eff2ecf32a74aaadab754199a7ec012,05665,sao paulo,SP
1bbbdd3468f6b74b00350a5b699f0315,12be6f7651fd6fb2cfbf3281bdc47af2,58345,mari,PB
1bcef4aba3c60510ee22250ef9a6f2a2,111dbd14eb558b7b898a07478e5537cc,17523,marilia,SP
1beee23bc97c837ff2053e648d9f338d,cc492df9ae61715ec0ede787f6f086d9,76700,mozarlandia,GO
1c046c32f1026cd41aae355ed7c8585f,d4810b4aac3f3fb339b0857b88021f12,07082,guarulhos,SP
1c16a824c18e670e6d038c90d61ff9d2,f87359799316bab1e30a5a58920ccbcc,05424,sao paulo,SP
1c1bfb2cd4aa789067295941c42120ff,3f7fe16073dbdd44c23f327bab3def2c,65912,imperatriz,MA
1c225b9fdf91a8323ec6c5832c83bf07,f3d71f4d8f54a54163588b67959c5061,16300,penapolis,SP
1c34e18df596ef0f35e9a1277707f932,dc41826f5e1dd902ea5f257e6ed07b95,13870,sao joao da boa vista,SP
1c3b35f72d254156a28a610d975e9c90,64652d43a3e2bbf0ce0ac8675b21b0c8,75828,chapadao do ceu,GO
1c3c352713e2c8c11f15e6f07408751e,1f8201a7ef707def40afb6494fce6658,29092,vitoria,ES
1c40682a425bf050f6d2d827d4bf2c3a,d336cd5c3601279d32f5ab1cd9717664,75880,paranaiguara,GO
1c50cf6bd2a4fb1fa75dfcc08e3b879a,f1abac910921dd13e2c7a88387c4f0a8,21221,rio de janeiro,RJ
1c587d7f2e6a80b508b880020d1ad07d,bb97ba1b80c531162410ce956a9aab7d,29930,sao mateus,ES
1c7832567f924bab626a92bbbdaafb93,ef035875ac63a400aba5f6d6708e880d,21320,rio de janeiro,RJ
1ca8fbb672ef5cb9bc289196bd4c3044,9081da7e753c0b9cbcda952e825d4ed9,22753,rio de janeiro,RJ
1cbeb91a58bd89ee2df1bc32f3311209,e75b9df782b21f27d61449864774108b,83045,sao jose dos pinhais,PR
1cce0f61f764cf083b928811b1f2bc79,8b16d7714c9ad9e6ba763fe1d63bfddf,21545,rio de janeiro,RJ
1ce71347141b46f48d7e62c4b732c4d9,d4387f8c002d1bb6a8c0c8f05be872a1,80240,curitiba,PR
1cee7be2a8055eeac71626608c2360b9,c0809c9e757929e7cf0a1af098fcb1f6,49090,aracaju,SE
1d088dea8732788ec35dd4ee6dd76112,69b2b29382af03e03e486ad307a76000,90160,porto alegre,RS
1d0bde0533c8bc42fc1362a0bc554429,986853e98cb74a8941e541d9921b79c8,14070,ribeirao preto,SP
1d185a1881211f40e281043cf723d455,b4775480db52304d754446c219170341,06045,osasco,SP
1d2a414889f397a2f5e4ab18dc408a58,caf275848cfa258e061236550f1e4fc0,71215,brasilia,DF
1d2ac5fe3c5d435969d1c325bc7c3885,ee6a2866f7155fed1d03b15ca4e234f4,81170,curitiba,PR
1d2b80dfe191a690569d02080deec210,1832d669c517f79b6f387a45cebd0fa9,88990,praia grande,SC
1d404a3fed19ccf4bb7fc225643848b6,e19d02312392ed80fac4b7adeb01bdb1,18150,ibiuna,SP
1d43379f3fce2ba1a40b2f6972feb30e,f09df0ac7072e3ce92c8d98a6fb12eb1,13301,itu,SP
1da2620e2c9b0badca933d988c22e79a,1442b730bd87aacf37f8d9fae54eef4f,71907,brasilia,DF
1df2dcecdf59a9ec5bbd2f877821219e,a4ed37fc830d1fb2889b4193ebb09a91,36031,juiz de fora,MG
1dfdfd9d483bb80b1694e927fe6a8fa1,f0d5f6b6b48d4e1599420b22ff2de1dc,15190,nhandeara,SP
1e1a421d0a27d6c790d1cc796b146dce,7365eb2bfba49ab120bf649243a4cb6c,13212,jundiai,SP
1e343e03e0136219d697f62fb5d9b962,76aa828a180266cdd5d1b32bddae4047,22280,rio de janeiro,RJ
1e80013eefbc021dad1bca9b09cc5924,b82988d501f3f8faf0b87c98e938e8d4,06950,juquitiba,SP
1eab936b5abcae9664590e84026a890a,8887cbd11065809b4530e2d25b51e856,98785,santa rosa,RS
1eabab60895d7199ae261bc0b489103b,3ae00120dc6ef7c9b2bd9d255680e721,72225,brasilia,DF
1ece1ad22029bdc9810c4d93cba3e11d,980bce54f940bb95618bad4f0734f7dc,51190,recife,PE
1ee24e71192304999595a27987dbaa94,23e80fe70674c3b89cc1616a7873078e,12091,taubate,SP
1ee7676535dc405dbb88977050668100,763ee7526cfb0c0cf9b56d2990a5608c,20250,rio de janeiro,RJ
1ef032b4ed8ab648ae7f436aa2c3216d,4857d6cf05554302bd9d6cb82b60739e,22011,rio de janeiro,RJ
1eff81ab2dabace9a165ce9346ba7ffc,4bbaf6f7a10a7e26a8777aa5cb6d5864,20950,rio de janeiro,RJ
1f144031daea5ff030f43cbd0fa1a63d,1cb59b42615332de70ac6d65a78ffdba,23575,rio de janeiro,RJ
1f2cf3515947f2028f8ba89c02499760,caf47ea65b43ffba9c588e109cc00016,07044,guarulhos,SP
1f70a80f868007f831cc34cb92c7791b,06a0ecf9b9478c4d3707dec257facf6b,26600,paracambi,RJ
1fc6b9b7c6e90a06ae0df125df34e37c,94bc9e8dc873485f4b5bf6c9dc43244e,47640,santa maria da vitoria,BA
1fe381f4b615df3b145782822bc200af,f209031dfb73259acdff1c59053f090f,19800,assis,SP
1fe4c3902c5bd6510a869b3d4fd3843b,123ecbb4fb560cff85dd1072dd0a613d,22421,rio de janeiro,RJ
1fef69d2c1caa29efde6334f753dc41a,c0ab0c71f36879a7e904700157a6d88c,13905,amparo,SP
20030fb3202f47379931ee5ffd196b61,ce8cc53968c25838eafe119cc6fcf511,01423,sao paulo,SP
20069d8437820f86e07c7036693aa9b7,c55c2e31ac76a1d0d9f6d221c84b7cdb,13225,varzea paulista,SP
201c90f4f548f6ac85f821578528b42d,ac096665c31a8a609691ad8ce54fe2cc,36900,manhuacu,MG
2026006bf7461b9cf591e44a9bf9cd9a,cab7d960c70627143573a8d907a5e946,22793,rio de janeiro,RJ
2053482e414b4e2f2bd0dc9715f300a8,d9ad5b8ce105bd3baced4648987fbbfc,03025,sao paulo,SP
20702a6b4a67c5d475a07691aa3e837c,0a75562a6e27ed55a6523eb57f79b3a6,03316,sao paulo,SP
207b2bd9ffdda81bdc8af0c03f5e3807,ac584f04e3bf59672590df9e6d99bb5a,38080,uberaba,MG
20d32833d8983a835cafcd54099631a0,1150664499f22ea0d558af89a2c053fc,12952,atibaia,SP
20ef4d959f4aa0a75828646ea2dce34c,e83641151b82f18e41c6d1ef555d27c3,38400,uberlandia,MG
20f2452267f6c154ded2085fb3b55234,54207f53e2c739bea2ecf9d4c06978f1,14850,pradopolis,SP
20f5a1cf347e797ab4f304906b1557b3,664770508f06c0c2fa1c37fed04a6dd7,19830,echapora,SP
2101819c6afb989af1f32457282298aa,8864da1baee87cf25d7947d16634aee6,24722,sao goncalo,RJ
211edf902a95b6f72c38ea7d669911d9,d88c6d8c0caed386e83167dc6c448dc9,06075,osasco,SP
212a8577b07fe0659c5eb09277983ae3,1c6fde1c16dd7df4cb45f6d281ff76bf,35032,governador valadares,MG
213949158139ccc95073842f0ff7c2a3,ba7fc35b83be44e57d7e8f96bea6d80b,12421,pindamonhangaba,SP
214da6d258e415ee782fd14c108be3a2,486a411f40fe3cbdf049451bd713d2be,35380,urucania,MG
217906bc11a32c1e470eb7e08584894b,c6c0b794d3e4eb69cd85d1438a0db26e,64023,teresina,PI
219d6f108f8b4383b5e0c1c87510514c,eaa2147b3839e6bce1ba5f9d22f8b34f,86925,borrazopolis,PR
219e2ae459da58e8179154ddbf543130,c7281b8ec735a2dc0cc301e8a831bdb6,40450,salvador,BA
21f420baf5412d045b0131e6a6960cbc,44b846ac3c77be98bfbc674ff0b3169a,80620,curitiba,PR
2205062cf6fcb1d20614d865945329da,fdcb2a985790cba441e21a78d13d0266,04216,sao paulo,SP
2232236611f1458f825a31b9cfbd0997,050427ce6691dec61ff78267f70aba2d,23031,rio de janeiro,RJ
2237144a10689251d71b7a4d2784cf81,6a7e7be8e652da4e4777866459f9b007,72445,brasilia,DF
226152ac481f0b29cd416d4028f64224,d38867091f1bf3531ce67c7f4b93b39b,62680,paracuru,CE
22639d78f0649eceeb30ebfc80c24cc6,70cf7c1a2ee65622275286a438160730,01527,sao paulo,SP
226cc869d30bf575d5d2a0060dd34828,26d6770ea1fe6eb58ac8d80ca5beddce,08587,itaquaquecetuba,SP
227b4936c1389b6feb5a4b2d5a1a168c,6e44eae728cc7202d1f6e3f5643a7977,04057,sao paulo,SP
22a62541ed4704ac4f51d175379222d7,1803287d1e7138aec6ea9d3c963ed87d,08557,poa,SP
22abae8abdb65b160360a0e4a612bd2f,f7bfab11680a8205b697f8cc03e28dc0,97015,santa maria,RS
22db58570a862e5c0f00125981ddf293,6f4102ac174b0bf17f1495f81a6f27a3,88060,florianopolis,SC
2300457c28afe54edb4da376808a8781,4c581027a6bd52c46aaca848e6e0aebe,23017,rio de janeiro,RJ
2312b7bbf7f097b43ba5e3feb3429f59,ac64c33e439eba6713e1743e070ef50e,02335,sao paulo,SP
2317945e1dd932e7a65b81cac0e7c5e9,e4ef9f9a8e69ba8dfe0d369fe7510f85,04548,sao paulo,SP
231aac24c44f6705d59a8538a8d3c2ea,d5934b0667e768dbab7721e96a682fac,23530,rio de janeiro,RJ
2354f1f312d5a346962f9fe4aaad3a51,c2dfc6e0c186490c85de642d331b97c6,88860,sideropolis,SC
235e60205492c88cd6f41bfea21f7b62,2ae9c0e55708edf3ebe5796bdcca1b80,05565,sao paulo,SP
23631c049ed4b436d8a991ccdeb55b3c,8977d000761a2cd46f4c73f0cf079e04,20260,rio de janeiro,RJ
23706c2bdb0f3c73d411a126e1cb9a7a,6798900072ff5d27077daf83edc3f94e,35590,lagoa da prata,MG
23ac779aa02fd8ec91b381549a60c4ca,e86ced0286440ef7f4508e9ca5b084de,30380,belo horizonte,MG
23c6db8b716b4cc0c9cb7ca858400080,c025e5fbf991712a9030643b94c00325,96270,mostardas,RS
23fd1057f419241e5e9307e2ce4b0b28,dc38b31bbf7da8165b8daff2dee40329,13460,nova odessa,SP
240a8b56938c17a84ffdbc98516c9468,564f521732e1fbf5424fa01f0a5d41ff,15070,sao jose do rio preto,SP
243243e2638f6c85b2b5c38f5bf05b53,75190022751fc37ea481648582f29503,06783,taboao da serra,SP
24414a412311a39ecea65effcebfda99,7a84ed46fc6220a95b1de245da6535a8,18560,ipero,SP
24455809d8e25059274e820cc202b50a,4628eb5d381e37b130a6b0cb32110558,09843,sao bernardo do campo,SP
2445e3d4111363be3afb60bcec7b13b5,68ab9bfe2388b0b36614c7000b8b1cf8,40731,salvador,BA
244c5781e9005c4d4ed312232b155b00,4ee952a26c5e8af732f1e08c163dff5f,14783,barretos,SP
24c4a139416d9ba7fc593a3dc162df8b,3be9c553e23e8c83ced423a32f5ea1f0,02404,sao paulo,SP
24f9d86fe662411f563ed4cfd6361b1b,ef6d1a9c7ec71b2ad0b9db9feae55478,85845,vera cruz do oeste,PR
251edc5a4d2b38f123ae7c16b6dff017,4afe0d8251852833cb34207de8093acf,08421,sao paulo,SP
252eca59746ea50c35bbd4cee0fbd333,be348ff0d3082bde9319e803d3312fb1,36900,manhuacu,MG
2546952cfbd39e4f95b50be232d12d8c,4d06bf15a53faa781734d9259182dfbb,01333,sao paulo,SP
2549a0bb60ed32415a39f38be7534a3a,eed1d0133ff77d7305e9006448d35997,09851,sao bernardo do campo,SP
2573207acd565358bd39471c79676c5b,35493505415b51d95d652960d68f1b8c,29100,vila velha,ES
2588251e64ec416355e9fad44250ab48,bb1453ebb07572c952b46ff1026e4af2,29055,vitoria,ES
2595d4fb8660dcb8cbb4e78b0a8f40ce,5035394f5af1b31d7c536f2bff8e5c46,70658,brasilia,DF
25a4d8c5a24540395cda3d9a9d258c4f,89f9d834db1e0de91ba5d7f0a15f7b4f,11730,mongagua,SP
25c2b44f44746346e8df6fbd7ca25540,ff76aafa376f62ec87f99df89482afb8,13272,valinhos,SP
25e478c307b5543559a8a7bc74b2a068,8577a03bd8df4b9411eebf95efddbe8b,24210,niteroi,RJ
264962f8c8f5289ab19f1275c25b321d,6747886441389831020c1833d24b162f,03507,sao paulo,SP
26545a1a15e77138e98380c49a76053a,eb9414e9c56dacd436c2b7a274b34983,29730,baixo guandu,ES
267856cea77d0833f02cb04e26e72100,80f57b3b7146982298ace38333bc7361,05187,sao paulo,SP
26978239b9a0ccb40d576a0a099158b0,a86680d985911437a0c3f42c3f661b52,91520,porto alegre,RS
26bae6c90b4b6d9a7260381fd825f8b2,3bfda42ef722cb59c430e6be0b68628c,27963,macae,RJ
26f4715ada42676902af0e22a0b091b8,a8805dce2afcc13b0b228cfd97b45904,04813,sao paulo,SP
27278251bc7e8a7107b55f3fd7061805,93cfbea9c4088e38372dd1d97b7e9c97,13284,vinhedo,SP
275232a5e605bb6d1f97eb77679bfd0f,7153403a296f164c68e2444eb97a3a05,89258,jaragua do sul,SC
275929ca67961c4ea678334b15369dd8,64629738b0392f2bffeab47ef5846d87,89210,joinville,SC
27645e20a802dd1dfcff9851c39c5754,086ae7aa99407688bc56960febc3233b,26261,nova iguacu,RJ
2776b143819749dc8da150f1ce56e8de,eabfd5a2da2fe2ade199d6c8a483998f,94475,viamao,RS
278c63ede99698eb4838f0df378d9adf,deea7416e5baacd083b67f25fe2cd142,70862,brasilia,DF
27945705176edfc88626182607cb3ec6,7c6b574623a7ad16d97a7e62543f25e6,31515,belo horizonte,MG
27c3972178e2db6a0a769e1aae07628b,47d54ad7f6c7400ebf1649d056830c27,04932,sao paulo,SP
27e430dc15333a6d9626d282c13c6035,b37db03aaa5f3d4d0b69aa6fe7fc7f5a,76804,porto velho,RO
27fc8ade22ab29a37a27abddc4ecff02,0e41cb208c56f9566d7d1046bb20e655,28908,cabo frio,RJ
281aacbce74cdd7b66d6aad538e47117,5b131a24689b26c3e931c218a83c7568,30411,belo horizonte,MG
2823ffda607a2316375088e0d00005ec,9bb92bebd4cb7511e1a02d5e50bc4655,07176,guarulhos,SP
282e51b682bb8fb8064457522df17882,4fa852678965c43d7736979cd1b04d2f,04961,sao paulo,SP
2830a528b71c2a35aed1b9e3b74b59c2,264948e03eef857d56379613eae0381c,98700,ijui,RS
2842a713be186f048490153c66d876ae,0784b838b1830d590aff9b93bbb41f24,18071,sorocaba,SP
2876fe3349b7c805390e793bf770b5b0,828a921fd1c1e8a6dd7ffb814fd0a82a,05815,sao paulo,SP
288d54d6a596b42c55779d33d5d29ad3,05af5b898ede8240d10b425a29cd96b6,30710,belo horizonte,MG
28968687a38c3cfa28f5ad351a41f35e,3adb89c8918317ba441b75703f2b624d,06233,osasco,SP
28c28a770c60db37d33d17a2823dcec6,6f707f7ff3ff2e09322bbd375d31058a,31620,belo horizonte,MG
28c6129715163112501f1ae6b4255df3,cbd464dcb41d05485e202090e631fe9f,13160,artur nogueira,SP
28de693affea36d16d7d74bb663f7c7c,97c41322939ad7fcf82a20ba2ff02f8b,22251,rio de janeiro,RJ
28e063338299369124b14759ef655663,268f67dec46731d0b3aec4305742423d,14700,bebedouro,SP
28f6ea6858cfdf1b45f4a3623a6955e6,1b95e3fe033836c787689ae4b9516aa3,30882,belo horizonte,MG
290e2d3c42858f8a22534459de3bdb2e,17c7da60a0690728119612a54035452d,88090,florianopolis,SC
296d2182933c909ed7aadb24373704ab,82dbecae40ab614c1704cf7f55b5221e,21931,rio de janeiro,RJ
2986e0dcdf8b36c8fb8a591504ddb0aa,3cebc638abdd92da9c304b8250bdcc7c,57910,matriz de camaragibe,AL
298c05691a9e47be24da23dd17c2a019,02efca104f44478ca3578605b0106a40,18681,lencois paulista,SP
299cdc3375f721a2bc596cdcc68bacfa,d176981ee04d8ece7ba50df7d9c0aa8a,08528,ferraz de vasconcelos,SP
29b35b6f15df7b4b34a66566376cc79c,831038885b8dc5814f64c46fb7c57952,31035,belo horizonte,MG
29bafca28f3133a6055dd58892615b55,2c9844d357ffb675fe4c3d29473f2782,20770,rio de janeiro,RJ
29bc624eea63e77997d35b670c739591,1356e660fd3ad4184ff7ca0f87bb3c9a,38400,uberlandia,MG
29cd5d64c1d683f8d652670417b62b8a,c8363ce0bc801747400bc4af34cd1705,30421,belo horizonte,MG
29d8b10c320fc38f43d93ef3d4f68a74,4b8c5636a48302c8c12e2b801d71c0a2,40050,salvador,BA
29fac21a28f8aa4ae82030aa5f586620,2177af4b53c4c94064cf2fff52a09376,29111,vila velha,ES
2a0ae78342ed766c8dfd9f7b09e300d5,37d0b647301742b1b17d627e4c10aeae,02430,sao paulo,SP
2a29bb358054a0f3c574bd59d4c7f131,67eac55ee0b132da77f6b46e9f58c32d,83860,pien,PR
2a2a743c28a4ee5b08af934d5a1461a6,069f5d1c227da81abb89b8568d1f9a89,06654,itapevi,SP
2a69da30b726b7f3db7f1059af5d4304,f7b62c75467e8ce080b201667cbbc274,22071,rio de janeiro,RJ
2a6caf771045ece479046cb01df66d1d,6ad276b6e4b85c1a2020daac2422c100,33400,lagoa santa,MG
2a7d2a567dbf4e484dc9ff01ee6a5a29,66b609f84df5b48c06e4c2fee0c1bdb1,29395,ibatiba,ES
2a7fe4ffcadfbf65ae5c06b02964e929,15754cba3d60cfbf861d850838b5e329,17280,pederneiras,SP
2a9f8b956621aa122762ae3cc892aaf8,be1a858fe94dbc3cb2ed6c8844a8b0cb,22775,rio de janeiro,RJ
2abf58739c3d54ee365a1e45045d593e,0f35e8fce704f0cc89cb5f34965e4776,26530,nilopolis,RJ
2ac3a043592924a116eeac9dc25d1399,ab10eec023981e2a2692c31b6f15b5be,36026,juiz de fora,MG
2acac3dfe4fa0e75b07461873a67e7e6,93027a697145bb67a134f56e9a3f0d9a,66833,belem,PA
2ad6a1964e68226e5707423966a8a1c6,d7777e57eeb396debfd5a74a8cbb4c1a,78640,canarana,MT
2b00846182b41fda871e547a527e5a53,d51e51bc242558e707476b648a5b14c8,05085,sao paulo,SP
2b103a43381968b2d869df1c7da16dde,9a1144b6f1e5f542e42ff8c7b7c5cff3,05709,sao paulo,SP
2b1d9712b1f02598be78af6b46a741d6,af66fc21baa213f999f6a41b273c4e28,14900,itapolis,SP
2b396f2065a37a6c85df1b5ec25ef942,06b84f1b227e3463de0cbb0bd227e4e5,02911,sao paulo,SP
2b3d94ad32203f90d7f85edb7a199bc6,60204fb945f6c8fe2469fb41a8f95463,92120,canoas,RS
2b3dc71b4cce6a5cb97f6ebf5d6ede5f,62875d300d81b5f33990d8bd3ef103be,35476,piedade dos gerais,MG
2b4b2c2223ceca2593a554d15f3f731e,19b3f79ce298007c45ea4588ee2afd6a,74610,goiania,GO
2b7e2056564c3cf62c3a538efe74ba8e,2db60a76a1976f100c4e94c915a04683,65530,urbano santos,MA
2b9c116002450946e5c8989cca3b6353,a496d7e86acf902f0d08bee4d9dcc258,06719,cotia,SP
2b9ce46a222ca88284736ce346d405e7,bc250888db9315de2e4d496c9021bd79,07181,guarulhos,SP
2ba83772da66cfb788b2130a97f46292,c88c7f3b5a5197c8eaeefd3333fd048c,12414,pindamonhangaba,SP
2bcb866f83a922fe129eee30d6657290,cfefb679a146c112056e223b1099b591,18285,cesario lange,SP
2bd76f7c3456afd0a6885eb89e8bc212,f5faafcfd2343397124c26009e3f7eec,06114,osasco,SP
2bdb2502a9b89d8f94ccf1ef7a9f0292,07254adf22ae81855ca01d9a5cda3264,04331,sao paulo,SP
2befd838f726c482b5281c5f849b3cad,dc759b3f371b15aa62e4bf56a123d3d2,21021,rio de janeiro,RJ
2bfd566c10ff41c47dc6e2f9dd51b467,31d01917860b026341cdde17c942b59b,27351,barra mansa,RJ
2c08cc5dfb684e0bb4d3846b3171f81b,8ee658cd5f58524dca2fde700b44548b,85960,marechal candido rondon,PR
2c143a285d05f7ed636955c1487082dc,c3733cbdb41f37b5477b2c01c523e220,35790,curvelo,MG
2c17a1538f46a90219647fa26b661598,fe7f8dc88470be4982579e7c30d80c07,20910,rio de janeiro,RJ
2c1d9cb5468d2428f8e95a5c084396a8,62789dfe332c095569f5ce35d10a3062,65054,sao luis,MA
2c2c89758acd7a5da1c982330f02ccd2,3fed79a43b6e656d60902b3f30049c70,89190,taio,SC
2c5fa55f96afc893b29c94255b4b7ad5,26acc72cbc14d9fcd1a519a43d5376ac,71917,brasilia,DF
2c66657b5894a2f00212a533f2cbff92,cde34cd7f42e6f444abb7f686da365ac,11704,praia grande,SP
2c68daca346558266eee9bf9539b7f24,bd795a106ed55c03d00a640dbb847dd4,79310,corumba,MS
2c9948887f75cb26e1831f13d88676cc,ee07acbbdcae6527297281fbd36774e3,70670,brasilia,DF
2ca947be2dbb0219314e655f888bd799,a2de395141e65ad3d059a19c67c497bd,21042,rio de janeiro,RJ
2caed4106ac34123aaa5b6bdcd6fccb4,894fa561f54fa10de0bc4db8b581947e,27340,barra mansa,RJ
2cb9cd4d83c7018f46ff002953f95901,60a22f2188cd2b544c45f103d0e00539,21341,rio de janeiro,RJ
2cdd14266e171616685c2a2deaaa76f3,5638377605c343e76d9aaf6d406d429c,14900,itapolis,SP
2cdf4e6c8a997820be15dd41a8fa57b3,0cbfcb4741cfe66b2ff4d78fd3dda2fa,63800,quixeramobim,CE
2d0c34b4b379c290f079d39df12304e2,24a0683609e642fe0d86e5e2c97712f5,18190,aracoiaba da serra,SP
2d168556d327700dc590e84a3b12112d,fc1c735fd279ad7321e7b40a4f9d361f,37890,muzambinho,MG
2d3a07b7b69973a8118724ddd6495600,3c84bedc36c5c2894b111072c93f0953,01257,sao paulo,SP
2d402a85298af9a5f4e3962a396fae4b,aef04d25d6269c9eee7074b8d5be7693,24220,niteroi,RJ
2d5b2e10598f23bee8a27fd92f570209,64fa805e7807bbacdb54d9dd660a49d1,14070,ribeirao preto,SP
2d8e6928e55e8da0c7ef096702a74b48,92d0b88e58cc6a4ca246f8ce829bfd67,14940,ibitinga,SP
2d90c7d62a912282ac15ea7d3f09a075,b463aa86422087e97281b2787590fb0d,04713,sao paulo,SP
2dbef7c4fd8693011193adc8ae646272,9c8c4083662be572f6bb390ae17ebd9e,05011,sao paulo,SP
2dcdd89fa50e9aa7e0105eddff0fbbc6,c4af082fb0ba076bb96828135834f60c,91520,porto alegre,RS
2e07ff10864815e97a1fdd6e2804733e,885256cd91b1eee5335730369546f0d3,89520,curitibanos,SC
2e1ca63e5627b6125345cdd302d99835,fb3666e37fd339da742021b12ee2a0e5,44572,santo antonio de jesus,BA
2e23a2f3eba4b2ad0f263c2718865f77,d34c4abd29ae3f136be6e424aabcb6b9,72420,brasilia,DF
2e28b2a4b665efc5157224222743d141,812b989ae1e1002fd5c0bfcdf3fa2860,13054,campinas,SP
2e5e8c70b061b9754a3421dfea97bc07,27c8243bd798cad94ce3e33fa838bbe9,37310,bom jardim de minas,MG
2e661a1348e46a3a18291240f6e1fa8e,b60c8404de6587cab091a3fd0079f14c,94950,cachoeirinha,RS
2e6ace0ce983d79b53c08337c9dbdcc7,0e6381a288e73b5f9d64ac699533ad57,24348,niteroi,RJ
2e6d07b7d21a82360f3b981e93f20c45,29eb90999e5256f4e560edc0983ae64d,01304,sao paulo,SP
2e8a717f1328396791b375f2d401def0,4d5e71a85161c235a376406c237f96aa,60410,fortaleza,CE
2eb58edf4b8493e1430234d8aaf76e30,d0401aa66d5c33ae752ece32f8474d3c,20230,rio de janeiro,RJ
2eb5baa5fc118975682ae91596bbe78a,90850b1bf110c8d4a9708f3a9c23e767,11661,caraguatatuba,SP
2ef0049219fc82f93b6745d96514752f,2e7ab114267a45718e2bdf68635d45a5,09715,sao bernardo do campo,SP
2f0524a7b1b3845a1a57fcf3910c4333,d05c44a138277ad325d915c6b7ccbcdf,05344,sao paulo,SP
2f1d78af6de0800385a0cc5cf4b7a794,6d107617e509701446292309521f1c22,14810,araraquara,SP
2f321cc7e64a7af349f673fb7877c2d0,a007cc60b9d63f637069859037070d1d,05535,sao paulo,SP
2f71b2b6d65a60fa6bf6e33bea5175fb,7c9fd82dc6a1d40334763e4fa70bcacc,04366,sao paulo,SP
2f79ca5a979f66eb36747f4b354be942,bb50112c998293f45f49f49704165768,88840,urussanga,SC
2f872f096da0cb0bd7ac1d63e3bdcf03,872954e400a8d4fbae229cc73f94a49e,52020,recife,PE
2fb63e788bc5a760404afcf3ef8ff164,3decbfb55a0102a0eaca8e4b6734ff15,40130,salvador,BA
2ff074b1dbce2bc816bf81c3c820ba5c,bc794c0cc9ad7ef403d8281021e00992,18230,sao miguel arcanjo,SP
3008cf4a74a01457bd6c1a13dd303150,7becd6ad5668ed0118ec6853b400ea86,23914,angra dos reis,RJ
300b8e97afe5517506eb5fd157b3a9f5,0105c53fe2f742999dcb90ca99f4bfba,04013,sao paulo,SP
301bb7f7306732397e9e0a1c614b397e,77ea34bdf8e32a91d7ffee1f6c4e6a47,02846,sao paulo,SP
303fb7551f5f1e31c71dc4a84e202375,5d186779066a00491fe5c0429b1d3342,35540,oliveira,MG
3054b6322c7112b56c441d044a5b7033,97c0d90b4d37062c75b5f836ce3ab957,47800,barreiras,BA
30655cf58eb5718f546e6dabc8a860dd,ed53f1bac302ca774e9c8eb3ecf51a47,32241,contagem,MG
306cd7574a5c838fc55238047aa8df9b,e08a91380740a10dd3fac40eed46246b,35680,itauna,MG
30723c815d1d366a4c0fb9c59762f8b8,ba70a43a337eea22974f873f0f4b3768,22780,rio de janeiro,RJ
309a1beccf92e425e658cc2932b663ca,f40eb5de6af3d4c70d1d351c66214920,86047,londrina,PR
30b7b123dd1764ef95cd5ecf08c70ec4,198b9f945afa24d9940cd6c3abf38527,28970,araruama,RJ
30bd2b14e08f78a92bce73780e871241,0f57fa2ba5be868bc5357026f0ec17f2,05850,sao paulo,SP
30f0b55f10d0ee3b0b63d9111350e27c,e07c921004720b39e6cfd2d3f3a77a69,79621,tres lagoas,MS
30f523f7def36192efe977b047ab4622,d74f94b54581eed0b6675c48bf5fed5b,27945,macae,RJ
30f82c0ee854f242de987b4f2390aa95,7f18fa0c84333e6a2e1e30378b5f3c6c,70702,brasilia,DF
30fca276feb60858f0292213c46c9756,55b992c01d44cb18a2bf64f4757bb99b,02715,sao paulo,SP
310f4c1ebfa70d27337359ee72d472b0,6b23bf3ae0316abc158f20db14a9bdb3,12223,sao jose dos campos,SP
3121273a484955eef5f8c940af3ebfb6,2eea530b4be6bbcb80f85bb9e29a33c2,17014,bauru,SP
312ec22f9f8df7a4d0d911a806e2357a,35959524cab90aa984ed033080d984a0,92025,canoas,RS
3137742bf8a6ba694c23bab756b52683,bbe865223f662c5d9ba99323e8d00edb,55540,palmares,PE
316fc9b91c893ccbb91c1d4e90b1f3d2,b3ea92a10fc1b7012b9d0ddcbbda9ce8,20521,rio de janeiro,RJ
3177b0de4bbcd569c2f5a0382564beee,516272105acd95d7c7a902edd496312e,09850,sao bernardo do campo,SP
3180b241917d07e27bd46aac80ded579,06bf11f58f4a6b5ab7dd1623404bf672,30120,belo horizonte,MG
318168026c8d63d150f69ebd54c3d887,e7d3b17772a74209d76965c84d5b286d,95500,santo antonio da patrulha,RS
318c507609f1e34e3fbaa0d012e0a3e8,1c92261df2b30006b6d6dea39975093e,68503,maraba,PA
319bc74aa0d3a68dc4d3a98b9fecb45c,261bc8d67bf6264cb8352c0700e98f3f,63040,juazeiro do norte,CE
31bf991e13d77e9989c3ead0765bd1c2,8a7f15899602fab65322f08a92dd7a10,24445,sao goncalo,RJ
31c11dc04a7d1ebdedc4cdb2571b289c,b963d9e2272480931db1d193026794c6,03361,sao paulo,SP
31d42a8bea9c9a90ff89130fadc78477,e1a56a21a2abe900cc74c970d9fc5181,01315,sao paulo,SP
31f0f6f285d4ddb2179e8d695930202e,6a58b81763c22bf8ae1234c3e1836e7b,15070,sao jose do rio preto,SP
31fd5032081edfe8b80abdd6cac16abc,79352dc7cf66eab9a3e789ae8b07078f,71917,brasilia,DF
3223f721ba6af6d7361670b433dc004e,4210db4456e5e1f786db193081339667,37115,monte belo,MG
32352977d8f006ca69685799ba6d9275,d9b10841ca4bfb223744eed7298af042,89287,sao bento do sul,SC
3237a9ea092013b7b44c0c8d5174006d,71512541e228be5d1762945862546187,07836,franco da rocha,SP
326ea3c08b88fd580aca1f750690347a,13e197814fc0cb8f5c472cd356db8699,08120,sao paulo,SP
32b0ce578c3e5bdbd17d3f563ae9537d,bf9db6c6fe56c2b4a413263977b38d77,07082,guarulhos,SP
32b231f4bb38d9d9670c5512f7409b34,b9843d7f891fc73171bcea3da44c0e27,14907,tapinas,SP
32ea572ef909ce200bf5097211d79d22,48aee83c86f97efcbe8143093423578c,65045,sao luis,MA
32f933ccfb84e611969e9b44d4ea5739,955426621e97369fc4d9e9702140107c,37570,ouro fino,MG
32fa597a3b06db1949ee96c416335b6b,bb477df0c32c10ffaf2b2c5e81169f20,45140,itambe,BA
331c5690c13e397b0e1fb1fb407c4f9f,9604f001b227d66379f0fc355985ac34,95600,taquara,RS
3327a56e01d175d6a2885ae4452638ec,c93b6d32561dd7278336147340b26c18,21310,rio de janeiro,RJ
3328834615c63920c7aa70de65af963c,a95b2a758b2e0748b296c6671261a38a,37706,pocos de caldas,MG
33317e517270fa92b2001b0dbdb64362,fc27ae83454914d1fa338583117993ef,21021,rio de janeiro,RJ
33646ed7e7e4e912b04f5f203b651848,da2bdfa28e41c97daf9e8cb2749bc30c,37706,pocos de caldas,MG
336fbae7f609704cbff29abfa3c5cf87,d253bee698fca642ccc22a96dcb14876,13092,campinas,SP
339716994af08750e974eacac4131398,da72230b0be2fc2daad51ac83a6617dd,88450,alfredo wagner,SC
33b3ac58c257992bb9f0dff11643b8d0,2592816433dfbb3051af91ba91625de5,05428,sao paulo,SP
33e6a7b54311533e70c06970909abeb0,c60d996184cbbe8c51e010e4069d00df,41810,salvador,BA
33f79984eed79b3bf692c17db97c4334,be8cec1133d0c0b877fb44865a226245,82620,curitiba,PR
3403d734bd655535fa240066328de632,68497ce04e9b12cb402671a29acdf6a2,89825,xaxim,SC
340485e58213e37b8cd9723e0548f7c6,d1c3d5127ab02d8b9a11c63df869edac,06816,embu das artes,SP
342e317a94e99f9100ce447a1ea53fb1,1d441954acebde8f2713904082a1c9d7,93037,sao leopoldo,RS
343d05fdc8c888fa5ac9fdcea627efc6,c6363b71e580fdd9124c98b2c6fc8b8d,21331,rio de janeiro,RJ
34417388de13fbcd12cfcbd9d1b8dfbd,d3581765bcf955dcf282b1642c74157c,78045,cuiaba,MT
344a27b3c9562cf236082962d1767630,d377c2325682d5c448f87b67ef7733f2,83833,fazenda rio grande,PR
345ccfecbdd9036787e7e52aaf2eeed3,98d29bee1ed43cd76462128119e38a1c,99370,fontoura xavier,RS
346564320ecd94d8ef5ba883774304b7,4e6703b1d9d680eff81fcfd48f5d1d68,27966,macae,RJ
34711868e1dd19543a7394d23b5313c3,536a339a5ffdbf5f3cd369e2a0abeeaf,04851,sao paulo,SP
34767d7c5bd566155efa60611cd0d56b,87b162d0110779fd1d97a4e03f7407d7,65070,sao luis,MA
347d2d46e041e08671c945edaa69b28a,b5a5f413d1debecd51fd0e4874c03bbb,13209,jundiai,SP
34a79f5a6da69d0473adf86a8a622f56,c5ba9b847b8aba3207c10f83af5f6b3b,78745,rondonopolis,MT
352b6f640af26b0d36b6d2c8760cf5d2,8356af66c0132c203bc366a3d6720ca2,38742,patrocinio,MG
3574e3f3077997227adc80e77e1ecf79,c7cd7c949868a3a9167d4418c300f1c8,54580,cabo de santo agostinho,PE
358bcab53116b7f355527e475b2b6b1d,695ceaf24e4da77e10385dfc7829a701,75850,caiaponia,GO
358f85cf4c0ce9baccddaf17d8e5936c,b5db6bae09e9f171ca16a43c5722b8ed,04458,sao paulo,SP
35a4c349e95eea674c798a25a532995b,137e5dd66aec8daf7fe5a023bc274c44,28540,cordeiro,RJ
35cc12371670f472b711f691ed7f6edf,920743c929ee0fc2856d4c97be8f6152,13105,campinas,SP
35d517e1d32bc3c1d8c759bd4d3635dc,33bb2307143a2aad355b397ea98f9298,02993,sao paulo,SP
35da1bb3d702118ffa90db700d531c35,1dd356a5b9f5f8625c7947e4c2d1db8d,03506,sao paulo,SP
35dbaf9c728f87f4d2f717370aa3eb43,aeacbf096e13c15e194a027a97fcd4b4,78254,conquista d'oeste,MT
3601b1ee444b7e4f6d26c1223d613418,31f4c452e2cef53d78e609e40f911885,87043,maringa,PR
360c6d74bfa06f876676a09b73bdc9d8,d2b34b22fcecb12fdfdc1c9001326e31,76375,hidrolina,GO
3610c1f3ac5cfb96a72b822965fc8e19,416a472c8f407f12b47e045ad7c3e3d5,14094,ribeirao preto,SP
362e8547ed41f5bc4e7eccffb84c698d,f0b9650e6ccc5e3262abfe9300d15119,17380,brotas,SP
363133bedba50bf6ad398ce661dec61a,ca3dde7e81dc5c816ca6226783438c32,07241,guarulhos,SP
3654b6ccbba27cc2fc3fc52ac93ba937,b5cddc57e28947e23bc5e7eb48dc230b,04851,sao paulo,SP
365ad3f217e2d051fd7f5daf436e4ad8,eafcc217a303790a22debf6497aee0f4,20230,rio de janeiro,RJ
365b271927c18b2fc6711b435b202a9e,d76b4dc3d5d3c24e7ef954d4d78f9a6c,30320,belo horizonte,MG
365ea489aa1e81ee23c0a26c918cecb3,e226f1eb3c1567ca3924ac574f7250ba,71918,brasilia,DF
367000b9bd508db790e048df2f6d6af9,4261e564d3e674b5234f01d199701475,68555,xinguara,PA
36733e721b2267dc344e04501626cac1,aa402cbefcc7104506926e5a3567b2f4,50870,recife,PE
368f207cdc8f5c93a2b2a5d4cce96ba8,f9172a6495d46451776be8bc8e46032d,26460,japeri,RJ
36a49b54cbbe46996c20730dcc059f30,281e1e72207e518c29b249a1361a775d,09190,santo andre,SP
36b182c39933d55e307096ccc3fd2970,0a5dadb73145d29f42f703c97c377ae8,11708,praia grande,SP
36bfbbbe0a074d32bec3c08cb9111384,2b4f3f41eeb66df3baec10c746243dba,08330,sao paulo,SP
36cee34dc9a7b76544d0f8c2ce2b54f1,ac9456d4f6c54565494b390d1ea87053,37270,campo belo,MG
36ed9379299c45eda07acf2c5012e28e,7b51de055baa302c8b306ace60f9f56e,87030,maringa,PR
36ee1c55ea025fdce1759f64ad07aab7,55d85d60b231b851c2001e8743ce1d52,30820,belo horizonte,MG
371b2f2745e80d677eba83ffbe8df74a,a1744a1716e6d5068d7d1312d3ce93c8,66813,belem,PA
373e936792314f96a1e0ac22efc99414,3e0d4b27af236458df1cb979b79c6756,65930,acailandia,MA
37495158e596d9ed20f3a53e8beab81b,ac7de73e07c456ba7c3280010fd90678,30441,belo horizonte,MG
374c2cd14b14f5f05c0f2cd304c12e75,b1a4ace9171ff6b8ce946a894208deed,36305,sao joao del rei,MG
375abd2810522ed78eabfcb615929db8,236e278f3f926ac2206d12cfabcd2e1b,64160,luzilandia,PI
378d61367c6ec285314c674bb3398b4c,643ac5cffa27ad03228b9c16a186dc09,14094,ribeirao preto,SP
37ab5b60e29f1d9453b6fe478de83135,6697d70629ba492b9711e4eb35d4c92c,11730,mongagua,SP
37adbc0ce0a15109d42f8f3c461fa9fd,c4adaf32cb962c5258f2ba63536cd955,15800,catanduva,SP
37b1637fce7efc4438e4e9345d781600,8c8599d9df59347ee1ff99500b68bd94,61905,maracanau,CE
37fa10edcaa7f5e69d5aa10558843ca3,ec2121e4614c17cbad97cc243a299d17,89254,jaragua do sul,SC
38563843fdf71adbd87b421a7932d94e,947c372f66d25d40cae52ba1a9fe45e6,36970,manhumirim,MG
38e26bdd2add60a638859e52ea718cf2,059907a512be8ac75b50cbcf6f837d18,11320,sao vicente,SP
391d2acf2981defd7dd6eb8d1f66aa36,c8d3ab3bca090c6a2ceda13089ee997a,02353,sao paulo,SP
3921e420e5646a7e636ac3c2b6334136,7bf2518f08ae6c1511c4e4395fcd7b0e,29175,serra,ES
393c4212a4f6955961daf9fdece23deb,c14f30ca1ead07bd78cb1c97765cd97e,29680,joao neiva,ES
393d64cafa977bd5aeeb4724bdf29d03,0033f4a2887e07e25aa1204d482f41ba,41815,salvador,BA
394c66f853de6f122620585a7b14bb91,b1a8a0800eac99ec4d83d6ca350a690e,05879,sao paulo,SP
39d3d4b442a8f280d85cf9929e286a5e,2e10c3004916b6b54a16582dbb2de7a7,05328,sao paulo,SP
39d556e9b4d5082c7dce489e24aa7163,db8e4be2382fc04a998f0f1875767ee1,36010,juiz de fora,MG
39e6184f77cdeb15df7725f992dab34e,fef64e867815034175d876d16048ced8,13802,mogi mirim,SP
39f51cf31b3d2266b99005da1b5d5b79,86f04460dd37a57e3a0ecdeaffb1919b,17740,rinopolis,SP
3a11b365f9dc63f1bb29092b36b9add1,8625c6c21ace50f1a0489da903c86b83,24320,niteroi,RJ
3a4e4932f3e6976dd966f1d3c044d49e,0f75637a7e2f7b6ae43665d1f7d0ca5d,79074,campo grande,MS
3a62dd5cff90e249bf54a92b5c97f040,aef176d50ed212cdee401a1d0491a531,06890,sao lourenco da serra,SP
3ace417f46e2feb1f83c8e8ee4186547,08f334e84bc7ab7b588cb7fc77dd7f4a,05048,sao paulo,SP
3b0083b0418552bc7b8a1a083d03b56f,2fe5af51eacb6ecea9d47314c8e521ff,09952,diadema,SP
3b06aeea8f6124ae0e66e6fd1fc97ade,0cb9be6e0e12afac27ace32e3be4051f,04516,sao paulo,SP
3b0fd9775eab322c7a98dc12b3b35a5b,82da2451de6e77fbfa5a19de351bfd56,02082,sao paulo,SP
3b2e666d92ce663a2f35ba3a6bb5df6a,4113a7e912e87f632986e0562da140c7,74075,goiania,GO
3b5b6699a87f8039d1e602b8e04cffde,21611dfeeecee2c4646828b01d61cd38,04816,sao paulo,SP
3b6cfa5c62f4bfb3c09652d9ac539a8d,405f6a0f60d44b5ad32044970938191f,01224,sao paulo,SP
3b8655cca1d71775f761b6fa2b2bf468,eb04c883601bb02d2f85f2f9328af2e6,90251,porto alegre,RS
3bb0f1d5881cfaf2de8eacdbe88b2d58,4079d39cb3fdea47201540107c1673dc,07804,franco da rocha,SP
3bb38d7e15146509176acff3db811f13,215ea7f5a1601fcf949dfe01cfd0f3a0,04883,sao paulo,SP
3bf70d98adff5db9b2292184cb16e078,7fc67a676286f54e9fb2946e223797a6,21510,rio de janeiro,RJ
3c03fed2df425b8291c5913c52b51b84,2e8eb06baae199a63d3a7b603efa771a,28375,varre-sai,RJ
3c091d5f7db07c92c6243f7a1f3fb7aa,89be3e46d564731e646fb71cebd2dd43,06857,itapecerica da serra,SP
3c17af24cda9bc98674f6d7196cd5af9,923b7039b96f81c6cbacfd8fec031916,27323,barra mansa,RJ
3c25754d740689baf315fde841fe8062,f4ffa053a9a1db666a87c39fbe416967,06766,taboao da serra,SP
3c3335d4c88928de4ec0f90fae9d1507,5882d9af214f8e2acb3e74b94a109c62,24431,sao goncalo,RJ
3c3652ffccad55c942f2f2f2f67a6d78,bd5fe79380ff2004f6a3de124d0acd72,23068,rio de janeiro,RJ
3c4686a68ad60da3cfffd677cb17c1f7,ac8a18f289626f8da702418a4419bee9,85506,pato branco,PR
3c726d68f076146069063ee94233eddc,012714eb883337fd2631c13d2daf4466,13273,valinhos,SP
3c80df07cebec87b189890f807670889,38661635e75ebe64598035a2b7631275,21735,rio de janeiro,RJ
3c88b9a2b62754a92ad6715efb0f7ba6,96132ad82d42065fe83745227c96f313,29175,serra,ES
3d2379343a747f1645e5cfdee7ebb595,675ac93bfe37e833813fd6f957c878da,88295,botuvera,SC
3d49b9dfdeac4e852719df5c71618426,a47311843f7e93734305b880ccb46491,37485,jesuania,MG
3db0c6eafbcffcb0396fd03367e7d40b,f38d0276d058555b0406a8d5a384ad10,29140,cariacica,ES
3dc088a229ec165ccd91eab616197b90,e61ed94be587e719814c1416005a5123,07243,guarulhos,SP
3dc77678850c657617eda579624570e2,8562cb7be6bb8698157e2d6522247f47,71693,brasilia,DF
3de7da4ef84ac238c26ed09b06c7e792,f204f45d5fa1e9e2861fc425dc9016ea,09892,sao bernardo do campo,SP
3dfb839c63ae6b7545b643714e1b6dc3,a1639a426ff70ff47ebc24af426b3078,62600,itapaje,CE
3dfd713792fd5ddc4ffedb9ea5fd9318,f9538d66bfe1de92870c834eaa62db8f,05881,sao paulo,SP
3e05c1ad118dc0a4304a93b6b6012d5c,238b4747ee21575ef870e6c396843bd9,05595,sao paulo,SP
3e2fcf7ce0b60002777a836132650175,47e521033709bb13d5e21b11028ee3bd,11410,guaruja,SP
3e3aac425794c9d8f210c7fe2daff787,ddb324b9d7fab6376d67c9939db4c0fc,21320,rio de janeiro,RJ
3e596d8525490f4f775fa272e4f988b1,2779bd04608d4a84a1280f3a0b5f6e98,13252,itatiba,SP
3e64ceeab7ec34164cc937c1b444c97d,68f6fa1cdecb28edb06c16c1d1444194,59900,pau dos ferros,RN
3e6ed5c2c1fc1db541037c7d9577d675,e13c03e7d1790e68bd486fe323b0a0ce,29146,cariacica,ES
3eb36db99e4bc4055ff570d968e76e07,2ee6b731c5535575da786e147929d0d5,18590,bofete,SP
3ed78738cbc1086f8dd31e456bc27fb2,2276826960ad5a23a0f17bc47bf49880,24901,marica,RJ
3f0e725e7ec44041799bf649e48618ab,241bcd5a2ea51a00bb0596838aa8fb2e,08420,sao paulo,SP
3f27dab6f20dfabd52490c042b6a517b,ac24bfd114ac4d5769a8a8ddd98e52fd,20550,rio de janeiro,RJ
3f4fc8799a67c8500c491d9822e365fb,883dc2fe8283fed1edf48c2f571d0aca,20550,rio de janeiro,RJ
3f83e6393c2e518068d45d536424ccba,c0ab0c71f36879a7e904700157a6d88c,13905,amparo,SP
3f979bbdedf57087a39ae7fed98ec7de,ca62a2278969324ffe26da3e5704d0d4,29900,linhares,ES
3fa4b9c35684851a5b8ec6c251288fbd,df676287d6aac7f5410305563137a87f,97900,cerro largo,RS
3fc6fa5ea095f77094429649a0b5ff87,e238cfb4f2a99a29c354412a782fd25e,21330,rio de janeiro,RJ
3ff05485c0ca23db85b36f0496d71d5b,31ecad36683b9b0ba61de1140f4857bf,05713,sao paulo,SP
3ffe2ccbfbf181d3e261ff9ba134a26d,34263d90024a9191f248ee8a2c751de1,18550,boituva,SP
4004f17e88f450a6adcec6013038295a,885bde6cd101f111ebd417241a95230a,15950,santa adelia,SP
404e9aa29dd2f4f68be287245f0e1e50,81a79f384f8602573644b70698bab3b1,67143,ananindeua,PA
40b3bac8fe032b2ae6fa23cb2d614a89,25728236d8bf12a519005be375c5fa2f,29092,vitoria,ES
40d106e6d4c2c913ee99ca6afc70674c,00ad4e6c01a3039fa1b45eaadb4222e4,12570,aparecida,SP
40d765d8bd08edbea11e2857bb737b81,03303f6d6aef045d45a0522e613d7112,08588,itaquaquecetuba,SP
40edab5896ae543391de7bae5844fcfc,3121ab94c8521f3dd674239524b337b4,25035,duque de caxias,RJ
40f91776eb08c0a9e9339c42b8bc4388,c5f654df41f8e436e97ce72ad3df2825,29057,vitoria,ES
410a24845e470f3c52bb78f084d359b5,f9ec24fb9f7ff631c6dd18328df0013c,77817,araguaina,TO
4116eb214c694f5b5954183ea63a064f,a1376042f98448a726eca6cb9415a026,13950,lindoia,SP
411e55a7552f5194f492ee0c4d62c0f7,995facb032e4446a511762f5f842eb11,35650,pitangui,MG
4161d3785c2c4c6517a57143ecb0c466,71683fbf22478b08ea6f36050eb0994d,64006,teresina,PI
4169bb026675fc7051730e93783794e9,2cb6e1938aa20ae2f3416b4c3f9f7847,13084,campinas,SP
416d7934b96e1c5d46b332d32ee0e356,6a3edb309612a38197be6e1bcb0d3dea,36918,sao joao do manhuacu,MG
41e82f26c88a900c85541441e25faf06,f866d380a54c503be1744eab0f43070d,35661,para de minas,MG
421c30a5daa9f8c2529a73e1f9152a71,ccbbfaa6928d3c906af6f68e393dd463,09020,santo andre,SP
4227cf6df4208d3ff1ce0aaa14e265a9,da1e7179b9c5a1494d78528cbcf05aa0,89812,chapeco,SC
422c1063e6bb4e39e0f40de0c06450e7,609696fd8317f51ea66bedeb21d71966,02129,sao paulo,SP
4274d167515becbd8785581fe3f4c7a0,f421d42956f76b6a92f28cb57c4690c7,05379,sao paulo,SP
42bb50515411f1a0d51a700636416201,ad3e4daca8169bc9e980a84a593194d8,13350,elias fausto,SP
42e372fe412d18d9887af5d674b4c7ca,e0ac0b8147ab32f2556c94f8271f1016,04571,sao paulo,SP
430bbd24755cc4be5a426827ce2f7e4b,2b1033515a55b95923160535724bd8c3,12235,sao jose dos campos,SP
430cd3039a62d75b60289fae0c1ba8ad,614423b293d86daa567ee11742ee21b9,09070,santo andre,SP
433f70f1d652d249dd045f7922c5169c,3a43f306607630fc72fd89865479b14a,02993,sao paulo,SP
43420e2e2af1b2b21dbaaea745dced95,e07a8bc8e478560073ce5e5f14092970,07054,guarulhos,SP
4359218ab99c76acaab0ab7a42ecbde1,981665ad276011294ada8eddaaa56d8f,95800,venancio aires,RS
435bbbf7a1d328975b15ebb8eece0d8f,6c1dfdd76e89876fa9ea40e2dc2f7879,27515,resende,RJ
4362a6b470072e513cb7305a41985321,86d3782e8a110fa56891948af93ba096,35900,itabira,MG
438ad6d81467ace11850c8a96818ff42,3040ed5657c7fa41b07a6c83dcbeeac4,13175,sumare,SP
4399c824aab097f4974ab7fabf8064b2,f22c272b1abf07d355eee4c03f281b01,09831,sao bernardo do campo,SP
43d909b315d369ac4a854b268e5690f6,3b07dca04081afe75969b1c2aa2d9e95,07858,franco da rocha,SP
43dd5cdd60809c5f268d9d3b1e5b986d,da6ad3471341a3f6801cb11ea9a88b3c,05311,sao paulo,SP
4410b688abf3a740eb252990826a8947,7331d360e97a82b65299db5272c3538f,22785,rio de janeiro,RJ
4438ad15cf7315f2de20eebdb7b12840,79a0b307b44974216a780af39a34ff31,04661,sao paulo,SP
4479c24d672d4eb166c60188425da673,37d0b647301742b1b17d627e4c10aeae,02430,sao paulo,SP
4487ca94364334677a4a0d66975cb980,2f2ab1b5055acca714e38c613a4f2763,09020,santo andre,SP
44a1ff0b539aa8b17c16cc9c98294420,ec9d1e3858c98ea5532e280fd248dad6,40310,salvador,BA
44a6739d3099d74270c8cb111143acf3,b45808c7d05673483b8a0fa206141cf4,27537,resende,RJ
44c20ee7bb9efb350b8031c272a030a6,a0043bc864090e190eaa61754430b1c8,11930,pariquera-acu,SP
44cb55a7202fc9fccf83f653373bb000,ec9c7ebb2a345ccd42c46b94ecb4d319,35603,araujos,MG
44cca1fa7d1de86eb3543ac5bb900c30,f4a94b65d848d7d3d83b55d3627a8509,35700,sete lagoas,MG
44d195c70ddbb47f1a0a3efa789b76d4,d7b91fb85c24f413d7c4715d9464f3f2,05024,sao paulo,SP
44d362ea0df5a265f0c1849be71794d5,99510f036318ec8f526637f99ad6b276,88054,florianopolis,SC
44d9f3ae381deda0c279fae4135ab153,62bb8ccbd0b7a3c15b13a13f3c383b53,62730,caridade,CE
44e72442594c70bfe12611fb1684ff79,81ede855f58f99b76014d66d161e7a23,13085,campinas,SP
450a308ac9087c11e52bce959ef00335,cd0c3f3f239b29e891740c9cfad8e4a4,02362,sao paulo,SP
454cb2e166521abd12850178f0fbc238,d56e3978365296a8ccce72ba1abb59d9,24742,sao goncalo,RJ
4562a2d3bf681fef8f12d7c1c77a416d,a27fb7c59a5e6ecab45a6fbabafc5077,13419,piracicaba,SP
456dc10730fbdba34615447ea195d643,1974875b4a1d2e2ee6d586e3ba4d7602,05634,sao paulo,SP
45acf97b168ec16f75b8e504e62451a4,44ab13a607f108fd1ee019afda29064a,33200,vespasiano,MG
45b209938dccf191d33989996400173f,4945b2ddf9cdb29a36b21804a7e42ee8,04437,sao paulo,SP
45b4e602cae9db1a6d047d8dfcf8fe46,9f25bf3abc2308165affa650cd99d5a8,36260,alto rio doce,MG
45b8f5bfe9e0fab4b062dcebb91615ec,85c7dd1ba75e1725a4a9e92967f70a70,25075,duque de caxias,RJ
45cd1c128f672736618571f7b873ab73,cf0e82869515d486cdeb82cff3ae8ff4,06642,jandira,SP
45cdfac600e3e044e7d986b3639ac8f3,4a1827d2f38e2c00736326bfb9f68ee8,13563,sao carlos,SP
45d1da7decf573a4b607172ed4b1435e,1c02edc39fca262085eeee6c1e8dc88f,88740,armazem,SC
45de0b4bc6b0aaa0d55bde3d3c7a020c,39a2f936ce8890dc3112d7869c18200f,60125,fortaleza,CE
45ead47bd4ee6bb5b5108506c44a4a7a,12c4c68f9af94cf0051ae7068211aa98,40717,salvador,BA
45ef46c6471c0832d4447b678d9956de,6058b86719324567e926e0e836de1024,32672,betim,MG
45f9053fc8b24a6d5afa05b6d1b330ab,ee25395beccf60a948ec3591ec9ddacf,45580,ibirataia,BA
4622254cdb12f6f815e6a8461ae9ddea,a230a68d10c46793875d1513faccb781,75388,trindade,GO
4642a001f9aa9f1738d27a921d8703b7,c4c14d1734ff3c369881745dd0e96159,23555,rio de janeiro,RJ
467247d869b38526a64ed79e2b96211a,4e028cda495e1923851032da7ce43a4b,13835,conchal,SP
469884f267ad928b17fa5cc2751ef2c9,0a71d02381f87d1650e2267069ac9682,28930,arraial do cabo,RJ
46ae9e1a0e2b936715ed2634a524f8ab,ee5404be56619d4488a3212b84bb66d0,05885,sao paulo,SP
46fa17a2a17cd859ec50529ea1884a13,0e3592fbb991c40835c05cc0075b18c5,29210,guarapari,ES
47046a7bf901f66a12fa296a5982f5ad,b4be8ffe5a39196f0098f30316f7d7a1,28390,porciuncula,RJ
47316fa242f0c65bec67203b226fc4a7,4368b6d00daadcf1c3830ceee322ef4f,05447,sao paulo,SP
473510bdc67d814c1feda19dc137023e,8c3ff6ad9360189ef57d625d044d7c19,08500,ferraz de vasconcelos,SP
473c155bbf0e0ae803bd419e8b1e24eb,2db396fe726c663b1c77300ff38aeb69,37136,alfenas,MG
4794e0e0c79bce9810e1f1203c2ca5bd,35ce6fd04c838f77d9c7ad7031b18168,38742,patrocinio,MG
479ec951e193807e2d8b3665b9c35502,462a44d8fab1c2e33de384b330eb50d1,01311,sao paulo,SP
47aed935aadfd0216c914feef077b799,a0395992019b401544b972905cff02fb,04582,sao paulo,SP
47b892943e7e44aab7a4973342b66d30,ecebbe0d87df8e20256cdd3f4196fbea,24350,niteroi,RJ
47c285be8b7e2871b65807d42e6827df,383407c450c91e52729da99c73cbe7c4,06767,taboao da serra,SP
47c42b50ab59928b531c450e672ce223,963b5a699e9bba3b80c664365386e69d,05835,sao paulo,SP
47c5ae6e22cc53ffa6fbf89e156de3c7,be67532fc39882705fb872774520f301,05641,sao paulo,SP
47fb59334a16872aab42fd62cf1665fa,1c553721323d2cf153d114724b92118e,07855,franco da rocha,SP
4805d62fe2ec69e4290d0ebc213f34d5,f8d8ebd46a0dc18752873a5bc0451340,88330,balneario camboriu,SC
48094f58f03bec9519bd0e004ce460df,6e11aa7fefec6405ba35e05a8c0f9b0e,66073,belem,PA
481ba8e132fb318b84d5fba3bc98021b,bf7945d49b50c76e3287e75b37e6cb34,85400,guaraniacu,PR
4828dec276b8e9249578cab092211e13,f6bfa60df0ab91a27f5b5ee37022653b,87302,campo mourao,PR
4832d444151b8c5bc742398ef2976be1,f7797ff55ecdb89dff80ad0ffb2471c1,13212,jundiai,SP
4838d27fe53346a026298cb930544e69,d0b0c7ab61ab438c36b0c9249186f230,06437,barueri,SP
488119c700bb3cf6723a3216356f2e0c,ab6a9070b1a32a6ded0bf6410399ab55,89035,blumenau,SC
489c961db4ea27ab3d9cfa6d9a0f0995,d1139712d0e30659a2564b005eb45e13,03476,sao paulo,SP
48a43e5bd9323c89b8aa768871746ebe,2eb487827f6a81edd6266b9db2413abc,36060,juiz de fora,MG
48a8f1d33cdba145864fe26e90836426,1fe283522bf857540bebf8fe31a88625,11630,ilhabela,SP
48b660b079942ad4f15f884ef1a16871,68086630405120fd049f0d41aaee9a68,13054,campinas,SP
493bfba5a986ce7c846f7c2b5a308ed4,fc3ae503d8cbc4c02a2d8e467b7bbfe5,13064,campinas,SP
494b947692488027345ce3669e0b8432,4252b339d70bdd1a6153f88c00a61536,39401,montes claros,MG
498e133a13395236012aed36ccde9a42,bf448042b40749d8b95fe00c08a9b5cb,30190,belo horizonte,MG
49b0b78f8fd6fc95605c46e685c4b611,d77caf275e9f22055520d5a58bf0691f,09350,maua,SP
49d785f527d4a06134c806ebdf629350,a6703b42b2c051e2630cf64393da7c2b,12903,braganca paulista,SP
49db40a65d22c7454da2face2fea96af,227d3cf62eb665fa50126f71175cc50c,12246,sao jose dos campos,SP
49e3545f69f394b6e1ce143157a73642,033487b7bd35e93687ae4641213e810b,09721,sao bernardo do campo,SP
49fbaec7f8c365d12595c7b6cb6db285,0a1cc18f6cc79796094e6ebae4ff4f62,39670,itamarandiba,MG
4a06381959b6670756de02e07b83815f,b92a2e5e8a6eabcc80882c7d68b2c70b,06730,vargem grande paulista,SP
4a223eaeee96be7f334e992863178d50,a8060584a077038962852f3184a4571e,35160,ipatinga,MG
4a302c694c98bc59cab354b78647fe32,b9a2ae6cbfe3aeebde981406325a47ff,85501,pato branco,PR
4a5212db74866a8ba968afa84723c2e7,6dff7831f68f155b476cbbc2123125c8,05002,sao paulo,SP
4a6f381eb19bad5d9975d63edf753920,e49827ca094e064961a832e570dd1f04,60040,fortaleza,CE
4a8ac693cb85efcc040094268f49d42e,d85966eac1f41d6f529fd66e0d3a9175,04782,sao paulo,SP
4a90fdde2427bd29fa32a6433fe2153c,9e15de58a04f946197c0c92d92e9a291,03907,sao paulo,SP
4ab07666a1b8ff428bda51600a94f753,d8cef4d551f57b2f2657619815495c56,05709,sao paulo,SP
4abaaf9e868ffb8524297684c31430e2,e50994818dfd38cfd8d56e891dcb12bd,20541,rio de janeiro,RJ
4adddc79dab2cd4d1dadc18dd4c1c14c,ae076dc36683ea9d2cf5d57f16edfb3c,03474,sao paulo,SP
4af27ef16391994086f52893df7af6ce,b12c350998c29ae72cc90801c4ecbbf7,02987,sao paulo,SP
4b0a0df498777c35ebaed6d77ea7b4fa,ac82aabf73f4bc2058da7411e052e424,31035,belo horizonte,MG
4b0dbdea9ec36d6a05622ae783368715,9475b70c3d9add279a65672fca348944,04536,sao paulo,SP
4b7b16138f3303e0be624ac7e03c9f5b,61a340a033636c3880ff2214acec60a5,08270,sao paulo,SP
4b7decb9b58e2569548b8b4c8e20e8d7,ff22e30958c13ffe219db7d711e8f564,02989,sao paulo,SP
4b9966a134d8d1dc47d327095a63ece9,f588b3e8c3a92284c02a5f3b0728d987,05175,sao paulo,SP
4ba9c05e899062d31966848590dcb9c2,dcd14a3f297d7d1caf4f6bbbfb12b2a4,08320,sao paulo,SP
4bb880cac21c7a9e1371ab1ebd601706,3f4f614c632af7fc7508462a7cb55ac2,05007,sao paulo,SP
4bbdd92fc1be04b9a0bb33f02d20a85e,d6bb892fd2920399b89ddd97e887611e,53020,olinda,PE
4bbeac9d9a22f0628ba712b90862df28,a37da5802a5aa6f38ec64302cad8ca08,30421,belo horizonte,MG
4beadf262af38001f057649e9438d9ac,b298610969062f1695744f347006695d,14706,bebedouro,SP
4c06b42fbf7b97ab10779cda5549cd1c,07d190f123147d9e89d4b922543d7948,65075,sao luis,MA
4c1b6904113f2fe66abb338150c60697,bf1b0f46fcc225bb6d6d512f9727d564,21011,rio de janeiro,RJ
4c2c2a4401219b69cecc92106c149bd4,d3b7b3c1e6a1e88e1d8f2d0131acf460,64046,teresina,PI
4c2ec60c29d10c34bd49cb88aa85cfc4,af5454198a97379394cacf676e1e96cb,11900,registro,SP
4c44865a36098a8b24dba15c90f01511,72a3b40a80ebd5abd2ff5618d2f402c3,26261,nova iguacu,RJ
4c465e92dcaace866872273fdc272ef9,cbe39b189b0d1e44c6d94637b8953ec8,13660,porto ferreira,SP
4c4d8815ab4bfb632fb88e90cb0a7b1a,62effaadc3a775a997b7753eafe04998,18480,itaporanga,SP
4c641eb5ac1a5a0becc4610f1084125d,44482ad67ba7af317fd50e27e5f0f009,04016,sao paulo,SP
4c734d9ccc49f0068cb5c75b3e88739d,c9a1e1fe64fd08a3c9e57b002518a9a5,01243,sao paulo,SP
4c74fbc614fe8ccf3b706129837a9471,e123fe2abd55f12e7a6995c4c9a1eae0,20031,rio de janeiro,RJ
4c77c973538d06c6c1fd404abaf885f8,47006bd2543d13293d14a46fc7fdff50,85040,guarapuava,PR
4c7ef01bf8ed05e43a5e9e44bb08358e,5986b5f70bf08b414d16a93ac5b1d76c,13611,leme,SP
4c80c9c4f15db841f85d24b515c68ba2,7f6611fcb714cdefe7b41d8d7ff793d6,28085,campos dos goytacazes,RJ
4c9004b01af30ce7bfbd35333b5da18d,cb694820e4e7256f6a48267abbb50882,35680,itauna,MG
4caac2b083c3e53c597c4362c61f2598,f4714ce5ac2fe6ebca5ba8f8a4756b00,41620,salvador,BA
4cc6b852b4d5583946b78337536629b1,8e2d6836695a923ba8f55709440ff86e,13190,monte mor,SP
4ce8450cc7cf2ef40cfaf535fbacb397,714ec4431503ff770bfb58c310648585,88354,brusque,SC
4ceb21edf64c0b960eafca68dab32de0,9b1d34d16dab9716505efa1e87a48e5d,04210,sao paulo,SP
4d0a03b3ef7107f0b0e15a2bb5872cdf,a8baa4a063ca9dd104ecd654e717ab1f,13087,campinas,SP
4d54bd3326ad77cbe4e1bd929a209106,080fe35c7d6d30f7b519fce853438380,83065,sao jose dos pinhais,PR
4d602b320d7f2e55bb16a5d821004f65,8c3af42b5036ee6a2c8e4b3390392e18,28970,araruama,RJ
4d6c419b936a841d738247d0800f430d,5e652c34270c948f1d1b98b66481811a,04321,sao paulo,SP
4d7fc7b184089eadde3dd0133adcda45,02c661a1832c392b81d7ba1ebddf8796,26556,mesquita,RJ
4da2611319c642ea716073cf37ad1427,a9e070f61d35aa13e420c8597b5ccb3d,31720,belo horizonte,MG
4db17e1523f559bb079fece8257b5c2a,cfe336d6f2167891f034810c31fc651d,08110,sao paulo,SP
4dc3f238a63a17c82d8fd6f60273f445,3c5fec19ed02a69c8370f5d7b7c44d7f,03962,sao paulo,SP
4dfe57404141dbca39b1eae2ec077e78,930ff10207a0155e4d569dc1b66714c2,72862,novo gama,GO
4e0124b873e33a0564660f4a619d9b52,77a8ce6fb4b79981e856027ff4537ad6,09661,sao bernardo do campo,SP
4e0afc4b91c3984459d61f3e4adfc334,7f893abbd272bd2162f1f21fec07476c,86020,londrina,PR
4e2c2516338a95c5199f59106b5c79c3,e9ec2f184c59b9d4681069ade725ecd7,24210,niteroi,RJ
4e38e9f25b539d9529b38fef4e62b3d4,af9cbc9f65b6e6d3b1f45eb5d748416f,40050,salvador,BA
4e3a88c13c2cbbeef7ed8a4876ca3289,b1f0955aaa02269233cd369bc5241ec0,05706,sao paulo,SP
4e451ebf8a3ac5aa527361733f7015ad,e4c2432a8a9263a10cb7175ee5098529,49025,aracaju,SE
4e772a2d0ce96d497b60339ebad2c25c,cfc2d6055a8f5c00f08f9575e9327776,26980,avelar,RJ
4e83b4767a9e236160d15120d8972b5f,9c090ae4f7d8fbc668bb7296296d6b78,14784,barretos,SP
4ea8dcc1472a40a7ed05115927623357,0ed2d69974cbfc46cbc72d3a5fea043e,02451,sao paulo,SP
4ec3c1ee5c1f2f468a23a948dfd03f79,96a285c966eb31d58a6afcc38d7e2f83,83255,pontal do parana,PR
4eeb9ef829326203bedf160634900db8,c577360d17a96c95a6834efc1881fe02,22610,rio de janeiro,RJ
4f606249b66141d3a22b6ed603fb3771,b61ca21a9f10b3373c257ff5a1a1ef65,13272,valinhos,SP
4f701e1240fefffa5f2b81643aff7dc3,2b74004bfe2f72d5970c27de1f36dca5,14098,ribeirao preto,SP
4f861bc4afec13eba9ce1304a269e231,605c73bf98e4b9b4895b38b73c9a1415,90220,porto alegre,RS
4f92b798813c32fae91a4e3b999d398e,db192d2bec4ae9221d36b4145e15eb4b,36051,juiz de fora,MG
4fb53ef162c5f695374c349151f164e9,d0a5afcce9009ef67b3b0e3089d682fd,96415,bage,RS
4fc64c2ce4ee430857b759ef0242873a,3b460ededc4c23cb9eae28c706b3a310,79500,paranaiba,MS
500956a8876104d4536bc52cbdce511c,b98fb974a40fdf2434aa8e8b3c4369c9,40484,salvador,BA
5015b446c93382510a9e662ef293c54e,8a0b86964fbc397870ec771b25a42243,13660,porto ferreira,SP
5019c820100e38e2e46aa80ed4916fea,9d38fda947a47912232fb3ebe5ab04c4,13060,campinas,SP
502e8addaeba926b9c154da9f3bbbecf,38e482d7770a43f5929378c4dec76d5e,59151,parnamirim,RN
504b88cffa09fa0ce24ec30a55577e51,726dd67429ecc11aa6256a9d8d41ae97,89225,joinville,SC
50540fa104b2cb99c95d9e5d53efb109,5af79d89508d36628b0796f94afa3fa9,03429,sao paulo,SP
5067d126bcdf8822347ae96bd0cf8a97,b7b162291adff744d6f3c6450557ffee,88430,petrolandia,SC
5069b5cfb3f053ce9962cf6ea0c9896f,f00d7bdaef5bd43dfa841d532c2b23a8,29148,cariacica,ES
507928d99b23819eb6e79e0772dbbadf,c3d2e6a31d293b7c5ab0ad354a87619e,42700,lauro de freitas,BA
5086c2f81ce45b22fe989c0e741ed600,f5b34e3a92b01f98639900fb430f647f,13482,limeira,SP
509b47b411bde663f6275c5fa083121f,a4cecd7c493ae3d99e588a79160e3b04,78285,sao jose dos quatro marcos,MT
50d9df43bba18bb39591db6e0002a916,a06f383add4d40457f1909b67ce6b7fb,13347,indaiatuba,SP
5107f877a1a7e7c4c40a33b6b68fbd93,5a866c21abc835d2a0abcf9ed63b78e9,27946,macae,RJ
51438ab3adcedb8f8c5b9e860f6d57f6,bd4174fe2e76f6818b913f6dac96b49a,04235,sao paulo,SP
514a9247d9012eb7ca73e4ecd5872bac,140f015ecccb4820c7bddd18772bdfd1,88034,florianopolis,SC
516034d1679bb8a6ea490edb5343c0e4,acb316fa76570bd5ebc4bcd0a24ac497,30431,belo horizonte,MG
5167b413ed29851e90f2f7546b3b8328,6ee3f2d74c565301e2c1a54f1debcd40,28660,bom jardim,RJ
5176f5c4d07111ebc72ac16365971ae1,d07df41d8d75e3d65124efb445ba7eb6,05363,sao paulo,SP
517fd134276aa9d129443e66a4ec12c5,de9d828cd09c8f103622fe8f2d444a19,88820,icara,SC
518d97172e34c1aa7f4fcbee678c8b5c,ca3147c3ebf13d7f6bb1be5c1cfcdd75,85506,pato branco,PR
51900b4fbafcdd8f9fee317cfb9e657c,59be219f0cac1d0838d8d00c1ac34fde,07835,franco da rocha,SP
519d4e9648eb8099708003c04939862c,5f883c0ff16ff2e3a775bee3e0fe0712,13218,jundiai,SP
519eb7f61d2cdd15efdd96e826aa0ea3,aa3ddedc309516cd95ae6be232125a6c,06663,itapevi,SP
51b4fb94719b87aea1f164b9640212da,12baee67e5d699cca14a138486cb7e1c,74823,goiania,GO
51b96673c2c4c07c3290326bcc6d2fb7,821ddcb05dd510761712b157eff83c1c,88385,penha,SC
51c5f0c1e195fc85859adee1046fa34e,e187b9671c855c63c1400ecb2cbe5191,37660,paraisopolis,MG
51ca168d7521026309599e5567efe070,4f6a7001c460eceedd0c2fc8b792bdd1,66610,belem,PA
51cac74ce6915363d1ea1c919362864b,46ed8030155b00e9e89eb1cac2ac2272,68540,conceicao do araguaia,PA
51d16c21b35029b39397b510e5021487,88083cd11e9ebe3f90c955770cf2bf76,96570,cacapava do sul,RS
51d9009f107df3256dcb608b5cb40a7c,0922f37485310929b1b94e8f0c984ca5,86037,londrina,PR
51f1ef966d93ed18b593af1a76438594,4bc108637733325cca15daabde296982,96508,cachoeira do sul,RS
520552b6d92c9877460cf4d6d15a5cfb,7445aa84723ec33360ff1817dc12651c,89150,presidente getulio,SC
5210104bc6715b18253dec68af7376c7,de968499b0c7771d1cf2c084e8398b6f,09910,diadema,SP
5217eade2003b9612ac2aedf5fa1369e,939282f1798e88ce7d96c7823df732e7,33200,vespasiano,MG
5218278c410b89a0132e8f53d5cd5297,b40ad1394b91ed65166749e0defb0c71,33125,santa luzia,MG
52239878c74211b0fd1a56a264763761,faf869bf565016fb42f3386fc7882aea,01453,sao paulo,SP
5255888d021de3e7ad01cbc8e47b256c,03b67e2663060cffc84005d6775fda6a,80250,curitiba,PR
528aaeab73d4582f7b8ee6c179db8fdd,d3be03e43c323663eed97506de2f80e4,22753,rio de janeiro,RJ
529906e040afd74948661743fb67bed6,b6a5f5695bf26e8f503a23a27e33684e,38182,araxa,MG
52bd992e7e198bdcdd18854c7c2c1667,78c5f76b60a3a2588635aadc70e34df7,38442,araguari,MG
52c7b6cbdef65469b3e42ada5bda15bd,f6a0ba639e185c1b11c1712fad9879c2,01231,sao paulo,SP
530f348c82e444464998a543250a2a3e,10c9d49e1995f6d2d2ade8e4793086f9,38600,paracatu,MG
533a802ab85028e2ac3771bab3920e8c,07826999f928c777522ebd9ed5879077,22780,rio de janeiro,RJ
534ae76adc5da4b4f9c7b505a756d59d,678939d60a25a0085362fea2de179f2a,71574,brasilia,DF
535a1ea70ace4f44f74c6e88c26d2008,3511aa3ff5fb9645041bf1875415142d,03523,sao paulo,SP
5366b0fd8d98481e724d2c25b0f6be0a,53c26d4cc00e6fe479057e894b7c1805,07030,guarulhos,SP
537f48efc6a44c3400bb053ce4101847,75a637bcb966339d1dc029f489bba054,22010,rio de janeiro,RJ
538ef759aab2dc4b84994589b92e3ef5,4b4d80d39b3e76e3cf819e0189cea3e4,26530,nilopolis,RJ
53c00128b4cdd554611efd233859dd88,a91ca5a84835eabaf3fc6846aa792e1b,22630,rio de janeiro,RJ
5403307de6fa27256a706e5fc1624531,ffc04aafbf624bd130516cc1d195626a,05549,sao paulo,SP
545b3f9dcf5aebe2020cbdcc23c06101,9dfffbf5ae6ed8a0ba6958a4adb29c8b,95520,osorio,RS
548a7bd3843a197ef34e074a2d53ed06,ffd4cecb7511e2c62b91b165773dc890,08540,ferraz de vasconcelos,SP
54b10e6a0f0385f3d3dd3e6f126043da,2efe3435802972b0525951a5bb2201a2,13416,piracicaba,SP
54b25e37167d27e20dfd4dddfbf49faf,b038eb2707016c0d3eddb7da58778f57,15400,olimpia,SP
54c1128e63b28664c615c1b7f33636bc,68acf3bb5e9e6929e6de64a0d88b7c25,51021,recife,PE
54ce9e1a605daf6be9a7c6212c9f4223,e41193588c849790e4c162a04e7d4d69,78030,cuiaba,MT
54dcf06632be05abeb6ed726b761c022,297fba4fefb787db6b29178b7622e0a4,08710,mogi das cruzes,SP
54de4cb60651cd1a662722a1d14702b6,80b2bcd23e7eea7b730b197a325eeb82,09635,sao bernardo do campo,SP
54efba24ef631ff2c2088f8320499ea5,3ad8facb6eae216562fa5b74a17a6e9e,14790,guaira,SP
55131aa3ad93e5d6765635d785ac5de3,632c2604beb80a439c9ac165bbe3c5e8,35359,vermelho novo,MG
5524a27b081b2e80b7c3efac832e4db9,189083a27b0603ef266e08de7abaf159,06540,santana de parnaiba,SP
55260d8284b7fcb8890f0c0ff1135bc1,c4a7383de0a165092b86ba87260441df,01551,sao paulo,SP
555b1e44ad963442f965bb44230728ac,343c00dffa1889d2e1c3979922c58de3,14706,bebedouro,SP
555d18cdb92307f6fc7046a3579bc675,5a47d7090e95d17293b69b047b39e7f1,09185,santo andre,SP
55883315bfdf93b29586555bf619e117,f86def7712b8dd86f8240501cbeefad0,20541,rio de janeiro,RJ
5591b3fe076ec3128473fa2a8e486aa0,47bec8efeaa6d0d1a2f3140f1b93db84,07600,mairipora,SP
55a8e20a0cd1dff15232a9a6cb339e58,0f7401a91fd492f6ba9c998ecbdde763,26175,belford roxo,RJ
55be5653a69f4551dae9951e54acf572,0921f17ea370fa9de5ff832bf9cad923,05847,sao paulo,SP
55c9dad94ec1a2ba57998bdb376c230a,ba84da8c159659f116329563a0a981dd,25635,petropolis,RJ
56005e0bc41d31584c17a913251a676f,e4c924c0ffcda70cb5210f7c9a5cddb0,90010,porto alegre,RS
560c13ab2e56044eec5b75a29e759272,1c3c50eaa30aa34ec0e5e2c18891f30b,76850,guajara-mirim,RO
562ea8b679af1969a0e3d27c05f92c1f,a6265689e0fbb956cc520c1ea9f5e34f,09121,santo andre,SP
5630883ca2aac86a5b62bc57aacd1e5a,db0d96fedcbc47b0dd1fcab954946d2e,33350,sao jose da lapa,MG
563e9c2a3c5061cdbdf8cb6f828cd165,d0a6b16b246f9250bfef28b28e6eb166,11446,guaruja,SP
564447d751c0885e95f8e3d9c97466d6,eb8dac39e829afc6644fb6b94a1999c0,85914,toledo,PR
566782b45e70b898cfccd745e3fa1223,1fe8fcbefc8f04ba316f4afd0b034a67,03357,sao paulo,SP
5686c502f1da3eb97a6b7624efcbee25,f7418da0b5217827ec706c9c0cd8a886,98600,tres passos,RS
56993e1faa560e969e0ba199573545f6,a01bba36c189d1da1a4ad875bf587a35,15400,olimpia,SP
56c4226c4e5c136eefa7fa8e992c1875,699a6be6e54f898ba87579934d25863a,37701,pocos de caldas,MG
56db29d910656521640dd459604f55eb,239cb3a266040f65b1bc755f18325ee8,29780,sao gabriel da palha,ES
56df129e93c8aa3737ae0ddf7d837459,0c6adab7ffd144f49033bd18fc6f57fd,37200,lavras,MG
56e7dc9ec7db12bd7cea05083b896a5c,8c574ea08b51aa43c0e858f18ed41029,04675,sao paulo,SP
56fa5b86733fcb9203489a4b36c6c73f,1c4ad540c8c5c36be4a8b8ec08f79638,24736,sao goncalo,RJ
5720a15d022c09d2634c71c80c8d4102,9f302d00dd3e18ed3745778184b4f0fe,67013,ananindeua,PA
57259f6fc3d369e2a9d3c135fc65935e,b01ee85b99adba20a7e9255812b1dc0e,03711,sao paulo,SP
5726ad0e49501515e2b0553e11fb26bb,8bc13a498ce916dd5717c130d45781eb,18705,avare,SP
572791c601e0c0a2331c6a900425d3f1,446480ca430fd34b345ae78cb641b30b,07132,guarulhos,SP
5747a693dfadf504e1d46b358e2a9bb6,177cbe452bd4fa1a0873f4e6ee7be69e,24426,sao goncalo,RJ
576780ffb54b45ed38f27fb4349de91c,775562f9ac3ff98e81ecb9d35ba922d0,01222,sao paulo,SP
576908744ae56c9cf061c40a434e2a24,7af7a47d87d53e6db00e70790bba0370,66093,belem,PA
57cffec2e5c21ad9bee83cc699bfc9b0,2ca298adaa0c377d5450bb1558b40e27,37701,pocos de caldas,MG
57d8a458d7250607de1fe62759c5e298,14fd9bce52113dc9c4c85bb257bc1a31,08576,itaquaquecetuba,SP
57e35c7eed060b1d17f1ab92d9c856df,9e174aadbc877e3c42ca03babfd157f8,81110,curitiba,PR
5806d419ee655f54db1c5500c3d76a27,549b512b13080b9ae841abd3d53db1bb,75906,rio verde,GO
58299a6c7b64a6a0fa2f6f5d463fe108,84dd01d73291594aae23316af3ef403b,31515,belo horizonte,MG
5859cd71917f97747721166e9289fe6e,053e68c25ace8722da8c06b60e4fa769,65076,sao luis,MA
588a5d3db1fe51651fc39b75934e299b,c88bf24916b70d5c2df7616e534861e4,88509,lages,SC
5890deddf0b6b96d8efbe6e96f0cdc88,911f180847870538ba897cc7a8c8ba3a,05541,sao paulo,SP
589298dae9fd52c451466272d22efb8f,6676ddad2f25941398c86483828fbc38,48967,nucleo residencial pilar,BA
589dfc0372826753089617cbd63265e2,4d0e78f8c401beeb7be2c0e8cd6acb92,35668,conceicao do para,MG
58c5a7e613f2142414070e137c7c7a6a,5e314cabfdd901de8fd47c135e86ceb6,11055,santos,SP
58dbd0b2d70206bf40e62cd34e84d795,64b576fb70d441e8f1b2d7d446e483c5,13226,varzea paulista,SP
58e0ddf2e49461d6f76d048b8f2e77bf,d8808fb27946c71ba90eed4c6d2d10eb,04288,sao paulo,SP
58ee8c095bfa7fab72d5ab65d411c975,33a189c27c13eb6f9609976cf628bd9a,13843,mogi-guacu,SP
591219cc67cc4c76efa171e1a7db4d12,987d6d221b7825a26536474def528a2c,13466,americana,SP
5974a7436459910a0a91a5e6cdd9c6bd,6080a210886780ffc895bce6bd114e4d,91440,porto alegre,RS
597bd0e14e006030f62d7f250c38cdc8,794289143465c94af43ae34479a30499,09540,sao caetano do sul,SP
597edd65d504b2f95dcfb29735c50c00,4c30323fca0b6d7cca4bb85117853629,90240,porto alegre,RS
59d196118ca8d55c3c6e469f532f9bf1,6c7e3c83a8adc26b579c6248b044ed99,82560,curitiba,PR
59d30339943de8792b79b2a7835e1752,601c762ab733c9be4b4dccad69d21ede,07794,cajamar,SP
59ea29b6bd9ea6c5f51823537e21b2d6,9d7e085be25b92be856cbb6524786cb8,13611,leme,SP
5a134aeb2bc57fc5561108c40911a5e5,97800844084823aef5065286c2e1f5b0,07791,cajamar,SP
5a20ca69160161786b074d55001ca9b7,0f2270d73dce657f1f50313becbcb120,21250,rio de janeiro,RJ
5a4b54cb9d4df46629f60281d0d001ef,5e5cac364816ad08a35bde088db40268,13290,louveira,SP
5a586d62b6c78b4e174b51854c2e6912,738ffcf1017b584e9d2684b36e07469c,74440,goiania,GO
5a5f0cac382c8ddc94653446e4270ccc,5df6ed0646d9636aa7aebebd58a16fcf,94100,gravatai,RS
5a7beedd2aa09902d76977734156ad91,303a86d9e8df0303b6833443a0e90746,13049,campinas,SP
5a9602cc6ddcdb2b24f0472bc9efaac1,a71c42ad6b9c91971e3bdd259d80c56f,04302,sao paulo,SP
5a96ef8103ed640c565b1cb9c2ac290d,8cec3ca20d5d56eeb3587b4411cfbe0e,12214,sao jose dos campos,SP
5a9c6e20ad0f70fe45ae3bfe4cd8463b,d1d123410c240b9ab053ce79b566b6c8,13400,piracicaba,SP
5a9e4bc91585c83d0c13d079969094d5,c90cfeb9d99b264775054e72dc4a615f,15503,votuporanga,SP
5ad19fef350cb23a9d20dcf861ea05f7,034d647ff381be4e2d6736e7f4f3cd15,38401,uberlandia,MG
5ad3fce8e3abe6a24c08115372f307dc,2a7b441f70445524d878a31370acf548,16800,mirandopolis,SP
5aec93638fa57d3645cc7ba411caaf6f,d44bc0ff3428bb4da5ae8eee44cbb72a,27523,resende,RJ
5b116028bd1f354477b49032b5c31766,833c17e015173d723fea7bb8978f1cc1,38046,uberaba,MG
5b36926fe1592a897dfb56c425ad5b48,e2492e4188991b6276a4a62a287a5451,08880,mogi das cruzes,SP
5b5647d181199dd67334fb89f49c1206,330f1103b8cc5a3fbe42c836f86a9d91,12216,sao jose dos campos,SP
5b985c8b77fba94494956d5f1e717933,9131f2b5eb76c26fdbc20d1a28b5d686,84635,paulo frontin,PR
5bab9be874cac635882f63b470535481,8dd124b8d9921c8b53b7d86d242c0620,95590,tramandai,RS
5bb44f6a01f1362e3eb39c521d1d1b08,8570811b213ea1b6d3d1acaedd6b387d,12030,taubate,SP
5bd0f7fc46098d240d44f74e5c4bbe48,05cab221c84aa6571f3d73bb6d98d662,17340,barra bonita,SP
5be5d703076bbbf577ade3fdddf51e20,29bbf509bf085413d69208f1547f76e0,13871,sao joao da boa vista,SP
5bee899f25d069092c1130152eca10ac,b947b8b75b0ba7db508d01717b9f5f28,22790,rio de janeiro,RJ
5bef7bd0989f84e5cb0cafb53e005c0e,b11298d6219d5905a7d03447b8fa4be2,04121,sao paulo,SP
5bf0634b796a9bb7714dd6c7baedf611,aab8da7cf44935b6239eafd8750d6ec4,60822,fortaleza,CE
5c1b11db401fab28fdc97fa8b34f739e,93d4195a3ac24aa91929297338b56d6c,88110,sao jose,SC
5c40be15b2c8fc641d9a1fc0493ac2bf,7daa5521f49c5a710da721d485f023d1,52051,recife,PE
5c4795c07c0bd317adaf7406327bbfa9,f3227a87d760e7bbcaf5377918fd68a5,65075,sao luis,MA
5c630d7e047635a87090316b73975cc7,8c6b13eba4d8f30c1fd84f181704663e,09370,maua,SP
5c8ad45158ccd55a42cc132c584409e7,463879dc0f781a8eecd4bfac763b5e6b,13087,campinas,SP
5c965d68ec3a145629e5ae44d82ee15d,e9f972b3f457a8ee43154af187aada14,30494,belo horizonte,MG
5cca92fc0d4ae1f2d79442783441091f,b46e2e576218f74befba51d0ad8789f8,13140,paulinia,SP
5d152b976411db52ea2800964fd26cac,715cc5a8fd39ffc4c3fc9b838c65e42c,28020,campos dos goytacazes,RJ
5d442fd431e8112816463237246a2b6b,ea6184b812df993f07fd9d7edca1c246,06454,barueri,SP
5d5a1f726e41c476ccc0b8142a8c8251,caa42710643dcd005ab81ab811ae3c45,05021,sao paulo,SP
5d6b137b4a18086f6aa7fa255fbe0f1c,9724a3cc0a7d59c6be186509c773f70c,02035,sao paulo,SP
5d6ddc4e70e7d06e3b32e2ebd658de6c,b0f3a98136fb0e22d808f855bd430970,92020,canoas,RS
5d970c9d83f58152d477d717c7affd80,109c7f4218856d932b95015a6cfecf57,08223,sao paulo,SP
5d9bad1b4aad6061f0b26c8b58291a6a,18887503eefa84ee51a6fcdca1e71240,04331,sao paulo,SP
5def259225633d139dc0132b6454620b,09ab36a420b5c87c5c9772bdb494f2e3,48130,aramari,BA
5e274e7a0c3809e14aba7ad5aae0d407,57b2a98a409812fe9618067b6b8ebe4f,35182,timoteo,MG
5e398ca2acbd494bb58cd5a8bb38aec2,675232220913c97dfa9efffee77d5986,29060,vitoria,ES
5e73cb3ef5fd8f561bda55e9e69debbc,46a67cc142be968cc7e809bf35130d74,25235,duque de caxias,RJ
5e7f31c7eb308dde013b9cd6f31ac8bb,9f5c219d3a2c143182670f3f363ac039,30240,belo horizonte,MG
5ea35eba7b2c83a0625f234f47da985a,907d039d303cd597384e37e26cfe798e,55296,garanhuns,PE
5ee4cc1b4dedc9348f723426dc534c3f,0d9532b1b41cbde24cff07c7b76a89e5,82940,curitiba,PR
5f32480dc2343d4b17ca455a8784522a,4098fcef7bb6340f9e8b05c29b938d56,03244,sao paulo,SP
5f63d186b5f09cdc96557cbc824f7352,19a167eb59f98f70f9b4315e739b04f3,96225,sao jose do norte,RS
5f8a2a8ed58a2be568b3fc73b3eaebc3,48c537971dfcd2f7747d8804c47fb2b0,21330,rio de janeiro,RJ
5f95660fe02859083a84e50cc6a23f48,b3b7208a78ac75f047137484768a868d,44850,morro do chapeu,BA
5f956d6de694724a5de116a1f0e7b88f,1c3d6cdb528a01132de19aa8f2e31ee9,07072,guarulhos,SP
5fa845339b9bf6edcdf1e4bf4140cb8e,0690c2d69698335f19976f6325e9425a,78552,sinop,MT
5fa8584124fc1568c978e945989591a2,7439cb7bc20ee3afa8076d6a590bbf67,29026,vitoria,ES
5fb09de922cb071effc0c1c12ab94f78,59a304dbba6ed821b878d6af23b71ba7,13216,jundiai,SP
5fcc9e5618e149a1a40c31da01602529,97b2d82807f75f96ebb7010085725349,47800,barreiras,BA
5feb65652220fea019c7efd7146849d4,54c04569682d546b81f081b5b62a9d88,11706,praia grande,SP
5ff42319ecd54104278a50b3105b07c1,bc5d1184a5766f6e3d42b32bf668c866,52080,recife,PE
5ff80d15decad784ce17e900e5538412,e06344f0bea5fd3d5c7f99222d0cb13a,22080,rio de janeiro,RJ
60166efb07b460c5feb03639c9ffc462,ab26c904ad9aad0ff3591a99eb7ae62b,20240,rio de janeiro,RJ
60479a632599df7b8bbb349bf4399d5f,232108769b54310413984f29c3c8011a,08240,sao paulo,SP
606b9b7f9b4d451c3824adc8386d0557,06b609212808563b18a3f818b86dd01d,05858,sao paulo,SP
6095ba1a9acb42e0558d6e5c426ba60c,09ec70d16bed083986121e71fda7ca84,01537,sao paulo,SP
609eaf3a9736c26e1956c125c5cda487,65c413f2ef25d30506eb87aee5c2563e,20020,rio de janeiro,RJ
60c1f4151b92f9bbf80813a1f6b4f3db,93e2f0058eaec3d5ec8ac7788e7580ea,03502,sao paulo,SP
60e319c699f4ef80e0979447089367e5,e0d38008dc1f7bfd5ebc073c19c17af1,04728,sao paulo,SP
60e33d9ad2f5c6bd7d7dcc6165fc8f25,f5ea9442b5b32fc1bdfa8216df06f4be,71065,brasilia,DF
60eff00208ce766f18aed247d50c4cba,124ef8d5acc80858c69d34e3e08b572d,99750,erval grande,RS
61011b38e0c96a6745cd20950babd60c,bf1a3ae0edc94deecb0de97109276623,95520,osorio,RS
611f9bc426aa9d3223803647f29bc248,f64075e7fa628bdc6c3e7c3108d7c624,21021,rio de janeiro,RJ
6124c09496fb12b9864ce0fa6673e6b2,afe72600b2dc9fba539d82b5cb7b2544,11707,praia grande,SP
61449fa1b8b8998c9c3f3a7f0ae954ef,d2f122bc3109d7fb2385daec2d6ef7f7,07600,mairipora,SP
6183f69ce7ffe6c72c33e334cf18c5ee,977a0ff5c269ae1b027aed7e14e79454,79750,nova andradina,MS
61c40fbd64ecfee5270d6f9f2202c484,4c6e9c6f2c3df796230e076d8854ab15,01258,sao paulo,SP
61ce7eba15a872699599957e5d18f0e8,5936fabf5dfeaa6c31d9f649b5794e2c,83212,paranagua,PR
61fc851ac2ccfe9254c67b210b69ad7f,47c1a3033b8b77b3ab6e109eb4d5fdf3,06634,jandira,SP
621c4375f33e843ba4111a6fc493fd0d,eda1dce5c553ce29ab7bcd3247392e87,76980,vilhena,RO
621d89fb61292d49317f4a4562a11f49,d3882d7abd0c66064d740d7ed04dd1ef,13073,campinas,SP
622fd8de19b9462bdfd1c15fada2e89c,84676d519cd67b76559c1a34da362aa7,13720,sao jose do rio pardo,SP
6238031a69e4a3bafdcfdfb391e1f7a6,95467e9211e982492dd7a23314a045ad,45650,ilheus,BA
6250c0be552393dae4324dff902a56a0,442218fb56227a4e1dd5e844ce9ff728,15040,sao jose do rio preto,SP
627af1392ef0888465cefc9f73a682c7,9429c79eda0b28a0267b89c8afb0da0c,18681,lencois paulista,SP
6291998ada5150f88acffb25e928ec57,198476e6d4b537f6fc71e4f3adaa52d1,18031,sorocaba,SP
62a91310a7666cefb5f7275f731338db,549db5f8678440bd1be9ddef9dede02b,03236,sao paulo,SP
62accea67b06839b7e2f1cb694952ed6,3d69c76d4691b0003a23c63b24843d97,32672,betim,MG
62d68fcfc1bfc0ece5098759a098a203,25539f1fe8fabc01797b6dbd21a8df4a,41231,salvador,BA
62df31b53c3ec1fe05062ef34e35f2f4,f8cc4ccf2ab328a1cef35f3617d7b19d,88034,florianopolis,SC
62e016618dc55343014a69634e2248d9,5ed7f690414c7a58b68f064d1a4b75ac,05761,sao paulo,SP
62ff903909cb86e2b07156a6d7cc48da,1b277f8bf9377e4d88b9022df406e9a6,13487,limeira,SP
630b53ee81b257e794880292133bf170,d406d1f9b701a93b646d16b93a5d33d2,70650,brasilia,DF
630c5fcf5e565c1c985cd334317eb33c,6559799a5cf53662f7979eeb4a8b800f,29145,cariacica,ES
632fb46531120e455250be499e52ae03,79859e9f052a65854540f5ef5d4dbe6a,04121,sao paulo,SP
6367c0ca26953cf2b4ea34ba53295dc9,f3bfb60ca5b2f042743d6bfa40d14841,87060,maringa,PR
63a63a3d1eb4b42d80ed149ae626b831,7fc892d9111b060b1c330301d9d61323,22793,rio de janeiro,RJ
63b69c94f2e6d9c7d3ffe290601c526c,80d9444e7cfcfd1288df2888c741cca3,31110,belo horizonte,MG
63b6d17991185fced5b5dc0dcab5b739,81a38615d0ede5ea909b8852cd9e052d,05726,sao paulo,SP
63bb651df1ecc3911737bf73a6cf1abe,d7c397b68280cdbf4e43162072bdc667,09070,santo andre,SP
63cff72cfb37670b3c826dedcaf32a6d,e2c40c8b0afea459059e4f2b8d22b6f0,85350,nova laranjeiras,PR
6401d6c168371c1fc964bd3c3077b6cd,8b29166c3e2b7a11a9d08d33d8c2855d,08471,sao paulo,SP
640cb653663933010fbc3afad1e2fca0,a93807b5aeb1d0c0d622c28a09aab231,06693,itapevi,SP
6429359a6ecee86690028cf416a3b789,cb8bdaab9765fe7a973af8e44c0e0111,96640,rio pardo,RS
6443519fe0538b895632d5d7817aaff3,d78014098f313770fc276a44a9e84a87,93540,novo hamburgo,RS
645c3f2075121d0d138bd8c19d3d77b8,5dc734db44a1959c3d4ddbe5f0d7d8b4,04433,sao paulo,SP
64642aa123af222fbb120c610625f2ae,0edd1ca451a7eba6600829962d4a3699,15050,sao jose do rio preto,SP
64938ba76130bbfe20ee8a87e78ec8dd,6f5e153b00fffba52e509d983fe9ba5f,01154,sao paulo,SP
64b4f796f321357d2ce61f511da7f73a,20fe486194560cc4efd0100f5ac86944,35030,governador valadares,MG
64bce8bd37d9f4b8a8d92264a086ba03,8ee3e85626163dbc1c57d7c4bf819185,12281,cacapava,SP
64c17343b6c53ee761fd232e84384848,522e714643e682c9eff7415cffae54fb,13871,sao joao da boa vista,SP
64c41bb59704243384caefdb488fedd3,26ca20ff263502c115769540069e351f,70298,brasilia,DF
64e2ba6c3e485261327eedd7e735765d,d82138f0faf0c61621fe4148460871f3,03982,sao paulo,SP
64e2e80c6c053f95af9f072968fc8196,609846ecfa57e90e8ce0fe6c0e06b0ad,01532,sao paulo,SP
64e685e8056227e8864eb92949604290,34a5bb16c5c8e8c3dcd8a05053d49376,50751,recife,PE
64ec93bbc386d22c3f10849c7352d319,2ef24b1be3c76a3404b9a8268aaa2728,74180,goiania,GO
64f9de1f6705de234abc7f84976a1a35,08af270792ec7cdbc72fe11c1c353695,03122,sao paulo,SP
64fc1ea0b3ef7d792474f9cce8ddbfb1,fbd9bc53c3eba9807d3e246b2104b2e9,13212,jundiai,SP
650fc77c61193bcb71fa5d86793522f3,f651164a5ce5c8590371a1bbcab5627d,59300,caico,RN
6519f59a7687a4661f7c8a7e24f28f94,324ce23e08a1768007118a11836ea7d3,01037,sao paulo,SP
6543393dbd7da4c36d67ab82914d750c,08461e3816fe3fc53aeee964f981b9c2,04209,sao paulo,SP
6552091d7ee5ed28aee6e6e699887462,8c19654e2162b2c9cd97e662ae060a3f,20941,rio de janeiro,RJ
6576f2b9e987bdbdae321940fdbcc296,f01c66e4f31c07264f1e67bbcb588842,21321,rio de janeiro,RJ
6582b23efa7ebcb533c64649530bbe60,28325f61704781521f8718a90f1dbf6f,95170,farroupilha,RS
658ff649fc33a23b0c62dbb364eef7dc,1efdc68247b459662a939467eda85740,35043,governador valadares,MG
65a6a03c07caddea4ed54b719663fce1,5dd6e6ccbf66521ab5ecd6da289bf673,05351,sao paulo,SP
65ae89abc9ee5d0923cc160953ac86ee,ed7850f8d2d8a4c078e5059be1fa5a15,78048,cuiaba,MT
65c30277282c2dcc0d068061054f4260,0153b79c47a4953a7dad6fb93ab45a02,15054,sao jose do rio preto,SP
65d7321f062eb5569225c13c721fc8cc,8e4bcade575d59d12d61d1714f46d79d,02179,sao paulo,SP
65e76b6196e163f93011170f498258b6,1dd36a22ab6a96634ddaff1be203eb52,22250,rio de janeiro,RJ
65ee4aa816cda8ad41e05c75e1cb691e,e3c0567a8b991a9d812ee91f2650db40,22783,rio de janeiro,RJ
662906073a9bafaa8a9c671c1112857a,8216ababae1f2b5d8aa1f6685e6e3d12,04296,sao paulo,SP
6638d6c704daf2772787e6c5fdac4a3b,fbd11c96273ccf29c8e3078c5308f837,78556,sinop,MT
663b2f4912cde86eb883a82b848b75ce,1bcae4b78a0314c222212acbb4b8abec,35420,mariana,MG
6645b9283b1f5f504d00cce41870864f,49746c4175293e1bdab705a1c0a4699d,79093,campo grande,MS
664ef02a3eab1689df1c0c19eb1e4859,f2655a0ca53cad79e713d1a21b2328b7,02143,sao paulo,SP
6685161064744cb72ce07973f240814b,0bbd9d311efba662184b871b23916eec,03070,sao paulo,SP
668575cd98bd30ace7a891f6085e3b0a,6d7d7f3da50d1a3b21c77ad7a9ec97b6,44574,santo antonio de jesus,BA
669fa2dbff38c196161e330c91842143,20225309debb0a9e1031b180d6133758,86020,londrina,PR
66a2895f55f89a9a33063dc8e781314e,d4b264d125b3de7f339899ddb8d7f7a0,77807,araguaina,TO
66b0c56bdeccde8a05900cb7efb2e1bb,fdc66fe3bce0450c90ee4dafd14a0fa0,19060,presidente prudente,SP
66bedeedb8b2f83e37860634125050c7,d5803b21d09eaceb67d505173158bbf0,06276,osasco,SP
66cbcef072a77824c522cede2fca861a,272825be3a91274ad871226bf6a7ad97,07176,guarulhos,SP
66e2f80c06f37ad506fee5024dfd3ae9,1efa9b085b8519072a58faacd095fc2b,01150,sao paulo,SP
66e518ee99571f141d17fa60482fa47f,1426a4c6ed4959d95d8e7c40798ba5f5,23015,rio de janeiro,RJ
66f5f0c5a0240902a45b2a6fa8302fd2,d12f0a2b169c77088b0cbad420f466b5,27963,macae,RJ
67198606d2a581bfeba1a019e45ab276,c9f2898089cc985c092323f1fa128c6a,13224,varzea paulista,SP
672341d53a98728f79fb5b46a0fe859e,af096bb816f90a11731e6b258a785d85,02996,sao paulo,SP
6739d1a6b151dfa87a505b1c8798edbd,091e8f3526ef6dcc235f5fbbcdbeb003,08452,sao paulo,SP
673b616061db61160a67e09d6a98a030,d40a1a6118775afed4f52618035724cd,12620,piquete,SP
673f9007d15b360bf5b259a7dd9057c7,93fd4374ecb9d8db4fb5003f4536df43,76380,goianesia,GO
675637c1f9b9ba25d012da0ecd37ba04,2044e6678e348ff4b607f44ce9b3d443,31275,belo horizonte,MG
676761aed74e8c2a56f78ea5dfbfedf7,1f677dec307820f316714f9ae7ec13e1,01222,sao paulo,SP
676d6d9a4865e261e3df7dc505e3383b,ecc015a022de7abbaf3827302086864b,05524,sao paulo,SP
67755478d1f76b7e573bf3e70aaad22b,7f2da8c2fd9a07e4742b1e281dfb8afd,94820,alvorada,RS
679b2f8af0e0d2b38db0486e5ac4e5fc,1d69cad1a7af13a8f78fefc1b996a94c,42702,lauro de freitas,BA
67d0b4958bc1696a19484767933531b3,a4ce7d6a3e4eb8cc88dd4fc48deeafab,24230,niteroi,RJ
67f7f5c57abd3964c11e644ea6ce12e5,3db49645cbf26782b4211ccd821d9e06,06775,taboao da serra,SP
680197ddda56ad2150f56b7bd4a1734a,31d8b860775ed59cb8aff5da28359367,78600,barra do garcas,MT
683fb9798e710428ce7304acbd9bbcaf,61e6adf3c4468005ccdf21ce63f14e73,92320,canoas,RS
68401f5c05de1fc6006bf56f4bd3b5a6,0152897024d0ddad70baafe17ed705f4,04533,sao paulo,SP
684081f8e0d6bbc105f7a210a8d80d3d,1b2e2b9558ce884daf183b4c08c52e12,22730,rio de janeiro,RJ
6840f754fa78d5ba067c03ea53ae8a30,2a6c8c25d4856b82e285868d3e4f3d5c,91790,porto alegre,RS
684fa6da5134b9e4dab731e00011712d,ddf60e20e6e262e2136801ce5cd628b0,49030,aracaju,SE
687dd24bd9fcbeec556d553371082a8d,c401c4e87b4980865262b5d6ce19061e,07790,cajamar,SP
6882c809bf72dedcfb767969eaf59ba6,131b8a51429529f4e57e8faa1b87ff4f,03659,sao paulo,SP
6887855de82e990aa40afea563f79b83,814bce430ba8d69ffd9fe2abba84fd55,05061,sao paulo,SP
689a4cf37a1c05c30a86da4fbc13b123,216c37b48c36a491822086d49c226b1a,05420,sao paulo,SP
689ce9ef571f7142f069dca1467b8804,ca59b3f1cb691ed31e52243506f53204,26285,nova iguacu,RJ
68b23619fcff7f2ce50230a2af1b925a,906a8a4ec9f3d4c3e64fa6d1c4fe6009,15084,sao jose do rio preto,SP
68d0607923d24c0b52ea252e3c77cd19,aae57739c16a460e0fbde4243ab139d3,70673,brasilia,DF
68f3666fedabd658c5aae67697b67e61,eefdc2443e8e4f93e0eb1df1956047d7,12297,cacapava,SP
690f0d89fd8b50197bc81fb97fd89241,f6ed0bef0317e479c3cfbf243f9b1940,66035,belem,PA
6921224e0e53eea536125e700611b01c,b1a8a0800eac99ec4d83d6ca350a690e,05879,sao paulo,SP
69572b6a8713a15e9f1fa80b1620daf4,7a78c6e53163e36c68d2f22f5909b0eb,17602,tupa,SP
6962cfc35f21a68b37734f341484b193,de25a31bbf207c8718b7b03764f95ddc,06310,carapicuiba,SP
696a9ef6ad57273c88e865b52f3f121a,a7657330b1c135f3acd420326e335b2c,38550,coromandel,MG
6976b13183e54d7c9dac5d94edefe662,bdcd97bbfa0c4547970136445e9ace7c,20040,rio de janeiro,RJ
699e9912d1a73f5886be955cdadc3b83,2b2158c52c9993c93702e86b0e751b93,06447,barueri,SP
699f68ea605d2981a8d576032e32d435,2cc3d0e3008ae8f63b077a0fbf3e2963,12525,potim,SP
69b38855459d81b0595cade99bc1706e,1a13743254d9c8e6360106295947932f,59920,sao miguel,RN
69d18563a5f35efbb3559c926d4326ab,010fea34d64c9fc635cebbe583f5104a,18550,boituva,SP
69ea23afb210ed2514e1e325383cf78e,1d3e82e030ccc817ea128b644d815a9a,29157,cariacica,ES
69f53e58ff6de5ca800428c1e2102704,9996cefbeba123f8cc3672e76b8fa2c1,90640,porto alegre,RS
6a670a778bea4407bae72f8e5c4e7ffd,c5e25440a147367c5b2ee3d48f6ac7a5,11020,santos,SP
6a6d5c560d1072a67be9ee533125d9ed,02a6a137ef7fe2414c9e14fc4d060790,04116,sao paulo,SP
6aa76a292df4d63fa578c73ee479cbba,e87cdd2fb9f1d3ff3438a9d02e454793,82920,curitiba,PR
6b3ed42b480bc5831a094f35dc11b668,9342b18c97a2bbf3fa9d97aceb0b6dd4,59054,natal,RN
6b4acd0818e5852c5271cb061ccbb493,28706b8dc0fe2a95fbcec1e53253d8e4,60175,fortaleza,CE
6b506512ab0a47b1b878bdc698865247,f5cc3842baed00ef58bdb8a50f42ead9,26440,japeri,RJ
6b5ab683c44fe7723cc4dd9ad28ce19e,a50062ee8cafa20668d7fb68e3cdb3cf,36893,miradouro,MG
6b5c0295e0d10b1a80a1faa5f41d410d,47e7935b999ad9d38e00bb765d39f7fa,11070,santos,SP
6ba0dedafbdfea05e28bb3740df29bd1,84efe5bc9cabe190f9c2f66f34fc3dcd,58043,joao pessoa,PB
6ba7779e884648eb9bb1ed9dbc7787da,f3f6ffb6fd41fcebd1b408ce8e3aae5f,09720,sao bernardo do campo,SP
6bb04633db5504037783390c2aac8a37,cc27b552c1d0c33dc74ab4e926b7006c,37190,tres pontas,MG
6bc3ffbd5f0156bede1e8ae7ae9a32f3,00ee11b831faa111cd62af2f4de8da96,11630,ilhabela,SP
6be3dedf61ef41f55430dc20f3d64899,50ad9fb3ba7f8cf336529fe94a182996,22780,rio de janeiro,RJ
6bf8c622e219d5ce11831729248ceab7,6f9fe132662ed65ec152e96b16afe7c0,91900,porto alegre,RS
6c3a8830c60ff06ef8ad5f6dbe66de70,c78640cabd63c4eba3b518c4dc4b7031,06756,taboao da serra,SP
6c6188669dc1f7300b57fe0fe378d24e,30eb528c7feea10459355021bacdabc4,91910,porto alegre,RS
6c63c9d3fce6af66977a6d38873edcdc,d26063f424217b14b5efe96491f987f6,08765,mogi das cruzes,SP
6c6ecb0678cda04c3ff926b0d091cc1a,9f2a26558df0ceb29f853cb9c697f345,24210,niteroi,RJ
6c95355bb9260a9b0abbe3e226bd7a16,229eb22d6cd2e70148026fe758adf054,18460,itarare,SP
6cacf8729fd44aeebced2d7663c0190f,679042cececa53e18d80bc7a651980dc,32900,igarape,MG
6cd14b229f3969efc4e799d5a58af63c,74d3316a8a3535f05feed75b4df15e7a,21670,rio de janeiro,RJ
6cd7106899e59a1fbd0622d5f1efedf4,6360ff9a3d58800ba0b03b1c6c290d92,11730,mongagua,SP
6d02fb309e1f895017edf9308dec5261,8ef6a280c78d8e779d9555c828a44deb,31742,belo horizonte,MG
6d05f45a66bd81b14e17504d8c64f14c,d0981e9886ae133471b24e1e0b4a5d96,09030,santo andre,SP
6d5a8a61907ca7455a4b282be18d298d,85dcd445d914b557020d4a16c40d7a5a,07060,guarulhos,SP
6d7c0573365219e798ffe66dc2a9e7ff,b8d50a7625e144be430dbc7d42d33d6d,21020,rio de janeiro,RJ
6d7fda62de7cb7acf2894cb5ad071ad6,2cda69b359e382ab2ab1e41665dc8db2,75600,goiatuba,GO
6d85a3ac7c668a1b826400ae9879c06e,db6d2022036d6a91cf7a7db2d20aab81,13070,campinas,SP
6d9372108eb7d38bea803ec71881c842,c292c87e95ba733fda07724fc4202832,47820,sao desiderio,BA
6ddc45ad08e6a2c885ca2255fc52d6df,c1ee153508c6b785b491443a95ff364e,89300,mafra,SC
6e08731a27b94c6dba5538443378da82,0f0b543bc0390b3689fa8f1d62e23ade,38776,luizlandia do oeste,MG
6e20e3411f6125ce6341690687c83fef,899d181c9917a7ccb3248b4e47f6f580,01020,sao paulo,SP
6e359a57a91f84095cc64e1b351aef8c,2e6a42a9b5cbb0da62988694f18ee295,04571,sao paulo,SP
6e36fa9bf71aa373a6adeceecbe06ee2,c25977b1c353b40d74628a01e0d2eda9,26440,japeri,RJ
6e395adcac53d7819940f584122d9fa9,5203eba44152de2a1369d1983039f9bb,57052,maceio,AL
6e4368a227d0f8e25cd7a533d1e781d5,60c74883445d9c987401de7e46bc7dd3,08253,sao paulo,SP
6e4fce89806ba59751307949337ed655,42befda568ea0df110b6cec63c233bea,02801,sao paulo,SP
6e66d0911bc117a0afc6313ee9a0abe1,f3db5609a22674ff75cae17015571527,31330,belo horizonte,MG
6e6dc62a9abb771cb96614a627d5cf4c,b35290b39d5d7004aa3cd32858dc0053,07240,guarulhos,SP
6e75444d6824648342ef94be68a6ee94,350247863385a1cad9afedc5f4b2d1c2,02961,sao paulo,SP
6e7901ae39eb9c64958a51ff4a025cfb,2d3078f318e1fc1b298a075146c4b920,57265,teotonio vilela,AL
6ea6833bafd5a01be6aad92305a57e9e,2092a83c9b00bdad49c0d1789112ff51,72603,brasilia,DF
6eac56572e999fbdb8f2dfef5403438f,93b8a802bf6ff92bdc48e8f9d4dbc293,06756,taboao da serra,SP
6f145b8c9b8d449154c4c4bbf8be56ee,3b600e12e73ed271cd63917a970b17d2,89219,joinville,SC
6f40a2defdd5b7721f83ea57d31f3007,92c45de91f5fa35c526b059a393429a9,13603,araras,SP
6f47bf761ea5cbc060f0ac4b4fce666e,71b1207b964510e050f3677a421ee3ab,85602,francisco beltrao,PR
6f5499775cd1db11fedb4da2ba0fee19,029800f459300049c50c59dcc4244e44,09250,santo andre,SP
6f6902e823f6258c17980cde1826c420,f12f268bfcf8fb7bd9399d08cbe04ed9,78580,alta floresta,MT
6f7d7ececcfee77e1c4d624c81a37aa2,2362ea945dafafd2f3c196effdbdb83e,11453,guaruja,SP
6f9006bb7c969010f3b9a8252bf7a8fe,db3073c0e926f86ee0683c94d12f5ff6,06604,jandira,SP
6f967a810363042cfb1dde2417d70324,80cfc1c16082dcb5bab658bc44bac0d9,13348,indaiatuba,SP
6fbe0377694f4ac9fd265961072bf0c7,0d5131c36597e631d28fa249f29cf447,09560,sao caetano do sul,SP
6fbe4775f3b882bef0f10d86a55ca4ae,00b309d0151d92709de70e43d662711b,23595,rio de janeiro,RJ
6fbfb8b2384f18f2f7aff6cf7d6fccda,8760e3acfc7dab42c42bacbb7cbb4f49,07091,guarulhos,SP
6fd08fa27ae00ae1767b76668d46451e,24e3176088f411887030891a3475f34f,85907,toledo,PR
6fd87c3e71f1826c38e560951b6f459c,e2c483395f5aa739622936a3e826921d,11750,peruibe,SP
6ff2f20973c8de5038779940a6ec5cf3,10ec83cc1eb95a0965aab23377edc1ae,93950,dois irmaos,RS
6ff4191488e14530d6a698f7420a769d,686d80e6622fa212fa4eae3c9506bd19,15084,sao jose do rio preto,SP
6ff5db926f197c0c624b1fcdd6ce0d0f,cdc4e2f5cfd860700fd94d4e8cddc50c,24120,niteroi,RJ
7021a4def279aa266c716c4282fef766,45f81625f22e21bd01d3f30f4b9d3ba8,13185,hortolandia,SP
7082edd9f78fb9d07560b4f9d65f7095,b3c9b7344ef8e0ec9560dfe3cccd0b5e,13271,valinhos,SP
70a4565a0e2423f8bd3ba63125c901d1,a991e97aea32cb2adefcb9d34968c97b,04563,sao paulo,SP
70da82df80a3f1ca6fb62b41b08c7c53,568877b6b81f66898aaeff1e2d66ba5a,85870,foz do iguacu,PR
70dad7a715809631b98b0a843ee18772,a70166e178a7cb30b696bc74c76715c8,29124,vila velha,ES
7119d3c62d0ed7d4c97aebe8bd6704ee,d5f700b1428109c97e9671ff4b7a6fbb,09580,sao caetano do sul,SP
711db73575cd5b4fe3b548c21fe53d46,2927ce060949fd0254743a59f113578f,12240,sao jose dos campos,SP
7122c24d3c0eff23bbea46f485fa0d66,93efbb67e62b113be8bd07519b65545a,62685,paraipaba,CE
712d8c838062bc45d0567f4ea808866c,ae4395be33e633d0c87010d59847e5ed,06233,osasco,SP
7166393c56bbf109b79189e2facb6d55,0a4e9baf87eeb07bc32e09b711797cd8,05640,sao paulo,SP
7199d3db0db9697a789454d3aa8ef344,8e88beb77bf95c5399f94d05ee681465,22745,rio de janeiro,RJ
719cd530d73df5670fb06d8413aa05d1,2cc425c8788cde33ecd808d63e681030,09175,santo andre,SP
71b3c28ced6fa14321a92998ecd717e2,ec59dafb5820ce13fcc2fd6402be9b54,86801,apucarana,PR
71cb151e6607a5f3d56935c7c2e5f4ed,f6dfa1cb8b2e7caead4ec309a50883f5,22790,rio de janeiro,RJ
71e0415715725a3be02b81d1d5222275,de0e500b351bad70dab81e9d3812c1cd,21610,rio de janeiro,RJ
71e4f35b8320ed3493a88df6af9f6651,2b100d3737ff053e5003640064ee6ad8,30570,belo horizonte,MG
723c16aab4a4c8201b4bc4d9b74a48ca,869d2edb8123459fe11fafaad8a330d9,88134,palhoca,SC
72533a8487a20d8d6528e7a12c46841b,2578106ae970e17713754c048abd07e4,04313,sao paulo,SP
725d1fd5d4a73c89ec3b335a0cfe825a,1fbe4120c3f85b23463f637223a3003e,71990,brasilia,DF
72634020787e70502d6f4f43ce34f543,2f7c8c8386941ce0ef458ca7ff304123,55715,feira nova,PE
7278b5baca0464a3bf8074b8b5cb6e6f,162ef1b14a57c9f532a3211e15e15103,58865,sao bento,PB
7279859141575c9865ad01ef92b7fe72,18e26df04ebaa21cebb08d780f0ea43a,11045,santos,SP
72f9e063c7f669ab27e058a39ad1deb5,211d1133f3faa50ee1e4622d9edc1e9b,03268,sao paulo,SP
7300450cedf7e4c35c243c4a03c1e8a6,95700615deef776ed32faa08f0be634e,12280,cacapava,SP
731a2e445bb92b757cb2fc658826d80f,34162c178a6f582b39adafe7cf883251,60530,fortaleza,CE
7321990745cede1147b728cd2726d9eb,0068bd2e9e76c018846dbc6e2bec5ac5,03904,sao paulo,SP
73736dc7e92f2dda66762d655cd24462,9cc6513293fe015ded4e98c49bfe536d,24905,marica,RJ
7373e5b05a470e1485897bca95695256,dd08fc5488e37c01852144fd0e8bbe41,12241,sao jose dos campos,SP
73aec6e82be391e000b53c52574825c9,c560530cec11624262d9130a3f07a51d,96270,mostardas,RS
73dc166bf11b159b151dfe72a96dace9,e5cff2445bfad667574341f4817e3a3a,05544,sao paulo,SP
73e1e70b645c6ef82dda64348a5c2391,b88d7e07a1508ee88d1ca350f201a2a1,08596,itaquaquecetuba,SP
73e4f0d08b9eaf4009d3218057343b5a,300077767cbc925601b3e23098cfc69a,35162,ipatinga,MG
73f8bb0e3a2d4d72066d4aa97efeb6ea,562822d171cd9baff50bff1a41f51a70,02033,sao paulo,SP
7411191c690609f0521c7911833402b8,5e653822c6afe00340c3a70f0cbb8816,36020,juiz de fora,MG
74179773f1f31f3af11c3b3b065115f1,78d665ab97fb0bfd754a20a48476c4e7,28630,nova friburgo,RJ
7422267f46a52991b0a78f0e10e1ca65,1188233025a9769168e1f1f1981c2444,03184,sao paulo,SP
74970e00c9c5a5726fd925be7ab372fc,7101d97f21285ba27d79d84f7a381d8e,95555,capao da canoa,RS
74b48a0bdefc8bedbfb04470914c9dce,2fdd6e2012a924fc42ee1070baef8514,31130,belo horizonte,MG
74b4b073e2a0af2e70dcc84f7fff397a,cefd4de99e6592762f7e41cb2a028dcd,89251,jaragua do sul,SC
74c8a024a6cee2c76e1c680e2dd69812,262e0757ddc8161af284bab34b6e5206,04191,sao paulo,SP
74dd658e3cc47fad8588e6f48f6a6075,4c25d8e81024300edc4db9bb7b23c278,78200,caceres,MT
7501487f2c74cc52064641b5793bbf4e,ebd16156e915376664512033f080f70d,18071,sorocaba,SP
75435919ec1c2171f20033e15cbaf004,80b62bae3408ac888ded81a3ee24dabb,30668,belo horizonte,MG
758aedfa7a88fafd333878e149379e0b,ccacb2d2c7e00b77c81f59ab13b8415c,17900,dracena,SP
758ca4ee2332bce93a8be678115f71aa,3add5c1d871344f08b66ef66e1e0f392,41180,salvador,BA
75b55ff7cceeecbc718b1094555f5568,2ea9936466eeb455bd93ffd51727b3f0,81200,curitiba,PR
75baf74d97b2339e14e57681073a42ef,459a68fbf277556ad8bc2343a06328be,67110,ananindeua,PA
75d2b9b168cf65e5c1865ce4d1745ebb,8ff5aa814e184a85fb224908206b03b4,24040,niteroi,RJ
7611d4f5e3714bfa6a91cbe006c4cb0d,6ae6421840d3deca0a99c0d2c6d95b32,35500,divinopolis,MG
76151a775ac037b2e2acea0033ad43e4,d339ed835c9d8fd6b1e3c5cb60850bc5,09571,sao caetano do sul,SP
7623a517e40b45628d3c89bbce2eb1f4,0b8cdfff31c16993664702e011f530ce,83406,colombo,PR
7623e68f8fc6d03858171f8ee5d78ea3,56a0870853f2644c202dcc24469e5e42,12228,sao jose dos campos,SP
76523bb9cbac54a9e190b9f652762a27,4a082cdc26d0f9de49a440e51ffe55ad,45654,ilheus,BA
766f0c0455e84a2e4f8b2bb5146da1dd,c42ff663847c9b63620e0cb9e4348684,13324,salto,SP
76840b8dc90860dadc2888c03309569e,ae7eebb979de82ef8bd4d916b973ca54,69025,manaus,AM
76971e23f6d8aace3a2861c35e4ae4b0,5fa3fdabf8b43ced3c59ab586038a7fa,38610,unai,MG
769b843dc53cb1516dac72eb76678482,be6f64d2ff91d0dbd600437c6469735b,19013,presidente prudente,SP
76a5a351fffbceba0b0767a5bba5cc6d,f74f1d6a350eee4e9dc08bfcfc7fe590,35557,carmo do cajuru,MG
76bd340b071ad08aa83e7b9c25451128,00c8c7f0cafacc30bfda2a9a7445ec80,21311,rio de janeiro,RJ
76e74ccff5d76c6405eb8bb84e38bf1b,ff8d5a4820b9e8b59cdbc2f6102e64e4,45890,pau brasil,BA
770eb9ce225c3301e8a8811d27c5da10,a50b17f8c0356079ff08dc52db3989e9,11250,bertioga,SP
774b40c2d9e895086ea8c29646821b90,b5a830ee275a266d9c6f91052330767f,13490,cordeiropolis,SP
7761db7d7db3e4698410581198304c86,118a4d2ca6098b5df303beca4c208642,20270,rio de janeiro,RJ
777223bb800df171262ee66574f4ba7b,2a6882983daf46321db71a7b1cb14bfd,06543,santana de parnaiba,SP
7791d0eaf5b8b96db289aef6ef2c2c38,fd10699d401214f37b77ae360f337e27,85740,perola d'oeste,PR
77a1d41eb75de0bdf44e9791798dd8c2,44ee2bbcecc619d336bb9fc5ba380a61,60190,fortaleza,CE
77acf6c07ec68312b7a4ad8016d3c731,d68c3f6f09bbd2a719223e28f5e95ae8,22290,rio de janeiro,RJ
77b08d9c6315882953ee9a24b9f92b5f,95182ea0c14010c1f53a857a9655efdd,63260,brejo santo,CE
77c0e0ac4e38289361b25cfdb1845bcf,4df4a8226c73e851c09983903c7b55e5,06700,cotia,SP
77c56cf8646cc6b1911f5a3108e8d468,705751b015f44b79a7ec4c13f84ead57,17501,marilia,SP
77cd920ada081816db896cd2a96975dc,4bfec5823c01e1c92fe8c018ead917b2,33600,pedro leopoldo,MG
77ed68c1f51e428898c4d4ae3eb5f23d,9f5d7d7bf669bf94d19839aa0c1c2eae,79570,aparecida do taboado,MS
780b4d93c39f090c2124fc0a716c881f,ec8d032056344c67d1ceacfbb2b1fe6f,28899,rio das ostras,RJ
78507601d58635378ae8d1b0fb325a0b,b3e1a4c3e4baa995d151cd0e88cbde0b,35162,ipatinga,MG
7852937a7bba97be33ab2f1577949aec,2dacd79aa5d1a86240b37b6c588de551,45605,itabuna,BA
788cffe37a94186e4ad9a9940f0f858f,e823e677e884eb2ef2fcb871ddd3c182,86400,jacarezinho,PR
78986fff122c92ab8aaa1724ba0c2782,e53b3caaa3e91527aee71e5e36201108,58038,joao pessoa,PB
7899b697fc449c2198654031f41e411e,193551d3e289968aad1e9573a23212b0,78065,cuiaba,MT
78e5e5a5de6f4de446c8eb4509755a13,18e5e6ce831d632e84a6d42374c39221,50610,recife,PE
78fef5c1af6d5f84ff1b12f609561901,fb8b803819191cf86acc0c9096ce7cc9,88053,florianopolis,SC
79566318b6a66b5ea84699122114a934,4e95c3db873ad0daa03d9a233362396d,30240,belo horizonte,MG
79601a95fff7b0259e94be4739411bd6,2701606c854378c21411b7643d702e6d,30170,belo horizonte,MG
79972dea61158c428fbc2d00d203a500,b8c5ccc844de0242c85efacf5b6a51da,28333,raposo,RJ
79d7e956c2d03b3e3113f470935ed88d,1e6b3b686959e1b1bff43b2673ac184b,04349,sao paulo,SP
79d9271e1bd3984404a8b296a6de3c42,ad30bc0453a6553d7fe530b1b822d124,65072,sao luis,MA
79e2f6247cc5228c7deee6c5f8987669,8dd39403e47c8e39bf95c8784539c3f4,36520,visconde do rio branco,MG
7a07803f009e64b708ee52cec0808f85,94e0b2ea601b6e5a2a18ab476a20de8b,06790,taboao da serra,SP
7a1a51cc44b9a60d0b751d3ae26a07d4,6537b7fadc28b640b12d156d4f299618,04521,sao paulo,SP
7a235e5d8bde93d40c5231c8308ba511,1af9e7ac78a769eff9dcdf09f7b74f66,05590,sao paulo,SP
7a55cc7e8b77509988bef09447df0101,668813f7302213b609a2e6972ca54eb9,55612,vitoria de santo antao,PE
7a8a02e54cf3472df427e927f8b9c046,9c3af16efacb7aa06aa3bc674556c5d6,30170,belo horizonte,MG
7a8cd6b234a923bf3984d793b0b64154,0fd78845b572a38abebfb7418be19650,68195,jacareacanga,PA
7adb5b6a71b330eb4b3027a470fe74b5,0c39cc8984e30ac517c69a6671be71a7,49075,aracaju,SE
7b35ee727d8a06ebf3585b36583f11ad,c08be040f9fcc99e85bcdc2760217a9f,72140,brasilia,DF
7b3d48b0c713f931c8f285b7ca1a8f79,2e156aa1eecc9c15a722dba0edd977a7,37530,brazopolis,MG
7b9600a82aefcd6b328f578e8e7a67e8,08ae33aa0691679ebd9e11ec3b1c0789,19027,presidente prudente,SP
7bd2a7c581d9aa3cfabb4cdc39f0d0ee,bd52485d06bf58d4601c482697b5d9cd,32040,contagem,MG
7bf09d9d05cb60c4a07f15ba0b5d86c8,4b7f6a947237bdd5133bc52c79aa6f1a,09990,diadema,SP
7c029eef6932cb5c705df129bf18c52f,3c42984bd2867c0d7b4af541f63d6a00,03080,sao paulo,SP
7c911ec6b24c9a7080141f46e130a885,10be7de7f132105263728f75a7f87327,89253,jaragua do sul,SC
7cac3d97424aaeb9e83351311224d638,e411a7d93ae7ef2b1140c0d5c72fd9cc,05092,sao paulo,SP
7cc8aa1b58755e7d169084d0778f362d,939f2a61978e4e841de6b12c7840fc4b,57100,rio largo,AL
7ce1fc9e99a49468fd3ba1df06317ff3,4bcd3e861302b9a73210348ebb7621ad,36013,juiz de fora,MG
7cee5343384a8cc476c390eada3ecbca,37bf045929bf4c8e2f73deaf9432e9fe,39900,almenara,MG
7d350d56bac0a6a9b6c3e5ce37198fba,f54dd65fcb08733a27eb06c09bae39c2,13160,artur nogueira,SP
7d6a0d2bc3cd8656c1be4de50b4d73d3,e707dc75cda76b17ee5585ded1d2eb5e,85585,vere,PR
7d6a7b972385ef00c9b4bcaa9ce6e2b9,2e99a768d2ba4e4a4048baed647f9399,03821,sao paulo,SP
7d6f6b2b8630f71c88ef06216cc49321,3f1f19725af07b0bbe4faf86e6089c5b,23058,rio de janeiro,RJ
7d8140efc81374c2bd667e1dbd457618,aecd46028eea6a741edca67e93b326bb,59151,parnamirim,RN
7d9a689797eeccd6d8e1da49e6c0ce0b,cbd08b04b3f301152b7570da5e9c8cc4,80730,curitiba,PR
7db05161725ac1df6eb73ea54ee0008b,f3be6d92961af1e716ae274e0e8d8244,30421,belo horizonte,MG
7db5588210cbd4f7467cddfd99cca18b,5c07d560b461fee2201e00fdc231a1c8,37550,pouso alegre,MG
7dd7eaca9b852c556a104ef0778b80cc,fd1b415c40a23f412c00665714feb17e,08121,sao paulo,SP
7de868d6c387e60f129e85ddaf6de179,579a8e5987c00f125ea993640855f3cb,92310,canoas,RS
7e2d8e10c5c9339ad1492ad76452465f,a982bd0fec12d781fecd9f1e17cb81bf,48967,nucleo residencial pilar,BA
7e4d1afd1fec265867e64498ae218c8d,a1edcb10815f406ded1350fa047c7a0d,90010,porto alegre,RS
7ea4dc55434223bffb2bb27163c60d80,71e1f051740a6d2fcdc204e989035526,89012,blumenau,SC
7ee037c29b42afccdc066ebeff67d5f2,5342c7bd3198e07d663abd595061b6e1,30140,belo horizonte,MG
7ee5f19c7369b67e6b814185b1051b53,11f78a71d4f05dd8597a8b987250a16e,04560,sao paulo,SP
7ef663a8207160332584b183b6cdd739,3bb2ce27d2180fbe3a27d6a93b6890d3,04757,sao paulo,SP
7f18a55ab36bb9522b71a169132b049a,c4a6d90ff659b1fc7a16bb0681f2afa7,17520,marilia,SP
7f1a08e2635252e5e256726471ef63ad,93eeb8745a219d35b7e32d796528b681,24030,niteroi,RJ
7f47a7d349a434260b82b105c1f189a9,9838921bc5b781e7dea547c076b95a04,46770,iramaia,BA
7fa203a025a78fcfa280dde33ca994cc,99b9aea00c30fc7a4e5d6644ea01edc8,12228,sao jose dos campos,SP
7fddcb57b072d265db33f4c805bbfbc2,d76d40f04f11ebc8fc62ca0230959e8d,03142,sao paulo,SP
7fea47e002bbb5ec01948f7622d4630a,f8dd2d811fea3ad5e95ee11bbc8a9428,96400,bage,RS
7ff290e59c82983e21d8337602e2ff6c,371467d2fc99bed797f8a4e955cd773d,12286,cacapava,SP
803043027d560ae6984c03c69add5670,45ac52b613c9b4eeea95fd42a88b3a29,17065,bauru,SP
80a4c819314e5ff01e66ba8780857b4e,176c21456fab655afee57b3ea9799f47,14750,pitangueiras,SP
80a60347757d086ce3c1d8c375c7b44d,9b1fb6c5340404c81e330ae8f88869d7,09403,ribeirao pires,SP
80a6a8b570864a52a54462d82b6fb51f,97f0fce3f9d7aad1b12499a4e4b10d07,06537,santana de parnaiba,SP
80c33f6cbd2a66817b9961bfb0f13be9,8f6ce2295bdbec03cd50e34b4bd7ba0a,22230,rio de janeiro,RJ
80cf55a439bbb373aea40a08515fb39b,22770768e9c650851b78132a4d881128,22790,rio de janeiro,RJ
80f838e8b231f2fcb23b5208159d720d,02db40f9986cb6f37717b59c84a58521,15685,ouroeste,SP
80fca6556f3be9f3dfe121d9466c5acf,d703e7f598bac5eb04f3ed395dba8b48,24350,niteroi,RJ
8106b3528fbf066b77aaed82346c0d32,874d66ce189a3f4df3ab268698e2a211,57043,maceio,AL
81375b1d0de1916253f403aafdc810a7,55094b4209466f0537cc52a4e3481639,71968,brasilia,DF
815e5251945f96c68c05d5c3500ab291,432ee7edf0be5950fe2bc6409d3af9b7,13236,campo limpo paulista,SP
8160d3ae86542d2fdab50e4268f6dfe3,1abedf3d22775d44cf900b8241aec733,29780,sao gabriel da palha,ES
817b60b1eb3a1cffa66753a501a4987f,4438b887145e0848e91f390ad9bc299d,04930,sao paulo,SP
8181a8f18604ee6fc011afabf08fefde,c5721e67646e5ae25858801b74b277b1,95270,flores da cunha,RS
81b760614714356a48bae829536c0b0a,78c5f76b60a3a2588635aadc70e34df7,38442,araguari,MG
81bf164bdfd3c3c8367945888f18f05a,ab565ab96ec57b4fb15e8ca2843f0594,78010,cuiaba,MT
81d88de363d7b38da09c6600a7993d7f,b09d341ac09f32d00b4721183bf7c0e6,59780,caraubas,RN
81e4aed5ab4253757305267b80712689,d7afcd4b6f0d645a8efa24bef0b66ca0,13820,jaguariuna,SP
81e59183c23c411880fcbdcb19637687,b89b00450934b0e7c6ea86d98c84f09f,96015,pelotas,RS
81edbbaf61c94df705ad3330ea0fb7cd,9406f0d96387693002c23fc770c7bd90,64760,sao joao do piaui,PI
8212e78cced469979b64d5ae33585470,433da2a65199263e92acbf05f38b2445,59056,natal,RN
821d7f1ff453454fd61a5d19111a0303,c640422ed7d18ac6c4eb52ca8cf0f0c1,76821,porto velho,RO
822f09a9859163e0f042c9fb35a02b19,66ed3e8bba029bbabd67074340383f51,06702,cotia,SP
8235352de660467c26016a0a8e7eff8a,3d4972f65eac6d5222ab30423b782407,04476,sao paulo,SP
825e0702a45298fb469296d1ef110eaa,252825a12ed84ce782d906a79c7c4b94,19590,taciba,SP
8276cb02ce893d6478b503ae76c4302b,56c4c3ed81bb1875ab87a7538b87aaab,12236,sao jose dos campos,SP
82808ea6794ed5643bd23f65508aed70,7e1ca53dbea2514cb38bb0de60e8f16b,69007,manaus,AM
828ad019f5604b99cdc428b0cb245e11,f17c0ac16cb1d1f78369586fbcb1345c,05143,sao paulo,SP
82d27dfab5d50815436721c1fa587182,7cdbe3c9809328e8ecf8264fb63356da,36520,visconde do rio branco,MG
82d38cd139e90ea545ff49b9c8a2fdca,531f9c9ea5835994f99eefaa1727c3b7,79826,dourados,MS
82d5a2482ca8f3f29454d05e129a21bd,48dbc2b0bdf7180cc3b7cd4a9ef87fb7,01310,sao paulo,SP
830f73ec04ebe308bbeeefd3b066bd77,5e41dd374b16457815721cce195d252f,58057,joao pessoa,PB
83451bf0ec7e33f664ffb1f106b59772,31b5a19a2922b68bb32ae40688a6a654,02138,sao paulo,SP
8359a4e1beea4fed5c5fa85bafe7f41f,d3e7a4dfd598ce2561ed0ae85d866f8b,88048,florianopolis,SC
838ea018e5f1adb0329e906f7381b756,dc71182e44a6972fcee9d71c617226ed,88161,biguacu,SC
8392c78357bb44adca4a1fcb344a6010,65d6b6a1113bd6152e3307e99c5104c9,06223,osasco,SP
8397d3c7e88a2f43a4d125c164045a32,82e63e635cd81cbfc7552041b3f6bd54,29065,vitoria,ES
8399381026e573d8385a57a5bcd56a3d,634f869ea88a6d677d7c9867fcbb4078,41490,salvador,BA
839eb6e08e4322eb2037bf9ab24348ae,433d1adfd69fefdb5dff7a06bea549d9,27542,resende,RJ
83cf611a2af4e118b43cf278a15fd5a6,9d3bcdce836771257958e6c08ccfab06,13150,cosmopolis,SP
83d4314403a6ecbafa4bb78d58299b94,53e69b2a5ba76416396617bcc7ecc7f6,95875,fazenda vilanova,RS
83d7620a04ae7d18d775331e922ccd21,4965d8d652518d91e7b3bfafea09048b,06540,santana de parnaiba,SP
83dd278da57d8a6065e06d3bb547bc91,9297b7fbe8cbc35f1a5c10afc507d80d,25956,teresopolis,RJ
83ebc0404ed775bfa7b6a635edb0c08c,172e791ed1b93dfe30a5d911a4c49d1c,06840,embu das artes,SP
84046645ab90d775e6cb9be687a30018,6c07344b9824e1e92eb5063bce0c95ab,35162,ipatinga,MG
84078253c5f5620cfb1d3a9d08ecc582,49e9462601934a7370db9721ac62f9ad,97542,alegrete,RS
840833b0bf68bad85ab152ef87024316,ae207cf8119fd10e3b9ac24570089fad,90540,porto alegre,RS
84224aa8a8d7d7a16e6ed976990b9cdf,93805ba8be262fe253c4284751762866,12955,bom jesus dos perdoes,SP
84315a49a363c4a59cd3008559516696,f9ba2cfb1ae12c5c19b625e4b9f88ec6,04633,sao paulo,SP
8452bb25abb611f34c607c66537d209c,b8002a7a105ea13b689df46fa9d5d9ad,39378,patis,MG
847e645067bb334fbc66447b28e6651d,e53821a413d5b137cd9005b41f09dfe0,06028,osasco,SP
8491928e247c258dc396efde00f2b6ed,47a52e279b31ee2da14bb19d09c0434f,06721,cotia,SP
84cf1452a953df8b88613e6faab1b40b,b533e550675cfa12227a15e554a33714,49070,aracaju,SE
84e743e64c00de51fbca1961b407c3e1,743d54d53beaf9bba644cf4538595bc3,15230,adolfo,SP
852544153c1377bb722cc4445a03a825,5f3aed3191d6d907ba3eeadfe0c5d0eb,31170,belo horizonte,MG
85458cd2d0d7e8ae462588018d9725ff,0bbedd531a4ae68af2d3aad1ff987110,04613,sao paulo,SP
856336203359aa6a61bf3826f7d84c49,262e1f1e26e92e86375f86840b4ffd63,64600,picos,PI
858c98ec0b961e34c54ee1016409d611,da062bb21b763a7c3ec6ca5fd85640e6,89460,canoinhas,SC
85a0c55326b884ce95823cc6b47f448e,fb858ea00ed6b2356f27e1383e717ae3,11075,santos,SP
85b1e718b7ad742e3e30e0b41127e7e1,175c218b2c3faf004c66a515df967b4f,58280,mamanguape,PB
85b6ce716956cffdea26fe7feb2379be,13ac8c71beb3b21064cdc42fe696ec57,03288,sao paulo,SP
85d26b5fcb4c83b2283d3c5c7ba5e10d,f127965396be5d39b99e662bb2fd9a6b,64003,teresina,PI
860b1d9e8b261a7ec7cbe827d7cf3aa2,b05241b0ef717b0b9f6f1f7ad3cd1566,23055,rio de janeiro,RJ
86140f1b34329457fb0085708f54d3fb,ac5d0fd6a8a15806c41274e9b79f8235,03195,sao paulo,SP
861728f9a0d9bfa588e238e30a20e278,d01e34f5bfc7a0f5102b962efd522981,88503,lages,SC
861b8e733eb985f26e20a1df9a03cc0c,cc796b83212b9a89fdafbced7aa2a321,41280,salvador,BA
8622c629a0890a4ca20d1e7016e1a613,11b47516f8f6a42105b9807903ede333,26383,queimados,RJ
8682e993cedaa7ea1535361f2dfc0d6e,3248c9e1d493588c44971693045340e7,58406,campina grande,PB
868a6893007668f7b4b5b545d16d4726,7cca7a0f41853e81cac7f579d77e9b43,83321,pinhais,PR
8699d0149c8c7df92b6a8c3c0a272639,823166bc0cc518f6b1b0e9de80c691b6,88132,palhoca,SC
86c74e1a7c642fe8eb9e3c57c6b95c8d,c17b4437a8b1390e7dc159ae02ed7317,85580,itapejara d'oeste,PR
86d3fe4ddf2692de0699c9b1c9e8df57,9d8dc25430137a5ab65ced93af039e14,79630,tres lagoas,MS
86dc2ffce2dfff336de2f386a786e574,830d5b7aaa3b6f1e9ad63703bec97d23,14600,sao joaquim da barra,SP
86ecdd6c5aa780b8cbf7ba23ce92532a,33e879b6c75ee0f14e53097b143a57e0,03131,sao paulo,SP
870a43c2cb3de01267ee03d76d1200b4,f25c86f1fe0da86457a759fcf3893d3a,05442,sao paulo,SP
871d486e1b7f81d41839e0ddee6cf90a,15bc2114da1fbf104a7caabd79ee87c6,02323,sao paulo,SP
876d6b3d97349e7c61c8d30a28a94c03,c70b81d4b865dc92060a1794bd9479e8,13508,ajapi,SP
8770f1c3c7f74179623f3e8bec71ae4b,881f2cd9fd589a2d3e84ccb6a1aa08b7,04836,sao paulo,SP
8775e739d61b9dfb7a1076e45839b1da,ec7f1811826ab04a27a92197bc40c888,20551,rio de janeiro,RJ
8783747182004d9279315f7a1193ed63,58812bfc80ed972fa2e7f3614c0cd22e,42700,lauro de freitas,BA
878bf7754a5b3f732a8b6c3d5621e2ff,64450742fb384fc0207432c3f8083ae0,13611,leme,SP
879fd38fe4b5b07b823a30f1139bb682,4020ee17d153efbce7e65c1397020826,18071,sorocaba,SP
87ac54f29caef172849cce57d5128967,e403044f5e830582e39dec1f4aefcf56,27264,volta redonda,RJ
87b01be0c7f4ec17eafabf5f1588c306,a3891fed6f00343446b628f274125ee4,05025,sao paulo,SP
87cb7c251cf447f098601c8469b7c843,503279f30dccc77b5d832f20bd485393,22230,rio de janeiro,RJ
87d9d97eeb3bc6c5fbfa170798b72ee9,938542df81faf94ca5feb6802c98f130,14807,araraquara,SP
87e60e619ad3ef385afa955728751bf9,cd6a3ef6de776069189d6ea75ed51945,80240,curitiba,PR
87fd801845c8b9564e51859fd8496b15,27d0cdbda0be8965145d5951b680e5fe,18530,tiete,SP
883bce2f3694717d0403432a07768b05,e63589e329d238ea543d5ba8e6d18161,36900,manhuacu,MG
8848756dcd3d3a7d4362b96c55967c0a,6ff44671c326cf81d845a2fe0013db4b,04131,sao paulo,SP
88723f3ea83df04c26dd60644da2dd6b,badc0f15df5fd7f5a3717e57ec19ab9e,18015,sorocaba,SP
88927ff4f54b497957d9947e926ec6fe,6320163c8653234370204578f308e39f,14166,sertaozinho,SP
88a8cf9e243fe33b9b678a31eb640f70,6ac343dfa1f2e45a71fd588c764ff8e5,87140,paicandu,PR
89130e32fe11dc4bceeae5136bcb3a2e,8a8bb19b60003cf64841d16cea1d788b,12236,sao jose dos campos,SP
892522b67acfcb855f3feba4cff78050,4093226671a7fef20920692b9093c6c6,08420,sao paulo,SP
8929d4982f67133e36841637ee6f354f,27808c110b4a1fe559638bf911ff227d,78300,tangara da serra,MT
8945bef2cce473e6606dd13a8f82aa1b,17c24b12032349344b9dfe2ab3279650,31360,belo horizonte,MG
894993a398d2bf935b9a2c2e61c27201,11f126f3e437afe2f58814397b1c3e5e,04321,sao paulo,SP
896989a5e9110fb3c1301a9f5ae7ee93,d6b3ab933d857690e1239a36f433cca5,03480,sao paulo,SP
89863bf862ffb0131d2e08ea0bbcc406,3ed43933688790e7fee3db8a00b1a644,32684,betim,MG
89924b0fa5ff89c9df5c6acc7694004e,579e29145534444eb1d20a7ce35e3310,07152,guarulhos,SP
89c93c9e16ecb1633c04c433d4d144f5,5d1822ac99dc366132875ca731223926,20220,rio de janeiro,RJ
89d62100264f60ca62619dd012a12f00,4af8183e991931155d9315609e41e2ab,74886,goiania,GO
8a3339f252e9dc4e354d7a2984558974,65d786c10a2800d96bfb1d3051b07eb5,14660,sales oliveira,SP
8a36595aba7172250fc75470b725403b,6f94eeee67b7dd180f4e575f24cf3d17,96212,rio grande,RS
8a383b32730613dc413d8b0ee467d5d6,e9a340c07aefc78ddfb8fdc578b42fc3,08970,salesopolis,SP
8a4097fca61c98661684fbfe703083ca,e5f42d1b1edc12b0594b446a57e35d5b,14795,colombia,SP
8a501a6f9fc4c5431e91de49eca55778,4d35276095e7c9b9f81ab155d0bdfdb4,05842,sao paulo,SP
8a5bfb2a4133b557df91c46ab115fab0,fc8039a2b1963ca28dffe5dc886fa5c3,29119,vila velha,ES
8a651f62fa340c6bb5309fac465d7ef6,a759a9247088f5af1a7f00ddf6d95133,25820,tres rios,RJ
8a717a19b689087bd31b9b2241003871,6ac1d3a5d7b9d60c230b2931ea47f0c4,11535,cubatao,SP
8a861c441f42b3297875a0eb3bf98b5f,a68366a33b3fb472b124bba255416bea,96450,dom pedrito,RS
8a8c2e93d6ec33bb908f101211d78227,ce6932a8f9402aa406573c59594f2ae0,29101,vila velha,ES
8aa914a8e1b5a4238dbc4391cd5643f8,a3622d74e3fb06adffb4f8aed8a53175,38035,uberaba,MG
8ae4f6962420bf836509d9a57f4f81f7,f71ad9e3933eb975539528f2637b4ec8,03131,sao paulo,SP
8ae5464830a386b7e90e7c79ccda7231,137d02deadebc5053d239a1b2e3fa444,96470,pinheiro machado,RS
8b1f18c2f22e45482d3a3ad8e68090ed,9bb6328bfab33dab1234db560571fb3b,47802,barreiras,BA
8b37fefc7800774e24d316c4c9cf1deb,59a6c111d33d35ba49287f594418028e,84266,telemaco borba,PR
8b3b03fef783fb837ca0b86a72b2e202,b69f5418ae179450729b3977a8a0203d,29050,vitoria,ES
8b46fef28148846b62971ed30ffee02b,6cdc140b7cb570028663036d4ee922b5,38660,buritis,MG
8b733ff0734d0dca3d50690e9c9bc6be,e51c52eb0b141e3ffdfede6630aaf7c0,99660,campinas do sul,RS
8b7edbb7af0a9b47aa2b2eb95bde94ad,db2a35c7ad587dc50dbd666545d6492e,09890,sao bernardo do campo,SP
8b80d650dc2282d7175ab30a8b417280,210bec49b9e200df48dd3f31310d606e,38081,uberaba,MG
8b9d825eb2ddca0f1f954bc399afd3f3,c48bd8f816f2bd5a0907c9f303bab43f,89170,laurentino,SC
8ba9765659c98e69e8345a1d6661fb93,facdaacbcd099d5aea3c066c5be1ea45,04195,sao paulo,SP
8bb9547aec97f493e91a078f66fa7ac5,630331e73a79ae9a2ba821bd326ea298,88850,forquilhinha,SC
8bba830be57bad4ed0b40743372ce289,124bc956b56b1523d2a75b29a856085d,13874,sao joao da boa vista,SP
8bc1170e90f388332edae6f23c388d38,e50ff3ebfcf05fa082ade56e01b56539,01403,sao paulo,SP
8be057b6ab98f2f424902ba013556895,d509a3eca56901f588537449fccbdcc7,06463,barueri,SP
8be125989019bcf775e60ddb2a043fa9,3ed6326b4ac7547b8e260293f15cfb86,07945,francisco morato,SP
8be34d6d8c32a226244789af8acd166c,54098a8cc29f5efdb9b15dfc751bc8ad,01228,sao paulo,SP
8bf61684ef7c1079a0c559ecd90ac2ad,56421c47bfd636b238bc5de6eb7c8b87,37750,machado,MG
8c033b565b53f0b593b0c0a9d3b9dcd8,8162d9416ce46917802d7d5beca1ca48,37165,campo do meio,MG
8c0f9eac2698a33a01f8e7c74a6776ef,a592dac7ad955ba1dfc5d326de35d29f,12421,pindamonhangaba,SP
8c1b33c10c74c74b04db74ac8af6a75e,88cfa66b93eef91293b73b44addaee71,30130,belo horizonte,MG
8c3cd248a2635e7b2e32ecc118d8fdb2,be6785c7350c0f5bda4067f160f29d59,09715,sao bernardo do campo,SP
8c78a97fcd0fbb96167dee28dacd58bf,6f281e14a2b5f66895ba1e238e42403d,40425,salvador,BA
8cd433d9c98ec34854fbb512c88a589c,d150f8dd71779963cecac468b0108aa7,13710,tambau,SP
8cf88d7ba142365ef2ca619ef06f9a0f,d29ede26cd3e2817b314005a88bd28a8,79092,campo grande,MS
8d12ec295bad10a8a19b8f63ba002bb1,38a4edb49c1c376a9bf78db1e6f031fe,12320,jacarei,SP
8d2aff17abcb39e9ed83d6042aa07df9,26c4adad5125842e6e6663a163ab8136,25966,teresopolis,RJ
8d448867c298ff9f233763eb683b27fd,68b866e7813506b324b387f5938e11fa,01244,sao paulo,SP
8d668ebf82d5e30bfd13822db8b51d59,6390d97ae2f3c536d8a95344fd308a71,12236,sao jose dos campos,SP
8d6ec338278e48b954ed3892ff838f4f,57a00f215e83a19190f6a5dded389806,13150,cosmopolis,SP
8db3348acefb954be9ee830d85a6848d,c418cf5c7138e0273ae5d9a7e3dbb5f0,82640,curitiba,PR
8defe1397196855efc5abc7f4a806bcb,4734fbf54dc311bb5593c823625133a5,98787,santa rosa,RS
8e036358b5575b6c70773af8496ec5b4,9fd53f72f6708f4ca3bb4ae749f883ae,33200,vespasiano,MG
8e1207f98d75cb9596e584860409c1d8,23d7011ee3b2d9f4a392b72077522fcf,78450,nova mutum,MT
8e17fac20c999de5120b8ec2a85a9048,43c303e4387c3c92d6d3d7517c0403a1,06653,itapevi,SP
8e4a4bf8cb5a4231d1f6abafb41f5508,8eda36b1582f48911a40565f7646e442,09120,santo andre,SP
8e7acd795f393bba117941db9fbbe18d,a39d3092eb769ab404416763f602d663,22411,rio de janeiro,RJ
8ebee0cc741eb27e8501e4b4e3c6422d,8e990907b56d2383d3a39bf0cf9a3f42,65067,sao luis,MA
8ed69cbab6a80fa4eb8ccb13bee2e667,d8b99bd114714cef156bdc66db7bce15,05087,sao paulo,SP
8edc930c2c557e6bd0f78fee64b9a527,00df9d2e50424d103ca8796e4dc7c207,35660,para de minas,MG
8ef1cfde70a8df9626df676a74558fcf,df66dc33d43a8138a1eba6b98809c029,11740,itanhaem,SP
8ef6dd55cbf50f4b0aac10b13beb920f,7f1f619e844c6d2a4c0ac8fb0eaf9c10,01408,sao paulo,SP
8ef7c689216e12ab959d9003a6c4b3b9,3d6465ac2502decfdfa5ab1e1a915a54,48850,itiuba,BA
8eff66e5b7c425dfbbe9a2cbf0f3883f,b2272a60af3b7f5afe04c6cbf1dcfb15,24710,sao goncalo,RJ
8effa4e9c5158c1f6b13eaa9b69a4a59,362928c8cd61df2e6951751dffb4be85,13150,cosmopolis,SP
8f1ebbe7ddaf3f8846224831161d4141,15fdfe149314b18356501f1c07614bf3,02552,sao paulo,SP
8f3419df1806ae4718c94209d5fed4ea,3dbb0fae1525f2917412d3a890987f7e,02215,sao paulo,SP
8f597bdfaf0d7cb30b46b1fe99552774,40408a392234feaa78f1c57ca5914b94,01409,sao paulo,SP
8f9cdc2bab0d953cab1e98d25253d8fe,339c527109c4c03e8e09bd4b593dab5f,15760,urania,SP
8fbf900a62f8963e652dc8fcb3a5256b,b53ac1c2a99d424e41be417000f94228,21610,rio de janeiro,RJ
8fbfb62a0a5abcb4573835d146b77c49,bce72558f421c2a875e69c282ef2ec51,13390,rio das pedras,SP
8fc079be60df7208407f6cad7ba33bdf,415268098f12965aabd82f1efbd5e59f,91230,porto alegre,RS
9012f48ac2c416c82819101da4e4b75e,89ff26f9d000b4a6d0f6e8c513f1cf08,78556,sinop,MT
9025234933533beefb90c0600ad64363,c53a41ca3f1f8285d8ab5712f9e29da9,25933,mage,RJ
90343859e0ae243dc57b3e95b2a517fd,72db16a48d2efe7052acbcd2ec0b209e,04190,sao paulo,SP
90452d352349254ec634a77c0730f087,56e9ccb289fa7230f6d823d9799a3b91,69905,rio branco,AC
904c9a7f393dd1602377ebac952caf80,b0227107dc3db57d38d11a09273327ce,01316,sao paulo,SP
9051b4ea0d87599f7f23ab2efb8cd5d2,5f91d7a43ae222ad4f238b607ac956c3,09190,santo andre,SP
906614004e38a1e922ff033563bfdcf2,63cfc61cee11cbe306bff5857d00bfe4,23535,rio de janeiro,RJ
906d4c33b92be4db50b50c3c43964795,a9c74d2b6946f64aaf6fe3cf203de960,23900,angra dos reis,RJ
908fefed2615ed41b2880512db12c758,15aa251aeeec331d7ee4e1851397e8f5,04040,sao paulo,SP
90b516ed3fb8da82d2610b62afcac965,63f2c38081ac46cf2f268b32ea5e6525,71699,brasilia,DF
90d1c7278be8f2418fd8ea151450f359,6ec755d90bdc7f44bf3d9b61a095bd47,90010,porto alegre,RS
912c39e31c96d11b74a4711d64c6740d,7d5e8e63f6ea07b707666991205d29ca,30441,belo horizonte,MG
912f70eeb92c8bdb884de7561ea5c6c5,a9b026c8fe47c00c02d1eac79fb78cec,71907,brasilia,DF
9130678dfc845aa2faa851e82cf45b83,a75dd89fc517f31bf5e3854155d78fdb,76974,espigao do oeste,RO
91407787d7bd9fb66491183a8dee3188,5f25063bd0fd1006d687a2565ec6964a,15092,sao jose do rio preto,SP
915ce1e45a3b10fb61f5d32924bdb7f6,c2a5eec54c809c66e868cd63099ce3d5,09210,santo andre,SP
916be9fbe6a29f9692b0383141e28ebf,5aabf2f00c4169c998bd00b0c1eff66f,21720,rio de janeiro,RJ
916eaf991fa5c9981e39f525efcd4bc5,ea15e413c9a4d096e10b095c6b44a778,13073,campinas,SP
919898139ad85605b36f05302f908a95,8dff0ffd4d3901995f7bb2c3ebe30608,15900,taquaritinga,SP
91a4d4f7a264cddaab3e19a5ad4ae8bd,b63f707b59f7668fd216594457b91a10,22450,rio de janeiro,RJ
91a61266fcdfa17c60eab874c7f2ad15,7a1241db1c996fd0dc926ccc569203eb,09710,sao bernardo do campo,SP
91cb042681811c00a96789bbee61ecc2,6d142aaa1145202ac46cf4ab3675a9c3,83505,almirante tamandare,PR
9203fb0fa970d00bb279ae3265dac0bc,2755ca9b549d1b3881fdbd96007ba468,33913,ribeirao das neves,MG
92064efc73246b7a4f5051321f158897,5ca005699efe663ab589ac804b36c9f0,28800,rio bonito,RJ
921822ed81e9c094d7908db16164a270,3ccd49b60a16bd5c9572b8c84adf09da,96600,cangucu,RS
921e7175793c295e163d9bd7c8b1c1ee,270e89284af9c8a19bbb7d4665b51417,89730,alto bela vista,SC
9256fbcdfba18f428fd2325633fb38cf,1159f6ae6d9035b5da1967ebf1b2a6f9,02616,sao paulo,SP
92710a995cc113c830f287b62883189c,939fb305824c6e11ffad60eb8182c3dd,17270,boraceia,SP
927d6e7701e11654a585a2dc56cb4c23,cb7d6970d2b2cc89fdeed002017079f4,07120,guarulhos,SP
928277e1b8ac8d887b866c84bc63b93c,d0ed2b32e947d78eee48981b7f031575,13900,amparo,SP
928d05fd0700122729f23765e85bbca2,80d5413a86f18286a10c4457db5566b1,89294,fragosos,SC
929fd9448095bf482d53450ac67a7c86,c515db5da03efc261bb0054e23af6c32,27925,macae,RJ
92aa8377d76dce02451719d307524fe7,8af636a8e9d58c32fab1d7d35fec369e,08240,sao paulo,SP
92ae73900149aab92d6120b9ffa42675,a924d89c1062f9149e55552f0359f894,35063,governador valadares,MG
92dbb92ac5c6b1822c3aa951d33e61d0,5c96017028584678dd28c139566b87c0,34012,nova lima,MG
92e2508e660317ea7b5be007a5e38e7a,04797864da463ad3509a27b58337a009,18550,boituva,SP
92feee9c4c01dfc0bfdacf52eacea448,a4214e8ca6af8a29515bc907ddff8256,89160,rio do sul,SC
93168e8e25b26fa8eef878cc62adb380,12b3c35f9498deca802f387aa8cf735d,04895,sao paulo,SP
936c4a5189882afd96a500e9650c7222,ec6a3d80eab7e27f7ee8efeb6839eee9,89868,saudades,SC
93b0959b3704e65ceaf6cd4bcdfea834,8de8484141a728d73763be267b73cda2,30441,belo horizonte,MG
93bbd148ee409937dec05943e6c27573,f158b6b76209320a440a4ecaf8f47aef,31010,belo horizonte,MG
93c43171fb6570c1c278167d386a5db6,c0897eab3445f15960a5dbc38b6d7f55,17015,bauru,SP
93db96687b16132297af1de44d17e01b,90a1d3ac705ddafabec78b854f15bcf2,01224,sao paulo,SP
93f981296c84d4bb5e58924a81e11e0b,873d98d2e001445b2f97b8a33d8b1bbe,11630,ilhabela,SP
93fff67bdcb09ec8a3dc8926a7c1b3c3,21dc969f69627eb5ebb1de66c5b974ab,02863,sao paulo,SP
9408bd679b8ccfd8de92376ac0cf405b,4b61b1aa8bb2f7dc1bb6e81b6fce88b7,90430,porto alegre,RS
946ed1f7e8a8d4564830d66973e9f3f4,31f561835c1d5a3ce77a25372738e891,26120,belford roxo,RJ
94894dec203353d879dae7022d5db71b,f862b87dc5ab7b4a7c7854e5bc191153,41600,salvador,BA
94a265c7d6fa0389f4fec04d4eae8b66,eb17a45cc9586bc95b8ea855d83e7b6f,37576,inconfidentes,MG
94da0318e77932de7618aa1aead5fa77,48cfb1ec8875f03ad35e4b714d1450b3,11360,sao vicente,SP
94dbe30a67add6d56beac4754e7bb500,4c4159d82db791a647003557e9afa938,94080,gravatai,RS
94e3bbb32ca95492eebcfc811695e965,d419fec77ff6467c0899e9ebc0f52003,09040,santo andre,SP
94f21083ba3ab6d73c7e556e1c67a362,9c14614217fcca0da590e93b23af8279,32110,contagem,MG
94f4d0765f25acb851c5c0a5452303fd,7db4ea89b426e5d22106c2084b70667a,09890,sao bernardo do campo,SP
950212a2b67caa64e9628f68a58b3314,395e3187ccf0df6a57f81f778b896251,82640,curitiba,PR
950dfc01056942c9da37e17fe1ab71e1,5b5a5a59f8308236b0ed364c3a973323,96015,pelotas,RS
953f71324f3a770118c88a42363655b2,08f334e84bc7ab7b588cb7fc77dd7f4a,05048,sao paulo,SP
95507e03074813ed6495792938c27b0c,b9467743ef3bdb1e53f18199f809ed1c,85070,guarapuava,PR
9553d51cd9913b2976ba7c1ccc4e4f09,e136d629f4299e3663b4c4836a9056da,04773,sao paulo,SP
9585a6e7aee2694d60fc9a1b6370f3ba,2ab61ddcf4415fb0daee204a1112a8da,13611,leme,SP
959c13829307e48e177d8301a432c3fa,065dd01c6b43b086b22fdc329552d765,13313,itu,SP
95a9c31d31d9b5e98eed870eb5c4fde1,00d8a60ad2500432d9edd109cfddfd9e,17905,jamaica,SP
95aa1acd3c367fcf72a56d106afc9838,34f0b37e89f9ef4768bdd233630f9b62,05894,sao paulo,SP
95b18ed2e0c4328d80daed9047b6d995,191525912e1a31a97bf8b481ce852f75,11712,praia grande,SP
95e27d868269c41e9785c6028f1cc504,98669fd815c7869b4010a695f91ecf68,89251,jaragua do sul,SC
9630893f817054e899ceb1c9a539817a,95e854450814c0600dbd930cc927a83e,17602,tupa,SP
963eb10f3b68d2d56bea152cce226f80,f6337ff8052f9103de1a04029cb51b0a,18053,sorocaba,SP
9642a0bb9a77aa2ede0187891ff98976,63a3cc83f7ea6026efe6109c9da705f0,11025,santos,SP
964a1b658f1aff1ca42fc6adbec6a304,23d8fa4c98e800d92af00841e0a8b640,97574,santana do livramento,RS
964e99c196eea5af2e1bdfd2494493bb,85a60d5787c0b204ea201cee02dc428e,81460,curitiba,PR
964ebd7e857274053c42c942c13be832,b48ae2720451750352628377eab83ea8,13050,campinas,SP
9668028f2497288e1655e5d073490c6a,3f6735ffa524249fca1ed65e6f53992b,49025,aracaju,SE
966ae20cf540b0d81b6d50024b543256,76a0491dd70c125840fa259f00dfc351,78580,alta floresta,MT
967b79a51991865602ca9b19c8b85019,016201b260065cecbb315f4de0b0dc76,15085,sao jose do rio preto,SP
96996a5c71cc84a8d12774fcba1aba1d,3845ad581d694f73053fcbb88d8963ce,17400,garca,SP
96a29a72deccaf02a77bdc0930c21f33,a3e4f258972f05247ceb8c995b056270,06753,taboao da serra,SP
96a41a2b6f1ce4dbd4f8fecc3fc26489,140f41115187d454ee517720acc81f57,29194,aracruz,ES
96b643bb9f71e44bd5c1a6681f7cc81d,080afd32070de419f334fd7f7014fa0e,31060,belo horizonte,MG
96b6dcf9901ef5464f3d6bc5aa701528,229e6da52cb0af085f0b397e7edd64d7,74690,goiania,GO
96cfe3ee50b07096ea541577e4b16e44,b3ccfe9606744e8b2757954a125ea1a6,39200,corinto,MG
96d288e02fd830e85326526a2eccb935,57cb3c639461ff73e3ef963ebec63089,86870,ivaipora,PR
96f205a3bb3818698d8f49ecf41200ab,c3c1ae43e55443b882b18adbfe7c371d,32606,betim,MG
96f63dc8d7bbb192d25213b41a5b2b08,a79fe09c7ddc5d2d6ef342ddc46e1483,67030,ananindeua,PA
975ba3a74e5c88391c411030324032c6,4d93a9728e098210fda896f01cdcdde9,21330,rio de janeiro,RJ
976a0029f13e785119cba9b7f3328a50,6c40ee4987ba8cebc51c4776dd12dd93,77723,centenario,TO
976b96fa83a29c78baa2ad3226e2dcc7,7a194525c5d606a95cef522ddf60561e,03152,sao paulo,SP
978add3f01a3dc2ded9cbf778d5e6109,833548182175fd759fe7bc2a0bf50e36,27600,valenca,RJ
979a8aa060214efede0c9c0ee7915325,146ff8305e1410189e358b3e9eef2a6e,78600,barra do garcas,MT
979ab3ae715ce2f980394580ddaab197,5523da98302d120b592f376ef5b3766f,06036,osasco,SP
97aa9c5cc26befddd36f8a548e8ba0f0,705748b59cffa9d676c096f44a227476,05037,sao paulo,SP
97d3d42d95f911ec3a7bce4937ad5832,74d26afc31725e3798f23bb67949c562,75905,rio verde,GO
98153d5b1cde47994c69ad02de498d26,890428d68645fb2cbb42bc2e46ac2241,71694,brasilia,DF
981cb320d6e0696b7ec07411513b18c2,8b1def228c4c700e7d5658b09c966c9d,12906,braganca paulista,SP
983946c69566f5620dd3e943b936cbd3,910c48f83f660a32562ecf2f1e5f4ae1,26010,nova iguacu,RJ
9840175c487cbad0c849d9e76c898afc,e33bf94a636ee9d4a548c1947a73e417,13820,jaguariuna,SP
984ccc607ad9b036402d780a2a10f4b2,0697fbaa53cc4ce49707782afb2c17a9,11440,guaruja,SP
9851deda7779662b5efe8b5242911c9f,3b36c9136759dd1599f755c82917d0c6,23570,rio de janeiro,RJ
98884e672c5ba85f4394f2044e1a3eab,860fc00d3154ce2346c43ebe47b9b6ce,04679,sao paulo,SP
9898e7a6254ea0e7e8bd2bd10a2ce2f7,8a3b2a4cc28d91f16a8e0dc4d08bc0ba,05754,sao paulo,SP
98a2d594a64eb5fea6f4eba1a5fd7041,b316e256ce45161d3ab81f74834376e8,14860,barrinha,SP
98b1500707c943180b75a4c1bc110750,93e5131726eede4b245f92e902b18dd4,35640,pompeu,MG
98b8e49c0cf885f1da80403205b422a6,7218da49ef6bca3a8d862b83e6112cf5,14066,ribeirao preto,SP
98ce198be4b03c0a9057329b3d3c3035,ac9a80a405cdd759de16b902ecc1cf32,29101,vila velha,ES
98dcc87c8e097dabccf8a3f16d976bfd,cc098c98c55f192a233aca3265bf584e,15804,catanduva,SP
98fac5b1b0a7bf94429c38d93a8c88c0,93fa0e4424cb0c27cf32da8068c19b0d,07111,guarulhos,SP
98fe6ae8410f2e46f8169623ccfa5e6d,801be759d8867e392827a1fa5bac26d7,04746,sao paulo,SP
991158e376be091fdccc2d9ffe663968,33ad06a63dc935b7e0f1771725840c2e,09972,diadema,SP
99182e080513861b4cd1c88dae4c020c,8f6773bfd31a23ed2681752d38bb8341,02713,sao paulo,SP
99412ff66eabe1042d6ee2f1672929fb,98502f9ae87ea23c7973845fe96286ce,04844,sao paulo,SP
996043471e5f72df3824858bdc258270,e76a4a59a44397490c32b5fb5710a819,04783,sao paulo,SP
99678034fbeacc560b33978f398e559a,347bd5ce8aaf6d3bdc622dd70b094faf,13600,araras,SP
99907fb65062e52496e146648f921649,733574fd64b59b451830b043017790ec,89805,chapeco,SC
999788208f06927b5253b8251117bc44,07858df819003ebae4ceb6c1e46dbd0b,22790,rio de janeiro,RJ
99a2bda0ebeb3b26b7880095fa319225,08f202bd26e057d0e623282aa3eaa73c,04002,sao paulo,SP
99a891c80e1eb56a251c6616d96468f2,d0a9a3f189558a63c0c7aefbbe13e402,26545,nilopolis,RJ
99c8c2b1c8b9cb95024ca7cd1c84059e,32788468d0b9ff196663c5659861c8db,15990,matao,SP
99dd58a09716d7329e3aea07aa5477c3,244eabdaf95cf933c65e27d9f101ed44,50740,recife,PE
9a07f29a0a2ecb8c56fcfe168b48e5d2,957282a3b1148afdb0a2673478378161,01215,sao paulo,SP
9a0ce520e9eb3cf22a33d2a20ef2576c,4a4540d6624ded98ffa40fd5e0f01186,05528,sao paulo,SP
9a1afef458843a022e431f4cb304dfe9,8d50f5eadf50201ccdcedfb9e2ac8455,04045,sao paulo,SP
9a29bf9ecfdbd9acf4088d680a19fca1,bfbbda66e349f70e8d799fdeabd4f626,93260,esteio,RS
9a29d9e8db843a5ea715d37941f4e70b,4f223a62631b82cfb22241007bbd60dc,40310,salvador,BA
9a38416b70621c73c76690a5cde38c0b,d9eeee890c848b575657f4c1983565f3,13280,vinhedo,SP
9a460b0b588e9ecea4e4fd2b169809fb,2571f41727577645737ff6b834e9043b,31525,belo horizonte,MG
9a4e0069a7fcd20298ee1634f0b41a4e,f216de65ece42736f341247dcba60ccb,21931,rio de janeiro,RJ
9a60d8600530488c1d7baada5a3658d8,7ac3ad93a1f5beab2a96084f6f0dad4d,14140,cravinhos,SP
9a667cf2c1f4d414eb5f05d55c22318f,421e215a5b132d4d1ea0372741aeca73,90450,porto alegre,RS
9a764f8f1d863bedf08c8d9d8ec471d3,3d8af05295416bf277278cd5bfecd970,17012,bauru,SP
9a7a6d76d51978e29bbc282074409065,c83640a3ac22a4216656d11e5281ea9d,57063,maceio,AL
9aa2c4bac83761140a8703ebdf9e49bd,949921a7831eb8901f75baf57d1853bf,07174,guarulhos,SP
9abc3d571a784146d4f60c6a45ca1cee,bce11bb3c53f9d7c5d4196a88e27937a,36830,espera feliz,MG
9af15d3746688c85fe8c47cc68caf0f0,d23e9ac6539a33351d438258812292ae,24358,niteroi,RJ
9b21003409394a234def7b16a139b70f,803b4fc75d3fe8c5dbed83f50b3fbd8c,20561,rio de janeiro,RJ
9b28334d56b62c44cb4c3caff94aff0c,bde87a8332a2a85c6fca9a60e47b1623,63630,pedra branca,CE
9b393f101c2a58389bc8c804e560b284,8b658cda92ee9a3972c756bd9069ef24,49480,simao dias,SE
9b4f57a8bb053fe5b95db4a7d30958cf,86a92bfa14c9db4eb56a38ab3c807e5d,93220,sapucaia do sul,RS
9b75d329d5d07427875e8443ce939770,02fbe4db886eb98774c8ba300d39fa79,95020,caxias do sul,RS
9b8e07760752cf403a944c5ef278be8f,cb5c545d96f39390b7f372aaa88c4a7e,13203,jundiai,SP
9b9ef0b86d210aa78290882b2cbdcea3,2585a52c9e40ce4cf0f16ce6c7336cae,91430,porto alegre,RS
9ba4c0b1c86b786749eb88bb23609566,211e4234ffca5cec9b0ab183a1009256,36190,merces,MG
9bba6755656e080e145067f9f9cbcb61,7196491c0dfdfee4fccb0bdeec635b34,05890,sao paulo,SP
9bbf7c5d49d559d76ebd1d3a5ad8b5ed,d320e5d03bad7c1a6ef7f90499c98e66,05752,sao paulo,SP
9bccf54464487719b6a4bd080a41090c,9d93da71ce0edfbf46f7626d967fadcd,15360,sud mennucci,SP
9bd3fc2336e57744747be02f106ba746,f567d792c10464073b2d44c75044a077,01131,sao paulo,SP
9be56b2c15bdf5ad08472fe9a4d77938,687e023f28ba71f085104c1339b798fe,02243,sao paulo,SP
9bfc8eb502450374e1c3a5989a0b7174,633ae8941a2bb09f94c8c4e032b9a325,06602,jandira,SP
9c00a1f34ce8322426a443a43c8b0347,04f2b3af34d63daf3623b1ff65293459,07172,guarulhos,SP
9c0d40a2af948e31d03e583dddb57fd3,d2f446ea35ec6fe09959e8f858962b37,42700,lauro de freitas,BA
9c11910f46b5a9a3d8366b09a0514c97,5882d9af214f8e2acb3e74b94a109c62,24431,sao goncalo,RJ
9c12b9f4ad1fc695394e78cecb8bb51b,580561d937f063a0c4ffe1e4832df2f5,85660,dois vizinhos,PR
9c2be6e8f872e092e549c5d295e8bdb7,7a1c60cdd33e784d4c1dc439246b5c5c,70673,brasilia,DF
9c44588abb2a5c2b5bbd40184e3ac0b3,cc61b7d08f418647cd5c7766e1f2f9fa,75250,senador canedo,GO
9c5e881d4f16a4163a6590eb6c34aee0,465e51024fe9a6751b181c419758e598,07810,franco da rocha,SP
9c6bf855fea8ceee89c3a2f9073e65de,151c7a254677ee4c823935f5cd076d11,75690,caldas novas,GO
9c9178faa09a179b162ecef96f0e72ce,5461d4be48404004bdb26a54c62ec541,01042,sao paulo,SP
9cc7a2a2047164790f51e316659268f7,27fffe110e3f28e0b75bdc8457a0d2a6,68440,abaetetuba,PA
9cd05016183fe6b9435f5b6d3c100b93,eb2c9233e39cbd2e7db5b0624afdb4ce,32655,betim,MG
9cee027c663f66d73a78ab124f88961a,9339c5dcdb8ec30292a29b9a93b370ed,06727,cotia,SP
9d00e4f04d3fabfc14e9ca59bb4cce47,5d83620e84e8fcc660570eb5e3bca12f,35400,ouro preto,MG
9d2b760186a269cef1fbac0a2e6e56f7,d7430df1244bba45228c4ce327d397b8,85810,cascavel,PR
9d63ff3e9226b807a98142a1b6b5a899,71bfea8feb226fd40038fe16633b7666,13470,americana,SP
9d71e1cf1662cfda7aeafb61975a3e78,ae4395be33e633d0c87010d59847e5ed,06233,osasco,SP
9db08b65ed1fe7d2b75183335b666857,1cf9c093c450924502ae5efd87a3709c,39550,taiobeiras,MG
9deff18f168c804c9ef00f47ccb2f6c4,a1bb96820529725c3c79a77c69e7e792,02730,sao paulo,SP
9e0343bea00991ed1a866327ae1998ea,1f73fd0bd472605d9223321dd48ccba2,68129,mojui dos campos,PA
9e0773fb262bb0872dddbb606ccf3fb7,49a19cc71af5703aa8e8bc87349e4c40,68908,macapa,AP
9e0c8cfab7bdb0ba76c418336f94c865,c823d2ebc892a5147dd3bb340f5a84cb,38600,paracatu,MG
9e16e5717003b3e55ba4b40c22e8834e,3f0348a29d7fa6f4ab557653f87473a6,29725,marilandia,ES
9e2974fe836024cfbba8ed46b8baf767,9d234cde9f3c90fad3a9ccfefa681c0b,13040,campinas,SP
9e4647d044b9cc509bafc345ce2fe5b0,93f0dfb62bef782f0b248268f81f7681,04261,sao paulo,SP
9e67b6474f7e8370b6340375aefe9692,8c2cf5d0097a91733aef2b1e98a1983f,04848,sao paulo,SP
9e6a4c410d7d354782949d88b712e12e,75bfbc48d9317a171e31db58dd70d5c6,03910,sao paulo,SP
9e9244c4b7e622b39a13b1824097d976,d9daca2cb55639456d4aae61b298bb91,98995,porto xavier,RS
9eadd7c343bcf2da0b502394690fba4f,c165394e5a00db758059fc4f6c6895bc,93548,novo hamburgo,RS
9ebb135e8db1fb56993ab9b2486c7aea,04fd5a9e4651e819c4394aab66caed2a,21920,rio de janeiro,RJ
9ebd9edc6854d388eb4a9d1283acdf96,827e0258c06b6c4bfecec9e54bc04960,09770,sao bernardo do campo,SP
9ec5649350197aadd41086a39651e464,926f99deef507baf7ed6374cb3abf457,07071,guarulhos,SP
9ee3468ed569fbaa40a3a3102f1e8a51,f00bdd8269b9b8b7548898b4f426667e,65066,sao luis,MA
9f007da472be12e0c1b223a9320805f9,ffe9102bb78a76921ba0ff3c4659616a,22260,rio de janeiro,RJ
9f0534f3d0fb02a05113bfdda441c899,ea80ffd1f7b96035687a4b3125d72e95,15385,ilha solteira,SP
9f14ce396b728e827742390ec2eca9e5,2c90f7ddce67771bbacb63d7dd4966e2,54520,cabo de santo agostinho,PE
9f35486803ac72d115dedc28ef6156e1,bd3c54cfb4d231a2b0d7f26b3f9549de,06700,cotia,SP
9f3a6a3bc8190b848832ad6916ccedf1,2393b0be836de088aee0361692ed6b41,74919,aparecida de goiania,GO
9f5d14a3c0a1ca30fb65b984c3123b69,e7ab1ac63cd7d365acdc426c14f4c84f,41342,salvador,BA
9f6b8355f612973c067b66f28c966c5e,18c2aead4577deeb8da71815b89f69ad,80050,curitiba,PR
9f7aac16e3d6bd8a5a55f9b9f2aea51f,7c353714ed8789f928faaa4191e85197,03605,sao paulo,SP
9fe2f3fb24c5a450e4d649be659b692d,cf20925bdb604a32a9862a3757fd6ff7,18606,botucatu,SP
9fff124c067a8e923fbcf6cdea20ea56,adcf8fd9566b3660ea51a1b9dd2f2791,22765,rio de janeiro,RJ
a0000ce2fe61df5f6fbf6d47eecef0b4,11f0bc85ae382fbd868f943ff5f6d927,91720,porto alegre,RS
a0046faee0167291def69406e65eb9fa,b12454a39c35ffb3eda24ae83b07a2f8,35368,sericita,MG
a015288a903c5a2955b8ec9e7f470ce3,eb2b29a6bf79a5c8e68898aeb2439e11,04122,sao paulo,SP
a01af4c0ae53b2c6a91b40b6e2dfe766,1112bfca4fa2b84c667208c943de7c20,44054,feira de santana,BA
a01fcde31529708c8755a0226631c0d7,f34fd449c1a6da5fbf276eada6a5fba2,08610,suzano,SP
a0321a8ae1027f1f4740410953baf258,0c3518615bc2e4b364bdd6c521fec91a,19680,joao ramalho,SP
a048712aa4a206a8338d91a7092a488e,3d2e970e4f58adf9d533c5e1ef45a71f,82970,curitiba,PR
a04dce798419f82084975adb9d6a79d2,3b9413f9d2b6d5aa9e39ec9b906ca0d2,20520,rio de janeiro,RJ
a056b5c80306d01173b92f2ec265b90f,2c47b679a383359635b5452914497f1a,07222,guarulhos,SP
a08554ba3f0715d9ada0d693dc036a3c,2534c6d7f97ef2be9334b54b6a0d50bc,94510,viamao,RS
a099ef58556b050a3aee59af3ad33764,484b5d294b2311134285ff457c342906,88132,palhoca,SC
a0c4b356a906e7401fabe51d2727bc35,b65500e480c623454e37aea4617b3502,28620,nova friburgo,RJ
a0c8900e3c9534021c33b400989cbcaf,b24701a0f39c768ca2fd72d30e7b8f9b,20251,rio de janeiro,RJ
a0dd74c26f554c5ffd5bb25aab74fa1b,42c3f6b926a5c457bbd69df07a2da8df,45880,camacan,BA
a0e5b74e20d78213c2ccbbde9637332f,8c40bbd48430800cdd35dfa39dd0e677,79904,ponta pora,MS
a103cd66a980f336d30492d01e9c3d71,6581c5cc675ed5887994ebb682aa569b,09628,sao bernardo do campo,SP
a10538645504cbd88cd2a5e5c8f9135b,84590dd28779015d6d0fb7265ba054a1,02402,sao paulo,SP
a148326eadacadc17eb9594a5617ea83,5b0e2bccd0f417ce8f42abfe9685be2a,23071,rio de janeiro,RJ
a14924ce978973b7ad6127c0115d3aaa,e8bf6db2cc8a96abd07ec7c5ae755f40,27700,vassouras,RJ
a1519634d0ae8ab534c5ff9a1ba53c89,26e28dec8cb5276d208656aa1c8b3b50,79550,costa rica,MS
a17dc8aaea9743dbccaca067b5ac3b43,faae4bdf680651e40005ea6f0f90e8b8,09855,sao bernardo do campo,SP
a1834c0ebc51d0c1f1165d4647daffa1,410ff93a8f2fb60433114a20ed7fcb89,21221,rio de janeiro,RJ
a1922ec4d4717efb23f7175f5de9a9b6,5c31a91185eda8bf28dcb69d14c0711a,64003,teresina,PI
a1bc2ec71a4ddec969845df90d51b11a,1439b4be54fbc7ae626e910c0f5dd08a,74825,goiania,GO
a1be9f93fac47b616502d82987542c6e,957ba98dc871622946f935de75343edc,76400,uruacu,GO
a1cdd0992516e0e8a9c90b38965b47fe,e602f17b276b90a8766bd196b3590c11,72005,brasilia,DF
a1cfb1c15ebf33417e65760e17dfce1f,bb58670190dba4e9b320f84cb98317a3,28990,saquarema,RJ
a1fe058e09f7cc693afdd283b2923421,90dc9fe88420bfa6d4c6fc121b6b2afa,11900,registro,SP
a213b9046b287f63b9c70da31ce60916,966506d169ad25ae2710e67e50bf1e93,88805,criciuma,SC
a2310d62bc1f94364d79dd78841ea25b,94a9b8396d390038496e3e2154213e76,78043,cuiaba,MT
a24eb5ce89cb76e022bfa66a14535522,557296cad88dbf10aa5ec01d18c38aee,24440,sao goncalo,RJ
a27429e671f53ed883053fd2c9e33f1f,b62777d3969196b3329205b4d8e1ba0a,83570,cerro azul,PR
a2a035c4aace1589713c9e84f19510c7,06056712884d6dcbce31c2e54e3c4f67,46570,botupora,BA
a2d1e0478a84c06555dcd2e1adb8ba7c,9201198e742ffa696058b83023e0ecb0,85501,pato branco,PR
a2f67e0aee80c6169e09d448c35d379d,b6e1bc94ff282d5e69ee719e2c5299ab,06065,osasco,SP
a2f887a154a4978b280e0430deed9d05,1442fcbc506358b976d780bb7dd31470,98570,campo novo,RS
a31ddccc8903093ba9f48791e0733d7b,90693e7acfb7f48d03fe61e2a0002543,20230,rio de janeiro,RJ
a340ce6c3570e68d4575a06053ecc491,0fce02538969e210a9e1b27b515ccaad,58076,joao pessoa,PB
a347ddd4888c231851a58e905d8bb8ee,a983b4ae29b2e9abd7e2cddd4aee93a0,62200,nova russas,CE
a3969268e289143c8a672a9d36942206,5e237c923446d52bdb73ffa484329c0e,05396,sao paulo,SP
a39b1a4ba781c82a8b9166d20c127414,bff4b20991a5c616f5f6ff0fb6bcf0d7,22460,rio de janeiro,RJ
a3ac867d63cf8677e8a73b97363ce38a,dea569a21e1e3459f8ca72eec38776ec,74663,goiania,GO
a3ae3675493e050fd2e74539e9dbaf80,5ab63a2b407c27ca68d825930de62ae4,31515,belo horizonte,MG
a3bfe1551d298300aa31c837568a68a0,080e5649ca4371c5902d07f0c9fa3cde,25015,duque de caxias,RJ
a3d0f1e0bd25da3fb9e002c697d1f86b,6ca0aea69fb3cdae75e045e6e0e39b07,35900,itabira,MG
a3ec2256ff70cc52f3cca6d8ca3018b9,9fc1580c56a5ccaa1332219e3690873a,18103,sorocaba,SP
a3fc5aa6679a45c8d0dd3036c9ee246b,e30b83af13d6ff0b0f427b2a67c43b39,37704,pocos de caldas,MG
a404cf429e01bc5a46671c0b95484026,fcae8ac17ca0c72c867a7a4c0c818305,60730,fortaleza,CE
a417afdddebc6a39bf0940fe6c601ba5,e1773a655ac124a129b764a172adce39,13322,salto,SP
a439ca180ebbf3037213e6d501646b3b,3b0777b4115e9b40426db87ddf80903f,36670,santo antonio do aventureiro,MG
a44a037a63d6afc0e4e241e95abc4fc0,020aa2d69bca8c7a0b3da5f8e602c26d,13238,campo limpo paulista,SP
a4780d661b345ac6e6d00d0acad24cc5,e4015fd285e2a3069127fbf478efb6fd,41310,salvador,BA
a47974ac6596398820508728a779e2df,1b2db8ab2d8e7b84b5455736fc9713f2,24220,niteroi,RJ
a480c58e3eee4e740cd829d7f38dc25c,7b9028e6d7eec1895d0052145737aef0,04531,sao paulo,SP
a48212f00f6b51851a14efc283aedc28,d6892c22f02481317098d2ce3aeda861,71691,brasilia,DF
a4b417188addbc05b26b72d5e44837a1,87ab9fec999db8bd5774917de3cdf01c,18077,sorocaba,SP
a4ce15737ec0d3eb40545f0b738a8941,5f7776426b25da9e5d212c3de7102003,36568,porto firme,MG
a4ec438b6110111c8f8dce1e01866c66,69037903e6b10250c703fc2fa8f3ae12,18214,itapetininga,SP
a4f81e9b7951f9295bc9286fbd48f7cf,596136898f3e3bd5356b83632c3de121,04605,sao paulo,SP
a514686ba42450bf705222bd5ffacc70,bd82ed91c46ac8415a451591823b41e2,04006,sao paulo,SP
a51a285ffe58e0184d1a7879a179c996,a2782f8a873c523ba49a501305c2c11b,02975,sao paulo,SP
a51b2e9f1088010982a0bcf451a4de6d,b382326375f34d32dc6f708ae7b34691,80430,curitiba,PR
a51fd34f17dbb1494058b853b558e419,b26858a322cb230c32a83a34d593ba90,38320,santa vitoria,MG
a52ac5698f152302297a3445e62efc97,8ef73dbf37d0f12e390cbf8a471d79f4,84130,palmeira,PR
a56a99918e8686b7d35af612dd30e86e,45df9d71b80f651fcfd26763eebd027a,23942,angra dos reis,RJ
a59ce5c8d691e10ba1759f1894dd8dc1,cbb28d6c78628689c129dbcaabf02d0e,13386,nova odessa,SP
a5acb5aeca07d29dc93bef57f887b1fe,a9f9523aa0bd6cb09e4335790b7426e4,35160,ipatinga,MG
a5d5dd7dd3d50ed0b24c2e230ac2c486,684f8ee2f2dae77916ffad8a9141d06c,85560,chopinzinho,PR
a5d68d034b9beac73720fea281944794,caf5619ca3dab3f848d564ca13a4c82a,36415,congonhas,MG
a5f29fa52fe06844c85996c91c3f1d02,67697f1ef23332d4be711eba56d04b4c,35164,ipatinga,MG
a625f7cf467b00ae83700201dce9a6d0,3ae748b0c0cf7d473b7acac5e07a05ca,75190,leopoldo de bulhoes,GO
a64419c8fdc7dd35d0a4464d48f70134,7d4ca42c3be6f3136eb3aae4832be53f,03606,sao paulo,SP
a6732693634250c33930da5ab192f75f,968b457a1ae09fed999f50d2ddb7848f,88053,florianopolis,SC
a684554378131af35310b25179278c1c,8a7ca7c42a01da47e01b72adf08354e9,32285,contagem,MG
a685b9dac4a7c0e9892635838723a9b5,f9884015a0a36238154eaa299b32d1b4,29345,marataizes,ES
a68c9c1280d2f3b3ba772e0efe9d1468,9572e8f88b92ef679b8103c7fb8f0e11,09172,santo andre,SP
a6a064b2b06b92a3b264c075a804d4e7,8d3266319640415bd80cda87f8dd1990,70732,brasilia,DF
a6a3ccd6981f76577a6cfcac362430b2,815392b735eba3589a02408bce170947,72002,brasilia,DF
a6b360081493d93571023c728c118671,98507d6b3a6d1a10f132560c091d92d1,13224,varzea paulista,SP
a6b4224286518410d6a29b2b05d821b1,8f90c831457ba0cf3172a739494f5640,04176,sao paulo,SP
a6cda32c8633809ee6f66fd93821005c,b85b31b04e9ec8578957871efeab5cad,09780,sao bernardo do campo,SP
a6d538e158ddb434374047d413315beb,4f70c5d11e22eed7ab439e3ca2189ea2,21931,rio de janeiro,RJ
a6e204cd1b59420e1e81ffb9c3bb2f0d,af45bf15204ddbf0c87eb843da61a7b2,75265,vianopolis,GO
a6e559ec06e9b44d48ea61550d678be0,a5f126f2eb313f751c8c48ea60849c63,29101,vila velha,ES
a73c1f73f5772cf801434bf984b0b1a7,968fac81e2c44fb6c1e3ac2a45e6a102,04685,sao paulo,SP
a74a322ca717a1cc1a81e9bb6c5f9f4b,4d0bee66c0838b9f681653a59adbbcde,04835,sao paulo,SP
a76bc2d372186cd87b857191c77f2270,3ae522de6b23a3699ef105d4c4b3b82d,88051,florianopolis,SC
a7bf5e6fa311950360efc620e590fa74,ebd6ab952b5135af7e9544f40a3c7e64,09750,sao bernardo do campo,SP
a7c125a0a07b75146167b7f04a7f8e98,5c2991dbd08bbf3cf410713c4de5a0b5,22750,rio de janeiro,RJ
a7c87c25dbdded68c26c640582cb5ddb,ba84da8c159659f116329563a0a981dd,25635,petropolis,RJ
a7ca77c243e6f130b70aa2cedcf78f7f,44de7debb789fba4f5145c5cd47219ba,25931,mage,RJ
a7d431da1da2c65d5d93b343e122d2ab,2cb4ace4baef1532a1bcae3a069f7080,22261,rio de janeiro,RJ
a80a94cf8bd343cdd10d03d8b37ad719,d32ff0b76e8658da2ab1d56794461ca2,55125,toritama,PE
a81e019902b04fe0487ad6b899f67689,94650d7da383e068577b1660616d3372,04635,sao paulo,SP
a830a248775c8bc5cd65a367ebdc08f4,cc3db54bae11167976708abdc66729eb,15360,sud mennucci,SP
a83105a7f769fb04c0209dca18f3d17c,78f3629c3005c8f367f6187ac9f99472,76980,vilhena,RO
a83bf4c5b74243416480fa16e9de9147,597d035b69316c799bffbefdd4477b98,70680,brasilia,DF
a85297ea32b3433cbeb17e475762c23e,a03e6b52c1ccc37579847e6948c7a70d,09210,santo andre,SP
a86780ec4509f4c3191af88c40de649d,25005ef67dd44bb53b64ab1ca6b98704,55641,gravata,PE
a87a24ee764f092e8e4d331359d2e3da,35f117d30dd8948f41e821a27e1ffefd,31140,belo horizonte,MG
a8912cdd90d62f02de79c5c33bdb0718,6e59e6f05dc89b195475d81418aad42a,73010,brasilia,DF
a8a3a97e5508758040e4f84de88931bb,2a6e23d3fef1afc8a57239980eec0ebc,06396,carapicuiba,SP
a8e0a1db9067553bedd48e45e9d20320,f5bed7cb6bc615441e6ff7cbec4cced2,12910,braganca paulista,SP
a8f264ba33c417425b9f36b3087fbb6d,a675d4e66a486b86d81b4e69e4cbe33d,27525,resende,RJ
a90e9e085253a28c9206dc0580944a06,b8c5ccc844de0242c85efacf5b6a51da,28333,raposo,RJ
a91d3b41b3f176b1eca6148265a8f10c,6ed9020a546e5e845b7c6d2c3c82f064,46100,brumado,BA
a93aaf1f50fd874a8d2cf3413cc2a9f3,151dd9cf0af37b5bdd489ab4812679a9,78138,varzea grande,MT
a95086c7c98e7174f3dadd46b7be7b3e,39a25ffcc4f83a144eff541e56ef7988,22743,rio de janeiro,RJ
a955b91ca219905e5cbca783a0801f21,76a2ffcbe2ec9c33c50ce6024ea56afa,07174,guarulhos,SP
a9749e560068580b0f1feeb9bbd843c3,59131d58902de964d1bb606024e7c4ff,40415,salvador,BA
a9c0084d26d27e5606169d2ba260bba3,6b6b30db002f73fa32a4bb6cbfe09c46,31872,belo horizonte,MG
a9c26b8bcc884f48fb63ebcd705efbe9,85c16cc0d484406735611a22bcfdd55a,80520,curitiba,PR
a9e3f0df0bc6bc24bb620ceea2fb6b7d,07fe7d570e317a7f4b257a9b2ceecc45,39520,porteirinha,MG
aa12606424f4f403f0888463eac51a04,6e6aa6f3b81188e04c900de2e6a5007d,29065,vitoria,ES
aa33715540792a5eaadd962b59dc2b7b,fae827c7f5444b95b0fdbcf2f271600d,13056,campinas,SP
aa3786278a1e9d945489c70d6fbe39ff,d4952cce083968d08bd3e6b11f0bbfe5,30492,belo horizonte,MG
aa49e266efa5eb9965b01ecd940833c3,d2b0d2083933eff2f5c365b7f44cfb14,44790,campo formoso,BA
aa6436a8b6c5ff6d1354f0a5ebf3169f,4c902678d29af27793e292efefdd952b,04372,sao paulo,SP
aa8825bc17f2b9387c3a0e0b2016f1dd,ee2aaf59280b2b6c1e4bc11f88704391,06700,cotia,SP
aab6bdb5ac89272cebc58bc9c59a45f2,4594d87e4a3376231722e88c0b1352b9,36810,sao francisco do gloria,MG
ab0cf72dfe0538a63a57d6905ccb7b57,8c3c961a52bb5a0ffbce1d4e6d25cd67,35930,joao monlevade,MG
ab137d0918a8adea90199041e26029f2,5278be4edc434fcbd9c86f8574bae5d7,26551,mesquita,RJ
ab1696e7c2c629e56ad0edc9daf39330,ae6cc36c6ffd4f5f3908dd1391636f22,70658,brasilia,DF
ab23dc90e86086221732547085a7f9e3,5af9e3c7acac75b674e2a7510bf32f69,07432,aruja,SP
ab287439e20c9dc4717ada1998dc06ee,d98132d500bfb8870b1b59fb6ad2041d,95047,caxias do sul,RS
ab2e069dc0a781952e8a2447efda4bdb,eedfc8a4c7d9aa7b507ff355df8135c8,37200,lavras,MG
ab33ea80ecf78bac55c71b346ee35c74,d547f6aa046bc09da16d46062617d8bb,02255,sao paulo,SP
ab42f0d79cbb06a620ad8cdf613aaa04,684258cc9ab0acff4d21abe3a7c16cb4,66060,belem,PA
ab4d83dd19d7e9c82d5b9aa764685a1a,3e36afbf5d9f5e833d612294f376526d,13212,jundiai,SP
ab69a150db2cbcf9c01a34e7e4f75545,df946ef265626b1e0a425292815ddead,11533,cubatao,SP
ab98d2da5363a55f4c3fac106aa2ab8f,f38532d296d5be924fdb891e14e34c75,78058,cuiaba,MT
abbf9da820977da7a8e301a49d2fae98,1bc8377a0e9d7dd8efa927e4ce2f2296,07193,guarulhos,SP
abcc88626b6df4cc183bd4cf459bd9f7,d0145b5fdf42e59535ce3074ed56e770,65693,jatoba,MA
abd06a060b1f19f33a3ffafbf6bba1fd,a3f9c39f7ece6130798806bbeceb2c32,66020,belem,PA
abd10efcba52884626c22cdca7dba539,9f4c36aa1686f840116ee318a5f32b11,15320,floreal,SP
ac09b50d5b648f30126cc7ffceb97e8b,33aa371b7512b6a9fede4f231e212226,29650,santa teresa,ES
ac0fc0af13834a5c37a25f298526fa81,f22357f14706393296415fd7e5f95b47,41204,salvador,BA
ac1f99b3b74760ff892b893f3f9157f6,72260708c2950a289d5b32794b574502,14440,sao jose da bela vista,SP
ac379fd1645b77e80dd6d97e66a8a005,c3dd11533de963395e9d4c790087c683,35519,nova serrana,MG
ac6658acc9dcfe36bd3965a83e957861,f4d1502ace38b0df6f052a5544add9f4,25510,sao joao de meriti,RJ
ac7e033c3e1a25cfb8b46c50134804e9,98155f54fc6b0201c86091b19e295942,29144,cariacica,ES
ac91fae4bc0f17e772e21db6cc84e9c3,891e01e2ab20f46c3e5602cd958c1ec7,13950,lindoia,SP
ac9ae3c7de93573e219a1f10d7e71fca,1f9de30d7f394a1c24403cda4ce319cb,72241,brasilia,DF
aca1c958b4ce2b798919091d10296965,05e16ef6f265a01d6b16192d21809cd2,18110,votorantim,SP
aca8fffbc60949cc5930ab39b195e5f9,d78c02cd0949ff38724a310b0fc2abfe,12246,sao jose dos campos,SP
accfbaa1f092fdf6db1d8fcdad351b50,1c5aefec1a2943edd15e52f9e2900e41,39860,nanuque,MG
ace839d3162a61fdbd51b08fc3e60a39,ff5017601705e932d5545e0eb337cd0b,08674,suzano,SP
acea50a6ef8ec5df5b11ce75b47b5a3a,817c452e40b5ee98d28b212e51999b24,88061,florianopolis,SC
acf845d165d496b411bb1fb6c952b75d,20e934f62acf224d1c2538e2bab02427,22231,rio de janeiro,RJ
acfa1cb53f002260bb389f86af953c5f,22b1f9feaf21c1e276d50615588770a9,49050,aracaju,SE
ad0676d6d6e115c03a6d60dd2c9a00ee,ebb3596c57229b75de3e4d11c5fec489,08563,poa,SP
ad2764da73e1cc91a4d133f7c5eee1f2,44965b45a336234470af4fcc652a070e,38610,unai,MG
ad29d9bb283d87e61e190d40bc7bc15b,33fbcb38d3009eddfe53b3063c642959,96501,cachoeira do sul,RS
ad2b0a762916fd035a887d161c19445b,b586d4a0d17d6300b4eb8da5f043c556,58297,rio tinto,PB
ad2eb5d02c0808bcd8743117f6383cf6,ef0103e9602d12594d19c2b666219bc1,30810,belo horizonte,MG
ad3251051c6981b78a714268f03e4e4a,7f5bd6794737ef7e317f7c297c687ebd,95700,bento goncalves,RS
ad55d9bcb0f228522867e22a73cbb7ec,d1baafbe29a07840ecd0fdd648965d9b,14750,pitangueiras,SP
ad8e61b43475be715767337d38f95196,9bd443e4fd56f9b69922fda323aa02bd,35700,sete lagoas,MG
add72ef6c37408eddeec3a287b2eba21,df5eba035e5dfa3a9d43a362db065d07,76803,porto velho,RO
addb846a89c635c622bc369a2b6bdf8b,9d538697120330498252353c99068356,14055,ribeirao preto,SP
ade739c544405b3c2ddc9c52677be125,4a3b3b08935d12f9ac93478fccbb41cb,87504,umuarama,PR
adf24d4aa27fc5fdeffab3f921271ce2,77c9fc88ec3267f00bbdc22eef1bb8f7,60534,fortaleza,CE
adf9134ea7338307a33c4af9026a6b1f,be15e4f2925c356e4361c9b7d0dd9aa5,21050,rio de janeiro,RJ
ae08c85c944806edb02d28ad32e03fa4,7c7bfb401444a00bbde18756aba06ee4,45000,vitoria da conquista,BA
ae1f2f01f136f0172bbceffa5d31613c,b70d126df03b594cb148da07860d1534,39403,montes claros,MG
ae4ea94a9194fc1983a936c91597756b,1f642a984771461accb55dcfe92e5546,33935,ribeirao das neves,MG
ae55e228ded796581eccc67045516023,b0efd7adeb04d15b16edaedd11215d40,02712,sao paulo,SP
ae70eb1dad4e84497e4ed573ef907ecb,dbbeed4e003327de09805157884b508b,22793,rio de janeiro,RJ
ae76f0fb2677aaf0d173213de80ec257,b5776ffa0ab530467d420fad008e43b8,16250,clementina,SP
ae984c23bb0ed564ac206f2ec57f772a,19bcb079f3a5b7f1a5800661905368d9,01244,sao paulo,SP
ae9d8bf13681f31ec761764094e6ab95,28d9650a4a5f00fcc716da5ee2460012,55643,gravata,PE
aeb3f13efa29908738bd76e97ded252c,2b1ea08d01fab9e50f2b989e2d910707,67033,ananindeua,PA
aec95b447885dd28a6dd6bb4d8cb0aea,da938ecdfde4d90f6c247bfa5233c66a,14815,ibate,SP
aed82065b343d8ad3d802fe259e945d5,a126181f98c5f1ec6e3d8740f47832d6,72915,aguas lindas de goias,GO
af103b3a9791e738f592b8fe4da31c40,5f4c641eb4f29caf4b297af7b7f9c418,90240,porto alegre,RS
af12e716383820b78ce045de073e7502,3d9f7bdb0b7ba4c2373ecd9a8bcf5574,89874,maravilha,SC
af1789225641b6acc60f97f3f32f5673,15fa1715ed2fd2ac6a67e6234d4d5128,13940,aguas de lindoia,SP
af46eef89eb37fb33875e6531cc2ecfb,06efe14ae14452f6c8cd70696f9478ac,29153,cariacica,ES
af5555169a360e0fdd4e79ad4e5497ef,f18ec31429e70dbb4c4233e491408641,90020,porto alegre,RS
af8f3d820b6f704c37c873d7a8afc374,8ffe40b2bdb6481384d317bc136dec50,22710,rio de janeiro,RJ
af95cc6eaa339e55f750352ac6b94e12,eb9fb4eb14de00b5e7f35dec7af07217,15990,matao,SP
af9e6b10595811f8cfa732c179697ac4,b51a80d6d26f9746763c4e3146b81156,09715,sao bernardo do campo,SP
afc9910dda523bd3e6b83bfa889bbbc4,9e0dff968418c421ca5a9e1f70a715da,64606,picos,PI
affd1614dbd9b0feb6e820039adc1380,c852771f2cefe326d415b44e855e6bc7,03128,sao paulo,SP
b000b36b33814dba6443ca09f8662bf6,5e4d57b5217587ccb9234555c17e303f,35450,itabirito,MG
b023177e6578e0db0921a55e11746091,b2fdc3d3f15bdc1d696d1d53b0b991d1,08559,poa,SP
b03e5dbf77ad3ea29b898e6b6a36d047,9f10ed5e6157a32cce16e0b22013096b,32425,ibirite,MG
b0ab89eb69e28e62f5d721f0b38fc381,b4afccaecc63f72c2e1883b119e2f78a,80730,curitiba,PR
b0bb9bbd58b0d9380fcfda42355e4089,3129ff2f82dff6e27510f8169e40ea2d,13254,itatiba,SP
b0ee592511423e8d39b952a4bdbbea13,cc64b17724aeb94a818a8d06482c3803,13569,sao carlos,SP
b11a2f97e75e3cd6a422b4112f4fd318,9a826a56844c1a5c011ad576e43f359a,03982,sao paulo,SP
b128321979749f9034763ea47023bdd4,a8c6b6c561d5687b61a1e63ffc701918,36015,juiz de fora,MG
b13e22ce02ce3538542c89fa6d25ed79,1680c0ad8efa885aaca63994e6e65570,38706,patos de minas,MG
b1485077f1679d1b2651d9e669a27bbb,0e4c82c63f53994a157720fbedc629fe,04689,sao paulo,SP
b1737c34c3a1db8806af041483301a7c,5a85f706b2059c3cd55287e105d8d5ea,37580,monte siao,MG
b18406a3ade96967766b9868c6989d5d,5f6edfa5d3f33bc9b96c1e91153c8e2b,49260,umbauba,SE
b18b8574746de17277d25884c898ff55,dd963230588440394f63bf0367a274b3,12930,tuiuti,SP
b1c1ce38e32f5c8f25f515f2caf1f1c1,9c08d6f85c7fcec4b08ead25590c0af7,08150,sao paulo,SP
b1cab246c245455519a3cd45d8d5b3da,0e8c2ba61e0ba9974d977dd797e422d8,11380,sao vicente,SP
b1d892aa7b187f3e981f1ee0f4799f59,6218b5a6dd2e7dbb9e7c4e543bb27743,65075,sao luis,MA
b1f0a629f39ec410be67ab09638095c4,c8c66a09a6402e1799afa3064a0ade6e,22071,rio de janeiro,RJ
b1f3cd39358d18f19a2893ad3c3bcf1f,aeacbc4d74a9cea3ea00c3615c105385,36506,uba,MG
b1f7c759ce97beb11041fe59515fa72b,57d6274f966aa3f9bb83a455ad0a705d,15440,nova granada,SP
b205df5e86441d2b2f404ffc0c762fe5,ace0749d3f5aa3da6928601476742f55,90250,porto alegre,RS
b24c41e081cb6023a4248685dde92ed0,6946ffdf1dc85027f50f5120ac063138,20560,rio de janeiro,RJ
b2587a3b676c761cdc67e28ebae0a8fd,ff914e64520a85d586eea79f44078f58,07135,guarulhos,SP
b25d246218db68891876e79b3476038f,66a2199c05159203014883cc0d3cf33f,54762,camaragibe,PE
b269c8577df73e1a6385198208cb5ad7,5fe4b4192db709c4b2be053fdc204a6b,22450,rio de janeiro,RJ
b284e1052e6386e2fae8af6ab3f0215a,bbcff052f7fab7a7409bb37e54f6160e,14801,araraquara,SP
b294b26e9808dad6725676239e3898e0,8e63cfe3d18707975936bd17a96699b1,73270,brasilia,DF
b2ba171781b90a99f8256ea5f0d6cfd0,a90a584ee146a7d150651b37c0c635f4,03575,sao paulo,SP
b2de21eac1284b5492269771d68da739,932be2b0f01a39dfb24c2af8299a6e80,13500,rio claro,SP
b31acd57a019f00da1fa8b6dae5b740f,d6c931d313b64c79129e3ccc99d74ad0,15880,tabapua,SP
b323dd4451f8a811f505bd4c597bd181,659b2485938ee7ff6b7914b5fed15de3,01524,sao paulo,SP
b37a5547791aeb5ac5d9ca955d0bc6fb,f1e036dfac59643f7bdd306447f92402,66033,belem,PA
b37ad6b0aced822f5e42f446939fbb1c,77e7d4ed3b6d059c7ef06df241d7035a,92325,canoas,RS
b385fe265ac9a21b28a89debacc0b4de,c08082945f230333c7065508ac63fccd,22050,rio de janeiro,RJ
b3867c14ee9a7d0daecb27c1bba54db3,6aae4ee77ee637d5b060e0f9a38764d9,38190,sacramento,MG
b38c5db46ee81f3c4fe27412abad336e,a3b894ee3c49c153eaeab9afa95caf85,07033,guarulhos,SP
b3939a2720fe35ff521a811a8fd10dda,db777435b3f78e1e30b7e70984742a83,74650,goiania,GO
b3c8c2a46ed7e641686525235e1cd247,052076c689c0768b27a506a8cc63cc65,03737,sao paulo,SP
b3ebc63c630e8af49ff5cba1f321928e,54a4d076947c8f0e3de1e6eb3bab9dc5,19803,assis,SP
b3fdcbf8fa90f08580d581cc28f3d38c,ac9bab99da6af5284e6c6db13ea51c8a,85615,marmeleiro,PR
b405f10fd88896496f62f1ff2a7d4aab,a03575fad239283d9f06c7bae8217f11,08554,poa,SP
b40efaffe4577bf423366754f1e3980f,cbf9e57f590e40cb46b344e92b3ff6cc,89560,videira,SC
b42845800e932aa00790fd8ef2bcfa57,da0161a3715285aa96579834b9ee8597,02251,sao paulo,SP
b42cd76ddf2e92d35d9814fa55cc8dee,1c9a0c8553006dec9af55f89b9ebd936,24120,niteroi,RJ
b44dcc9a20f605a02ba9ffecffe022bc,bba1b5c3343aa2955ecd4e53874021c8,85905,toledo,PR
b470a81d390fcf882cf81afe227a8d6f,3a39beec85b79335793f32c2a2b8b944,05712,sao paulo,SP
b4839bd89fae37da872be9416381e165,fe2a29c7a507b4c2606b459932f4e1e3,89138,ascurra,SC
b48c2118d9825d3f2bce214ac98fc081,56200d87f15600112dde28a5c6009e9d,09340,maua,SP
b4afeb58ac51bc903c5362286c6a5cfe,6457b2cb5462c1217e8e6d36b0ff39d2,05842,sao paulo,SP
b4bb8edf40ac2899a46919469fd8d21b,621cda1295f19fcf9e434c7ff460747f,38025,uberaba,MG
b4cabef1eab077e32afbd42629185a7d,7353369394414932cae3f391ac3ffe2c,05416,sao paulo,SP
b4f165c52bae5d2d45193cd87801929f,cbc3d8e6acaec99eb90eb021e10bddf0,24754,sao goncalo,RJ
b4f485d5afa99fd25e4b31e4e1dfd52a,5b3571b50b2c2b9c3b50148047b4a8f5,71936,brasilia,DF
b51ef2f9b84214cc18a0c1b6e2860a7d,00522457bba00bba576a34fd9b4808fd,02402,sao paulo,SP
b52571e9628f7136123230bf6d3ad7f1,4f171de73867c62c077417d778a7fa9b,88360,guabiruba,SC
b53116772c5f1961424999a7ff5d0002,8b26c030d47c1306bdc45b3500eaead7,35430,ponte nova,MG
b574ee4a89587d736036864a6838e61d,03dccfec4bfcd02164924153764e1b76,34710,sabara,MG
b5cfb32c2e07f8782e9c3d5e9e18918b,c1ed8887378ed3cee44474bd42508438,07600,mairipora,SP
b5d5a9c1b46698fde8e82171124dcf4a,1b5720c7b0ee7183c2eafe3dba65111b,09190,santo andre,SP
b5d9ce675f121542dfb501ee50a8aa42,79863910cf936665cc25f181eddba5b2,21050,rio de janeiro,RJ
b5e81700ea500023efd45a6f5683c230,0a1b3568f894b8b225f015a2bc9a0ad0,06726,cotia,SP
b619645cc9bbb180e825d6416202e380,3dbf2ee8f924d2c424480aee9f5f69ab,15800,catanduva,SP
b64106d2d4647c03dc63123823b8da83,37aa16c68f12a40642fb9f2cb2555db9,48860,queimadas,BA
b65246bbeb74e7bb5639de9495e2ea9f,fbddeabbb917953701d6888bc87e1abe,37143,serrania,MG
b65f218608d7b053eb117b493cd80780,84fd4953e8dc540fd9dc1593a2361e2e,48604,paulo afonso,BA
b68c49b9c29f5a6aa75b3c0cb741af32,c5cd8249a8a891697b1b8b1a73f344e6,13339,indaiatuba,SP
b692fb160782271845b7c858cbd9c1df,46a3729194f6f9d113c57f7f87bb89d9,06766,taboao da serra,SP
b6b2ee6ffa76968a5613946608a33046,d99f6517413453aac88d83b92746add4,03110,sao paulo,SP
b6b70c77dbd33d427f330cbd6296002d,681844e17f689acd5ac8fe23f862c6b9,80420,curitiba,PR
b6beb62d4844f17d1ef703d4e2e62a19,46a2520c9d2ab817c0e473c6b0e3e171,13058,campinas,SP
b6d0aa0a236de4891b11f88498c05f26,8ad7111372b29f1c16ad00c2c3d93d75,59855,itau,RN
b70bb1d21f3f4ee22748b82dde72b63f,169815e2d8cebf3bb29c380415e03403,13178,sumare,SP
b71e8ee6c0e74054a65e43863cdf11cf,d18b29409676819fac069006a4729dbb,13010,campinas,SP
b72684bc50364bf3f97bf6b0af8ee412,da94701aea5998443813c482169d0b06,86170,sertanopolis,PR
b755f062c2c480beb455b40627f6dfd7,a3286db77e34c2202da565d49da18c68,85604,francisco beltrao,PR
b775111784ea2c3a1f3fd11125a07add,e7b41997217f4daacb88d1bb6161615a,13042,campinas,SP
b776843fdda066d35efda05cc6811dc9,5f6a4f13acb9f0596ba33aca50484fd4,22031,rio de janeiro,RJ
b77a36877fb9b74ab4dec5f4e939419a,648c4c2cefed3d28d6af80b6ddbd7563,03478,sao paulo,SP
b79038e2c6938f51e4fa02b1801589e6,8a1ab5dad60369c9b3d85ee8c2919296,07077,guarulhos,SP
b7908345fe15cf0013c5f73d12225cab,deec1195aa524d200f3c9da638571d86,91760,porto alegre,RS
b7a18cb59c24649c7ab96dc6f8443688,44f080e4aa155feb57ed4e7fe627f83d,20520,rio de janeiro,RJ
b7a90f561b18304e3b27a624a291fe5a,3e27ee3f48cb9cabeabd93885de3fd09,21540,rio de janeiro,RJ
b7a967989bdb842c391631e30df67e47,aada7d9a5665bb8ef82d9e26ba4ad5f8,31130,belo horizonte,MG
b7d8c5723ff2af6c90cb7ff564e8d0cc,879ee1f90476a2fad74aec4f9c9961b3,13025,campinas,SP
b7e31bd3bba16127094ec65e98466c20,4e6fa1b65e5bddb76313844dab3020bf,12943,atibaia,SP
b81d67e79a5c8f8960c71c26ff7763d0,d19314555232be31f610ec8757a6752c,09090,santo andre,SP
b825c71fecd094d9809cf05cfa80eb37,08ec27950ed95b0394dafd612c1db4c3,89270,guaramirim,SC
b828fa53202efa901b22f532577fe859,6b0c568efa39d9923961096ab40d3ed9,23052,rio de janeiro,RJ
b83ce55fac1144714d63a72e62ed51e7,044f89a64b7bd1c9ceecd8f9a83971a8,77995,buriti do tocantins,TO
b879b2edd80f3988171c661574f0dd13,bbd2ce57f57e6a7b4f93c16cad9a0a76,02230,sao paulo,SP
b88494557063ca06b09ac6feee81eac4,0406c6ac876da480cb76e163eb5d9359,94430,viamao,RS
b8951e5d16903e6458ab37f71d9fba0e,14ae47da8fab09fa6be6f22490f99e6b,39660,turmalina,MG
b8b9976c697fc55f094b7ccf924c602b,d3447240c4cab426cda9a36a1962f892,04215,sao paulo,SP
b8bdc0faa5b1065d49cb18deea099885,f6a9b5f9488824949c9b0fea48ae3418,08559,poa,SP
b8e3175fd78ba4c60826fbc7016dfbb5,ef7cc4b636980089f5475c89460a187f,21330,rio de janeiro,RJ
b8e4ac09d4bd2a74ff84aca7d2ffd511,037d8f5d243514d9ea6e1608a6d532de,08270,sao paulo,SP
b8f1f244b44ebc462cf313c6de3b98e0,635d5e37cf810ac07d7c12a222c71e07,08280,sao paulo,SP
b944c2dcd9aa58a6defedda9e0d72ea0,84e9e78c7a4d3df5b38c9bc54cc523e1,22775,rio de janeiro,RJ
b9551584eba90cdcc0fe7ffa718473e4,98e0f427c57bfb3f1eebab526e100d7e,89610,herval d'oeste,SC
b974cf42b879bfcaecef8c31a6d906a5,e23e0cc8bb533d8c88c4a913e9e01452,11441,guaruja,SP
b9b46d7c1bc9f38ccf4a1ec449d90317,31de705ead768af5a7fe4d0cfdc52da3,66123,belem,PA
b9bd73f728d683f7c204786409f411ca,acd7af4da419afee85373166387d5799,20710,rio de janeiro,RJ
b9d460d12c9b6c5c3a0d73541e11e5f5,74dc6a3e622375fc6aae191555a5a95a,13232,campo limpo paulista,SP
b9e21fd96c08b1563793c5def420b9a3,624a3e3b1dc6cd26678c9e3d22dd1100,80530,curitiba,PR
b9e7d8b529d10203729359b4660021ec,c34e349e96f7ad6ceb0723adb5400f0c,04545,sao paulo,SP
ba17f3083626c96ea274189cc1011df8,bff65783895343aee750c6415314f5a9,09080,santo andre,SP
ba502bf0939a37587917bb56a38081cc,9381107ab673d20a7892b87a8fb7da6c,98600,tres passos,RS
ba57463d587cb70d3871b2ebc91c6284,5e8f38a9a1c023f3db718edcf926a2db,44053,feira de santana,BA
ba58818419b9defea2521f95ed2d82ee,dfe995865f498bf106aaec00758f6a8e,96450,dom pedrito,RS
ba6690c4e90188834da0273f567afe0b,7fdc7bc8acb4c2a7ea0025b571f1335d,08143,sao paulo,SP
ba77ebb5a04276eff9b0bd56db33bfae,6664c325d22c0254b031ad0340d05c98,49032,aracaju,SE
ba782bf15a4782b63af55d710f1864e6,5384448dd5699a577f1f4495795927f3,63360,aurora,CE
ba819aec7d70f984272d9fa3c3475787,d14494e824aeebdba85b5bfb50d2f4f3,60863,fortaleza,CE
ba9624c6778d41f67dc8e228df61247e,16db4212d55a0459e453168a72f09b4e,01507,sao paulo,SP
ba9bca00a23fd0f3bba7e206ddf8283d,f1183cf09ab95e0541c02303fd70d744,91330,porto alegre,RS
bace683427e40bae08e7af13660e1436,e9737523e569c19a06d8afe7f030ccc9,22790,rio de janeiro,RJ
baf83ca8fb2533044b834d2cbea4cc26,930ea256316c9a463c05b9cdeda70d59,88309,itajai,SC
bb0035159eb7f8b3caa5285dfd1eb1a5,4f983b76182eb91c0ca32b3b8752650c,65395,bom jesus das selvas,MA
bb236a7c776991c064b371715a445b78,58abf3a2d82e3a0446acdd125ec2b597,23062,rio de janeiro,RJ
bb308532dc44f5973cd2caf17d15bd8c,367879109f7a4aac09ac25b29d133d3a,27285,volta redonda,RJ
bb5c1372dbef9e6fc19079c6a5206ed9,c0670a3a4161ee1987e005995236cd80,32017,contagem,MG
bb5ecb070b1cabb71470e74ccabb9ad5,f92f6ab3c62a0ea894141b1f06b3f160,78270,salto do ceu,MT
bb7c3eb1ec66e803fe95c724da22a0b2,80bf3d806721132ce36aca430efbeff0,41760,salvador,BA
bba03ef582638ab9f9c9b38eb0392daf,529917cdfca472b2def736662b42ff9e,77485,duere,TO
bbb9f5a943f8a29dfe08dfa1d45b1415,9861a06ae5688c18743a3645c8d40177,04718,sao paulo,SP
bbc517da3d654e825815ec0fa3b1cbe9,03e76e687460db6f31476b7a8b39bc3b,25845,areal,RJ
bbd3e2244f635630f312ec5015bd4635,18d9b84d6612d8c2e6c4f50ac9954e20,42800,camacari,BA
bbd6d73964cf368d685856fc8cb04534,81f76d52e6e182a6b3358d20a50d888d,02435,sao paulo,SP
bbd8ca56992dfe0124e5903375484596,6f94f5b19a079abba527751a6185e11f,25041,duque de caxias,RJ
bbeef4c749841c05d99c16fbc63a89ea,620f32b6cc324a0f6b00348eed5b9f28,08142,sao paulo,SP
bbf8f328e19099524bfbfe53ecf2055c,8aaf15ff9fc1158fe89e61e539a94b7f,22793,rio de janeiro,RJ
bc225b031d110d0b09ed6f25762f2e83,63b7f76bcd7937a717b189222c61160f,84150,sao joao do triunfo,PR
bc44c4c170767755c0321dc6aa1aa05b,5053321e149637b00e40aa4be14fd6a4,06715,cotia,SP
bc46822a62f07f6f519876caf542661f,72b5bce23a612783406d77cbbf0586fe,97032,santa maria,RS
bc966495521575680633f5323eabd01d,63ab8b15c892ae26b220368dd9a1ed89,15035,sao jose do rio preto,SP
bca98cba3540b3b6f3f3a9ea5aa3f62d,d02173bdc9335798105b2fb20b194c5b,22773,rio de janeiro,RJ
bceaf8b12a79028075da3b7a36f1d6e7,2887d406026c92a31aefd39960663798,45810,porto seguro,BA
bcfd3b40a37ce48e8658f339cc31665c,68879d9986551c8c9e7bd1686195402d,39810,carai,MG
bd371cfbb78aa6bd8d2ad4dc52565d8f,2f8c498249d784bf07fae8692d4355d9,06329,carapicuiba,SP
bd5d39761aa56689a265d95d8d32b8be,698e1cf81d01a3d389d96145f7fa6df8,74825,goiania,GO
bd6fdc9fe74a5d7a4f5696815c2cb42d,8b035be179d248c4c00e8e1cda901b6c,65670,paraibano,MA
bd80c756ce1d4487087d59f88ebb9ea7,10aa79627a28350b5c121a124096cb18,04459,sao paulo,SP
bdb76be5d5a9873dfb4f392ccf7aa962,8b711b2d774983d4649618d8c84656b7,59030,natal,RN
bdd1272c1c37b3cce03f2c69d68448b0,7590ece88ff4a66a8f5d78d9b6f3847c,12230,sao jose dos campos,SP
bddc691790dafcfa373909e3571cf284,231010985fb56e04e784e26f6f9919cc,22641,rio de janeiro,RJ
bdee28f68e11d29d4fdc2766e00696af,295a7ed260876764d707e2ae1c62f22c,12307,jacarei,SP
be2abc57e92c541f83e8be9e8a8fd1af,128ea331ccb1962fae3956011d60385f,04614,sao paulo,SP
be7fd77bf39879f67d00f9f8c433b46d,f6b343f83417e0da74b76fa002629c91,35500,divinopolis,MG
be930903506aa698f5dabbb2c0ca2c9b,e2d8dff7c014ff45d4aa5d3d5ec9746e,26130,belford roxo,RJ
bea482168e59ee99ecadacecb808d058,4bb9eff279b892251d672d74a4272434,23075,rio de janeiro,RJ
bea5d4b394a04f4303917b761d701115,814d9ae5d4d804984bb04ddeaae658f1,28898,rio das ostras,RJ
bea60af848781a26103fd2afcdee4d22,96031393b66f569313bf4547d869408c,60115,fortaleza,CE
beca47edbdd65b21b705e744c4275638,ea181cbd6e92042ba5c8dc8ff10318e5,05415,sao paulo,SP
bee5adb0f998843fd360cfed6e6236c3,cbe71e4cb0b82b97bbec5cd51e0fa3ea,14407,franca,SP
befe184e4eb181470e6063a1a368a093,6ac6902b78ed854e42f75c8e25234e8c,04704,sao paulo,SP
bf0176bae5facd261148fb881ccb8cc6,34745b94e42969e956d446695f58421b,06506,santana de parnaiba,SP
bf0bb80f1dde0b8bb3b522d8146a764f,580b8aca2383ad4202ceaa16303bb227,02851,sao paulo,SP
bf140fe2e3a26db29d95589b4e03b3ac,05ca8458d5b3e8ca4098650e24802536,71937,brasilia,DF
bf3b87e64c9e80c8c5782d1dcd709ba7,01f492ebceb9747c71cb86d983afb9e0,05879,sao paulo,SP
bf49078cb518b0cb971b18b177c54969,8262297c75609ecf1e73e53caadfc137,90010,porto alegre,RS
bf6181a85bbb4115736c0a8db1a53be3,634420a0ea42302205032ed44ac7fccc,27175,pirai,RJ
bf715f8713583bb9ebc5dbb551b8ba30,c84fb7503e3f8d3f1d094719abb6683d,22451,rio de janeiro,RJ
bf719e8e0b81c3a7a2ce1eae9c7c8475,94837a8c3cb6e4f464af8394c3c5483c,11055,santos,SP
bf81c46d2876062acb99e083cfecedfa,d3a77926dbb968c8459c2a2cd548327d,04343,sao paulo,SP
bf89b65c75259700abefe8c5828d7010,7f6b5df9c365fd7f174995b66dda1277,88372,navegantes,SC
bfe79f9f71b7875319f353101fa53a3e,1ddb550da11e89eca9c4e1a9a7cb9154,89010,blumenau,SC
c0078a50a61a1fcaf1f3d7d3fca61230,c4ddab9482e8e41c107f7985f702ced6,41830,salvador,BA
c015a1e9dfe7e60a802b1e3bdc882e08,9b9d638e6673129d226f92a30574911f,72878,valparaiso de goias,GO
c028679f52ba4535e788d2d70f32d7cd,bbe6355f7a8178493809c415b956b078,13418,piracicaba,SP
c04eb50c0972e84c3c4f3bbe3e8e4205,d197ce1255a1bae6e7f97a475f3a0e99,22793,rio de janeiro,RJ
c0717bf8d4587e085bfb7bb4e8a52e33,c7e7c9292cbefb5a73573095f0ff21a6,39400,montes claros,MG
c083885b437889d9282d636eabaaabb8,239407ffc2db91f9b09951b93ce92c52,37750,machado,MG
c0cadbfc48ec27d089138f4e1e479556,9e3cac59332ea9fb653f78b4340d638c,04130,sao paulo,SP
c0cc59cb5d494116de580acf7e6c46ac,ef3210ff1b594a76939d1b3686e7fd02,91040,porto alegre,RS
c10df225c03861cca258bdc8f9e29cda,168ad562bb545e78897ba109581ce790,71699,brasilia,DF
c14f029f1f1925a1094b30437a8425b4,5a4fbd332ca470b399a62dcd8067caae,29970,pedro canario,ES
c1668d67ed2fc31300b5c2e60a709111,33909b7a3aadac8943ee99a62745f3ee,04718,sao paulo,SP
c16889a295fa3650d502c5eb2e0fa5c3,a1c1665f040ebd05f327c8e9dc1cdf4f,38307,ituiutaba,MG
c16e0e88c09984e5956c444275f35f67,ee478ab17bcc9cf2909f690b72e1bc62,80220,curitiba,PR
c17e22ada66b6a0582a07370338adcec,b5c79cbdee6c07d236c96313f89455c7,11310,sao vicente,SP
c18b64a465c9f5309872862fe7e84ca6,a1d02d8e96f1691603036bfcad4df844,88034,florianopolis,SC
c18e8169eb0401dd69528d0706769028,5c3e72adb6df915170e970f436a0fced,17400,garca,SP
c19bd2838dfae130a38bbb73470aa416,b3c593f8c2ee7ebc1a63b20d7dd20429,99704,erechim,RS
c1ba1e137fc4fbf24655b5fcd8aae28e,f5ffd5d407a26d37fc0e0b2251a402ab,05303,sao paulo,SP
c1eb5dc27f311b18d0114fad99dc91dc,edf60415af3f7ec6da031ebbb8abb471,45605,itabuna,BA
c2043136b06ed8ee03cfe2c801d8d145,86d4dc92e6974f6b3537470b87fa120d,13206,jundiai,SP
c21e32dc14bf1951f1cde9b3d149f35b,e3473cd317c18ca696e241815aed4de1,50710,recife,PE
c238a7a6b8fc156a606a9577031bfa43,bd058b8c5379020eb275cdb503088d9e,59066,natal,RN
c23b19e27fbcb26feba308d4334557fa,cd3f452007f97b93e34fa15acce7b9fe,30775,belo horizonte,MG
c2430380d5d3ec51f5f8128805b6666d,d88b5197b4f134c48c23b5dfbd4747d5,35774,paraopeba,MG
c24fc4f24d2c6bd64d612774f52d6a97,f7f16795a1871264c01bd5464a30b437,25070,duque de caxias,RJ
c2a147742844075d9ecd7f1b17964a3c,d782a4eb20c1a33e026cdd576fadea73,06852,itapecerica da serra,SP
c2a1da0b8e0ff83be4deb1f0a9243364,95aef1d7779533d41672a7a831cb2205,20735,rio de janeiro,RJ
c2c28bc5d6302d53fa45f5e2c69aac3f,f31b8f53732f84fbce99dacd60e259d4,01526,sao paulo,SP
c2d6392933fe92da78c503e94c37c552,d4e365482617be6d91e1271aa793b3c2,16071,aracatuba,SP
c2dcd18bfda62523dbd2c53ead8b5fe8,02b20b7c813efede140142ac610e36dc,03337,sao paulo,SP
c2fde72b6ea882174c3b30c61bd65ebd,d19dc878423f423680ad50ae40a68a64,19880,candido mota,SP
c31d16b70312fe66efe4c36af432f1c1,ed1e010993ae4ef6d22c896e49b174ae,78060,cuiaba,MT
c3251a68f1a4b3225f7f861a5693fa49,dbc19912d7a5ce777b71178146f803f8,03256,sao paulo,SP
c348bc75888d19850f16cc205013a3af,47d247db5e582120cf919464317250ce,26570,mesquita,RJ
c374b0cc201a392bd2bac0b599803469,b8916bc2a46ce5e61f143f19f56ea1f8,09430,ribeirao pires,SP
c3bb4adf79d8cdb402731cee2fc0f861,149d5d9046eda328cfe55e73c74af638,21330,rio de janeiro,RJ
c3cd038d997ea6bbea55217829a7d158,0aa1ab39ff2b837c05d7c9ff85b6d983,11702,praia grande,SP
c3ed98d5b448548f7d7cbd4571641183,ef485db541e9430d3020a6177649a465,36570,vicosa,MG
c43c23b9be9dd58496515530e4cd5f8c,2dfb47f553da7cc2a4b874efa420822f,51021,recife,PE
c440fc4fd60fd9083395f183aada6d4c,415ac25ae6868ab36d6a9407ac982fd2,13454,santa barbara d'oeste,SP
c4431889054423d14f32d584f7155bb1,45ce9c14f4f5486438cc7e07ef70db99,52090,recife,PE
c44dee37ceb2eba1a4c21adb28eec6a8,20d8ee7a865ead2c077ed57efba41c06,35740,esmeraldas,MG
c4a52e51855bb2501617758f2484b199,76ad2fdaf83fdd5c92cad85e3c8c37a4,73010,brasilia,DF
c4ab9534c84e6ebbc22853ff357ea2ae,803370695e05d515d9e3b347a425d2da,12312,jacarei,SP
c4d22f031c3697072e4d9186b454d5fd,39a1706af4d16eb9e51155e2e5d9b264,15025,sao jose do rio preto,SP
c4d2b683c330b5cc6e6ff4b3dc6fc81a,cfdae7e760cff0363c41e703f3103b2b,83706,araucaria,PR
c4d9b9bfc52725c22a75694a5eca31f3,26f97eaf9f9daed27155eb87109df5b9,90470,porto alegre,RS
c4f27e4018dec8c1bb82c0e2ce63d47e,6142e278d63f40dd65e24a89cda7f4cd,17064,bauru,SP
c4fde97f6e821ddc92b2c39c7c77b95e,77e223f4a031fdeb1650e797bf4c692a,21250,rio de janeiro,RJ
c5579007e4d4b4985957c919a7d40923,2a0268b911553ed982a5f628d5791445,08223,sao paulo,SP
c568bdd5a6d9b5aab1a7a94b1bf1de3a,5d4953dc6c4c521130ba62aa82c6ad85,90540,porto alegre,RS
c56d35b9a9d16dbacf20923026c3a06a,d464cc021c7785710f793fddf3ac4d2a,05658,sao paulo,SP
c577dadeb07228715ffb1ec1549b1c0a,51de9704422f34604c34a14593bea7aa,22250,rio de janeiro,RJ
c57928c036644588414e864683ff1da2,3ac85ec3c4d4071a896eb175c9c2e495,25710,petropolis,RJ
c5815bc51a3e03cef5eaea8d5cbc04da,0ebf21c280ff67f685601e326ddd5f20,27113,barra do pirai,RJ
c583f53deb44f18dd6def0714c11cb69,8b66755d0ac584d14d45bc7dc6e792b7,75909,rio verde,GO
c588e9a4ff0b056a13d5cf0300b1a129,6a7e7be8e652da4e4777866459f9b007,72445,brasilia,DF
c5b811eb984b0d3ad5a3f8a5fc439aa6,09083515c735cc500a6aceb09f3fff9d,83015,sao jose dos pinhais,PR
c5da1fb3c49637fc168e5a95a67b73d7,c3808f7c80ad3025f7d53d69e7a297cb,60440,fortaleza,CE
c5dcb73af5982dbcb537f98f4cb30f5c,caec7f4c35c45463f3f69f742c0a224a,06717,cotia,SP
c5de7db594b246f428940ced283125bd,8c792a4fb7f5d708257abf55fa899ce8,69918,rio branco,AC
c5e457320e81424e18d8d9f78256eedc,c4200f291eb0d916c376b5f75d0597b3,62050,sobral,CE
c5ea7eaffd9007a6eb4f4ec61f705def,b1e29255aab64f2a8c9b98f6e466c73c,31525,belo horizonte,MG
c5eca7583f81d2c723b797c2e710f0e0,0b372b8a31a8de04042945af8b3e6d97,12260,paraibuna,SP
c5ef4b508381ea9766c2d7e798985bae,9e165c07189ceb3281283340fefa76c5,14500,ituverava,SP
c5f1305fe9228545294036db7d4ac658,3c01383209a7ed0c991f655356a601f2,04166,sao paulo,SP
c611a87152a511b73b2b6d639cea5034,cc3e3512bd101778a2eb0f9911df0916,04840,sao paulo,SP
c616dbff41c008fb0d5f5e7bb8e742ba,5420b1f106ead41c96e9e4a19ed293cd,89201,joinville,SC
c61835842a958b8362ddbc1051a0c0e6,b28a2a196e0b078fa4b86885041b4ca6,07172,guarulhos,SP
c6188332d03eda1612e7358123e012df,8970ab3c1e233a3b742a8ea7909518d1,85810,cascavel,PR
c631648416d171bac17536b0e588cc93,9cb9e18ccdf5fb9abd08122545888873,14020,ribeirao preto,SP
c660b4750bea299993849b1b8d388687,5476bd5b740654cbc1c5ee1458f446af,09961,diadema,SP
c6a5b8db6885e67c4fbb7f21cae8ba16,e0a09cdeebf0054349e0da18a0c05480,13040,campinas,SP
c6b64401a0be444212469af843064dda,a5f34845614d50b79ae93cec13a54086,39508,jaiba,MG
c6cf18b71c8f0e99e92df766996aae66,2030093618ba6ab6c8d9047aac996be4,35164,ipatinga,MG
c6d3d8578f934785cb4abae7ba2d5c0d,76d1df67cfa34a2c4606537d54aea0f8,09371,maua,SP
c6d90ccb4260e1d4ec587ab1463752c2,aedcd7bb3292c0baeae60ea9e84a21e6,90240,porto alegre,RS
c6edfb7641b6f29c6bf66ddd61108cbf,2b47892cf01b01af79b0beeabb8b4166,05713,sao paulo,SP
c735eb0078030fe24d1ab1390468c19d,127f0ff2f4e52925f03388b3937c09b6,06414,barueri,SP
c73e6e8a8b134f319bf99f491bfc147f,7ccf289b6c5f2c9bb62bb044cc15fa5e,89110,gaspar,SC
c74004aa7d4bf3fff88c56081df5a48e,009dd7b313c04f4ccd9d4e423bc04ba7,37757,poco fundo,MG
c75e4def2f3ec80fc03a535c4f9b37a2,07d3ac0b8a40ad4382c576f69f81fc75,13272,valinhos,SP
c7a68b2b2775db26644d8f4e28c03604,6130a170393fd77f23aad7bd7c6f5a83,09060,santo andre,SP
c7a7c4075f96326be4f51c96c534fc39,8f1c77acfbf32788ec29d7028e63498d,81730,curitiba,PR
c7c0e37ec67378f2ebf1512797ebc2d3,c223b7ac9fead9ac6517fae001822112,52040,recife,PE
c805f98a53f91cc2794ca2402fde6cd4,06caeb75009153db427a6098d7974115,84268,telemaco borba,PR
c82538d5fbcae9bd56b9ff35b1f4750c,9a50ede99feade17044b90d6cf96627a,71676,brasilia,DF
c8271bb8b445bff7d05f359714f06763,43e153a2e8f22e54e3c59a6555bce16d,20011,rio de janeiro,RJ
c838dbe3c48132e437910dcbae9328eb,187d69cbc34ab5461e5025904d7d6e04,37570,ouro fino,MG
c83e383ad11fc7197adf9a062293f188,b8a11136550032517dcc9183f87c057c,17205,jau,SP
c86b9d401a0061cb8eedd4bd55633b77,3f0b6d51a8fc078d8a6220c46f0db258,11310,sao vicente,SP
c87d1af106a3124ab0388c705633d546,9f0177eb48d4ae48159224f350796fbb,53130,olinda,PE
c8a02fab716a574ad3bf2324a3bd5179,fa42cf768048ae508f121344760c718a,37004,varginha,MG
c8a0b7a3747bdf0764e839a4d1ec1d20,ef4b8074f8036f72703b3dad56d970a9,09010,santo andre,SP
c8e34c509fee92d0749bfac1ceb497a4,698a9cafcc15cac8cdbaee64adc6efbe,29171,serra,ES
c8fd59bd341fb70b98b85a0a01e4def0,5b40b6d003822b8ff229a910784fe4e5,17210,jau,SP
c908a3e881a6b1e45aba3336b478f445,fafbc4ecb15933633821dfd530c9263b,74555,goiania,GO
c9208241068995082892e349a3c93140,65d6b6a1113bd6152e3307e99c5104c9,06223,osasco,SP
c94505e1ef376d9df87e5c35a2c5dc2d,9f132e9deb8acae2b60d132499bba0b5,80320,curitiba,PR
c95a657b0a8875f1805ce9368a62fbcf,42a1ad0abc91b063c07e5d9e88bb2204,03421,sao paulo,SP
c9802360688432c3bdd2b2b29b3514d9,b7420bb66e0f749306253b477dfd55ba,21051,rio de janeiro,RJ
c9a6410aa7fd6f33bdae09357f8f5c57,0c7368c88a4d7cda228e3412bd2824ba,48608,paulo afonso,BA
c9be31eee5d42b016032f115e6640689,753e0db552dae3b85fa02153705d95cf,04750,sao paulo,SP
c9ea27accd209c13378af27611158cd9,5accfe1e65e8ded17c514e63f3499668,78053,cuiaba,MT
ca0448b0e38ea07c04f29cc6e1705a3e,841f30966ae0587fdeec6256304dcb2b,24416,sao goncalo,RJ
ca090843ee5ff7e0f8168d693f8b60c4,28e3b4a14a28881ebbdf5384e004d6fb,24426,sao goncalo,RJ
ca12a8820b7c20dead023c6604cd8f00,bf46c400d1900092ee530d1d0d8850fe,22795,rio de janeiro,RJ
ca150f7080297fcc2977fc1bd5fa2bf1,6ad7f988a8d4cf14bc53155dcebc30ac,01544,sao paulo,SP
ca345cb1e12c873647c273a2a7985f92,0ee0424f2f4840a282623b8eae4ccaa3,30360,belo horizonte,MG
ca5f917f62d02f04d32f056723123cec,68f3a52343959c68d75e042cf82726cd,88110,sao jose,SC
ca8fb6422920b579e8d074784240c05f,1eb492e4bf295a22e567c08f24399a67,06465,barueri,SP
cae9d735afc2ad81f179d5c3c785e089,b08c819639360dcaa6b051252a52b6ca,29395,ibatiba,ES
cafd2aa4c46d2009f8ae97c20b2ccbed,efa1d1628ae9aca26075d17f7aa596bd,06230,osasco,SP
cb11798c6f6e786afc3afe6a0d34c87c,9f67aa18a87ea9a76854deeb9385c011,37500,itajuba,MG
cb119e28018ffea7a8dc693d1aab7322,8722a311d994356c039af6e3ec44fba0,13835,conchal,SP
cb31a825fe443be3c532d58371f1bc45,af20ffafdf4bafa0360312fc2220ba6e,89204,joinville,SC
cb81c00a40f9a727ec1962ef6b18a495,97bcf487c3a1b9c51143e8ae93a9147c,01103,sao paulo,SP
cb8ad7d435f596c86710e3a5ec531294,dd38439b7234a962580852c20d68a328,29060,vitoria,ES
cba41b31b4bef692a351cce574603b5e,2433f2a7a441dc7f159530aa84babd67,04018,sao paulo,SP
cbdafd2d712b8558733da4a0522cefe0,329acecfbb84c6d62800e8ff775fffb2,70762,brasilia,DF
cc5ee8a4c40090eefb75f6fef70c0041,0e160b9e089dade9621eacc6bca590d6,74030,goiania,GO
cc665602c5a3f9487780d90695667353,066db19e60f728fee9d3e308792e5292,06412,barueri,SP
cc8c2d369602910db921cc22d09aa33b,442ad7ba94a268d72f436bcb3b663841,35180,timoteo,MG
ccab16a93f386fab2c64bdaf71cbe1e2,cfe81af64110c8dc0d10459aaf9e3864,02402,sao paulo,SP
cce86266bfd092e3938fe969666f1534,9ce4185d17f75a3b38eded0e2401ebd2,40355,salvador,BA
cce8a7da61bf170e0e1780b28b1e3ac6,bf257f507db19138f5bc4065313c1f87,06764,taboao da serra,SP
ccec27a960ace5d580c23cdd267a963b,286b32b0c700fe3b21326f14d19c6d21,37527,conceicao das pedras,MG
cd0f4edcbda5a1922810b83e7233b33d,7c1cfb3c097e0f1caa90bb17675a63e5,04187,sao paulo,SP
cd2323501d2be6e4536cb19e12c6a92b,fbff9b6a93c88f5c1fa0c3ffcf243d97,62011,sobral,CE
cd259f364efa4e2633c2d2d2dd6f25c6,a25e4309a2a4740517a478124a467eee,81810,curitiba,PR
cdb5bda2e2203d57f2880dac0d661f43,1dedf503639fdb47865028c62383868b,51230,recife,PE
cdc3c03dcbbe739ea43815cecb49523d,2d917a257df793930f9ee3ca7fe0fa01,75690,caldas novas,GO
cdd95abd40476a4f5f391bbf0edb3735,fd095bb7ea8bf82fde1a1c1006d4774c,27331,barra mansa,RJ
cdfac3f96d217d92695d399b05fb39ab,29f1fd191f8a695af4483d460fae9dff,18132,sao roque,SP
ce05207bad22b9e8c744d1b1ea2ea0d2,7a114c4d600e1eb56f331eba875d38a6,16010,aracatuba,SP
ce5a044fc70f03fbe28127390fa27373,ac4df804c642369d0fd3fbac1bb61561,13221,varzea paulista,SP
ce6b160f2d93188fdd18287c6f4d2aaf,52ca2c3eb36adc5992314aa32aa16be7,68925,santana,AP
ce6c68a9e878e180d72621fe4d67fae3,7669954964d44fce925c9799a1a84f9d,01103,sao paulo,SP
ce706e81decc274e0a5a183d1690385f,9ff82389742ddc09abe60d74f00ebde7,15570,cardoso,SP
ceaa43caa7094473fba71c821b5f4630,0eb2889f466dc1b6f3556ebfd9d7691a,53040,olinda,PE
cec09b32ae4d0d0cbaa540645255210c,fca35a08a91d4a9254cc99889fc3d9c5,30710,belo horizonte,MG
cecc7f9a9384f6df323bef4be5f761a5,bc66bd60a7f0b5f383ea4dc59081f47b,04466,sao paulo,SP
cee3e95e0b9944bf7c7c6881c286564b,0357aaa4d93f1704a3970255a474eeee,12513,guaratingueta,SP
ceeaae7ee13b40a086d0140281bef2ac,d9f2c7c53b2b8071bc518513a8c7a735,85301,laranjeiras do sul,PR
cefa00948b23355e8ec172176abe28fd,e3b1f3b205e31ad967dd530e13d6504f,35500,divinopolis,MG
cefb21b1a6f1db8d2c2af1eae9f92cd8,a149aa32a965245135f7e25b4c04c438,31330,belo horizonte,MG
cefd26f9b12d8dc01a8029667888206d,d9e89f398fa941ad5110edf696b0918b,17380,brotas,SP
cf0b03b5cceb5984281a0f1a4cc62bf9,f5dc277198269046768e02dda2f5e4a7,39801,teofilo otoni,MG
cf258f4e485365461f6a68cf2720c60e,18039e7ca2a459172fdc784e93fe834f,36302,sao joao del rei,MG
cf3901625675486ec08d60d5fa7bb1cb,ddfbd2ab45bb0e6bcb52807ce96f0bfb,15410,cajobi,SP
cf544342dbae7bd5aeec9184995191d5,ebeeaf8cb797f6b00c9170a18a7b7ecb,22795,rio de janeiro,RJ
cf9d02b5881ac8b8c6c2c5d4be462589,02d01e34105848c4f70c643817d8b904,87203,cianorte,PR
cfb4fa55f883a3e7ee496c5c57cf0d67,cd98cc4564e9716a9dfdc6651257b96e,08031,sao paulo,SP
cfd12c4e955089834710685baa29f08c,b4775b5dde68eea0f2a3b6be67bae35f,05618,sao paulo,SP
cfebfc0e3c40c12fa6153e1e76d2685c,6ae98e2bdf8d09e86cd16479fa511f9e,59108,natal,RN
cff157deadf46de66ac1eb7ead76deb0,56437a026e07b2b2271b8742aee81fb9,13340,indaiatuba,SP
d059c0ff27cf08f6d6c79bb6926c69b0,81ea1f2d25c94b2d16c143331381635d,38175,santa juliana,MG
d065739818d474d19dfdb51d54c0a1e9,b0df0c28ffa58ea9035f06f993bc717a,37701,pocos de caldas,MG
d06ccb7295eb16b03e1539665c0f6e13,f025f4db3745551e06331b5427891dd1,92410,canoas,RS
d08c845f3bf2ae665a2fd49eec24a3b8,6b1b676621a55a12546f8eeeaa12d4a7,98787,santa rosa,RS
d0ca176c890a0570ece08eb8f2a4a8e4,d4c9f9c8a6e64e4f0cb3f3725bf44aca,88090,florianopolis,SC
d0d213ed2d6d390dc1cc1e6f45706c8b,08c07c761592a71b85136aa4fe76a6f4,48890,valente,BA
d0dca9fa8ba474fb83bff280931f0bd1,e7cf222a194b3cd7ac2c6afb7fa8d6f5,85813,cascavel,PR
d0ddacba5cb9f6eb8b0c500d6ae93e59,44772564e98a8ed0f1afa3bd32bed4f7,03460,sao paulo,SP
d0ecf87664a643c8a15a7ef0089df407,ce740f5e5b31263575797c91a7f7c15d,89215,joinville,SC
d107a7ac2cb11a52b6e269d277c17652,fd28ec404b65abf3e0ae6245d79948f0,86020,londrina,PR
d108157033079e1a1a7ff80773654263,3bf67d55305b73f9028d80344b68ddc4,03816,sao paulo,SP
d10e34f0b33060cb2d99f93170da292b,9d9563cba76155af23cd0c8390d23fd6,08390,sao paulo,SP
d14fd2f32ddd1cab26e66bbd544bd17a,6809a0e1b9eb9d98b7c4ae5370f3035d,08583,itaquaquecetuba,SP
d1620e380ac9119df0c9af90121f7fd3,78ef40bbcc1da6661e3096262aae9863,20560,rio de janeiro,RJ
d16d0af538e904235b4e054ac80bbf91,c83c41456526926a16e2f95d3652b6d3,29216,guarapari,ES
d1800078046ed2e5ae1b0792b695c56e,64fbafb2935c7a2588d6a26a9d750487,03063,sao paulo,SP
d1819907684da852e53bc90058c7a11c,0a522b4ae13c0e1957bf280aa6620ac3,20521,rio de janeiro,RJ
d19ac15829280ea8c8f870d7e2d49fb1,3e05cc5dea6032de7ad2824d0d719740,23585,rio de janeiro,RJ
d1bbefdd8f2792e76ffd46b849437853,4423ebd2c7b14e34ce996d757895bd3f,49065,aracaju,SE
d1ca2f71f763751aed6278bc5916151d,56e484b0c50cc7e21b082b9d4ebe4ef7,02362,sao paulo,SP
d1ed41bc427405c1efa9aa30cde87249,4fe18ceb1eb7dad8e1af63c263cadee2,88085,florianopolis,SC
d1f032b04e9f3644c7c20df464ad1a3a,ee0441e49d6a79a3b60f0d56ad879175,27915,macae,RJ
d1f3606bb1135de704d89880f90cc675,4d217a85dd8a6e4f9c2102da961bd7ff,09351,maua,SP
d1fcef8497d8467278fbf8b1a4c980da,8fcf94489d63ae96b1cfc198fd6079bc,09689,sao bernardo do campo,SP
d2086bed6bec231d8db6a6158cc4b407,ce66235f3ae695c2290c503c5bd108d1,29360,castelo,ES
d21101a81657215bf9d86ccc3da340a1,9ba58a98da1d0abf0bd1e422e06c9051,18650,sao manuel,SP
d2292bd5e20f916bcd821edcbd8a4c97,4ef75acb45330a4164b7d732c1dfc798,53150,olinda,PE
d26d39021910c806c4dae58d3b287f4c,53ecde7937525354e79b73d18bd34e1f,12942,atibaia,SP
d270ca43fc5e983b710a3cf58d3fe85d,c637528a973c7d0760ea0fe89be03756,05735,sao paulo,SP
d2791613005cb0e44b5732c48bb8ff42,5aa40b15d02d84c3df1aa2c10f9f3625,38280,iturama,MG
d2815a06e5b96751f1ebc04d6ae75fca,e5535f0b3bd13a577b26dab17ed44a0f,78020,cuiaba,MT
d2b04b539a76356659d3e534c5a51ff5,801df057e3b5edd086fb9d1410385c6c,15703,jales,SP
d2d83da97b053656de05c3a2184666e5,4f1455bdf967d9144c8f55c7b99bbdff,71215,brasilia,DF
d2e258817e38dd6847a2dead3bbafc05,0a3ce869b8386af24386cb035ce6f2e9,05432,sao paulo,SP
d30f1d7a3fa4dbd466d76ae3c8082599,ac866b5de5d174d371b4bc646bb1dc28,96810,santa cruz do sul,RS
d3583f0406695312a26cf86a886caa70,ca5825e028f8e9be9b60be025b79a0b5,11473,guaruja,SP
d35b53d23b85638c39dd9d4e6a51f36a,cf884c75a00eb3b8c5d4337cf91aef46,12941,atibaia,SP
d35b5587adfbd22e54b0c7e32762359a,5adcde68f0d0cfd95225aea102dd0167,38610,unai,MG
d3635b8eeab30334c8add14ca042370e,9b72a613e97d3ae0a93eb1af7d57b4f1,01050,sao paulo,SP
d3734b07069f813524d5e7b0787b3a3c,5568fb2b583235812ed08eb9587d0465,23831,itaguai,RJ
d38521b8c94b38e74554395115ca5c2f,9a33dd59711dab6f08d324eee7e03ee9,55485,jurema,PE
d38d6629ae21f5962e9ab76b553360ca,ff1a8a9c9f33c1b295bac1eb7e11ab99,12324,jacarei,SP
d3ba320dfb5cf664b1437a2c154aa2de,9eba60d6202c93f02ec0694deb8a25ad,29303,cachoeiro de itapemirim,ES
d3bd738261705a7ca540dad36d95623c,e212d08343dafad3c0067bff58799298,72210,brasilia,DF
d3de790e516d9c92c74ddffad4a48fbd,f2ab099d70e9378077502f9520bb2789,31030,belo horizonte,MG
d42fb8a9dc7e9d3f864e31f2c02cee15,ac47517f3eedea1ba72cd20b843de801,04052,sao paulo,SP
d433a7052842b27ecc5ff0c94c3b70dc,60f675b9da2d000b23f9e9a838f5a83d,01421,sao paulo,SP
d436a01cbfaa1bc15ecd84318b408a01,0c896fb1fe1fc0c624cf035a4fc46699,66620,belem,PA
d49bac4ac7d77b956f2b185ab700fbf1,51dc56123336c573f2977f5da81b17b9,20251,rio de janeiro,RJ
d49cbdbee1c22fbbc2ac603f3c4f17fb,4c9f7850ecd8952525191c444fe9079a,35900,itabira,MG
d4d42d766020a2cab496ebe924934162,306736007abb1d2a4766945f1ca006bc,11520,cubatao,SP
d4fd1b1267b39e94b38a282c2d80e7ae,de0344bb141d818d7ff8c0b73eb04d7e,08820,mogi das cruzes,SP
d5074eadf84056c1ffc555aa27846171,6576977872dd65f5b680e944afe3a724,50660,recife,PE
d5114ea20c2a52447a40aa1e87bfd5cd,f9425b912468993ef72b5056801b1957,87210,cianorte,PR
d57d800819fe0e64bbd7b60653cb4168,3906f8113531d94413a0b6b7cbe11bef,13087,campinas,SP
d581eb6d9fd28fab7f1e4b19989f490d,e1759df850b705947d579706a107beaa,31330,belo horizonte,MG
d5898f068b0c163032a416dbe57e535f,4fd113823bb24c496078c6f937487fa9,04144,sao paulo,SP
d58c07eea7de10eca37d9a61ab7a5e16,75571cecfdabc450ea36b40484fdc052,93022,sao leopoldo,RS
d5953c17ff6eb3e890cc06072c6894e2,b7939839a65fa5d44768ed0140e6c4eb,15440,nova granada,SP
d5c1cc3d673b9f1e655ffba6b3aab893,8a6f91a57c40b447d9814c5027108194,38500,monte carmelo,MG
d5c5cfa0d8946f798c28c55c5e78b55d,772a9ce93e9415f94ca3afddeb78884f,74115,goiania,GO
d5cca9a06792efce47d8a9aaf94446ec,af42b7fb8707f6e42736d04d2073e2e2,20061,rio de janeiro,RJ
d60157b6edc4c62efe9bda6b47cadf5d,c2f1bd7529dcb6abfa92705130fe3299,05567,sao paulo,SP
d601c3396c4ce0fb5d5fa73400ab8c0b,960118b2d734220509690e16787f955e,12212,sao jose dos campos,SP
d61f9007e9d3abfc30b266dc4f843ce7,7bc99a9906c2b5167e4c6852ef4eff33,39530,rio pardo de minas,MG
d62a7a2386e1ce7e464a193d12fa1ee2,befc350ea3377955e6c0f4cdae51751d,13467,americana,SP
d643887849516332544a149efd961b03,8f7005f5510a6bea428e58e80689a7f5,18076,sorocaba,SP
d6441eef3f37c3edb0d5634c3c85120b,ef0103e9602d12594d19c2b666219bc1,30810,belo horizonte,MG
d64e8d755ff3a2146a4f11c855c52f15,d0db4c3a552894c215d57c2b52bc1ab2,52211,recife,PE
d65bbb03192f8c34ba26b0208ab6cd32,ccf51cd9daa74fe6ce7b743801a25d2f,22470,rio de janeiro,RJ
d66a1a4d6834da22157f93d8f7640a2a,703cfa110ce97d74b07bfcbd76a38760,31655,belo horizonte,MG
d66a67d5008715c5d0fc4c106d596974,b672b6270a0ec1cc5c33b9e2e84c785d,96010,pelotas,RS
d69707d828e613d5e042ac0de8ae64bb,672959d5b438386d5363798416866afa,18040,sorocaba,SP
d69a8c77693b6b01a1305ba425a1527d,53b6f95d4c3e633335dd1e2e058d26ff,86125,tamarana,PR
d6a3a0fbd3d52a8cc638b0ae1dbd00d0,dffdc8e60eab79300b75d9febd9eec46,13175,sumare,SP
d6d256a476e32cfc2b4b0bb56142c7df,e0ca3ec6d4a9c866e92f30c1b23310e5,95720,garibaldi,RS
d6da9177e020c24c7aa0eea0c9a1761e,b8ba68f226b720edd0f6c241b1294a55,74730,goiania,GO
d706ed121a700402a00a1e331395c6a5,fc5bb01ca8c286960484914ced6e7616,38770,joao pinheiro,MG
d713d3c4ca576a7fea14e302b3266548,156dc19fc075ed27519aae5378f84dec,15370,pereira barreto,SP
d71c6edfaf2850bafce5d8a655d34413,29196be5455e33f24dc8fcaa916f5a2b,01315,sao paulo,SP
d721d37c2317b409cf35b0de1fd9438b,fddbda9c640a523fd4ec421b55f4d7eb,95305,ibiraiaras,RS
d730b3e51e279bb9c2e6592ea515ed2a,ad38a36de51f2106e9fca24dabe42a38,21220,rio de janeiro,RJ
d73f48447385ba4ec637815532802b94,b9291fc2d997fe1de1240e32188c530c,89560,videira,SC
d74168bdcb1008d857118300a78f0654,dac384a05ea82b92f2cf956916353fe5,13060,campinas,SP
d74d925687122c0d1cc677e244620341,b2a394fea93b8eb9996e841e9b1f3328,31540,belo horizonte,MG
d75c87c0d73d2c58a72b8ae383404540,9a5639a814c1f7643bf1b6ce8249586a,23090,rio de janeiro,RJ
d77d7abd6f6e486d1a63c1465e1fe1d3,b72bf2dd6bcf4912b47b50ee65bdaa0c,29092,vitoria,ES
d77ebe747b95a93530d2b99f2b2922a6,8fd42ec59d8b5eb1bcf3c0a38ace9584,35112,frei inocencio,MG
d77fce353ad3d53a6a4fb5bf105d1978,4c7ce7066ceda7a26b953bf1b47d09f7,16290,brauna,SP
d78b8b875530da5becdcfbdcbf78293b,f6973363ab87a706ac0b9138b4bd3ac8,31080,belo horizonte,MG
d7a4704b258bf185b274e2d5fa8ec98f,09a4585e0aedc471417a89c6e4ec1a73,29165,serra,ES
d7b2339f118be9c6d98389f6d0c370d4,0c2bb0bab2bf22858fa762d320a326bb,03729,sao paulo,SP
d7c21e2c3bb8f78c8bc0e18fbe065624,a9ee0ffb5493291751591e53992b1349,05302,sao paulo,SP
d7c95dc1ece116c14188092ead3d0951,c0378e9280a6e9401f2b0fd4a288496b,30421,belo horizonte,MG
d7f854e5ec6cd17195dbd7b3ae40cca2,f6bf12d328a894ce8effd62a8a3dc05b,21061,rio de janeiro,RJ
d81d1cacf9539ec096a3524d7923d932,08c65679c8c58f199e9b07a17b11e3b9,99010,passo fundo,RS
d81da029b132ec65b31f0ad2b7d6f728,413329dc15f2130e3e7fd597a51651a2,87220,sao tome,PR
d82eb09949dcb81a38a4b87cb80d45e7,4c83ee458fa2f463b069ecce3d74fb1e,13650,santa cruz das palmeiras,SP
d875cdbfacf9d0e5aecaf6d2a9d77f9d,ac4d73e97aa6d67f64ef83e45f20f668,45822,eunapolis,BA
d884f544da907f4cc6ffc6504f6a27c5,012b8001e47392df808a454083a74b74,39472,capitao eneas,MG
d890eafae5bea5d3609d7fa0b22cb293,acae1e4b2fc65a8f2395aad32b15c859,09993,diadema,SP
d89233bb26267fbe7854eb9fde2ceb84,8e52214c5903765e10f948b1c062ed46,78340,juruena,MT
d8997170c547894068db41c30a3c574c,badf212b4f8d94fffefee5bb59805f6e,13401,piracicaba,SP
d8b137e462d7f9a924b30933c057a539,9a6a49b8ad355374b22027a1e66375d1,09771,sao bernardo do campo,SP
d8d4bfa3aa3d6a7fa3760a50e532383f,5711423ece621907bba6bdc5178c0f3e,07600,mairipora,SP
d8d5514df601db9674d6629aa69987c0,3f75097158fca0329354ccb3d7435913,78050,cuiaba,MT
d8eaef18d54f26637bdd57fb1254bbb6,09f54e88196d12eba479017f13f0e237,11035,santos,SP
d9108760f04dff71ffbd0b1373a1b9a5,0cef8ff1f87c67d578cd86ead3933fe7,03648,sao paulo,SP
d92dad317923ebe6000da15d6e1aff00,250d6dc6fee680266e583e286b553d2f,64086,teresina,PI
d96bb805d2c42af018ae5158fae49e2e,9835179d41a3cd33cf230e728fe85798,11045,santos,SP
d98a954d2c0d995688a33b6f8b73bb56,fa3a5c745f1633b2e160f815c75f51c2,11703,praia grande,SP
d9946163c70bfc5dccb45abf8786ef0d,8ee8b7d504a2a0f5a7e2fdcd6b984208,06815,embu das artes,SP
d99f288e450885b0341d068671fcf5a5,e7cdc794d420a4e11194a8ff9b80caec,89270,guaramirim,SC
d9a14369332805c9204ffce41311e330,a3446c44d04e3de440b235e4b632cc57,35120,itanhomi,MG
d9f11742a0a75e0c515223b5d85625e6,f11e661fa8fbdf21fdaea982ca44b96f,21361,rio de janeiro,RJ
d9f3d0cf8f434367e59ed7db2eec21e4,582d734e27e3846ca8a985a4fea6b6ed,07991,francisco morato,SP
da1f466f842c43c7cca930e1edd5c618,43ecfaf78ac785c896c7136921091fa6,04063,sao paulo,SP
da6adc0743aa6dc5915ce78d75e15f5d,7d4e9aeba2bd5f902ccc495fd880dfdf,64018,teresina,PI
da6bee092c65d53d6a2a8a3b51d6cfd4,15b002c1c3d9aeeaf558ae983635bf85,36280,carandai,MG
da8b9783e21781bf0cdd0e580d4b4db9,2c22bd0f6f94ba7aaa846a3c3285f2dc,70386,brasilia,DF
daa89e848fb45343429ecba9c5021aa3,8dfae09fe8bd258650e619a48ab89a63,18025,sorocaba,SP
daada56f7d2e74dfd291d652b7e03ac2,b830bedf28690adc283cc2fc24a61768,17160,arealva,SP
dac2a878acbf2187202983aa998b1a0b,d3b3df82f6543dc02057ee6382c4e600,13418,piracicaba,SP
db020f723e4bc1be8a09d3f47cf2c94c,6c124e9edab5dab65a8f9a2a8f5686f5,89985,palma sola,SC
db09d0bb5f4653a481b7b26f723d23ec,c848099c1db74b624605ff8c3a424f2b,84016,ponta grossa,PR
db12eed5694b676a8e2e6943eabf3353,11494ac4b94a215ddb5a75f30127071f,07792,cajamar,SP
db19751490d5753ba9cd7d538da7181b,f34f3c96d473c4743137b24d15764923,09450,rio grande da serra,SP
db1b21960a9c96c9b4b8a1b0e38b8341,330b07d107c92a4d3e2a36e7dc77fdc9,03668,sao paulo,SP
db2cd76dfa613aae8ec025a8bda2b3e3,77bd6a038c46d39d2cf808891fd1bf21,13990,espirito santo do pinhal,SP
db34aec8913fe9f462bf2167afd258ca,0e6d20df2d2c4ba9283ad121dee84e1b,13876,sao joao da boa vista,SP
db3bbf11328750d53f41595e455cb030,e733a2629b5e8c98bc57ee6e1770ba2b,55950,itaquitinga,PE
db59c47f100c554beb2fdf19d892b32a,52f8542252b5cc4028e9d6df45944bc5,05716,sao paulo,SP
db6331ea477ade9eb6cef50909c93230,1905e93efce7230225a12a8b9ce1238c,36700,leopoldina,MG
db72b1bc11dfa3a7d4dc04332a77b651,ee94c6489208799271238c965bdbd1ac,06784,taboao da serra,SP
db8778c6bb41f50c45603b5ebfa92cad,d326a25224130057e076fb4ae89c5bfb,03164,sao paulo,SP
dbafb27f4934a7d05ad5c80b5dcb8d0f,8b5cd6bf4803a4c6a1ee54b841dcdcbc,90035,porto alegre,RS
dbbdd5da6d15f24d7d00b601170a15c0,e6fe4e68f737378b0b1cd2a30e5451b8,89140,ibirama,SC
dc0bb7dd2728bf6c65fd99487754c55c,5301cf10a5bac57f36e3a610d368ee77,06458,barueri,SP
dc20dd848e86e03be23cc9883378cd65,ae16e6eb8860cb4603641fa754f4c96d,25231,duque de caxias,RJ
dc233f140b9e24d75d5a1eed74e21c2f,21eb9a3add596f5c87ec9a7f4a3aa2d0,95082,caxias do sul,RS
dc66ab9389433904b412c0f0b4e14363,95df81c7a10fd30caa61bcd7d0ea4e4d,78300,tangara da serra,MT
dc6bbafb06f7a0beb4595125d0ea75ff,48dd0ad9052ca9a7071dd43f9cc8b27e,20550,rio de janeiro,RJ
dcbfb65ae9125d8e25367087650ad49c,e8573cf0c22f146febd2f92fcee5d1c4,04531,sao paulo,SP
dcc0611ff5be7beee83892383507927a,90f50d331b6fc558d5be8c903012d56d,96030,pelotas,RS
dcdc2e29ce9bfb07a3c6d0d1e0775073,3cb299a034806c72f41c926e8231ff90,04325,sao paulo,SP
dceab7a0356dfd73d5b0f9c14f1ce7ad,3bea625d5075352d71df6c3c074159b5,17220,jau,SP
dceaf9dcd20fc507f743eedd7e67ec7d,3c58850429894af14a7b8bf6896ce542,04474,sao paulo,SP
dcff5ba8cd5e93960bb494141d39df55,914dfdee6667429de224d7a633cebe7d,94080,gravatai,RS
dd19811f111cf44a0e3d97b617373301,d8020dbc8d6b3281e15cbb54722a24f9,22240,rio de janeiro,RJ
dd7a9d920cff1f70c5d4bb121ad11608,4cad7368c391ac8e5661ca1db1752901,95760,sao sebastiao do cai,RS
dda2b235f786aea49bed5e3618840666,71772b0d7af510d23c2a110e0c87c1fd,16901,andradina,SP
ddcb9a6c17c703895e618d0387f36f96,8f2da21ab83bb5c613ee719e47e931c0,33913,ribeirao das neves,MG
dde23df9318a2e048149054f17aedaf3,106160f93a08c796a79ec8239ea7c76b,13490,cordeiropolis,SP
dde388ccd1b81511edd5cbebe81aef1e,85e58f257653373ed909f54fe93451ea,36900,manhuacu,MG
dde52768b1a81f7cb1ba0e73dfde59e4,e8eb2f666ca9325e5dcfca80e60576ae,97700,santiago,RS
dde9aa56108832961eb53e80ac4a2e5e,249bd5d40e52b5e10280890b693bc49b,88270,nova trento,SC
ddf1bb1abaa86fab121917640f8c04e1,de0da602258d4d3b1441f62ec4e7dfc3,05409,sao paulo,SP
ddfd8d13c24e4c70c557721e3911ae83,c4a615a0882a12ece3f6ac5ffac33799,13260,morungaba,SP
de4347cfed448a35884a19949bc53087,eb5caa085fd188355488d899a7b41e49,47950,cristopolis,BA
de7a087330a6bb7fe20d36390a5c2574,03d5d879b6583adc0d8b84788ab189d8,08572,itaquaquecetuba,SP
de7e11286b6aa5ad93fc02addbb32387,701456b03aecc8f52bb08abd823f75a2,28430,cambuci,RJ
dec0327d097743b1b1f013842e6b7f8c,5444e02a0c3ca5f9f52083a14ece5ffa,14990,irapua,SP
deca2d5050103f7094d493ae01a5163d,aaed343de3aa22691c00d669d59a37e8,11065,santos,SP
ded41dd5d45a3f9b3d2d5bd45d0e9854,ad4e97d7dfdbd0888a62736e46965c01,24141,niteroi,RJ
def2cde31a49d08938ed47d1769adf6e,c351fc20bfae0e5f5ed16c91d3bdad68,74330,goiania,GO
def4d98085d84e247e9d57847e3b1423,9d0916a1531763d191def969d6ad3d08,11441,guaruja,SP
defed1717ef59e92b34b4d220be6c9ba,447e903d4a5011a9a43407c8223cf96f,02990,sao paulo,SP
df015cc56f529c0969b94f5985b0a970,8ee17b389ad6645bf25242a99cdd729a,65930,acailandia,MA
df01a0e718fa759ac5bcf053453b8243,41bc11922a49c47bed46280d317c4cdf,38444,araguari,MG
df2554dfedbe850dff2ae6c179fb21b2,3b152015193072c3f233ae67497e90af,35184,timoteo,MG
df260d95c577d15b5163902632a1ff39,87246c03fc534e6b1c56ab40f3e4cb52,24751,sao goncalo,RJ
df2939f9c79221e4653ea43744090d21,1a2aee05f48e80d4107ff223a9e4657a,12243,sao jose dos campos,SP
df56b790a5c58d941f96283941ad0c42,8afe6e31f63f36732766138fb463064c,78115,varzea grande,MT
df57c18507600c6ed4e010f3ebdc516e,8a95fc4d4ad20814561966accde4ac2e,64873,sebastiao leal,PI
df60b6f129c54677f5862b3b7083f2e5,cf0a46b5b2fdf2e749e27e2c381817d2,56280,araripina,PE
df77f41a959a77fa0f3e9b375277106d,e0bc9c60733bea1b9e5fac80dddac6c0,91340,porto alegre,RS
df7ec75663c7db6cc97a8408c0e16e34,b2a1af72f644e6985644c8035e626991,13044,campinas,SP
dfaa16f4dc640a8770b7f760d0a4611b,fb0b0f23796b9dda6d428cac76466b8c,83055,sao jose dos pinhais,PR
dfc5a96ced6dc9547e39a2e8e8df2192,e40673fadaa85614aa76032d529baac6,01415,sao paulo,SP
dfe9825762431b40b05e387b94712d60,e30ed0a5c4ad5a533d44e16a00b83c9d,80045,curitiba,PR
e00a5ec8d72cb3c5ed58f50fb1a55cbf,b25c62ba4fc28e41117f8026bf9a31b5,23032,rio de janeiro,RJ
e01fb276effc1ae50c020ac93fd19a1e,ef66a7ecc4470c581d1380081e1182eb,12230,sao jose dos campos,SP
e03f16c679044f02b6f9d2bed05888b5,56df4f5d14ce74e964795a36498ef086,11718,praia grande,SP
e04249e50563e2d0c28b5a8f6d86dccc,03ec08f1dfebcf9f6f68a74d58ba405c,27123,barra do pirai,RJ
e04d54b5ba132b01e15cf50ccde581a6,60fa2abe7171194126ecb847281cb81e,85010,guarapuava,PR
e07792fb0958a7d0faff87fb1aa58f8e,67bddde1844b238fe25995cde1612b4e,62665,sao luis do curu,CE
e09bddc2b1cb1ef0e2e4829e02303212,f43b49556f7aa32c6e9067240c3316a2,16800,mirandopolis,SP
e09ccd04cb9679cb5033871d086afd62,fd09c64a101e3eff4adbca1b28552514,08070,sao paulo,SP
e0de521fbb397bd7e83d079fe66357b5,0829f7df6577d5a4b65439bea701405f,31210,belo horizonte,MG
e10cea5ba6297bd8736856b0ab6bde8b,4714c6b809db8b92eaa6a690b9cb6e3d,33930,ribeirao das neves,MG
e11ae7b2848f4b2351a3f81350d2cddb,04bd43a50f92e4ee6c9186cb20b2ac04,37018,varginha,MG
e1220cc414aac1eca24ea42ee3cb5d29,f5b8993fbdca99e2e2dd2a825e8dc5fd,36010,juiz de fora,MG
e1238987433fd511c3a493ea3d3913b0,3bb9fa30f4bbd9b9f1aac2be8d5928d7,88340,camboriu,SC
e15f963b1e611bdab0a0b7a8beb0a6f3,70d7972d758a874d5e16ab77828d36f3,96211,rio grande,RS
e16b9b83c234182b056d65f982e5225d,b3d12d6b56fce5999e5949387d7a1738,06656,itapevi,SP
e1c76478a5565c5330dcba4917e1f0f8,4ce4845fe589257202b42b4efe74516c,04030,sao paulo,SP
e1d014e36903719545d5fa13d6ef3ac7,c7385f3ffee80bfbd168b56103746946,23090,rio de janeiro,RJ
e1e4a4ce47ab717fed8adc191b1de674,9040ddc851c413503667ec98f02a7572,22430,rio de janeiro,RJ
e1e6ba5ad13d5baf7ce61a372f6c9818,4ce387d1dc71f40ba7e47a7b1af9a62d,91170,porto alegre,RS
e1ec5ddd749cd760a0c408a40ae5a4a3,3b253518af1e74199da663e4e5be0ba8,57017,maceio,AL
e1f67a370030c2c5695ee3f95c44cd90,fed9ae71404fb97d15c821adbe64feab,57082,maceio,AL
e1ffcf6864bd61cd2bd1ab8619d914f2,a4b5f9c363d6a5fe33c0cc046c375a6d,57307,arapiraca,AL
e217d743b426efd03312d4a04d1dedfe,60652323a3edeb46c166db5284202d6d,30730,belo horizonte,MG
e22dc4324abb82bacd88ff9173985e72,987fadd385777d8f27edac709bc9fb61,04311,sao paulo,SP
e25c30386baad502153f382e3f8fd9de,3d97b4dff4109c1a1398e97b0f4e2248,35180,timoteo,MG
e29679a0f9c46f3c88b77731fb9af798,9267eee401886f5bc5e6d1bbac5afa18,94930,cachoeirinha,RS
e2b04b6f3c6db2cc2233107af21b8b7b,e664e17fa897fc345bb97661a57a910b,35500,divinopolis,MG
e2b23b5346debd052a2750aca8834ea4,8ffc19affc6337074163ce2baf5ad841,07793,cajamar,SP
e2bd185ce504dd28d763c24a633392ac,6210a297af4dde95626ad6cb3c53c6ef,09540,sao caetano do sul,SP
e2cbdb854a28ff842deb8592e8ef834f,782192ec1b37a38c2cbcb0b1c99d87a7,12305,jacarei,SP
e2db07183615dd1fd30115b590cda2b7,c631a16cbd5fabdc9c15f28e1ece5900,05541,sao paulo,SP
e3249491f80e1cdd4afbaf3bcc428862,c9f76e85c4eb5338bf898aa3f6fcd05e,62370,sao benedito,CE
e35070616c6bd238074e2ee5131113fd,8158212aeee10a495fd38a7973b22b7d,09551,sao caetano do sul,SP
e350a18244c16257e0bac342c17e3d1a,839b7048886d2386c4cdaac164e77423,05787,sao paulo,SP
e392266c72da3c0c12da2d2bf0bdc386,9ad7efc09eb9e6f0a7ba95190500dbf6,13375,mombuca,SP
e3927d011a411c732fa0a9037ceb8737,5b5c5e6acbc294d9c30645e963c2c371,77330,arraias,TO
e399494c4a16c311b455c8ee01aff5f6,76f72a7ec470588bb7a8fa3fe3887ae6,29041,vitoria,ES
e3a4077cf3ad106c942f8a682505eb97,9b4c6cb924b45c34dde758395763d66b,12236,sao jose dos campos,SP
e3a89345d860faa5a9431ec4fb1e307c,ae6346c98b34af56ddb4f5fa73968b7a,87890,terra rica,PR
e3e6b14fba3ff05feff10bc128c63d24,cebfe6141162fd21a2e149f584777344,30692,belo horizonte,MG
e3fe72696c4713d64d3c10afe71e75ed,c4ebedb09beb89cc0314c5c0c33f8053,09961,diadema,SP
e40062f086a32b25380806237e2d433f,73747ef975df23e052c80bca0d3848b7,60710,fortaleza,CE
e4041e33b658e847dc2627705fb128ec,70ae854d72b6487f1f6bfa3a843a6191,55125,toritama,PE
e40420c645797c041ca4ca0da6a49472,892e4d7a2638cb28bb4bcc65b6a388d3,62184,carire,CE
e406ec5a3f6e41c1eebbbcc6f48abda2,58a5e7f5a4a92dd4a424cacdb5170a8d,03213,sao paulo,SP
e42a0192b918b437a37f3dbf12b49f4a,1d74b37a78cc3049e04f78b99ac73259,80330,curitiba,PR
e4356c5636c21749cc7b40da4713bffd,2df066cc96b94b23b0cc1f562ba4b5af,87053,maringa,PR
e44d9a10a0978d6c21403879bf8076d0,7fbb6d8f1f76288d32ab1a4e74da34c5,77500,porto nacional,TO
e46f1a077cf15ef0816dd55f6acabe0b,a47d14bb13b136f088c3e12fe9827e23,09781,sao bernardo do campo,SP
e47110abdbd56729270e9c2a8c552a72,4f09f32414a1fb26c34acc8b6397bfaa,78635,agua boa,MT
e4b19d0505e3d2d41745132438f0f31b,b98ba306da5f66dea51dbc43a671eb7f,29057,vitoria,ES
e4dd07851ecba1fb21515fbde984dda8,2fc1cc7c7f0d663657274eb0d9228086,93280,esteio,RS
e4e5ff953eaae46ad6d35088e9db153f,c2dd0c2c04f270a0ce042946d1e1857d,97542,alegrete,RS
e4ef09b9f9f020ec589d7d487850c7a1,68cbc4ef1c1760cc086011707262472e,46800,ruy barbosa,BA
e50282a57bfcb1996979f08a9c82c765,9d9b80aa47b4045db6932eed0eefd59d,22021,rio de janeiro,RJ
e5080a949c5c6925aa8b54b3f72bd8ba,2d9ec110d285f0e7c501933dc7fed4d4,16020,aracatuba,SP
e536895ab7864eaf78dc9ce8ad805a34,d05a3738cc3bc89d82f3ab71ab1f6291,01538,sao paulo,SP
e5451dc58f17a2109be360902da779ca,149aa8791868ad47407ebcbb99da5bac,13473,americana,SP
e548277911829ffe81aac2b4407de701,a0abd26659c9914690cbd3320d39fd96,92412,canoas,RS
e5529ccffa8468799205a6e959a31bd6,298c82330d6cbd3e5df8d818327ac4a3,04002,sao paulo,SP
e57094aeb5c4a3144bdb6d0efc67aa42,1ebd0576563f72dc090bbfb7c4068f45,70772,brasilia,DF
e578f66c816fc09c907a23bd74c73967,f4630c93125ec84a5c6ed702054a507d,70734,brasilia,DF
e57a1ac4317d4acd397f88cdb8b086aa,f981f711c80dcdb9d13a23a2391aa088,76410,campinorte,GO
e5a5bac36da02c518203707259c9d838,f78cde75d1c06658ff5cc2c99891a783,60125,fortaleza,CE
e5b90e0dde0fa26f1a9a6b2624f71a6b,1ad91f22733408adea39755665d62fdb,13605,araras,SP
e5d33c5cc7dde34deefbfa6cfcd55ced,00f8151e6b5d1b3710527075ef845a88,05466,sao paulo,SP
e5e2913c105c1f443f9f999e975900bd,960118b2d734220509690e16787f955e,12212,sao jose dos campos,SP
e620a9a4cdf12ab1e817c17496e9c5d7,c283a677fa9937143f13fe6f58fd901d,31170,belo horizonte,MG
e62e830af196c5e53f3d4f39677ddb04,c6fe82af3c1fdd1a71482fd267d989ae,73005,brasilia,DF
e64d63f1e2d292e774d451d7b55f711d,e6a1d274cbba12da4cd29eb462b34be5,59042,natal,RN
e6a8da622bb70c1d4e4a4380caaf8365,e153beb15fc378036d688c31a8f0f576,56460,petrolandia,PE
e6b14404e764a575edf95ff97c1ffa90,a541305a096290489d65caa8012e75dd,01156,sao paulo,SP
e6e579b8f68f697b058dc326d10acef2,9b2817c1cb60aee6c34dd7e7be21506a,91787,porto alegre,RS
e6f379f514cfc3a51e06e52c2948f070,58812bfc80ed972fa2e7f3614c0cd22e,42700,lauro de freitas,BA
e73156cad1d0758c32d99e5cc2ee8880,9a2875cf257fa2baf51fcbe7341fa6bb,41740,salvador,BA
e73fdd4cc3f5e747efe34d888c1505cb,421ea24d5a52662619471cf08f4e32cc,21235,rio de janeiro,RJ
e753a8c5c00e7acb6be62acbcb6726c2,8effe94a23c55fde14edbb9ded823ccb,24220,niteroi,RJ
e75fd5941b7930d6926f5420e3b6a4ea,753b6dc251fb86fd50ee5bd30feccfd4,22775,rio de janeiro,RJ
e7614d4b134b3e8aebda0938a84d9878,0fe3da4907f8a47e5a6d07aac0532a28,18190,aracoiaba da serra,SP
e77c725677d8c9c7a37159276095b116,bcb63903e6e5a3a94181de0c728fbf4a,28550,sao sebastiao do alto,RJ
e7874858d0f02ac36d9d31fe810617d4,cd8286d1ab3e7c9b7086ac633bcf801d,08730,mogi das cruzes,SP
e7ab75d3f954f4341e46ba3b932b8f06,1d071e2cd4214d7557abc9083fc99974,12503,guaratingueta,SP
e7db0530c950f6fb98b796f0d2ff3757,9cc80b2847703838fb0ced286f2e03a4,12221,sao jose dos campos,SP
e7ea13209423cee1f34f8e8c7c8eeb23,0ba133b294e8131231a0176e0a2f0853,01252,sao paulo,SP
e80698680e591dfa8ff35fd27af65f7f,a99c12c9acbf52835750a225858bc4c3,29309,cachoeiro de itapemirim,ES
e808c788e5fa15411cddba5d33f753eb,3809fff4c1eb1bf45e452359832d62f3,72867,novo gama,GO
e80ac59e04eba2d24b276bce970bddf2,76c96818d8744e8ee3c449ac77b8e227,79580,inocencia,MS
e8197f1806f51f75f725632fe03007fc,3529e35d6c0a2e876f29373ea07154aa,23095,rio de janeiro,RJ
e84561f53798e85dd5b8f0714133a622,fee00ad58a838042dbda861678fb3313,01448,sao paulo,SP
e85a01b0c27d1161aa7d71c2afa5977f,cc0e4f50a507bbb1fe27a82e8c678df5,56308,petrolina,PE
e899bf2f5f7da06cc412595d8ce11351,6b74235847b7a508ddd9c7dd81735501,23095,rio de janeiro,RJ
e8c9c8339045038a4802cfef7d828f41,9f487d2a91b3d0bc162b18e0d579fee1,48470,olindina,BA
e8db587aa035a388d29cd44a801f9092,643ca748cf35c33e8799f476f06b3988,12301,jacarei,SP
e8f6f2dc565be3effe09647d2aa8d8fb,1bb986e8abaa9271acdc815a41b02528,88880,lauro muller,SC
e90793319f301c5188f395b70ef72888,9dfa3938efada35511a246f996186fa4,12243,sao jose dos campos,SP
e93df84b6db60bf18610814d86332a1a,2a7f837de6a1999e457b8e3c5619156f,09390,maua,SP
e9558d82e022425af9ddb83c83247958,0c82b9d9963343ddf336e74e01acbf52,29135,viana,ES
e95994d81b2fd9150bace0cd8a7b8024,9eb77967122094a4eea4084933b47a1e,06700,cotia,SP
e96eebd81a229dde6b3fb15b0936c2a0,d53f29401f59a2af7223b447958050e2,05028,sao paulo,SP
e97d8147c3433d51c20dd483d05df2e6,5ceff784c7abcb9ea26a79d400604854,40243,salvador,BA
e9834259b7af39831ea294e02ea07a54,016846e2dd862cba9a2a10eff5ac244f,02405,sao paulo,SP
e9c505b4b9d21fde74008d694abd9bb2,c6b9d6795c596087955f39001d7d9ffe,29018,vitoria,ES
ea06be215e742396fce5dd52375f2a00,b90f1d3b98edcabd42c810c0cfcf0424,60840,fortaleza,CE
ea21c25f85f7532101bb681731fa8ce3,d3581765bcf955dcf282b1642c74157c,78045,cuiaba,MT
ea3f9a4239a952f61df1055303969be3,669791771aee1eae68166cd813cf8b90,06472,barueri,SP
ea4fea0dc5bdcf35a0117903e7b96baf,e177f3ef38e3b40f5c08c7a5a1cfb249,74330,goiania,GO
ea62ea3d096dc41f6ef76bbea7fcb40a,a297dbece29f6d145402282b8cea51f7,81870,curitiba,PR
ea643b850ffb1c9e12b2159c354d12d1,7f75b412920219c31d752d4f00aa4a1d,14025,ribeirao preto,SP
ea73910567eb37591907c52330458a3b,6b4e8e7b8d9a81f2bc8c23f88f33f1d2,88790,laguna,SC
eaa1199813fb98ec26ed72f774b27b55,c111e04f5e73e24b477e4cd00e0be3c3,24230,niteroi,RJ
eabf770240659f7a6d09b11f12f10f89,065b9e6198f11dbdf7fc1250f9e08afc,19905,ourinhos,SP
eac40d5a8d6c0842ef2854444b66b0ec,1d8d9bd8722aa47e7cf452dc592685fb,18015,sorocaba,SP
ead3600e85d8eb332081f04815d0f381,af91c7ead5c3c8525f0e9d7bc5623bae,13274,valinhos,SP
ead83a4f8f7be8c3034b2e98754a6147,230a1e9f42924d41f37fd22a1d4a9707,06540,santana de parnaiba,SP
eaf1e7d10b6121a4f5546501c3af0e54,3206043ea03fcb31dbf3d5ac293dbca8,09851,sao bernardo do campo,SP
eb2e5efe8d015ff0f7cf26a838260d4c,d6414a6d6141cde0c33a3c6f340b92dc,80330,curitiba,PR
eb7fff6ffc8d18a259c9612f642c70a9,8fc3c839b1d3142015c5fdd8ab625cd6,44067,feira de santana,BA
ebb969bbf53ce29792e48048edf27f90,c5d3a57d695547bb1de4f666cb9dec7b,55620,gloria do goita,PE
ebddcc1c8f109e88a0f971a3c4aacfe6,3b2f809a7f9407e51e9173b4a96d659a,18120,mairinque,SP
ebe05f984c0130e49c774ce2c9688835,81133c6f891edaf2cd1193b262ab2ba7,09403,ribeirao pires,SP
ebf46ff530343a129926adc1f831dea4,0ee57f62666561b72f2ceacad0230cbf,09530,sao caetano do sul,SP
ebfec89ff4443951e41c19c07203210e,0f64cafdb3e1e4806c99ff165305e27f,12929,braganca paulista,SP
ec431dbed870929c480d45d44d20971e,99d1962d736052c7b8793ba94126c377,08615,suzano,SP
ec43686dd7b2f48ea65475606fdfc85d,12bf6178776d90da204cdf1b37d23906,13214,jundiai,SP
ec4cf575b6ac1e83cbadda96d884d181,92c35eb370ee5a2869ced5c3084d299e,06293,osasco,SP
ec7234ad72696a39eb528dc1720a962f,0dc81b520ef7db9cb44bb075e129dcf8,22780,rio de janeiro,RJ
ec8ccb40a803b77a809f6b32b2af4cec,4bbb5cab7392b615489d21a59ef20ece,21230,rio de janeiro,RJ
ec91e560b9b86807cdf13ee64279176b,9947c0ed8bf41cd508a78da36abc1d41,13211,jundiai,SP
ec9ca22307897a31bb0635c4811cf672,7343a634f52f941a1fb851a53bedb2cf,49097,aracaju,SE
ec9ce7b1073d223d7c299973c4dbe98c,98bf52842dfe834fbbb35d42870c9065,26276,nova iguacu,RJ
ecbe0bf872587f3cb5633f2b5d9b9fcf,d060480eea297c26aca01bbd55b2805a,13870,sao joao da boa vista,SP
ed01365fc6f6e098879c03ae23b0d743,b496a7b69bb36b2db22e69121824b7d1,79085,campo grande,MS
ed3a502932ab63e9bfb5a0eadb3b63ff,11819e46db552cab92381d83c205805f,34800,caete,MG
ed434f6c999779df08cfcba6f30956fd,67baa2e51d395feb0475dcf381dd438c,80530,curitiba,PR
ed8281fe17bd28cb00b79f98fba9c537,165fa6c178075605309f0f6a46ee6e04,29107,vila velha,ES
edb83d7689cc0fb7147061d9a53e9452,93e0b4d41810b3f6c7c26586bb901eba,35162,ipatinga,MG
edd13b692c82a56009adfb70e6f74391,bb3cc40f6be3ca0f4ef9b1f9aa1d5473,85730,pranchita,PR
eddafa563c1d1e0d331c37d9927bcfad,c143eafe10719dcc7dc0a855b2e3554d,22765,rio de janeiro,RJ
ee03d69257bc84a3ebe06a1255e62b49,baecdd126aa539b19fa13809d307d168,15801,catanduva,SP
ee0d30f65ed72f4041f9a5ced21e762f,54e0a7cc9c09c591bd186e4569c7bf30,14790,guaira,SP
ee23d61fedfc4227bb0e188654c28d08,494c6658198b47787205a06421bb9403,01321,sao paulo,SP
ee251ea5871653264ba1f639bb6f84bc,44b52aee753b18006590f2c06d1f1bdf,02324,sao paulo,SP
ee2cb1f148f1e7ac8293287c6c8b1d0a,1803287d1e7138aec6ea9d3c963ed87d,08557,poa,SP
ee38123eeeb0786f8e6b186158a7b080,4598f6eed56df9be65707cb8af41bef0,13473,americana,SP
ee5623f1e838be7d736d0592a4e870f3,cdd0d5ff8d5f98ba3fc6fb384bb1e4cb,11718,praia grande,SP
ee806731e5bd1922c73da9af10468819,fcd5d41028fd2da490248bc304e3b3fc,12120,tremembe,SP
eecb43b5c2dc03262b7b5abefd535b3a,f1521950d7c6d0ece3647b5d90f63830,37200,lavras,MG
eee13c10a26da9f6f1c5352b215a88c4,b16fb911b630683ceb69b95014c82af4,13042,campinas,SP
ef1b5dc620735876514e8778ade03323,3873e70abc6d94baa578e77f6cd91479,13575,sao carlos,SP
ef2632671769cd78a10d1deeca649078,457e9f62de8a217e79f81b41ddc6c7e5,75907,rio verde,GO
ef2cbe9cce4b8124e9bc080b429451a5,cac9a6c4a1730df83b57b3c89c5467ee,35534,carmopolis de minas,MG
ef965f89f325a77c2b3c7e1de2b897ba,b0363411321322effd28075f52b04ed2,02229,sao paulo,SP
efbac5d10fdb11e07b78409fd8fddb45,641729a1cf61d2c021815d273d42fb74,18425,taquarivai,SP
efcff0dedc5aad0606ae815bbb9ccad7,00cc8551c0621bc65a440e836bb652d7,08230,sao paulo,SP
f0148bfce62fb7dc6af3415449aeb2b2,1019a3cbbe007947ff736c7f257644e1,78068,cuiaba,MT
f01b83934eef46cde6b154916592bb15,7b3379048177f789400a420d2d6231b7,58428,campina grande,PB
f0a83115db332c34b1c6de134a47e025,ddf4401b7ef356067f85442943a7a476,25515,sao joao de meriti,RJ
f0a88549dc79279163f18562c41ce81f,5df9c12190bc328ccb11b795ba6d12cb,13041,campinas,SP
f0aaffb5023be7a38e84280893892514,f28b8db4c85bd1b6955fa57784ece720,06310,carapicuiba,SP
f0af88af20ee8c5df79e8407dafec4a3,2318e0ee6ae8184c5d4aebf3ad338203,07272,guarulhos,SP
f0b4476b909be4a76388e384b1b48347,bfab76eab9f80023ff723bde5151780f,86192,cambe,PR
f0d9c201d2ab5c9467693e46b2c3d40c,8aa4387fb793332a42b7d18dc067494e,40250,salvador,BA
f0db52acbe2be4a0a5243b546ef95c32,1f87a258162d16757d98ed7e0342a316,12970,piracaia,SP
f0de8fe1922665df9ea965006387a423,1294a3c547d645e489a296d29eb39df8,31140,belo horizonte,MG
f1176be13e903804b551776636647c0a,0d490b8ef864883f37b980339a880b76,92425,canoas,RS
f12d12275ee0e3b03bad2fa39ca732e3,845e308a79e5ea49e577406abaed2844,13026,campinas,SP
f13bb2fb4cdf0a6655b9aaf846a73f13,c6f8ad34724df04e4f53f5e4ccbfadf2,26070,nova iguacu,RJ
f1767a32653232f3dba7cf216c6e340b,7d066555f96496d5d1a23841ffeeb544,23052,rio de janeiro,RJ
f19376e0c54da9409485f7ef9556d367,835118867c6782d84b62ed6c3c9db455,30855,belo horizonte,MG
f1a9c5f4eb8a4d8cd2eb314107f615a4,bce1e4505f90411071ef9dc3a96e8d57,04364,sao paulo,SP
f1c9c06e1b19e18a14c43420d281d1c4,6e77012224e6cb06ac3bab81aa8d8fe4,23040,rio de janeiro,RJ
f1dde6108ccd95c8341b628a7ecc6ef5,fd5fa9d98454b4d02a677629e18f3717,02255,sao paulo,SP
f221dd968c17b94730bd38fd6fdd37ea,dac0540077981a7fd7524504a8785267,18760,cerqueira cesar,SP
f22c368483fea4ae42665976c5e5bdd3,956fd64080e46e8539eb82d1ed700b92,83504,almirante tamandare,PR
f2391b928c8cc72908beaefec0015001,724aaf533bdf2491d6bf2079363c0785,60040,fortaleza,CE
f257e9cbaee084fabf915bb3eef2404c,3158fc4f60ca92412de397461b64cee3,13175,sumare,SP
f26ab0f57449753ea2109ca8b35d1034,5277f4f4f336c75c826ec3958286dd13,22451,rio de janeiro,RJ
f26fce0d0ea5cd4f464e88472db6161b,26d6d75e98b2891c9391e64debb9a006,97590,rosario do sul,RS
f2b88194d68ac45551d759ed2afee2bb,2ae6a803cd4bcfe303b032afb1c9b89a,03033,sao paulo,SP
f2c6bafb2b716742adc5f365bd7b94e7,5cce1bd373a2348ab2b6f52f594ef6d2,08571,itaquaquecetuba,SP
f2c7fc58a9de810828715166c672f10a,a8b9d3a27068454b1c98cc67d4e31e6f,02422,sao paulo,SP
f2cc41062fa1cdfd6475afc3aaf9909f,28b506334071b7dfadd7bd023d9115c4,18278,tatui,SP
f2ed9261ec0fab7ba0245fadee48d2d0,90e4e338fa77318ca2c8de514ca4ae5e,31615,belo horizonte,MG
f2ef84434d98ce96654d95fee7deb7be,21a451fd339c60664a3e4bc19ec4f61a,13468,americana,SP
f31eb05ebdef1ede72cebeba759e7c92,23c033f6c75a249727d9fdd366352b97,29141,cariacica,ES
f343a083755766c0409d920595a3dded,1ded5bed412f6fc7ef7ea4c63409e44c,29927,sooretama,ES
f35e1aa8990c39ac028bd44384d805a6,4e6588068c000d6f539cf24c66a96816,70390,brasilia,DF
f35e5fd801be940cbac8e390f8dd4425,e16c4e8205a73639a8e539b4f7a62842,27255,volta redonda,RJ
f37530fccfe475559747e4c591f8d409,5ac547c923c50219dcb24c3cd925b1b8,22411,rio de janeiro,RJ
f37a6d2033b44cf9861292d6e4561c44,ef3aa901ca7f8bc099be6fd33f8daba6,40296,salvador,BA
f37d8e47c4050ed9d3aa6ac517c4e7a3,cdb306911affc0304f177bad851db2e0,18060,sorocaba,SP
f3875c080718c7e384875c4af4951afa,067c8117bd9b4f406301921f6bcfb04e,85810,cascavel,PR
f388da80d7f9a29735dd482be3995dc2,664fe7916cb8709c6b848383c6361dcc,09371,maua,SP
f38e7e94fe8e324a27a966b5903aeb7a,8abd3a4569cb040652fda5ea7f563f13,14079,ribeirao preto,SP
f3b4094251fca27bdf0249d9539450af,66c516fbcb3c821b845dd2859589c2b4,03263,sao paulo,SP
f3f1c09000ff5b8301e6b7918e4f2cbc,b7b162291adff744d6f3c6450557ffee,88430,petrolandia,SC
f3f7e581618408da1e8d5ebe236082b3,b12294f6bca2370dc2f2a46cdc484076,90050,porto alegre,RS
f3f955ae1cc137ab2ec810ee255b2662,574241537a24a10ba4219b4a7c308b4e,85884,medianeira,PR
f40fb1a58c563f8e1581d3e93ce79507,109ddcfae0cdcc4b8ec01120ddbd02fe,27510,resende,RJ
f45dc44959f8086d22e2d52553f15f57,2a5474461e07b6b56772a17b0db2e9bf,95750,salvador do sul,RS
f46cd0d55f9a7374df0fc224f138f238,aefe006dfd9a37a3593b54f95ae27386,36037,juiz de fora,MG
f4769d117ddc1a77fac0bca65513614f,3b11da70f966a3931036178d226fd1af,06710,cotia,SP
f4896997a6a8f1e3d089a04a44c39d71,ff53f01e01b4920e90f47e742878cd19,48880,santaluz,BA
f4a9f3a779e9783f7c992f5723bbe3d3,09d4fed6320030973607491be508c075,12420,pindamonhangaba,SP
f4ad66ffc7ef5fd7ae997077a7c10e89,9fc34f9db1790139660c95fed27f9e4e,32670,betim,MG
f4c1daadf5d94cf9f1fa530df0992dea,9388f972d450c2bd01da5f04b2c4e16e,26277,nova iguacu,RJ
f4e2bcb516a63a0b3cf24b4c94ee2209,ee8378c69767aecc3ce2743d62173ff5,74810,goiania,GO
f50ad8aad42ad296a4604a07de96b236,e0bfebe882e90e821daffcf74257b046,06710,cotia,SP
f51c617d5ac6309979b1c223ecacf9b4,153dca32dbf814bfc54d3d5598365111,13050,campinas,SP
f5498d05cf105bdd3bc601ff77601d7b,e428b46d4645f1d7db520d95b2e446ee,08735,mogi das cruzes,SP
f549b52dbcd69f43d68a455c597c3ab2,43ba219fe4048d64b0edb145ce11146d,46430,guanambi,BA
f55f4c4973760ee7f6e170381f993729,5f7e323ba8de54fb80b8abcc744f44a3,03562,sao paulo,SP
f568f19edc4fbbd907c3310b56b05f64,08c3ccdcc31144cf6e0159fe71807428,53070,olinda,PE
f571c1233e373065899833efd71ad0ad,566ef46eec03ac4a0e424357fa71db1e,03951,sao paulo,SP
f58323e013370cea83bbb78d629c2a3a,20bedddbb25ad10025d407584e4f66bd,03088,sao paulo,SP
f58fc8280d4679f90ba28d39b64c61ca,a08baa27a7207c2b21620abbb8847ffd,95072,caxias do sul,RS
f5a0b560f9e9427792a88bec97710212,b3e53d18a997f27a3ffd16da497eaf58,07790,cajamar,SP
f5aa85925c87d4706170811c0fa7c779,aafb56d7476542a4f32eda686c1f1beb,05849,sao paulo,SP
f5b2fb69ba5496f0d6ca030ffebb5281,d107ecb888959e5a03345914792367f7,38401,uberlandia,MG
f5cf690ed01ec6a8b71913b8a5e179bb,15da5b7c1c5f680197132096ff0ca4ee,03945,sao paulo,SP
f5db449b110e71d49c2d70fafdb26f36,947c249c7f31f3eae2bd05454e1b2040,50070,recife,PE
f5eb470638c9fb7cd5e5131ec5cc7b04,2e9187ae2c4b625f50797a9aa9452c08,09351,maua,SP
f611df88d00e8e4af77ac41a1b22e4ae,eeefaec1a3937c75a83a86b260c07bf0,23045,rio de janeiro,RJ
f62c129511fd69648c45b74571444807,7e9a6816b16e741309a79f3b55df4754,79611,tres lagoas,MS
f651fadf067034d6d5a186390b45289a,1573b77edd530a9750e7245acb45ba67,25581,sao joao de meriti,RJ
f6711380491a31e279445b3b8442af80,b73e8f5667c0dd06b9cac079b231ee23,37360,arantina,MG
f677eaaee0e3de1cc2e76bd22676811f,43a0029dd31be6065ac63a2bb1d0ee8c,89705,concordia,SC
f69987b9f125768a2cf3243679536a80,2a7afe87962d34ed975f90f50eb1da13,25635,petropolis,RJ
f6b5c1255d74840ea920104295a66d0a,00191a9719ef48ebb5860b130347bf33,13240,jarinu,SP
f6dd94c82d8cf048ef7b4df3ed7a12f7,10246c1deb72f0dac263516219a06bd4,30310,belo horizonte,MG
f6eb32de7446f7ba98122e5b4d09b3c0,9c2998408b54d12865254ebbd976cce4,38190,sacramento,MG
f72224709e8bef3430441583b08a2d64,3a04302647aab2b73c7d64aecc4eedfb,12092,taubate,SP
f73735edd848cf439de47e82b57abce2,a9b82c1107a9c2e53e36281aa2b6f0c4,13015,campinas,SP
f74bef75a01750b1517011b59eb1c000,0062adafa3846d9f372d8f1bde591b24,02452,sao paulo,SP
f75b67b8b5ef458a20b70f057b6c6aa3,5bb19317ef9d70891de66fd7f3a8e4e8,02801,sao paulo,SP
f75bc4f44ca718dcc8eff4ea5ab8e7ee,617f1d791e1c0306ee1dbfcef62fa8ae,58051,joao pessoa,PB
f79697f293f0508c1ccafd3a4b64b55b,c133165662ad3ab64f7a8b6e3647a50d,09121,santo andre,SP
f79b9fb57cf5e42ec58787f5291cc316,664bec69be34f4c71e72ffc560680347,28880,barra de sao joao,RJ
f7adc1671125754d305c2d29d2bbd075,2fc52fef0a1c1728afa6327e0b90c57c,63780,monsenhor tabosa,CE
f7affc6b52397ec89170a5d381b270f0,dfdffd35b1c6aa851c28fea6657be2e5,58082,joao pessoa,PB
f7ff526094d4b81bbca47f972f6e6502,81f99d4137bdfcb71918514503904cef,85605,francisco beltrao,PR
f81a949b0915fdaf3b6592c5e037d637,0d114ed6a9bb744dd2427e9949f0dd41,50020,recife,PE
f836208064b817a41fec6caf0cb648f4,a6f01050be36be106105b447bf1414de,55195,santa cruz do capibaribe,PE
f8396c2772c6c3ce84355de60ecc3b06,e0508f3a40540f75c153f0c25e12e8eb,22270,rio de janeiro,RJ
f846253dc08e8b7795097475a05ab860,5849e110158ba123aafd3f0bdb51078e,36016,juiz de fora,MG
f85e2cc1f55bd805121094b06905af7f,cf8c2c98dd39a8d3b996f47f49c6ccc1,35930,joao monlevade,MG
f87b62f70d096bb4fd99d14c020ba2a3,cf29ae0eabcf658a4e05fd731983de04,37701,pocos de caldas,MG
f882aaf28af48842b1ca318f520f443c,622ad62f1ec148052d38f7b1cf3245dd,09726,sao bernardo do campo,SP
f88d78b8e2587ff8ae51f34a792811ac,05eece82f626032f909a2bc445957b92,05027,sao paulo,SP
f8bb51833f4bacae9141c50c1f726c30,35aacf964f77a333b9eda5ae1ba290af,89650,treze tilias,SC
f8cefb56f4cda0d4bb72f22a1c3e0961,c12d513d1bb53866d005b2ec273bba31,35640,pompeu,MG
f8e504ca6e18fe0afcf86d5b30817489,97b40f69d75ec6abb2d3406014bb397c,18066,sorocaba,SP
f8f826b1eb7cf181af923e9329849aa5,f4ce8d9deb6f54490b66f1013e9be01e,06283,osasco,SP
f90c709a935c79bd0451739c56511ff3,48932180a853ca54fd808eacb1c15d1b,13087,campinas,SP
f92881178f911fd67d522597ac054472,e35581ccaba305fc83d0a21aed8f3428,71727,brasilia,DF
f9571e20983191e5d5d13f9103581c11,3facecb23e94a029d3ed9f8370e16249,74353,goiania,GO
f96605120e03b2562298bbd2495d85f8,e5a069c00f4befe38d804cfc989ac919,26167,belford roxo,RJ
f984693de2fb08c8887fd7b829aeadfe,b3f5a16aeea79b5f45168bf19a6db236,09360,maua,SP
f9abf42c35fd606941b375dd45637434,33dbce715ee4edbd29fa2f26007e02da,84061,ponta grossa,PR
fa201b6b789affbeac2780ea9acf8c46,41dba3bb0865d951cc1ea1c58fb7134c,66033,belem,PA
fa26a55a2ee9fa2fd44b421a6e41e153,db20b3f6a6a6e5ebb504771a6685085d,85605,francisco beltrao,PR
fa32335a910037a330a6903984218b1a,2562900ea6f7a328f45a1beaf910f546,22621,rio de janeiro,RJ
fa3c9c28979e812523cac4180cf5bbca,8e45fca580e5130b6f912da95dcf3dd2,06705,cotia,SP
fa5cde2f984262f2398e3180c7638648,230061b6b7d06e99964e3d22c92ae0ad,78144,varzea grande,MT
fa5e5ede73e8f02fe888b6f3bd44a714,4dff4725813168461eb3e5e9f807d66a,14490,rifaina,SP
fa64656cb999d63ec741f768ee6d8784,33ddcd40663a64855859856928c38415,05161,sao paulo,SP
fa70ada4a3d29c318df97b21529602cc,f9aff6564fb2a2972704b3f53954c161,22260,rio de janeiro,RJ
fa71e22499e5af612e85cabf53827a48,2fc83bfc00e103f49fd0e84071fcd500,70342,brasilia,DF
fa7ec8b2b45b5b6517357a5c5e82740d,1b2612a1eb1467aba19e5bef0da52217,46280,cordeiros,BA
fa807c8cddc512419cdf33e56c888386,77010f1bfae85d4eec2a9c4a9c0f2a75,58804,sousa,PB
fa904738e1b854de39ec337a79525be6,a441e14a288da6bf73fe6d3c4c17f939,20950,rio de janeiro,RJ
fa99f5ddc38935d3f0fc67c775b9db1a,254cc55d487e49155d9a904883f7dfd0,92120,canoas,RS
faadd91de8b5f0d5487aad688f998014,c6bc500abc343b58b79588b6c43ee8b0,75265,vianopolis,GO
fac377fcf30218090635992d2467f12e,4c4584a82633ac90e58fe2d141d7433e,04447,sao paulo,SP
fac64b6875bc7840442069be52752e14,7d7614482b7a72d2226a280f1d3c180c,15990,matao,SP
faef2f2f4a3880d56b17a30c8aa683ce,8de585ff90190c86a3316cab8e004c4d,06710,cotia,SP
fb28fb8b06eeedf8e25812ba5380872f,bd6dc26d46e9b21a213198aa80d1fda1,63502,iguatu,CE
fb40b407e90dc1ba2d6fbe757fd3e9b1,388661387449408a9ab88ea55c9f1a0f,39480,januaria,MG
fb414321e11f6ff470a42cf778c60753,851ba17a48d6e4bffc6191dd0311861b,18115,votorantim,SP
fb557dc3ec9393cc7850b56e5808f91d,06ac7f149dcf07ec7cde299a2787739a,03409,sao paulo,SP
fb611ba8817096ba3bdc1d9807f5cdac,2faeae5eaf2e2e108f1473280bf919f8,25620,petropolis,RJ
fb7e9a0264b2987537473967c3518c95,cd7ba8d9c38011e37b802cbf80798696,07023,guarulhos,SP
fb89de9d98c3cde010eaf1a31a5f7fd3,e11c9512b40228a348ef101e69835f9d,02331,sao paulo,SP
fb8ce23b2809c1804941ae306cba5ae4,52d40ed525892e7b31fc34aa750419c9,07054,guarulhos,SP
fbb26f2f32dc98bef32f0bcbbe89800c,c3762fec4057f3b404988d9943e5bf42,76803,porto velho,RO
fbbcbf69d389968006ffc93f6e2f9e93,735fee213ff96ca4551d49422576b30d,15140,balsamo,SP
fbfdd7fe2c8685586b7e44a2970d0727,c1cc954b06668342ccc7aa28f90fac83,03266,sao paulo,SP
fc0570252f406543994dea3f61ffefc7,75ecead8782ef6730e1f7e51f7052f75,26087,nova iguacu,RJ
fc09a873aa71b2e8e25f65711da23938,b0defb480db685a5279ca42935c58fe7,22793,rio de janeiro,RJ
fc34108ccfb5cd9c569ae7531fe9435c,6eefa309faab7725bf4b9dce147e4ae6,15930,candido rodrigues,SP
fc39afc06082ea33d82e5c4b4c6e94d5,a5c806ebe5b25d0ab1e7f0da0e17d6bc,09667,sao bernardo do campo,SP
fc4082499edb3980c3d510943cebbd8b,5f2360a071c8251e652488064a26200c,11790,pedro de toledo,SP
fc408dfc94cec2624976c8c0d5bcea86,815a6fdcd37de17a0a77d096aeb2110b,85540,mangueirinha,PR
fc5e6cad3f8c6354b277b835229513d7,6f042c73539f0c6e5a1a250f331b44ba,35460,brumadinho,MG
fc87f30e7ef49bae010c715813850bac,67773f41e2f21e1ede49a25fbc97dc8b,88113,sao jose,SC
fc8919341d4799fad9714cd5f33daa3e,ffcb3eb07f2a033d45949fcecd160d98,25665,petropolis,RJ
fcb4cecebc159e210cd769d5b767d113,aef59fd9f7310b6ea1600876c510024f,22230,rio de janeiro,RJ
fcd5e0fc4b76825fc852c397485d8e9b,c8d8b3853ff0a31dab8a742b87ca8f4d,17420,lupercio,SP
fd068bfce22569bae3f1829bffe0782d,8f20174c2cc13c9646f0ddd675a6d36a,05331,sao paulo,SP
fd23695e0d517c34af14f966b662f25e,fda22aab5a0b6b06cab9254859d35c13,08230,sao paulo,SP
fd28c7968c649e40e639e20d79040ccb,ec3c96625c23e152219f0cf0915f0fff,22753,rio de janeiro,RJ
fd679638cf2e396b35e20a5ed75316e1,89f09964a22650a135e5e445055ed513,31060,belo horizonte,MG
fd7b70ad4f8576a3c21f1c1bb304015d,c76dbe63126a89c815fe9716acfdb4a1,85801,cascavel,PR
fd92e79c1dfcd1ddae4d4630fef5bb7e,c49c236a96f8e5b983ce6467af4317b9,27570,porto real,RJ
fda906ebb2234e1b3759767055e1dc89,53555c8804a362632e65877477b17ebc,73092,brasilia,DF
fdb6ee42f69dd8ef339d4eb246cd8b58,96346a46813536075221b2b977b336e6,22780,rio de janeiro,RJ
fdcba9554f904055165fa9ab9058fd04,5afe5092c3fa95bf7290839f3cea7e16,90620,porto alegre,RS
fdd60720327e89295c1c7a3bf2c94bdc,d991aef4ca117e165d55f156e8da7fc6,85506,pato branco,PR
fde680ede5f8b0a4ebaa0fcd7da97f07,27fd40661f81b12783dd310312258f6d,03027,sao paulo,SP
fe4791069a13e14198e740eac4af84ce,d8f3326df1b30f406145a07111230e8e,12412,pindamonhangaba,SP
fe4869851c79359d114ba6ae40984e4f,79c42890cfebc7d335335004a15bcaaf,29300,cachoeiro de itapemirim,ES
fe4a3d31418fdf45182fcea36d1515ba,4351ecd4b7052df65c49b079b6d97480,48607,paulo afonso,BA
fe4d81bc8da17c071449cce9d7023407,27b92787633925ba1e1aaed123d955e1,05001,sao paulo,SP
fe5d7868a941d04653c278f177a1d42f,ae120a3b9a0e9628f5f08781b0cdf895,13700,casa branca,SP
fe75555d86a6c7a5958c03b263a4e195,dccf2045ca8a94692a1896f0c08dab81,55590,ipojuca,PE
fe955316fa2ecdc7cf6c136dab7fdf1b,76c9f92d036ee7d24f2a7c709f45e723,29182,serra,ES
fe9d789522315169a83d6740ffb2117d,8d1b75d2f05067cf8aed47d96d14345f,50070,recife,PE
fea4d57ed3a45455f89c25ef3dae8ee8,09687a7b7431a93b5c53b50ba779bf94,12010,taubate,SP
feb21f1d9c67d7dc149e4739e2025991,d16e82e5ac833ac4b3fc574005b08e34,35430,ponte nova,MG
feb2fb674b5b45151ac0b7a79694650a,85433b79199eaa164656369cc4fe3e0a,20231,rio de janeiro,RJ
febd81b18b250796ff4a0d2df1ed5ce9,380f39912d336b06b870317aa6cf708b,12942,atibaia,SP
fec3ffb806136156a064284eca7d38b4,204ae867ff4e32138e6ad032ef1cf41e,04892,sao paulo,SP
fec424751aa87f5451286fc3d532fae4,e8a195f60d266e458b02b0e57e85815d,95320,nova prata,RS
fef1650febdaa4fbc1a1420ee9f0f6be,6db0b84841ced85977691cf52ed05e80,11340,sao vicente,SP
fef5bebfcd96024d880aa6a0b9b16cd6,5e0fc24b616799fe27d9d3b87feb6011,95625,imbe,RS
ff0bdbbb629b5dc2918fb41b89dd14d8,35d2594bdba35e830767b63af353d01a,22775,rio de janeiro,RJ
ff7920f10be4fe1845f0f029ec67bb9f,39afbf6a74f327b36e94ba08376a6029,47400,xique-xique,BA
ffdaaad4323306777060ca43b3f87e7f,4dc0803521660b2f150f8a42d20765fa,11702,praia grande,SP
ffdaff86e5834cb843ada60a745d4222,3b9de7fdd14fc3a254f14c1e28f236e4,12060,taubate,SP
