order_id,order_item_id,product_id,seller_id,shipping_limit_date,price,freight_value
00042b26cf59d7ce69dfabb4e55b4fd9,1,ac6c3623068f30de03045865e4e10089,df560393f3a51e74553ab94004ba5c87,2017-02-13 13:57:51,199.9,18.14
000e63d38ae8c00bbcb5a30573b99628,1,553e0e7590d3116a072507a3635d2877,1c129092bf23f28a5930387c980c0dfc,2018-03-29 20:07:49,47.9,8.88
003d804eef0e1b856881cd18e0cc0d4c,1,41402af2a88247152583bb812ba235dd,4869f7a5dfa277a7dca6462dcf3b52b2,2017-11-27 12:15:18,277.0,35.74
0046e1d57f4c07c8c92ab26be8c3dfc0,1,ff6caf9340512b8bf6d2a2a6df032cfa,38e6dada03429a47197d5d584d793b41,2017-10-02 15:49:17,7.79,7.78
0049edf42837aa808e03552a62bd2158,1,389d119b48cf3043d311335e499d9c6b,1f50f920176fa81dab994f9023523100,2018-01-05 12:48:10,49.9,17.6
004ca5ae248069d68e8594df8abf6ce0,1,cd71c76f5ab15f51f24fb214fc42d8ab,620c87c171fb2a6dd6e8bb4dec959fc6,2018-06-14 18:52:39,159.9,61.18
006127b8b9a1681a982313ed7129c3c0,1,f819f0c84a64f02d3a5606ca95edd272,7d13fca15225358621be4086e1eb0964,2018-03-15 02:30:23,540.0,16.22
0068c109948b9a1dfb8530d1978acef3,1,525f8fbde09c9bf777025c3141fbbc6e,8b321bb669392f5163d04c59e235e066,2018-01-30 02:53:04,35.9,15.79
0068c109948b9a1dfb8530d1978acef3,2,525f8fbde09c9bf777025c3141fbbc6e,8b321bb669392f5163d04c59e235e066,2018-01-30 02:53:04,35.9,15.79
00750f68bb64537034e93554c64b41b5,1,526f833e1eb0a32ad9351145a761b9ab,6560211a19b47992c3666cc44a7e94c0,2017-11-17 10:10:32,129.0,8.16
010b0f6bd323a9effd095a743e660f26,1,0bdb7583b74c0323d413497fab3f2a3c,c9c7905cffc4ef9ff9f113554423e671,2017-07-25 07:32:04,27.99,8.72
011105c3b5b8693eda1bfb1f152cec2a,1,d67212d63e76d57ee86cec463681f842,a5259c149128e82c9d6d46e0c1c812bb,2017-08-04 13:55:22,208.1,43.49
011bf86f1b7dacebda2c874333cf656b,1,9ecadb84c81da840dbf3564378b586e9,1025f0e2d44d7041d6cf58b6550e0bfa,2018-03-16 19:48:24,35.0,19.32
011bf86f1b7dacebda2c874333cf656b,2,9ecadb84c81da840dbf3564378b586e9,1025f0e2d44d7041d6cf58b6550e0bfa,2018-03-16 19:48:24,35.0,19.32
012eab2625c5f8aaac6f37f2c19ef62f,1,5c699beec1e114bd15b35cf8d01ec6b5,4a3ccda38b2129705f3fb522db62ca31,2017-11-09 00:50:19,81.9,15.32
0136bcc7370d7fdf44bd916a6dd583c6,1,81a3d1dc085d3226530f23cd4af5030b,b74d1c09cb380e1d03a6f859c6f4224b,2018-05-22 19:50:36,29.99,16.32
0159b449009b3f8748ed7c56e9d84afe,1,83b23a333b811855258c5ec9431f6d3e,1da3aeb70d7989d1e6d9b0e887f97c23,2018-01-04 13:49:27,16.0,7.78
0159c6355a4e32f6ac68d838e2228150,1,a00722035cea70bbf671b758459cde42,25be943a321c8938947bdaabca979a90,2018-06-21 14:03:58,189.0,53.11
0168a7f186c1f066748d15d8c51f489a,1,521a361808bedd9fffb32181e501e09b,5b179e9e8cc7ab6fd113a46ca584da81,2017-05-22 03:25:21,149.9,8.3
016d1bdf6efab4f6b805df1c03043113,1,9aed412277ca4485a7bf6e0c53e65786,0db783cfcd3b73998abc6e10e59a102f,2017-10-10 20:35:24,36.9,34.15
019886de8f385a39b75bedbb726fd4ef,1,e9a69340883a438c3f91739d14d3a56d,1b4c3a6f53068f0b6944d2d005c9fc89,2018-02-15 13:08:12,159.9,28.5
0199edc5b01351df8e73a674aa473ee7,1,83b92639fffd1d55c9e04c77c86d8d2c,00fc707aaaad2d31347cf883cd2dfe10,2018-04-06 04:10:16,93.0,8.0
01b02139ac5f79a5de2c56284af7bb3e,1,76d1a1a9d21ab677a61c3ae34b1b352f,c826c40d7b19f62a09e2d7c5e7295ee2,2018-05-03 04:15:24,139.77,8.74
01c18108db50c163daf7dfe461093fb7,1,b042c934bd8f4316e7b38633aa14266b,1d8dbc4f32378d715c717c1c1fc57bae,2017-06-30 18:05:15,109.9,18.02
02036bc298ab3c1efc98b116f420d646,1,6d44b2c01b6843eb2e68beddf853dd82,f22a247b79dd22ecd91dc8e3b2a1b07c,2018-08-27 06:45:07,24.99,17.98
021d0261c214591da7db51193c9aeb29,1,6a595ba787e397469b1a147508f361a9,080199a181c46c657dc5aa235411be3b,2017-09-26 05:15:07,179.49,9.45
0221d784b11a24077b3531e860b73434,1,259bd66612b61aa4e82ce3cde9272bbc,955fee9216a65b617aa5c0531780ce60,2017-12-20 09:52:40,32.0,17.63
02701a0103fedd7310a8d575f9a8d291,1,ccd686475dbff77b93871eae4754526b,bacb1f0ed56ad24198f5810d2b3fe9a5,2017-07-31 06:43:06,173.9,16.85
029863af4b968de1e5d6a82782e662f5,1,49ebaaba28aca545f9a5ff9fc17ae988,784ba75dd9d20200c4caed3d7a77141a,2017-07-13 09:15:11,25.99,15.1
02c8a77069dc7fd1cf273312c3a6e499,1,17823ffd2de8234f0e885a71109613a4,46dc3b2cc0980fb8ec44634e21d2718e,2017-09-06 00:05:03,279.99,15.55
02d0cd05f04ab2e3c1acc473b0abc865,1,77fa3381855b6763c52ca3b72824f508,6560211a19b47992c3666cc44a7e94c0,2018-03-29 14:30:49,49.0,37.04
02dade411839b1c334363dc9058e1124,1,5cde85235c4ae7747e9b48de95178a14,17e34d8224d27a541263c4c64b11a56b,2017-09-25 18:50:13,218.36,13.03
02f8584bbcb3aeae87d8e697737fb5b1,1,e4985e03cd939f1a9f81c65e949f1688,edb1ef5e36e0c8cd84eb3c9b003e486d,2018-06-13 17:59:58,97.65,8.42
030c39b681ff2f80d984e9190524a029,1,368c6c730842d78016ad823897a372db,1f50f920176fa81dab994f9023523100,2018-05-06 23:09:42,53.9,10.13
032445a7ba9d6dc90dfc011a48e5c954,1,61eee7a9f1884caed59c316047c5832f,f8db351d8c4c4c22c6835c19a46f01b0,2017-07-31 03:25:48,129.9,12.41
03344155603005842bd94ce8d65f2607,1,441d3f638e532d223ae9a0661abb6de6,de23c3b98a88888289c6f5cc1209054a,2018-04-19 14:55:22,139.0,9.33
036ea72a17833a6fbbcd3e4df8250292,1,6401d2f82d6e6c52998ce626fe4eda24,835f0f7810c76831d6c7d24c7a646d4d,2017-09-12 06:24:16,69.9,15.24
0372d2e3d0ac2600aa8e08e6c46cb7dc,1,7c1bd920dbdf22470b68bde975dd3ccf,cc419e0650a3c5ba77189a1882b7556a,2017-10-09 13:04:41,58.99,17.66
037ded3ba29ebe9a96acb1177cc52b51,1,f6ba4f9e6851627ea2d5ec8b06d471d2,6a8b085f816a1f75f92dbac6eb545f8f,2017-11-03 03:07:07,49.9,11.85
038297c93a230b204ceeca7e2720b464,1,202d6bc7af7609f371b94e032925d314,1835b56ce799e6a4dc4eddc053f04066,2018-02-21 03:07:47,28.99,15.1
03be2f620301ed720f761e04f00270d4,1,e0d64dcfaa3b6db5c54ca298ae101d05,7d13fca15225358621be4086e1eb0964,2018-06-15 12:35:12,144.0,14.37
03c1d25d82f404ea1fdfae8eb0b4c314,1,d5ad2be418dec48e9d0c4745e431c384,3bb548e3cb7f70f28e3f11ee9dce0e59,2018-01-26 14:16:17,99.9,17.14
03dd7d68a345c4fb5061f35f29ad959a,1,1b0e39ec889889ea1d492603d8512bfb,e26901d5ab434ce92fd9b5c256820a4e,2017-06-21 11:30:14,39.9,15.1
041082480b107a1303236e0c21b8bcd5,1,de533fe5b9448ea9792195806938dbf5,1025f0e2d44d7041d6cf58b6550e0bfa,2018-04-26 16:30:51,196.8,19.26
04211073930bd30b88b8170431a071ed,1,f0aeff7723abbe804226f96c5b1db7ef,f8db351d8c4c4c22c6835c19a46f01b0,2017-05-31 02:55:16,18.9,15.1
043e7f7cfe1fdc68f4ba3dc83504db83,1,a294436012a512193adfae667b8465f8,de23c3b98a88888289c6f5cc1209054a,2018-07-04 22:15:15,120.0,20.03
045fb730a757a5379d79bdbc42d4e84b,1,a783f0d718c28a1375f64c1dfff1818a,85d9eb9ddc5d00ca9336a2219c97bb13,2018-08-17 04:10:19,34.9,13.58
048d699adf41881d80ac3ed5f632a3aa,1,734be9836ed8115f981a072369c2516c,41b39e28db005d9731d9d485a83b4c38,2017-06-06 18:50:19,169.9,16.89
04948f70a0acaf8f9bcbc5602c4a7a47,1,6d8096ca93caea3416a6b24bf411bc86,fa1c13f2614d7b5c4749cbc52fecda94,2018-01-18 20:18:20,329.9,17.06
04a2b4ee7fcf9fa8bf25b8d5bc770152,1,d1c11e104455ab36d3e5b7458a9189d2,2c4c47cb51acd5ea5db5e0ae0e26542a,2018-06-13 22:55:17,145.0,21.6
04a2b4ee7fcf9fa8bf25b8d5bc770152,2,6d2cb25a03acb6dd4e83969a770e772d,f45122a9ab94eb4f3f8953578bc0c560,2018-06-13 22:55:17,19.99,5.56
04b2afb6447774881079872788d97883,1,88ffcf27478318ba55b1f9d22d65ce97,f3da5b2ff499efb8d4a6d371d175d7dd,2018-04-26 20:30:37,40.8,12.79
04d93c61c57f9d6d4886adce5a64a9b0,1,fad4c004f68304a86535ea71c79cfaa4,5fd924b4836098a5be0ecf81ba054ce0,2017-03-07 16:35:18,69.0,6.09
04d93c61c57f9d6d4886adce5a64a9b0,2,4374f5c6e8ab35133a8dbc5517ec0388,5fd924b4836098a5be0ecf81ba054ce0,2017-03-07 16:35:18,59.8,12.17
04d95724f8e595ca13c0806541d39973,1,e6746d9281278108ca3319c4f0e6d05e,058fd0aa2bfdb2274e05e1ae971dabb6,2018-03-23 10:27:03,130.5,7.78
04e289ce03d58b279959796d73dee219,1,34239894e175b17d8c84edc6c73b4dad,827f8f69dfa529c561901c4f2e0f332f,2017-08-03 08:45:33,32.9,14.1
050db8a61ea366db684e7d127082b5da,1,35afc973633aaeb6b877ff57b2793310,4a3ca9315b744ce9f8e9374361493884,2017-07-13 19:03:27,89.9,12.13
05426618bfbb87e04fdd3a60a5bfef38,1,6cdd53843498f92890544667809f1595,ccc4bbb5f32a6ab2b7066a4130f114e3,2018-07-24 19:50:10,364.0,21.74
054316a4a3afc149108b6b1431d11274,1,c6336fa91fbd87c359e44f5dca5a90ed,4c2b230173bb36f9b240f2b8ac11786e,2017-07-27 09:02:54,39.9,14.1
05a4879e7e161809c8bf4d8171b0c670,1,741e14d6cfe9c7dfcace49c4a0989bf3,adbc26658d6c7b4b6219f9d934598091,2018-02-08 08:10:47,130.0,17.16
05b7ab671d6b51e0b44ea73a54d9f739,1,7612afaa8218e79b3011243ed9edea9c,821fb029fc6e495ca4f08a35d51e53a5,2018-01-26 18:58:22,389.0,48.19
05cb67bde9e73ef4ed72519d1497e006,1,e0a36dd15c245dbe1a52080fd6d048b2,4aba391bc3b88717ce08eb11e44937b2,2017-03-24 09:54:19,289.0,19.45
05d27719c66597da0628a53f6009ed67,1,386486367c1f9d4f587a8864ccb6902b,cca3071e3e9bb7d12640c9fbe2301306,2017-11-08 19:15:21,113.57,13.81
05d27719c66597da0628a53f6009ed67,2,386486367c1f9d4f587a8864ccb6902b,cca3071e3e9bb7d12640c9fbe2301306,2017-11-08 19:15:21,113.57,13.81
05ebeda0c1aefd787e0ddc914af75039,1,62f423e57a8c157d3877ee5867d7db88,1fe5540d7c1c37a595fefbacd5570d9e,2018-08-20 10:24:42,179.9,19.39
05ebeda0c1aefd787e0ddc914af75039,2,90aaf7f993470e411207adabf5b998b6,1fe5540d7c1c37a595fefbacd5570d9e,2018-08-20 10:24:42,189.0,19.39
0606297cba03ae6663495514f5bdae0d,1,28bc7d95951d962dd5cdda791e07b56f,17ca9b9e9b9ef8fdb529001b49ebb50f,2017-11-30 14:31:42,39.97,15.1
061bf20146d98ef4698d0324dc4392db,1,8445706ffa7ab0221698f5e1be2a9252,0570350b23eda5444f8d1d9544932058,2018-05-22 15:17:52,39.9,18.23
061f2692f309a270bc04537e0a2508bb,1,98b22c1129886cbd7fcae69d1c93e442,da8622b14eb17ae2831f4ac5b9dab84a,2017-12-14 19:17:30,89.9,12.33
06263a9c3476eea0ca0fd70081bc7cda,1,54f45413afc0d5480c59f5dfeed2d19f,5ab05b6d86d417796c69ffd6774ec832,2018-02-26 10:07:37,149.9,16.68
062b1b23a7928be5abeb406e5889e08e,1,67a7c7243c0585ccc44471b5a5c115e9,712e6ed8aa4aa1fa65dab41fed5737e4,2018-04-03 02:07:35,322.0,186.38
062ce984a468dfa021e43bdf17ae158c,1,a5e66fadbb9b49dffdbf63675436a332,a5a1bfcf728ab0e19182959cf0771ee4,2018-05-03 19:11:40,119.48,13.28
0653cf037de0812e8ba775b4a0ea9c2f,1,b6e352d888ba31d8999af279cd63aa24,f61c63d13f7cd800549d5acdd390ae72,2018-01-17 16:48:40,79.9,17.81
06970f3ad11e6267192d7d98af40a8f5,1,ccadfeab525a9eb1569983b66e5075c4,33576ec5412fb5905d876f12f33bfde6,2017-12-11 14:26:26,89.0,15.37
06a6627d9cc91a04e9d146bf65fee0a2,1,996ae0a67e63b78b427a1f8d07543e86,dc4a0fc896dc34b0d5bfec8438291c80,2017-07-20 10:35:14,99.9,13.72
06b29dbcb820a53c15525933a91ada27,1,c7e02747ef9366a4fb7f4ac4fd261c36,974cf2cb8f4b7add98709c30df02fe10,2017-10-22 22:49:29,96.99,13.7
06b2c7035561ef12b16045ef4bf459e2,1,f7a17d2c51d9df89a4f1711c4ac17f33,f8db351d8c4c4c22c6835c19a46f01b0,2017-07-11 17:28:03,52.9,15.12
06b7df1d1d3dd3e36628fc7078908592,1,369dfa384d5ad2a0cb97cb4cda846c47,e9779976487b77c6d4ac45f75ec7afe9,2018-05-04 11:50:42,191.0,9.63
06c4d1be000d2b0d30d56ff06dab667d,1,70bf4f61950297cf24e18a9b84c3208a,6d988d6174a2c27441597174f8905515,2018-02-19 21:08:58,18.95,12.48
06c94a45382f44abb2968a87bcee9bcf,1,5a848e4ab52fd5445cdc07aab1c40e48,c826c40d7b19f62a09e2d7c5e7295ee2,2017-12-14 14:10:33,122.99,14.61
06eda05597492635e3b91e00aa434332,1,557281eded333607ebffd2e626f96101,7299e27ed73d2ad986de7f7c77d919fa,2017-05-30 03:05:27,199.99,16.15
0700a8e0947d76a90800538ff87da453,1,44fded21627553d1886d459384bbce06,8b321bb669392f5163d04c59e235e066,2018-04-30 03:32:28,15.0,18.23
0713892246596f649555ebebe57a9a7b,1,35afc973633aaeb6b877ff57b2793310,4a3ca9315b744ce9f8e9374361493884,2017-11-09 19:35:22,89.9,13.65
071a4b7cb627e6acfcbde9c7ec233893,1,8a26f391ab8b209f67d87dd358f6f004,cb9fb4ca75d7ba8437480e8dde64fe98,2017-06-13 16:42:30,49.59,16.6
0745fd0c5e5bd55f752798a152b1d04b,1,a4756663d007b0cd1af865754d08d968,7aa538dd6e114e503a2e6154ea352253,2018-08-23 04:30:19,83.9,19.78
076dc4ca874b482e0fed6263b1ff1b5f,1,b709188b458871de07fd90a08dbcd1f0,b76dba6c951ab00dc4edf0a1aa88037e,2018-08-07 18:15:18,16.99,22.06
0799a27b55977a0aedea205def0a6297,1,367e3cfe13596a0efb512e235e40e754,71039d19d4303bf9054d69e9a9236699,2017-12-04 12:15:04,189.9,15.08
07c81434b5f46c9c3eacd48e60d50747,1,acdd408fe971bbe29a81f8febb575ffc,128639473a139ac0f3e5f5ade55873a5,2018-05-16 02:57:21,18.9,13.47
07e74b39ce62a7c6f7063b3168748191,1,b0acce29b45d9b1236d4787813058afd,d566c37fa119d5e66c4e9052e83ee4ea,2018-08-06 15:43:58,56.9,11.42
07e74b39ce62a7c6f7063b3168748191,2,b0acce29b45d9b1236d4787813058afd,d566c37fa119d5e66c4e9052e83ee4ea,2018-08-06 15:43:58,56.9,11.42
07edcfe51903bc7e23501f6b87f2bc46,1,f8b624d4e475bb8d1bddf1b65c6a64f6,b410bdd36d5db7a65dcd42b7ead933b8,2018-06-07 14:30:33,179.0,26.99
082730bdb06cc2b755fbb33becd6ccec,1,eee404f099d4035b0f3e4dc374669a31,88cf19ec1fc2c58f161aee259d57142c,2018-07-30 23:15:14,30.0,18.31
08273b57741a2ee2f20725323393b0a2,1,d3f90867737a01e4df1ff8879e235a9a,7040e82f899a04d1b434b795a43b4617,2018-04-12 21:29:24,219.9,32.93
085bc46be56c7b3c4d5d805843d02e5e,1,abe6b1e401ce596ad0c493aeedb488a4,c847e075301870dd144a116762eaff9a,2017-07-11 17:21:54,29.9,16.11
0866d83668146dad766bf1a583207b19,1,fc13bac52be6640d9a77f54894e2c0e6,e24d3429d294b2eb200b064ebb035879,2018-06-29 09:35:22,29.0,22.92
08935d5052c6414b1960eb67796d01f5,1,86b22a03cb72239dd53996a67df35c63,001cca7ae9ae17fb1caed9dfb1094831,2017-08-31 00:05:55,79.0,38.39
08b9d47b3be61595c61eddc50b42ee02,1,71f5013915099a3ab0756dcabfcf12e8,66fd84ee7528c0c0de85d0f44a73d5ab,2017-08-07 04:35:24,89.99,19.87
08b9d47b3be61595c61eddc50b42ee02,2,71f5013915099a3ab0756dcabfcf12e8,66fd84ee7528c0c0de85d0f44a73d5ab,2017-08-07 04:35:24,89.99,19.87
08db2dff56f31598b313e96bd2b04520,1,aca2eb7d00ea1a7b8ebd4e68314663af,955fee9216a65b617aa5c0531780ce60,2018-01-12 02:08:53,69.9,13.08
08e4ca5f437f69407fb01cabd2d7a0b8,1,49edaf05a81224abe21b929ea492ccf9,54a1852d1b8f10312c55e906355666ee,2018-04-04 11:28:09,86.99,11.23
08e5962f7b156426e52078f8504e9b9e,1,c155f6ba0dae0f11299f1e33fafdea65,c3cfdc648177fdbbbb35635a37472c53,2017-06-13 17:25:07,300.0,26.94
09026ebcef956ddfbc9af4af7c46d377,1,422879e10f46682990de24d770e7f83d,1f50f920176fa81dab994f9023523100,2017-09-25 14:10:50,59.9,17.67
0923cc4965fb98b0adcc8a7c6ee32f7c,1,8c292ca193d326152e335d77176746f0,7e1fb0a3ebfb01ffb3a7dae98bf3238d,2018-02-27 07:31:08,150.0,26.33
0944dd6401b58739dc030557fb149b25,1,27a8b41684f77dd86572fa185bc143ba,44073f8b7e41514de3b7815dd0237f4f,2017-09-20 16:10:17,47.9,14.1
09476766faf9215ae60de94d7c259801,1,b532349fe46b38fbc7bb3914c1bdae07,1025f0e2d44d7041d6cf58b6550e0bfa,2018-05-17 14:57:59,35.0,12.24
09476766faf9215ae60de94d7c259801,2,b532349fe46b38fbc7bb3914c1bdae07,1025f0e2d44d7041d6cf58b6550e0bfa,2018-05-17 14:57:59,35.0,12.24
096d4376832d3c6a12a5b6815590a657,1,80077c975922ef05cb85da41e6f10fb1,05d2173d43ea568aa0540eba70d2ca76,2018-02-26 02:47:50,61.72,15.18
09729990b5d8f5499917697c409b55cc,1,826a5fa766c1c7241ffe63a2f3774d0b,70eea00b476a314817cefde4aad4f89a,2018-01-30 02:36:27,168.99,15.93
0990523dcb57830447203c2e6d8804d0,1,f1c7f353075ce59d8a6f3cf58f419c9c,37be5a7c751166fbc5f8ccba4119e043,2017-09-27 04:05:55,158.0,25.95
09ab8a3234b24017600673c296756fdf,1,63f4d40c05db6ade462cecef857eec34,fec6275253471ace26d209bbaa64cd0f,2018-01-26 14:53:25,284.0,39.54
09c29dc1d814f755a8183dc859945531,1,3e5201fe0d1ba474d9b90152c83c706c,8160255418d5aaa7dbdc9f4c64ebda44,2018-02-15 19:07:48,122.9,18.43
09eb1ae749fc79af3f5a2f4481efae6d,1,a4d0871577d73bc394c482dd0998af7d,e3a386fc36e22064434e1fa256f6a9fa,2018-03-15 02:30:26,27.3,9.42
0a3c7a080b1152884a662e6da68906e7,1,6c55ba2343f9df32c7f88a468352ff22,6560211a19b47992c3666cc44a7e94c0,2017-06-22 17:02:57,29.0,11.85
0a44ca66dfa067a69bc92ef82ba68acf,1,6f3b5b605d91b7439c5e3f5a8dffeea7,7d13fca15225358621be4086e1eb0964,2018-05-17 20:15:17,145.0,8.36
0a4717812af08b022a25c46f110d881d,1,5e53af05c040b01584b81b3549945faf,c8467937e403e76a8ee9f0ab13f6f5ef,2017-12-18 03:50:20,29.9,14.08
0a50b1ae078d9638440048842b7cd5c4,1,8f40f0b0018b8f6fd449c4c0713e3118,9de4643a8dbde634fe55621059d92273,2017-10-05 20:49:24,547.99,26.71
0a7f55f1119615e9adba581bc94ee02c,1,342ea5301fb0561caa90fb8e64767deb,8b321bb669392f5163d04c59e235e066,2018-06-27 20:35:20,9.0,15.23
0a881bec2e3ae03ba47a8d04d5dfc450,1,93492b51618a093d88d0616985f0c6cc,b8555308bfdb4ca1ed54325a58da9a97,2018-08-14 18:04:31,124.9,13.17
0a89bc2ec7e822a78b0cef45518d6217,1,4dc44f95ece9249f0e50d10542ca6c03,fa1c13f2614d7b5c4749cbc52fecda94,2017-11-20 23:55:29,399.9,28.08
0a8f8c393d9dbc5901daf7d157afc427,1,6536314c94d43b787fc1c622941da14b,2138ccb85b11a4ec1e37afbd1c8eda1f,2017-06-07 16:25:28,32.99,15.1
0ac37dcbb2a733a4d81866a91ff65965,1,4deb009c36a910076a023947a7929201,17e34d8224d27a541263c4c64b11a56b,2018-07-10 23:10:12,52.88,18.47
0acdae809654a2de1235d18a12cf73f3,1,7564c1759c04fc0a38f2aa84f7a370ee,6860153b69cc696d5dcfe1cdaaafcf62,2018-06-18 12:19:40,42.97,23.1
0af646de6e8d7191b1020ec0a5defcee,1,c6dd917a0be2a704582055949915ab32,7a67c85e85bb2ce8582c35f2203ad736,2017-05-02 15:45:20,99.99,9.69
0afa4eb653f04cb1809253eb3b1f9768,1,682fa9a2b1120191903abcde5950f072,c3cfdc648177fdbbbb35635a37472c53,2018-02-15 19:10:12,139.9,27.83
0afa4eb653f04cb1809253eb3b1f9768,2,682fa9a2b1120191903abcde5950f072,c3cfdc648177fdbbbb35635a37472c53,2018-02-15 19:10:12,139.9,27.83
0b39d78b430d574a6eafefe82c11b4a3,1,bff395cb3a536fd2f70b47ac8dbb85ba,4a3ccda38b2129705f3fb522db62ca31,2018-03-07 09:15:25,9.9,15.1
0b3d6a94ff1d643af663f55ca8418520,1,006baa9a5b8f95895f15273a35bc2664,8f2ce03f928b567e3d56181ae20ae952,2017-12-20 08:35:29,99.9,21.19
0b46d65f233663a9d675570799f42914,1,8ed094bfe076c568f6bb10feada3f75d,7c67e1448b00f6e969d365cea6b010ab,2018-06-05 19:50:44,179.9,30.38
0b5de0076d26726a10d457e57b93ff25,1,34d25803f90d0109da75922858aa8aec,f7ccf836d21b2fb1de37564105216cc1,2018-06-19 18:21:10,43.0,13.88
0b7b12a402b064d880d3cb31051f6d29,1,88c20c5a22f2ca169af8cfc2df00a7a2,f08c008c8a8d31417763738a1788a2a8,2017-12-07 15:01:09,69.9,16.93
0c065ce922f289db756e5505cb2d71d7,1,d8aead84c0ff5356cacb9ac841ec3a5f,e256a62e0ac58c0edfba09966142d561,2018-05-14 20:54:57,79.0,18.13
0c1426109d8295a688ee4182016bba59,1,cfb133b7458336455fa60b97ac3aaba9,3d871de0142ce09b7081e2b9d1733cb1,2017-12-13 09:50:08,45.0,16.11
0c1f1a0595fb30e05d526ab83576cd24,1,a59fb60fddcc72a9878b7ed5cb69d8e4,7040e82f899a04d1b434b795a43b4617,2018-08-31 09:30:18,14.9,7.39
0c41f512e2783cc1d84227b9afee153d,1,25055c4ea763803958c5c79b99a00439,bc503e244f187939d10c92a5c8e378ce,2017-08-03 02:30:41,38.5,16.11
0c41f512e2783cc1d84227b9afee153d,2,25055c4ea763803958c5c79b99a00439,bc503e244f187939d10c92a5c8e378ce,2017-08-03 02:30:41,38.5,16.11
0c41f512e2783cc1d84227b9afee153d,3,25055c4ea763803958c5c79b99a00439,bc503e244f187939d10c92a5c8e378ce,2017-08-03 02:30:41,38.5,16.11
0c4af986e0aaede577f05163c1ee5911,1,e5403f78625641d4ae41af599772fbfd,1c40343cc5d18c2d8248ac2f3366de34,2018-08-23 22:10:23,128.59,19.0
0c6829c9d92a6bb545d7bf1734d094c6,1,b83738ac1903f7c8f0ed378cb085909c,c003204e1ab016dfa150abc119207b24,2017-11-29 11:48:30,135.9,19.42
0c6a2732270e3f0f66bd73dbde93b59e,1,b05eda1aa0322626a26b40fe913ebfc5,7d76b645482be4a332374e8223836592,2018-08-07 14:05:21,13.99,7.39
0c921abc41428f29f1b5d4c52714fe44,1,fcf50ee5ad1f1a48671052487d2b0bff,0be8ff43f22e456b4e0371b2245e4d01,2018-03-12 22:09:27,24.9,18.23
0ccb884361ec00003176dab0ea647f59,1,a4f46aac5fc5e88c9701aa860c2a957c,0be8ff43f22e456b4e0371b2245e4d01,2017-06-01 11:25:11,119.9,13.18
0cdea1c34ce2e9ca670b2e6df1d6c207,1,43423cdffde7fda63d0414ed38c11a73,b1fc4f64df5a0e8b6913ab38803c57a9,2018-03-20 14:31:57,54.99,15.26
0cee13b4c26d8a1508693a49a3859285,1,ea4f6504cf603bc9b3233999c4ba4ff8,edb1ef5e36e0c8cd84eb3c9b003e486d,2018-05-24 17:14:49,249.65,19.63
0cf2af331f55382bd5698864658e73f0,1,f0f3c686ec837b27ec9da08762d85317,710e3548e02bc1d2831dfc4f1b5b14d4,2017-05-09 11:33:35,49.99,22.28
0d05881e40ca056d5ad848217bc92cb1,1,c389f712c4b4510bc997cee93e8b1a28,bfd27a966d91cfaafdb25d076585f0da,2018-02-01 10:55:46,289.0,46.48
0d336209744bc116bc1a7accb463c189,1,6642e66f26b6e23817ada36eeae229bc,3e8bd881d92466e63ba9e3e809cd3c50,2018-04-24 17:31:04,188.0,20.01
0d4429188b4311015ad2b6b091cc5f9c,1,ebb7abe5ebd35c40595ab16a4ada5c9d,5f3ae9136c875522250f8184f253413a,2018-01-28 23:35:15,29.45,8.72
0d6fee6350875c4d645f6490e7f3ee5b,1,a35a9f46dcee0a67c8c7ad8493eb4135,85d9eb9ddc5d00ca9336a2219c97bb13,2018-03-06 13:10:49,31.9,12.48
0d8a7787ec26d5fb6e97f946e95e2c89,1,d39421ec4cc2bf52e35f8bf00f1ec314,cc419e0650a3c5ba77189a1882b7556a,2017-08-08 18:05:11,49.99,8.72
0d8b3fb610ae4ac24891052ed60e8a2a,1,422879e10f46682990de24d770e7f83d,1f50f920176fa81dab994f9023523100,2018-05-10 02:51:42,53.9,0.0
0d8b3fb610ae4ac24891052ed60e8a2a,2,422879e10f46682990de24d770e7f83d,1f50f920176fa81dab994f9023523100,2018-05-10 02:51:42,53.9,0.0
0d9664d8da1dc4337269071b39e19423,1,eba7488e1c67729f045ab43fac426f2e,620c87c171fb2a6dd6e8bb4dec959fc6,2016-10-10 22:37:21,249.9,17.59
0dbd48af8e89b595eec029357764af2b,1,9ddd762ee8a13576a809dc66f22aa2b5,da8622b14eb17ae2831f4ac5b9dab84a,2018-06-12 18:18:57,199.9,27.48
0dbd48af8e89b595eec029357764af2b,2,51ce083cd2b9078656a94655ab45b8a4,da8622b14eb17ae2831f4ac5b9dab84a,2018-06-12 18:18:57,199.9,27.48
0dd85c67684153e61d0c14bf865103da,1,8d4dac6177fb8134f26fb4c5cc6c0aff,c70c1b0d8ca86052f45a432a38b73958,2018-06-20 15:31:09,91.55,19.55
0dfb6682877b58ca5105919c6cd2b741,1,66b5f91356d928ae807ab4ee547f5e3e,f45122a9ab94eb4f3f8953578bc0c560,2017-06-08 14:50:15,42.99,15.1
0dfc5762a0ff5c737811e18023883a86,1,22c5ddc22ea8cae84fc9917def682dc6,cc419e0650a3c5ba77189a1882b7556a,2017-05-15 08:45:23,56.99,20.85
0e1670a6f68c72266681ed85b4e4f73a,1,529bb98486625f3590837af3e22e49a4,9f505651f4a6abe901a56cdc21508025,2018-08-24 11:24:34,44.99,15.42
0e33e4ed66579e92794c46a5232e51dd,1,de480e3ae31eea2d2d97d694c43172fc,1838dd9b8977065acf51d95e0053ea7a,2017-08-03 02:30:47,28.9,15.1
0e3743eb1b447eb4747eaafc9221fb41,1,1468c44dd6c3ecaa8e9b12a8a2a7ed0c,7e93a43ef30c4f03f38b393420bc753a,2017-12-21 14:31:19,155.99,17.53
0e3ec3c17b64c6cc7bc01bba21e7afdf,1,c857b96593773e940454e76efa8eabb3,cca3071e3e9bb7d12640c9fbe2301306,2017-05-16 16:30:12,59.9,12.76
0e3ec3c17b64c6cc7bc01bba21e7afdf,2,c857b96593773e940454e76efa8eabb3,cca3071e3e9bb7d12640c9fbe2301306,2017-05-16 16:30:12,59.9,12.76
0e577169a545cf287894094d0146feba,1,1d9263e74c3e8e57d3a7bd505b7b871e,dd2bdf855a9172734fbc3744021ae9b9,2018-01-02 02:11:14,39.9,15.1
0e5c4fff98e1b7885f4ce7e7e13e37f1,1,6631e618f60618adc0361b7ab843c98d,1cbd50a8c52e6cf8e315c5709fab386f,2018-02-07 03:12:35,82.9,19.82
0e66712947a6d0ae935240a304775a17,1,173d5a1b6c4ea4f41aafca840646d240,06e5eefc71ec47ae763c5c6f8db7064f,2018-04-12 16:50:22,181.01,19.15
0ebe7b603e2e4b83d9adf9f169585f0d,1,9007d9a8a0d332c61d9dd611fa341f4b,2c9e548be18521d1c43cde1c582c6de8,2017-11-09 14:55:28,7.5,11.85
0ee0bf166bf18f991a111ecfe817c951,1,229c012e97328ba74fd0f4a1c29f8e51,8cc6a0e5738e61a87b03c78b2ba9db4b,2017-03-16 07:26:17,739.9,21.92
0ee38d8cb24b76282ac30b971bc020ba,1,0e089f539eaa543b2d6e4b4b4e128a3b,bd23da7354813347129d751591d1a6e2,2017-08-10 16:15:19,149.9,17.3
0f0dcff95d53d151facf1af7575432cb,1,5db9185f3c52c4c488fd8a8dcea629f1,6d803cb79cc31c41c4c789a75933b3c7,2018-03-23 11:28:00,135.0,14.31
0f286dcb49da58061b9ae488027e4033,1,b761e337aed465b70aa4bf86f1b12f2d,0be8ff43f22e456b4e0371b2245e4d01,2018-01-29 13:18:22,49.9,7.78
0f30693cac68f8597594c35a1dc38a8e,1,36f60d45225e60c7da4558b070ce4b60,88460e8ebdecbfecb5f9601833981930,2018-03-04 21:09:09,67.9,15.23
0f32b97a3ceaa816f0ffa6af3ca4e0d6,1,a0245537bc3dfec325899fcd716f70cc,f5a590cf36251cf1162ea35bef76fe84,2017-11-29 11:26:31,1175.0,17.04
0f43f4cfe3c1717621349b811d2a85c1,1,f457c5f0c72ba4cae17636c5174add2e,9646c3513289980f17226a2fc4720dbd,2017-12-15 03:16:06,18.0,8.27
0f43f4cfe3c1717621349b811d2a85c1,2,f457c5f0c72ba4cae17636c5174add2e,9646c3513289980f17226a2fc4720dbd,2017-12-15 03:16:06,18.0,8.27
0f7f5047fb2535359f03240b1697085a,1,7fb04722aba7a2b632bac8f9819796f3,f3b80352b986ab4d1057a4b724be19d0,2017-10-27 09:56:23,79.9,18.8
0ffc72fbf456655a67de48c1bd094594,1,1b28df0b54809d40f2bd2f2218c601a2,e9779976487b77c6d4ac45f75ec7afe9,2018-01-03 21:14:24,60.0,12.76
1017e188d93cee2c3292c71a98dbec38,1,8d23da47a7828cf786103f1c3fbeab43,004c9cd9d87a3c30c522c48c4fc07416,2017-05-02 14:41:15,143.99,21.09
104d1e3a6ba2bf9d8856a54af9c6c681,1,27cdfae8c8c8a703a13663e4c629ef39,6df688df543f90e9b38f4319e75a9d88,2017-05-05 16:22:48,17.73,22.76
104d1e3a6ba2bf9d8856a54af9c6c681,2,01b0238705b6ae8e35c6fea837e6ae4a,6df688df543f90e9b38f4319e75a9d88,2017-05-05 16:22:48,8.03,5.46
10516d5059a1ebd2841eafd0124d43ba,1,9d8a0e115e802d845b4ce1eb794d1260,d05ae8f7a5bd1d2a690a44cd079e4e27,2017-12-21 19:51:40,120.0,8.26
1057bf6391c17f9b6960dd996029e1dc,1,d274714b715480aa8ca7fca7d2524233,10ff823eda2b032e2c93d17a7d294736,2017-08-03 13:05:18,149.99,16.68
106dccd8cf01a9d15921ba6b3028a09d,1,4af81c9413dcb40e03e2a1bc15a6448b,525e75a6fb1454a2325ab1734bcec221,2017-10-06 13:04:35,49.9,7.78
107c4b8b68f41c60258f21df32424c83,1,53b36df67ebb7c41585e8d54d6772e08,7d13fca15225358621be4086e1eb0964,2018-05-09 15:10:19,99.9,0.0
1093c8304c7a003280dd34598194913d,1,124f74f703e88efe001a10bfa718b6ff,2a7dc43cecabf23403078e2188437d1d,2017-11-22 19:55:41,19.9,16.11
10c7b16de7ade26ab82b8d6a42017e1e,1,ef6fb97da4e206dd38306ba55b9d5cbe,46dc3b2cc0980fb8ec44634e21d2718e,2017-11-30 11:35:32,149.99,18.62
10cba0be7bc27288b512d87a719b97e5,1,f361fccba568fabe00db466f80626d1e,85d9eb9ddc5d00ca9336a2219c97bb13,2017-05-18 15:10:17,15.9,8.11
10d1e90a86d2be981a52b6a927c97dc5,1,d38b73f9519632415b56acb83abc77fa,575df70bde3f9f2b30bf8d2e9910d725,2016-10-11 10:11:31,199.9,33.7
10d1e90a86d2be981a52b6a927c97dc5,2,d38b73f9519632415b56acb83abc77fa,575df70bde3f9f2b30bf8d2e9910d725,2016-10-11 10:11:31,199.9,33.7
10f19649ff10ef887aee3d8d536f5da1,1,d881c75404b591b0912840f5401ae57a,744dac408745240a2c2528fb1b6028f3,2017-10-05 12:24:10,529.0,17.45
110d11411569c88d2745d55180027f3e,1,3d3c4219b64b1a968490e7bdfa43bf1f,0bae85eb84b9fb3bd773911e89288d54,2017-10-09 13:07:41,49.9,20.84
113e0c165fdf93f9e1017dae01292548,1,d63c1011f49d98b976c352955b1c4bea,cc419e0650a3c5ba77189a1882b7556a,2018-04-06 16:31:52,59.99,8.88
114b047e7bac7728e93bdf39f7031875,1,4fe644d766c7566dbc46fb851363cb3b,c31eff8334d6b3047ed34bebd4d62c36,2018-06-18 21:15:23,99.9,23.28
115778b69ef3f8bece387ae594bcecba,1,0a2fff0d95ef3bbb7dffc618f9542ba9,4869f7a5dfa277a7dca6462dcf3b52b2,2018-02-22 10:10:58,99.0,12.19
116665b63c365f63f79ab891a4a88cfd,1,ecb07a06fd523021fdce82a3c43a1a65,65b081a070633e057c462abdd6fb9dd8,2018-03-08 10:35:47,97.99,36.01
1166c0cee90e165a1b3cf275339be6cc,1,b532349fe46b38fbc7bb3914c1bdae07,1025f0e2d44d7041d6cf58b6550e0bfa,2018-07-31 04:25:19,35.0,19.44
1166c0cee90e165a1b3cf275339be6cc,2,b532349fe46b38fbc7bb3914c1bdae07,1025f0e2d44d7041d6cf58b6550e0bfa,2018-07-31 04:25:19,35.0,19.44
118b09c1cf1b29c8401cb7833d29c10a,1,e8ac111f2d0b0e9a43d2980d387d0e7c,6d22a1fcebb6dd08c9cd90b92a93e8d0,2018-01-16 10:08:27,196.9,26.22
1190543041e25468b0370ddae215f01d,1,4651cbf18222b853f46619003d9861f3,955fee9216a65b617aa5c0531780ce60,2018-04-25 23:31:05,80.0,7.43
11913ca0eb4a5aaedf1c5fcb3a69899a,1,a86bf954ba3a0e7e31f2b6dc5267212b,7e93a43ef30c4f03f38b393420bc753a,2017-10-02 09:49:31,539.99,11.97
119e67c344bd250bb9d6a6f1028fd678,1,024063adde9af865418b7da3dd897b98,4371b634e0efc0e22b09b52907d9d469,2018-03-05 03:55:36,85.0,15.34
11a132c691ba6602d0cad2e1eea1bc14,1,87cc2aef12eddf0b170234138b0946e0,34d1ca11b242c0fee2c834ae8d788566,2018-05-15 18:31:31,185.81,20.27
11a239a4801f822c98f826b625fc9baa,1,0cdb6853db40cd5d117e1828fcef99af,c3867b4666c7d76867627c2f7fb22e21,2017-10-09 18:24:37,99.9,17.95
11a9b7e0a0da34849647a487b13ef821,1,ace5d86cf1ac63cdb76f49e5cd23d2f8,cca3071e3e9bb7d12640c9fbe2301306,2017-12-15 21:52:32,50.9,16.12
11cf686bd51e6060001abd7c3eb9b05c,1,4fcb3d9a5f4871e8362dfedbdb02b064,8581055ce74af1daba164fdbd55a40de,2018-01-22 06:36:19,143.8,31.76
121bf0ddd1c3d94dd344d3f0e81de607,1,aba86c093ccdbac75b09111d57e50004,7c67e1448b00f6e969d365cea6b010ab,2017-02-19 11:01:25,119.6,11.45
121bf0ddd1c3d94dd344d3f0e81de607,2,aba86c093ccdbac75b09111d57e50004,7c67e1448b00f6e969d365cea6b010ab,2017-02-19 11:01:25,119.6,11.45
121e29055e551edf515b58477ca53c39,1,53759a2ecddad2bb87a079a1f1519f73,1f50f920176fa81dab994f9023523100,2018-01-03 13:10:32,49.9,17.6
121e29055e551edf515b58477ca53c39,2,53759a2ecddad2bb87a079a1f1519f73,1f50f920176fa81dab994f9023523100,2018-01-03 13:10:32,49.9,17.6
122d77201f2281c9420f54d73240b310,1,c72edc98e7d77f0c4c04ec80730c05f5,5b925e1d006e9476d738aa200751b73b,2018-02-01 21:17:07,69.0,11.73
125976e5bb61accc5b6c27bc74f08d49,1,256c61261c818dab727fa2a60d8964ca,7c67e1448b00f6e969d365cea6b010ab,2018-05-03 23:11:21,116.94,16.66
125f791fad1cb7d8545189f70f1be885,1,b7733895fca54f6ce4af8c29a3056680,bd0389da23d89b726abf911cccc54596,2018-04-30 16:31:35,69.9,17.2
1261388c490047bbb0ea823f9b75cc29,1,946b65d028c40dd63ca9d45fa3e4b65e,a4fc6eadaff1576af888509a53420f6a,2018-06-05 18:31:43,100.86,20.76
12764e11143d316ea2257118daa2e3bc,1,337f10f83d8ba37edab89b7a0e9f32b0,42b729f859728f5079499127a9c2ef37,2018-05-29 16:31:23,19.9,7.39
127ddd8ed5c8c31ad7d8f4c54d58997c,1,0e90009c14c8245b4ec2646c22ca8b7d,02c988090b766852e088c69d7fb3b551,2017-10-19 11:49:19,119.4,12.04
127f6cc9849c481c4f0daf043a91a129,1,0b41e00d58da605465f22bde5b7cf725,05d2173d43ea568aa0540eba70d2ca76,2018-07-30 10:15:20,473.24,44.48
129752a77c2cbf91fc9892660f83dc79,1,228f57b1acb5bdce9401c58653c8cc14,7e93a43ef30c4f03f38b393420bc753a,2017-06-16 09:42:39,205.81,19.98
12aab7cb25bc6ae86c66cb3e7dc35a76,1,c8c073a1cae6a98799d7581958ede514,ad97a199236354e53fcd91a5a913e9a2,2017-12-29 17:31:56,522.5,24.15
12aef789cfc998f5f44ddf27c24e354d,1,29427de7f8a9ee983d9dbc51cec569b4,7a67c85e85bb2ce8582c35f2203ad736,2017-08-03 11:32:39,99.99,38.25
12c281ebecb5a750bfb59174f5660243,1,7e786406ac65b91c288fe2be1d93bddc,7e93a43ef30c4f03f38b393420bc753a,2017-10-25 11:49:22,159.99,17.56
12fb2d2b590f7359e3b473456bd1ca87,1,d03a2a3433372ac8f9f6649d1dacadae,c70c1b0d8ca86052f45a432a38b73958,2018-07-10 08:30:40,110.32,8.03
12fb2d2b590f7359e3b473456bd1ca87,2,d03a2a3433372ac8f9f6649d1dacadae,c70c1b0d8ca86052f45a432a38b73958,2018-07-10 08:30:40,110.32,8.03
130654953b9f4e7e9f1bd08b1b882bf4,1,e7ef7e0bc312196681f8304cf7ddd92e,0417b067eeab773d2f7061a726dc477f,2018-05-14 04:15:33,129.99,59.2
1308401e91987ef9e69d495e612e7919,1,7d19da97298dfc1d2e254146559095f3,c0e6839516f5398edc34adf5f1d53d1a,2017-08-13 22:25:07,199.0,36.9
131b770dae46d4fbf6e9a62a1b177ed1,1,c22d563bae38dd4598dc104eefa52224,2a7dc43cecabf23403078e2188437d1d,2018-04-19 12:50:26,65.99,16.43
137d0174b6161980026a858b907762fc,1,480be8d20c4b6a7df1eae0f2c17f2db2,41c2bad7229b0c25e6becf179ebf63ff,2018-01-11 04:11:27,34.0,8.27
137e61abfdecd3bfc15f45999fbe8809,1,061c050147b7b9fb6f088593900e8dc6,d98eec89afa3380e14463da2aabaea72,2017-07-27 20:10:12,24.99,15.1
13bc2aa1a887b018329663498f5e00ab,1,acc4fbb4362b73447d673cb3a4da716c,a3f0b55de503387383c7b1de3ad7f678,2018-04-30 09:30:29,219.9,133.37
13d341318c77969f10d77e1382957542,1,336b5407e252cac6f4e4270979cec8ad,2e1a7d075abe038c1b2743005fe42ff1,2018-08-08 05:10:09,29.9,8.96
13e46245791ac3c971ba82ef45a1a280,1,06edb72f1e0c64b14c5b79353f7abea3,391fc6631aebcf3004804e51b40bcf1e,2018-08-19 21:45:10,39.99,18.38
141b860df8159c748ea4d24301992689,1,b5aebb467d9a92162173cbd234e00d99,d9e8c084b68fe958861d8f2c21202e6b,2018-07-26 03:15:31,35.0,13.83
1434f15909999c1562d1c4a24a4409cc,1,6800d91175b6abde04b1d70ff2474746,6560211a19b47992c3666cc44a7e94c0,2017-10-26 13:14:21,69.0,15.23
143a9d75c62a9bc296541b7318f8a8bf,1,c15c05beb23ff0f89b50e98c810dbc03,febab0275244b9a49a623f0bd613ca2f,2018-01-16 08:58:12,29.9,15.11
144e2a5f3cce02b2f4678bb2bd5107d7,1,bb09e8007aff97a9452967b19430cf53,53e4c6e0f4312d4d2107a8c9cddf45cd,2018-02-26 07:16:05,93.0,16.9
148988b3acaa4d165fe1b3cfeff74a1f,1,556139e4bcee1fba36586a9c146cbf54,6edacfd9f9074789dad6d62ba7950b9c,2017-05-25 09:31:32,61.9,15.19
14b01335f19b97fce1437168032ae388,1,ad5396bf96af6ede77130e54ad266c61,184a67a8f9f63234d3a92340bbdb727f,2016-10-10 15:59:20,22.37,39.93
14b01335f19b97fce1437168032ae388,2,98cd3776d33bddd0ebf8ad8b4732d1b4,184a67a8f9f63234d3a92340bbdb727f,2016-10-10 15:59:20,22.37,3.99
14b01335f19b97fce1437168032ae388,3,ace91f88d635b9e5563e36cc0a0a8f09,0336182e1b3e92f029d5354832045fdf,2016-10-10 15:59:20,14.9,4.26
14b01335f19b97fce1437168032ae388,4,c006d1427332464b79808bd9dfaec943,184a67a8f9f63234d3a92340bbdb727f,2016-10-10 15:59:20,22.37,3.99
14b01335f19b97fce1437168032ae388,5,57d9a5d185e8254383504f57c4b8ddcc,0336182e1b3e92f029d5354832045fdf,2016-10-10 15:59:20,14.9,13.31
14d1d66db4507c974f85b272b16a2e6d,1,3cb39171fd36c50097f2dedbbe0dfe6e,16090f2ca825584b5a147ab24aa30c86,2018-02-28 01:08:53,28.49,8.27
14def5e6b6021ae117c181c039258033,1,bd8c0934082247e8c53c9b8fe35a4dad,c60b801f2d52c7f7f91de00870882a75,2018-08-06 01:35:12,172.0,8.46
15008182975b6283817426f03e9f79a7,1,bfa0e398bef2d28bb421d42997982cab,46dc3b2cc0980fb8ec44634e21d2718e,2018-08-21 22:49:38,219.99,24.3
15044169648e6a6e9b1ffe21405b6391,1,b114bf337c0626166abe574eee9e3f32,7c67e1448b00f6e969d365cea6b010ab,2017-12-15 04:40:06,149.94,36.71
15044169648e6a6e9b1ffe21405b6391,2,b114bf337c0626166abe574eee9e3f32,7c67e1448b00f6e969d365cea6b010ab,2017-12-15 04:40:06,149.94,36.71
151a3f0bc95fa85152c33fb906012832,1,c44fd47f82e429f739693c82c73a43b4,7040e82f899a04d1b434b795a43b4617,2017-12-05 12:42:46,118.9,15.58
156168da8a5dcb5224afcebe8b0a9c88,1,0f5332231359f783330b784af1b8c3bd,26785a546900236d66f2e4197c211158,2017-12-20 22:51:01,49.9,7.78
15775cbae05fe929de188870848e4129,1,d34347977e0997e8f5635d50e60b3c20,70a12e78e608ac31179aea7f8422044b,2018-05-16 11:51:48,59.0,12.85
1593ad9516af3ed6b4bfa1769d77f0b0,1,926059cf1853879e8f148194b151ed49,2b1a40c1daabc6ca280c4b815c101841,2017-06-11 23:35:18,321.0,50.78
1593ad9516af3ed6b4bfa1769d77f0b0,2,926059cf1853879e8f148194b151ed49,2b1a40c1daabc6ca280c4b815c101841,2017-06-11 23:35:18,321.0,50.78
15b5cb72b88eef3759d55a8d7cbf0a6c,1,8b4a33d7c554bbe096de11bb33ce6f4a,080199a181c46c657dc5aa235411be3b,2018-03-26 14:49:27,179.49,16.14
15e0c6109167c1c2789e0bc78ddaa70a,1,2873da054c3a30189c5aac7b87d3b6e9,42fa4ee7240e9b8eb4576358ec142ba7,2018-05-18 20:10:02,185.0,19.81
15f8e1e2abf48b0c5161b2f0110ba6eb,1,e59dd207c69d86e890febadc796d1078,e9bc59e7b60fc3063eb2290deda4cced,2018-07-25 03:04:22,133.9,19.04
1600c77ccd20164d6da4e2285d3ced92,1,15627ec726c8361a54e87afd48c9ddab,96493fab2fbb13a14d0c0e8772eef5c3,2018-02-08 15:30:26,98.0,15.45
1610bbd775aa73327d7741d006c09fb2,1,e3a3f867448d4e54c737944db7122dbd,7a67c85e85bb2ce8582c35f2203ad736,2018-01-16 23:28:16,65.99,20.86
161b62294734a5b8c35890b6a607c7d8,1,10070e29929f7c7d609ee3201f236b8e,8a130737016f838139d31878787a39c9,2018-01-17 13:39:26,95.2,13.01
161dded9453a3c4d5b6fd484128249a3,1,39d927da9853bc98764f42316d02351f,54c04bdb5ec46762f8f08c7e8f86ed4a,2018-07-30 09:04:38,173.67,39.66
1643b03ca11567c439096a981a2dc14c,1,d63c1011f49d98b976c352955b1c4bea,cc419e0650a3c5ba77189a1882b7556a,2018-04-12 17:55:25,59.99,8.88
16816559da5727e021514080413bf96d,1,db6677c6f890ba1730c0b75bd8132579,cc419e0650a3c5ba77189a1882b7556a,2018-03-16 15:00:19,59.99,23.0
169d7e0fd71d624d306f132acd791cbe,1,18486698933fbb64af6c0a255f7dd64c,0b90b6df587eb83608a64ea8b390cf07,2018-02-28 11:35:36,83.0,15.33
16aaefde5d48ac55cb13be6353f9d415,1,39a93ffccb8197be32c57f39ff8d826c,aba1721a889e04decc910aa13b768ef4,2017-04-06 19:25:07,33.0,14.52
16d56a02b43b518cd146d842555b22ba,1,06a47d0ecd4561565deab3dfd7d3c0ff,80e6699fe29150b372a0c8a1ebf7dcc8,2018-03-26 13:35:38,58.9,13.53
172eb17b2fa12d49f274ad27404ad1b9,1,82c3ea364e5480f335f6743ee725a921,70a12e78e608ac31179aea7f8422044b,2018-03-01 17:10:45,49.0,15.1
1751f4e14a08d5188324c3a04175f76f,1,5403528d987ad26e8d7cb25940411987,6560211a19b47992c3666cc44a7e94c0,2018-07-23 15:55:14,49.0,12.13
1751f4e14a08d5188324c3a04175f76f,2,712c57780310856377c327e662653625,b8578d2d823bd8e251f6fdd02b40902d,2018-07-24 15:55:14,31.9,25.46
175f436110df7b451689d7d969ec64f5,1,7d1a667dbc183583078324f912d42c6b,2089a6d640999f9b9141ac719b2af596,2018-02-05 15:07:37,112.0,15.53
17660939d5287b04a8f9ecb64c178966,1,5d6bea33648f018dbb563f3a2fab09f3,1025f0e2d44d7041d6cf58b6550e0bfa,2018-04-24 21:11:25,150.0,34.59
17741d347806fbe91c72a69918b484ca,1,820e8f306dc9ffcf6d0957516084cca1,7aa4334be125fcdd2ba64b3180029f14,2017-10-02 03:35:24,38.89,17.6
17774450f243f686546b04633a04dbdb,1,1e5428c428e0f783acd6e3d94ba4ee2a,53243585a1d6dc2643021fd1853d8905,2017-12-21 01:17:24,599.0,67.68
178358411049ad27f877b8964564528a,1,d02e5b014cc50a42a3ede0b3dc1fc63e,3785b653b1b82de85ab47dd139938091,2018-03-09 10:30:47,59.9,14.15
178955fdb788182bcd71cb34542b1067,1,f0f3c686ec837b27ec9da08762d85317,710e3548e02bc1d2831dfc4f1b5b14d4,2017-02-17 15:30:37,49.99,17.19
178a419a329f2b4bf50a68f7357f8fce,1,6c3effec7c8ddba466d4f03f982c7aa3,37515688008a7a40ac93e3b2e4ab203f,2017-11-08 23:15:29,24.5,15.1
17a64f4aa50ee9ab751db1cfb720776f,1,1c9b5793de6c3d9117b6218552c87a8f,3c7c4a49ec3c6550809089c6a2ca9370,2017-11-23 03:35:46,13.99,7.78
17e3bdfb40f275e758587eb0df1e7516,1,41ce18e06273b50422ebf6149066fa23,aba1721a889e04decc910aa13b768ef4,2018-04-03 17:08:05,25.0,7.39
17f6b36b21f52d18d86ad4b667495d03,1,dfb97c88e066dc22165f31648efe1312,8581055ce74af1daba164fdbd55a40de,2017-10-26 19:35:14,139.0,27.29
181ff95f97fee531c4afa9e882186f18,1,585e7f7e97e55cb9e74556236b43b0be,dfa0c4c6229ab200a4a1336b4d7128ff,2018-06-26 14:32:11,26.9,15.29
181ff95f97fee531c4afa9e882186f18,2,585e7f7e97e55cb9e74556236b43b0be,dfa0c4c6229ab200a4a1336b4d7128ff,2018-06-26 14:32:11,26.9,15.29
181ff95f97fee531c4afa9e882186f18,3,585e7f7e97e55cb9e74556236b43b0be,dfa0c4c6229ab200a4a1336b4d7128ff,2018-06-26 14:32:11,26.9,15.29
18378468bb910957d971170b04dcab36,1,813a30050677eb6996e12eea9ad400bf,01fdefa7697d26ad920e9e0346d4bd1b,2018-01-29 22:53:26,439.0,33.41
183a7d0aaaf6b16afaa897a44424494b,1,6e3186505d9f4c946921bd51a5b79742,00fc707aaaad2d31347cf883cd2dfe10,2018-02-27 09:50:32,156.0,17.53
1857ec1a182661136fe7584592437d51,1,69f07c49379a0c4bd660dd794a72f02a,b94cc9f10ddc85e4ba73a6f7974e7101,2017-11-23 04:15:47,549.9,16.73
1870435c92e656773aba0cb7b5a49b26,1,3bd016185be10ea4b4b2baa6e7dd9e9b,ff4e2d38692ce827b1a4f4b8196e680d,2018-06-20 23:18:24,35.0,13.83
1874385b2e1267b83f06520d354ae9fd,1,08c816d9a716567bf436173ef6f5f12e,5656537e588803a555b8eb41f07a944b,2018-04-12 16:30:16,19.89,7.71
18995da0f41134f344ebeb2e97965d2d,1,a9d28bf666feccc924dd16f0a19cb70b,33ab10be054370c254ddfcf0a6253422,2018-08-30 12:05:21,58.2,7.83
18a0085788733945772c772b19bceed7,1,53b36df67ebb7c41585e8d54d6772e08,4869f7a5dfa277a7dca6462dcf3b52b2,2018-04-25 21:30:34,106.9,0.0
18af086e1527bd81145db05cf74a0188,1,f0b7332bf477f047972f58a8d70942ce,827f8f69dfa529c561901c4f2e0f332f,2017-04-17 21:22:24,29.9,10.96
18d03c24d935b80a422c0f6ce80a2457,1,72d92666be363eeed3cb22ad05964887,b347677812ea483b0f528eaf8cbc09b7,2018-02-07 12:15:42,159.0,18.39
192280704cc4c1f82086c55f0622f09b,1,015e04445dedbd5da301ef29cbb03f83,dc4a0fc896dc34b0d5bfec8438291c80,2018-07-24 17:10:09,62.7,19.63
1932b344119786d8f945d699f339ee91,1,461f43be3bdf8844e65b62d9ac2c7a5a,4869f7a5dfa277a7dca6462dcf3b52b2,2017-11-07 10:28:48,146.0,34.82
19530a2973e25dffb52a39210f27ebb0,1,7ac0d3f8ac5b60c13d74b02b8cbb4623,f27e33c6d29b5138fa9967bcd445b6d5,2017-09-26 22:30:15,94.9,11.87
196750f3a540bf20f0d449337221bd1f,1,a4d44eb9f68b301db3a15c9a346f395c,bfd27a966d91cfaafdb25d076585f0da,2017-10-18 02:14:09,229.0,26.44
197b967f01bda6ab29436b91844e5e90,1,19c91ef95d509ea33eda93495c4d3481,06a2c3af7b3aee5d69171b0e14f0ee87,2018-04-02 19:50:21,110.99,20.83
199303a694a579a221dd258585150f89,1,b1443a3dadb0b2b1edf47ffe38366788,d91fb3b7d041e83b64a00a3edfb37e4f,2018-07-11 04:32:01,171.15,17.48
199333052066b5ab18aeb76df7c69429,1,bc15663c211a5ec5ac7d927b7ba60e1f,0241d4d5d36f10f80c644447315af0bd,2017-12-14 02:35:28,29.9,17.92
19a88878097106f2e1dc6f056cba940f,1,e7467a3d68aba3dce30c17002bccd8da,4d6d651bd7684af3fffabd5f08d12e5a,2017-08-24 21:15:20,99.9,12.2
19fe6cd13dca5943f17abd2c37c46abd,1,2b4609f8948be18874494203496bc318,cc419e0650a3c5ba77189a1882b7556a,2017-09-20 04:46:01,89.99,7.88
1a144214f8799bd9e27e84ab6d55fbbf,1,271ce3fc018562e90257af8cd2af06bd,7b07b3c7487f0ea825fc6df75abd658b,2017-12-11 11:25:06,72.62,15.27
1a17c1925a4d5a18c4880b06b51c2b0f,1,e8f7d2639ff8caa8b86e5973295898b7,0be8ff43f22e456b4e0371b2245e4d01,2017-07-05 16:50:07,39.9,15.1
1a46043f18f483b119bbeebb563aa77a,1,c4e71b64511b959455e2107fe7859020,aced59e9b31ef866a94f9e7f29d8d418,2017-12-21 10:55:03,25.0,15.1
1a4d91c156fe4c45c0ae24f67d49dc50,1,db71a8783ee43c3bb7ac7fe8f0cf9e6b,d23019c84ffae2d5ef2270367b8605fc,2018-04-24 06:51:22,629.9,26.99
1a5800523e4a42619420e13b49c522b6,1,f7684280fac20a1c9cb683d7ea7d9514,87142160b41353c4e5fca2360caf6f92,2018-08-15 09:50:19,125.0,39.32
1a8128463da10115b1c21e2f0b7ee4c3,1,1b8ee158f59c098470fad33f39660964,1554a68530182680ad5c8b042c3ab563,2017-11-29 23:54:20,139.9,23.78
1a95c6f54a52a5b725f80bdbeac6cfda,1,b7db6602d7706acf38d5b9a0e403002d,d1c281d3ae149232351cd8c8cc885f0d,2018-04-04 19:27:51,76.99,17.45
1aabc8c7c8525b6ada34a6a07d88e26d,1,3a5bfc952a6ad85598f16e431eb7622b,23c38debaffe4a25a30fdbd9b586a13f,2018-05-02 17:31:50,289.0,14.46
1ab55c7db816b2ab39b5b324a22f4251,1,97017430754804328eb9597b7f85da03,ea8482cd71df3c1969d7b9473ff13abc,2018-04-18 21:31:07,27.99,7.39
1ab69e6a88c55054f55e82b7ea1c9d34,1,d3c395bcfed8dcf4539f11fbc4094527,850f4f8af5ea87287ac68de36e29107f,2018-03-13 17:15:44,599.0,30.27
1ab73bf6573a454e2ea4a88dea0ba430,1,e0104b143b87f5f1e013446c12add851,7e93a43ef30c4f03f38b393420bc753a,2017-05-16 12:31:43,679.0,14.52
1ac0eff2487c84f0181b8204a9bf6124,1,15cf6e60f6f3fc09598470e5d9a6d13c,827f8f69dfa529c561901c4f2e0f332f,2017-06-20 13:42:28,29.9,14.1
1af38227c088980113da10c4e6d925cf,1,060cb19345d90064d1015407193c233d,8581055ce74af1daba164fdbd55a40de,2017-08-30 15:55:19,147.9,15.79
1af8d93c6e62a97baeb370a572abe758,1,7d33844ffd50c5fb265a1e0ba03d9470,7299e27ed73d2ad986de7f7c77d919fa,2017-12-07 02:38:31,50.0,15.17
1b27045ffd0c3cc49c737c6ec7c4756a,1,0bbdc963004d9b2fd3427ee3c5ae3608,06df0c10d34e459d9672bc77388742eb,2018-04-01 22:30:12,299.0,15.21
1b27045ffd0c3cc49c737c6ec7c4756a,2,0bbdc963004d9b2fd3427ee3c5ae3608,06df0c10d34e459d9672bc77388742eb,2018-04-01 22:30:12,299.0,15.21
1b2a8a35effe3c031684be53784ac90c,1,2befa4541c8bf3f4c76ebbed873f628f,32e5635e63cb374eb63afdd242fb6134,2017-08-24 13:30:25,910.0,17.82
1b334143e8a49b412fca6260ffb12e76,1,e5403f78625641d4ae41af599772fbfd,ef0ace09169ac090589d85746e3e036f,2018-04-18 22:10:44,119.0,15.71
1b60d2efd91abb75b6a78ba9041a3f15,1,a140e83c184347be1aa71694fe525537,3d871de0142ce09b7081e2b9d1733cb1,2017-11-10 14:30:40,19.9,16.11
1b73fc583f45c471c55fd8d81945db74,1,89d49f6d10ff422902b2c2cb05da7f1c,9646c3513289980f17226a2fc4720dbd,2017-02-22 19:02:19,49.9,17.09
1b7714170035431aeb7b711f2b09ec1e,1,cc5447118c174dcc6456c84ccb29e6f7,ef0ace09169ac090589d85746e3e036f,2018-01-26 14:54:58,117.9,15.58
1b797eb66e743460a6dd5afa1ad3c6f6,1,bbaef2eadf31fe3ea6702077398be06c,cc419e0650a3c5ba77189a1882b7556a,2017-04-28 20:41:34,56.99,14.57
1bb0ce15a167cb42d0bc628a99395f66,1,06f756df8d80309915285f3ee6ea1059,b1a81260566c1bac3114a6d124413f27,2018-08-06 16:30:53,129.9,24.06
1bb74bdf991ecc937ab8901c6b412a24,1,8dc0c7343c861029f0455cf20b0c19c0,f7ccf836d21b2fb1de37564105216cc1,2018-06-18 17:30:45,43.0,13.88
1bbd797e11dcb66d689e9b52df1784e9,1,d8c8e837ccfe496c02186b5572df55ed,0be8ff43f22e456b4e0371b2245e4d01,2018-03-22 00:09:19,24.9,7.39
1bbd797e11dcb66d689e9b52df1784e9,2,d8c8e837ccfe496c02186b5572df55ed,0be8ff43f22e456b4e0371b2245e4d01,2018-03-22 00:09:19,24.9,7.39
1bbd797e11dcb66d689e9b52df1784e9,3,d8c8e837ccfe496c02186b5572df55ed,0be8ff43f22e456b4e0371b2245e4d01,2018-03-22 00:09:19,24.9,7.39
1bc50e93f3ab76ab6677faad4dd5216b,1,5bd46344df36a730cedb3c85d2d1b573,f262cbc1c910c83959f849465454ddd3,2018-06-13 04:30:22,24.99,22.85
1bd0359d89e511c3c49753133e831bb8,1,d2f2c2b94c6ac44ece0bd0dd202c7939,710e3548e02bc1d2831dfc4f1b5b14d4,2017-10-19 12:14:35,35.99,46.88
1bd518c15ee16570e9b8c8e29fde9ab6,1,41db6d8062fcd38410c699743ccc0265,92eb0f42c21942b6552362b9b114707d,2018-08-03 04:15:19,13.47,18.23
1bda188949c33f08bbd8a295ecd2c05a,1,aadff88486740e0b0ebe2be6c09476ae,da8622b14eb17ae2831f4ac5b9dab84a,2018-01-17 21:10:31,29.9,11.85
1bfb96cdc9efb4a52f769d2833d992af,1,3d74d787086b0e22ac320ae43b240aea,ce27a3cc3c8cc1ea79d11e561e9bebb6,2018-07-17 03:45:48,31.99,8.38
1c2bcfd34cbb64f130a03aeb7c0d6c75,1,d285360f29ac7fd97640bf0baef03de0,2eb70248d66e0e3ef83659f71b244378,2018-06-15 12:15:13,227.9,16.48
1c3a799cb7d9d4ea2c60a373c8f46342,1,fb55982be901439613a95940feefd9ee,3d871de0142ce09b7081e2b9d1733cb1,2017-11-28 02:59:36,79.0,17.8
1c518c9a4da98619eea4bc6fb9651832,1,607ef4aa416b93fdeb2a811c2c73ad81,da8622b14eb17ae2831f4ac5b9dab84a,2017-12-27 18:11:05,119.9,12.79
1c68c68cddc15f7e365dc53a0e91e8f5,1,f0f5a9211c208c91441a70cb5241214e,e9779976487b77c6d4ac45f75ec7afe9,2017-11-03 00:45:47,76.49,8.28
1c72f6c4fb7c7f004287761dd7fa32aa,1,1750753e77dc38c4afe6fc90f02c39bc,f8db351d8c4c4c22c6835c19a46f01b0,2017-02-13 21:56:57,36.9,14.52
1cba415ed9929ef8517f8915b418bbf4,1,f111bc943c81722e3b96cb1d089026fb,5d0363b33554b373851fc1622e4d5f3c,2018-01-08 12:48:49,89.9,16.35
1cbc5d1981e34d5c950e9418aa02217d,1,aca2eb7d00ea1a7b8ebd4e68314663af,955fee9216a65b617aa5c0531780ce60,2018-01-12 17:26:51,69.9,20.98
1cbc5d1981e34d5c950e9418aa02217d,2,aca2eb7d00ea1a7b8ebd4e68314663af,955fee9216a65b617aa5c0531780ce60,2018-01-12 17:26:51,69.9,20.98
1cc21285010bbdedb27bdf5995367df5,1,638a9114d65182d28b1cf8a99e72d90e,1b65c144b17e607c0f37f10bb7dfec8d,2018-05-14 04:14:50,169.9,31.84
1ceb22464e4c11a0441f0e153435696e,1,cb81df0e3ccece253557f2a07df4727e,669ae81880e08f269a64487cfb287169,2018-04-23 05:51:03,45.0,18.23
1cebcb9fc81f76f727c7be020cb6cb49,1,53d2c16e7356d124bb2a3f64ca920754,4e922959ae960d389249c378d1c939f5,2017-12-29 09:27:23,39.0,25.63
1d03ab3055cbeb857235ddc26b6fc88a,1,d4fe034cde911805af12724d73fde7e0,dd2bdf855a9172734fbc3744021ae9b9,2017-03-30 13:07:25,79.9,15.32
1d2c5463089cdcd251914b1c08a4d103,1,215d6de5878361301ea712b9d36dee94,87d3c3aeb3ead335511b3ce315eb341e,2018-07-05 11:30:13,105.99,23.54
1d3b8d78074e0b50f10346941e67e9de,1,d2fc2696871ca6b94af5deb0a8d5590d,527801b552d0077ffd170872eb49683b,2017-12-01 21:39:27,129.9,21.4
1d7542bb5262913fe0516f7943b69a58,1,6727051471a0fc4a0e7737b57bff2549,1961c3e1272bfeceb05d0b78b5bbfdaf,2018-08-01 23:45:09,219.0,9.69
1d7542bb5262913fe0516f7943b69a58,2,6727051471a0fc4a0e7737b57bff2549,1961c3e1272bfeceb05d0b78b5bbfdaf,2018-08-01 23:45:09,219.0,9.69
1d8f8ed077e12bbaeb0ee6675167d40f,1,955d13d7e0c184665441e35897a4f3c3,dd7ddc04e1b6c2c614352b383efe2d36,2017-11-29 11:55:22,34.9,17.6
1d911134e95ec6f299e80fe19b5b88c5,1,cb9d764f38ee4d0c00af64d5c388f837,ea1776927851da2532aa70d6a32c095a,2018-08-09 22:35:17,34.9,15.34
1d9609dad08db33f39e233dad7556bbe,1,7cc67695a7648efc5e7a755603402b49,95e03ca3d4146e4011985981aeb959b9,2017-12-11 18:10:31,29.99,8.9
1db8c2514e276b566dd44aad287362aa,1,f5043f8b770cb875d3157ec66f8a9dd3,2138ccb85b11a4ec1e37afbd1c8eda1f,2018-08-03 04:05:52,24.99,50.9
1dbdc102b987762075cb2b4684ee141a,1,22c404f4f28ee0c4d62d5af7993ecffa,218d46b86c1881d022bce9c68a7d4b15,2017-09-01 15:50:19,168.88,16.81
1de86d094f7dd41cca13d246d3b7fd07,1,1dd3a0b856546758b41e8ef9935f1831,dc4a0fc896dc34b0d5bfec8438291c80,2017-11-13 11:35:32,49.28,12.69
1dfe1249fb9a3871f918c37f1e5f68a6,1,a5ae8400fc9fcacd4af585a57bbf264a,66922902710d126a0e7d26b0e3805106,2018-06-26 20:54:56,105.0,18.54
1e24c66f40e16d38609ed026af8b4c94,1,2b4609f8948be18874494203496bc318,cc419e0650a3c5ba77189a1882b7556a,2018-05-15 16:30:55,79.99,13.16
1e43fdb774abdae4d882174e2f08e495,1,5a6e53c3b4e8684b13388d6aa4afdf12,7299e27ed73d2ad986de7f7c77d919fa,2017-06-06 17:42:41,16.99,12.48
1e51b2b229678b37addbfeb359d0e3ab,1,e729528d0513c6dfec158a515a47187b,955fee9216a65b617aa5c0531780ce60,2018-07-25 10:24:02,50.0,35.65
1e51b2b229678b37addbfeb359d0e3ab,2,e729528d0513c6dfec158a515a47187b,955fee9216a65b617aa5c0531780ce60,2018-07-25 10:24:02,50.0,35.65
1e575fc9d2c56fa7889923cd298830f1,1,286bcf62e47dfc1e51cf0d525bd4d1bf,9e6229250fedbe05838fef417b74e7fb,2018-07-30 22:45:12,199.9,20.96
1e9bf802b8192eb97af61fd92b586471,1,3e442d09f9dfef002aadf31960869f65,85d9eb9ddc5d00ca9336a2219c97bb13,2017-03-16 21:44:39,20.9,17.78
1ee4d0544d11c277367d2df9c25ae406,1,d9bba71d1d1ad35925593d365a2ab43e,3afc536624bc2e65bddfb5db33cc01f3,2018-05-17 11:30:42,52.0,17.94
1ee5be25d6e54e1ea3c75d3fc9ca3d6f,1,a75b732b129c2fe3d8e371dd8333cd00,78a4d36f65a019172c6154468831a69f,2017-11-08 12:50:34,228.0,21.57
1f04c2d89c92de520d7c6d5708b5b676,1,0fe46ce0313d625bd5c3b7e0bb918d55,70a12e78e608ac31179aea7f8422044b,2018-01-08 01:41:24,19.0,25.63
1f252fa03fef3a7b2d16c2dd20de006d,1,2de2a40099e05d5f0e47d69623a3c178,ba90964cff9b9e0e6f32b23b82465f7b,2018-03-01 13:07:45,140.0,8.24
1f3e98938afd17558e267ed6afda4c95,1,b224eb3c154415f1a25f604619f48b77,e8b4225284fbb02d16f200513f1f395d,2018-07-23 17:30:22,277.45,50.02
1f40ace91ba066aaaeb2a36066eb5391,1,d5b703c271f43f9c588a6f512a00f77e,fa40cc5b934574b62717c68f3d678b6d,2017-07-10 03:43:37,34.9,7.78
1f77203b7fe6e2c54ddc8dde5276b9e3,1,3cc4b421c1f28dd22e86fc4aaafb600e,da8622b14eb17ae2831f4ac5b9dab84a,2017-11-08 15:08:45,89.9,17.88
1facf0f943e2e863012876581d779f16,1,189898d15ec809a4ca45e1ac2221dea2,897060da8b9a21f655304d50fd935913,2017-07-12 03:25:52,35.0,16.11
1facf0f943e2e863012876581d779f16,2,189898d15ec809a4ca45e1ac2221dea2,897060da8b9a21f655304d50fd935913,2017-07-12 03:25:52,35.0,16.11
1fbf181e068d25051390f9f53d45ce0d,1,e5eadf9be70a4a9fa514019542fc330a,4559697a8f7e637227c2eeaed843baff,2018-03-28 00:08:13,69.9,21.45
1fc147ecded099d8acf876cfaf66f731,1,b114bf337c0626166abe574eee9e3f32,7c67e1448b00f6e969d365cea6b010ab,2018-07-04 02:37:51,146.94,49.4
1fd64d652fae27df0e9aac1f4e605984,1,b192be433004cc1f10b467c0e9ea309b,de722cd6dad950a92b7d4f82673f8833,2018-07-31 20:45:15,179.9,17.45
1ffc479954398d74d9e8e0df789842fe,1,20ab1de6964467372e314a0e84d6719b,955fee9216a65b617aa5c0531780ce60,2018-01-17 02:33:18,58.0,16.66
2011387fcf68d0d56838be05771c4db8,1,f9259c9e7c0f12c70f7a81409680a5ff,3db66a856d18a9cba7c9241fc5221c50,2018-02-15 02:09:07,69.9,16.25
20179c04ba0e2e024542349ec1d5d263,1,f819f0c84a64f02d3a5606ca95edd272,b33e7c55446eabf8fe1a42d037ac7d6d,2018-06-13 19:19:51,619.0,26.26
204afbf2adcafc867358369a658ea7aa,1,969a9ead309cdd6881492b674cbe5433,e24fc9fcd865784fb25705606fe3dfe7,2017-02-05 20:22:04,108.0,13.34
204c3a076103a93b98207df2faeb6b4c,1,c8aa3a6754ab1ad362858eca26f58c8b,4a3ca9315b744ce9f8e9374361493884,2017-05-26 09:10:28,210.0,16.22
2053554187588f29cdeb57a88d331e83,1,880be32f4db1d9f6e2bec38fb6ac23ab,fa40cc5b934574b62717c68f3d678b6d,2017-04-19 23:10:14,42.99,8.72
205600cda4d43b1596093a3297908ea5,1,368c6c730842d78016ad823897a372db,1f50f920176fa81dab994f9023523100,2018-02-21 12:30:30,49.9,17.6
20648e7d48939d4edd1dec4781fc1680,1,a62ff4d8c01bf520bd8ed7637dbb2042,bc503e244f187939d10c92a5c8e378ce,2017-12-07 04:39:05,69.12,16.24
20648e7d48939d4edd1dec4781fc1680,2,a62ff4d8c01bf520bd8ed7637dbb2042,bc503e244f187939d10c92a5c8e378ce,2017-12-07 04:39:05,69.12,16.24
20648e7d48939d4edd1dec4781fc1680,3,a62ff4d8c01bf520bd8ed7637dbb2042,bc503e244f187939d10c92a5c8e378ce,2017-12-07 04:39:05,69.12,16.24
209ee6cc42b6f0628db36da5d69fd1f7,1,34dabb8af33b3756cf72df05fb327011,0db783cfcd3b73998abc6e10e59a102f,2017-12-20 02:12:37,69.9,9.27
20adf99f2d48669a45b5ef435b116b09,1,252641aa4855aef622089db60c4ad90a,06e5eefc71ec47ae763c5c6f8db7064f,2018-02-25 23:07:29,169.97,15.94
20b99bf1ea8fdeca4e8f4872c584d0ec,1,6b7739f782cb37f71cc80e8151ebd6ac,dd533b429f380718b70ad9922c294bae,2017-04-25 12:44:01,17.9,17.09
20c2a60238ac437bd325af95c7148e06,1,4a028badeceba3a65a3316aa0c0e0c4b,82e0a475a88cc9595229d8029273f045,2017-03-27 11:39:45,99.8,22.2
20c2a60238ac437bd325af95c7148e06,2,4a028badeceba3a65a3316aa0c0e0c4b,82e0a475a88cc9595229d8029273f045,2017-03-27 11:39:45,99.8,22.2
20c50b79ccf3492546de6ef891c03ebd,1,e7d5464b94c9a5963f7c686fc80145ad,58f1a6197ed863543e0136bdedb3fce2,2018-07-19 12:06:02,139.0,22.9
20e1fe47866114539324803e7f7547c9,1,afd664c19120c43a47e34fc71f982d86,3c7c4a49ec3c6550809089c6a2ca9370,2017-09-20 02:50:35,18.9,7.78
20e966193a16a101f6a264df9dd92968,1,3fbc0ef745950c7932d5f2a446189725,06a2c3af7b3aee5d69171b0e14f0ee87,2018-07-08 22:55:08,66.99,27.75
20ef96a94887a09470ce16449d10b185,1,ec5b3c8bb77ad22278f6e9d719a83de3,4a3ca9315b744ce9f8e9374361493884,2017-10-20 14:28:21,12.9,15.1
20f4a0b8b5726a8e9a32a246e345b9d1,1,24c66f106f642621e524291a895c9032,620c87c171fb2a6dd6e8bb4dec959fc6,2018-01-22 16:48:29,199.9,29.73
2112e59b69d2f316f9fe16796ca0db5e,1,9c268694cc413affbf3c27d05ef796d1,7fe21dd00d2f4943ae09525efa2fd674,2017-07-06 00:35:15,89.9,8.04
21359e988a499d8217626005d16a61d6,1,a87229f9d53610c8fa59579c82e1da8f,b499c00f28f4b7069ff6550af8c1348a,2018-04-30 03:32:45,49.99,9.26
21359e988a499d8217626005d16a61d6,2,a87229f9d53610c8fa59579c82e1da8f,b499c00f28f4b7069ff6550af8c1348a,2018-04-30 03:32:45,49.99,9.26
21427785ea63ce9a9fa59a41a32fe78b,1,0b3f73dba78abf4576c187092dc5dc81,784ba75dd9d20200c4caed3d7a77141a,2017-11-23 14:10:36,17.99,8.72
2193f5bb6c9f9d32aa596cda03c6aa03,1,a080d0af331e8a4152c49bfc8113dec9,4830e40640734fc1c52cd21127c341d4,2018-08-21 12:09:46,35.0,11.27
2197e55dca60ccd268157d328616d64e,1,c638e232871cb1e760eaa7e724bc3eb2,99eaacc9e6046db1c82b163c5f84869f,2017-08-17 16:30:21,160.0,15.87
21be7b54dbb2dffade63645014982524,1,2d37d1dbcba865841a1c8cfab20ab9a1,30a2f535bb48308f991d0b9ad4a8c4bb,2018-01-23 23:50:07,74.9,15.27
21c4830753ec0aef4a21072587e6711b,1,6fb016838aaad4bf1ad6999980e1c2ef,5656537e588803a555b8eb41f07a944b,2018-01-26 14:22:24,17.89,15.79
21f27570ef536f54c3f27f4c9e9c9709,1,79366d6a24de9351b7ca6e3cf75a68ec,cc3d14116804f7209f3884f6367f1152,2017-10-19 22:35:27,193.0,18.6
21fffc2b5c2da5c102a2faec84d352b8,1,72172e982e8b92155069e4201c92c0bb,e9779976487b77c6d4ac45f75ec7afe9,2017-03-22 19:40:13,28.0,10.96
223f7c98cbcab2327a6e8b11e0f13838,1,046cf43a5b63303b3c3c4ba076d1d732,b2ac621f0d0322434d04a12b078b9369,2018-08-10 04:05:18,139.0,28.25
227a77cf2c1425f0207076c524b1bb5e,1,2a7841348f24a00ee83641784f88f9b4,863d2ebcd347ce4922de7a0f9a5581d6,2018-07-10 15:30:42,70.0,7.91
2285f789479857a3883d50453a7279e2,1,74dcf7b8d987fab2353ea92930186e0c,26d8a1c7c75d513045798992ead43aa2,2017-12-21 18:50:18,209.99,19.04
2291ee4be39fe350accf088e1b57a5d1,1,6f58431a7150fa91bac9f28f5454a8e8,5656537e588803a555b8eb41f07a944b,2018-07-24 05:03:25,25.89,22.9
22944b4163f09171dfb645a94b87e645,1,2907243f68e5e3eca9cea8276cc3fe04,3d4b1ae7539303b5704493798893e82c,2018-02-08 12:15:28,282.0,29.33
22d03f81f36cfd05e90af56d5dc63e74,1,ff55834c0b3272853dfe62340f2bb91b,6560211a19b47992c3666cc44a7e94c0,2018-08-02 13:35:19,45.0,18.42
22def07395185c22de97ddf37643037e,1,f8b624d4e475bb8d1bddf1b65c6a64f6,b410bdd36d5db7a65dcd42b7ead933b8,2018-05-15 16:18:25,179.0,16.55
22e4add79c3efc7828d1119a222b76da,1,5948868c402a614a2dd3b90ebb06a253,834f8533b2ecb6598dd004ff3de7203a,2018-08-01 02:24:26,71.6,14.81
22e737b729bfdec35e6fcbc9bbc518e0,1,c4baedd846ed09b85f78a781b522f126,a1043bafd471dff536d0c462352beb48,2018-08-03 02:35:14,99.99,44.5
22f3a2b22f414d974640db425514794d,1,07fe9ffbb84b9d22610d79efb16e81a7,e84ad2127668df3aafc6b73531a0beb8,2018-08-10 13:45:18,65.0,17.39
22f94104a2c1ac2af08122839aa708b2,1,155222243017ed8a8a43eabf5b04144c,d17f467e4bf608a510c20d82f4ba3b6b,2018-07-25 03:02:30,57.88,27.36
2304fd42f10881dd456928039a1ef576,1,4ac50dbde931c0a5ed8c33d3dc047351,e5a38146df062edaf55c38afa99e42dc,2017-09-01 13:25:41,61.8,18.67
231f58de0228723d0b6d6b562d352d90,1,4fb5aa1b9628ff1b6e79b07001874abd,8f2ce03f928b567e3d56181ae20ae952,2018-05-10 02:53:43,99.9,26.78
236923fe36df7c931b0fb65f493e39e4,1,9af30b38efe5ca2a1a97330e77400717,0cbcee27c791afa0cdcb08587a2013a8,2018-05-28 01:31:26,135.0,19.92
237377b772b133dc1eae831d81a1005c,1,e6fd80a00ebb1a3e0d58a38555fbbf2c,f262cbc1c910c83959f849465454ddd3,2018-02-02 21:51:29,22.99,8.72
2373908388bcaa9a225c34e33d9e9f0d,1,b343cce43d6f08fe602d2892b106ad59,5058e8c1e82653974541e83690655b4a,2017-11-20 15:50:48,112.99,17.57
23b6026f4aa837ed95e0941208f31434,1,51cb73e9af0e2e23da237bafae0946d2,516e7738bd8f735ac19a010ee5450d8d,2018-07-10 04:30:53,19.9,15.24
23b6026f4aa837ed95e0941208f31434,2,51cb73e9af0e2e23da237bafae0946d2,516e7738bd8f735ac19a010ee5450d8d,2018-07-10 04:30:53,19.9,15.24
23c5dff7c1173d8220f26bb0e881e2c8,1,8ab78b6f871fd72d1ef38097498b70b7,6860153b69cc696d5dcfe1cdaaafcf62,2018-03-08 12:15:37,39.99,15.1
23c8185c60bb06f217a2437ffc73e45f,1,1b6033cbf12974cf79c1cccbf8592ffd,6e13dd869aa7185f601c941423abcc8f,2018-07-11 05:31:07,88.0,7.88
23c8185c60bb06f217a2437ffc73e45f,2,1b6033cbf12974cf79c1cccbf8592ffd,6e13dd869aa7185f601c941423abcc8f,2018-07-11 05:31:07,88.0,7.88
23d23296f19f96722556d7712d45ca0e,1,ae4361f806c49f85066cc8be1370c91e,167fd940acebc789debd6eb418c46e38,2018-06-13 16:16:30,299.9,21.44
23df618cc33c091a2663120f9de8dbfd,1,d5de9e83335830f4597d314e63845eb3,955fee9216a65b617aa5c0531780ce60,2018-05-29 02:54:56,480.0,33.22
23e117ca8f65562000f29a26f19f1a3b,1,19421075ae0b585f2dc13ff149e2119d,4c2b230173bb36f9b240f2b8ac11786e,2018-05-15 21:14:01,49.9,12.76
23e2c5b211e209606334c66afd07fe51,1,e0cf79767c5b016251fe139915c59a26,da8622b14eb17ae2831f4ac5b9dab84a,2017-12-01 16:50:47,29.9,15.1
241de5ef157f84bf8aa6c7ec7cc6f113,1,28a652ff04e43c1bc57937a9f8770f9b,3d871de0142ce09b7081e2b9d1733cb1,2017-12-07 11:56:27,120.0,49.37
244fa75a78000346e4055ffd6fabfcce,1,ea44caac707f7f1325182a538007f838,855668e0971d4dfd7bef1b6a4133b41b,2018-03-22 03:31:06,52.0,17.94
245a8cb9d360630691eb4449b1994017,1,e30a07181e238b29af319577b9bb22fe,d566c37fa119d5e66c4e9052e83ee4ea,2018-06-14 22:53:06,56.9,11.15
245ddaef16302f47bdda5b7549ea20fe,1,803f77475e1b51b47f1bfec4f2ec353f,c9c7905cffc4ef9ff9f113554423e671,2018-04-16 18:09:17,69.99,15.37
246c8cf4ca9e3c50e4a172a4ba462a11,1,a8b89693eabf7221621a71285e07f486,41b39e28db005d9731d9d485a83b4c38,2017-09-18 10:50:22,94.9,25.21
246c8cf4ca9e3c50e4a172a4ba462a11,2,a8b89693eabf7221621a71285e07f486,41b39e28db005d9731d9d485a83b4c38,2017-09-18 10:50:22,94.9,25.21
248907ae8054cb8e93d5aa44857779b4,1,74ae869eb82594d9cbe6e934cf143e0c,ea8482cd71df3c1969d7b9473ff13abc,2017-12-21 05:36:22,29.99,15.1
248f977b0cbdc09f2c33465578b76873,1,776ef0ee36e20757c513e64903f1fa8a,70a12e78e608ac31179aea7f8422044b,2017-08-28 13:06:57,98.0,27.23
24bfe29693d0dbabd5e08b3b3bf1064c,1,235b4ddb049ab79478e058d0d3609bae,744dac408745240a2c2528fb1b6028f3,2017-05-30 10:30:13,199.0,22.19
24d9966e0448b19c57091951a299c0c4,1,424894ddaa2676e63fa0ec704d7132af,b127efdabeffb5d559349c7b172eb75d,2017-05-18 21:25:18,28.0,15.1
24f2edef847fd6eeeddc6aa5dd82209b,1,9901b5cedc1eb8d69d16d4c3aa8c67d3,c0f783394e37cd9c9d7f5f81141450fa,2017-11-20 23:46:37,34.9,15.1
24f926887373bfb98b4f309ecabab893,1,53e8156b28f9080cc0865b55d1bed9fe,f8db351d8c4c4c22c6835c19a46f01b0,2017-07-11 06:44:23,159.9,13.46
251f7157d5e425718ae0767439991dec,1,ce169d5f9421a6f21e41a7bf54d0b98e,8b321bb669392f5163d04c59e235e066,2018-01-17 22:37:27,28.0,9.34
2522de34f8d922703d83ac636084a756,1,fcf6ad274391aea29f5d6e5ef9da5050,5cf13accae3222c70a9cac40818ae839,2018-01-16 03:38:12,89.7,17.07
252aabc5aca2bc51672fb4ded077dcd7,1,741a31499a578979be85db7f80139e62,cca3071e3e9bb7d12640c9fbe2301306,2017-12-29 00:17:38,45.9,16.11
257b9cbebe66bbd37b4233212ec1a909,1,1bfb290d7273a442c874dbe74b4abae6,7c67e1448b00f6e969d365cea6b010ab,2018-02-18 21:10:00,79.99,69.37
257b9cbebe66bbd37b4233212ec1a909,2,1bfb290d7273a442c874dbe74b4abae6,7c67e1448b00f6e969d365cea6b010ab,2018-02-18 21:10:00,79.99,69.37
257b9cbebe66bbd37b4233212ec1a909,3,1bfb290d7273a442c874dbe74b4abae6,7c67e1448b00f6e969d365cea6b010ab,2018-02-18 21:10:00,79.99,69.37
257b9cbebe66bbd37b4233212ec1a909,4,1bfb290d7273a442c874dbe74b4abae6,7c67e1448b00f6e969d365cea6b010ab,2018-02-18 21:10:00,79.99,69.37
2590e980b10a80b8a69f0120addc6590,1,99a4788cb24856965c36a24e339b6058,4a3ca9315b744ce9f8e9374361493884,2017-07-21 17:45:16,89.9,15.38
25a04f7590fe68b84a1812d281ef019c,1,060f0122cdc8f25db4a0d7359fdae7b0,6560211a19b47992c3666cc44a7e94c0,2018-01-18 12:28:38,49.0,11.85
25b07f3f8652eeb49c6badad653a014b,1,9bfc55df037ce3ac01bfd84781adf7e5,7d13fca15225358621be4086e1eb0964,2018-08-22 21:15:24,550.0,21.95
25ce3a22fa2537206c22c8bef4f9b593,1,36f60d45225e60c7da4558b070ce4b60,f457c46070d02cadd8a68551231220dd,2018-03-25 21:08:42,88.0,13.74
25fe494885908cc898eceec3e6594d2f,1,d31338a9a593a25d79c8fd461f1602d8,ce27a3cc3c8cc1ea79d11e561e9bebb6,2017-07-14 03:25:23,35.0,14.1
260ec445d18b2120c8ab6f87ecae2a1d,1,e5ff2945f13a69162a72acc5170ba684,a3e9a2c700480d9bb01fba070ba80a0e,2017-11-14 21:55:24,166.0,54.59
262118ce178bb3e4590a3adcf6d62e6b,1,6aeed495dcb87dd06532f70dea6ebb5a,b56906f7fd1696e043f1bcce164c487b,2016-10-11 12:13:50,59.9,28.97
262118ce178bb3e4590a3adcf6d62e6b,2,6aeed495dcb87dd06532f70dea6ebb5a,b56906f7fd1696e043f1bcce164c487b,2016-10-11 12:13:50,59.9,28.97
2629c961d080657de062559a9187b49b,1,222684e29ad17ce818d1b01753c0cfb8,fe2032dab1a61af8794248c8196565c9,2017-06-15 09:02:39,269.9,15.64
264ce11c5e766e56fad7ef4046030511,1,4cee3d875eb2f9d331aae01b8c4781e8,602044f2c16190c2c6e45eb35c2e21cb,2018-05-31 16:36:42,69.99,12.93
265144aedd0822b898712f78e0c3cfc4,1,830345ab5d2e365c7c6b91459119ea2d,05ff92fedb5be47920fea08e501238b9,2018-06-19 15:25:44,479.04,65.37
268270567c35e07af0d2f8c8cc978410,1,b532349fe46b38fbc7bb3914c1bdae07,1025f0e2d44d7041d6cf58b6550e0bfa,2017-09-05 05:32:18,38.4,7.78
268270567c35e07af0d2f8c8cc978410,2,b532349fe46b38fbc7bb3914c1bdae07,1025f0e2d44d7041d6cf58b6550e0bfa,2017-09-05 05:32:18,38.4,7.78
268270567c35e07af0d2f8c8cc978410,3,b532349fe46b38fbc7bb3914c1bdae07,1025f0e2d44d7041d6cf58b6550e0bfa,2017-09-05 05:32:18,38.4,7.78
2688613ae3d2299ed6dfa709d64750b7,1,fda8e9e4aa94f525fc48f6777ff040ea,11eac105f3f90a9b87b19c89d91e24f3,2017-06-27 19:50:22,138.0,15.72
26bd26a21d87b4594128d26b3b24e8d8,1,a72df9d6b4412dbd03d886846a438a3c,7299e27ed73d2ad986de7f7c77d919fa,2017-11-08 13:50:14,99.99,28.03
26bd26a21d87b4594128d26b3b24e8d8,2,0aabfb375647d9738ad0f7b4ea3653b1,37515688008a7a40ac93e3b2e4ab203f,2017-11-08 13:50:14,24.5,4.21
26e0070f204a2cc8cae3504b038a0dfe,1,18b0e642cbae7251e60a64aa07dd9eb9,85d9eb9ddc5d00ca9336a2219c97bb13,2018-07-18 18:55:10,22.32,17.09
26e3ef9735227d94c5e14a0a461d0ab5,1,c3ba4e8d3cb30049213b682e751e9d00,6560211a19b47992c3666cc44a7e94c0,2018-05-17 03:50:36,95.0,8.26
273fa2f569d3e879930f38dbc3d79eda,1,41d506be95a4196a805249d2a21d5a1d,f457c46070d02cadd8a68551231220dd,2018-05-24 16:14:48,209.9,15.55
27428009109805ea69e0638806aa97ef,1,1de74e63d630007567726953a4eb2b36,a49928bcdf77c55c6d6e05e09a9b4ca5,2017-08-24 18:50:15,79.9,11.76
274954faa1775d863067ba1e0e5dfe9b,1,96277485af1fa20c328fa90e57754ead,b499c00f28f4b7069ff6550af8c1348a,2017-12-04 12:53:20,59.99,15.17
2787b157e624680cffc26163900e2543,1,84003eefe52bb4112252409a24ae3a73,17e34d8224d27a541263c4c64b11a56b,2017-06-27 09:10:12,150.49,18.62
2792c4f95b24c1a72641cd404561bdd8,1,e5d446c4355d56bf6c3b7be469a66a42,4e7c18b98d84e05cbae3ff0ff03846c2,2018-03-05 13:35:31,199.0,43.62
27a8d640e6a7be5a3b77ee064c07feea,1,2c1cc48126c2bdca9e59a300ade4f1c8,850f4f8af5ea87287ac68de36e29107f,2018-03-12 03:50:49,39.0,14.1
27ccb6f42b7ff7e079004d6192ab12bb,1,679c97b6819e657c506237438cacf60f,fa1c13f2614d7b5c4749cbc52fecda94,2018-02-14 01:30:03,224.8,8.83
27da527c266684c5bfb86fc601060406,1,1612209b0b37fbe80e1e8e1b7d19ca1d,87142160b41353c4e5fca2360caf6f92,2017-05-23 01:02:32,99.0,14.42
282798d3d9e90c0c2c02697bdb07b839,1,84412fdf17ffe7f7b52913a82e73b5b2,c3cfdc648177fdbbbb35635a37472c53,2017-06-02 19:02:24,169.9,20.43
284b41fb8245e3c8c07c32ddb7572217,1,b8b7f10b147bfcbdc69c03701866ef4e,55d3daac7c404d59e51c2aa2f4dc5a23,2018-02-22 06:50:50,58.9,15.17
28572ca6264628bbdcd513eb363d6b3a,1,53b36df67ebb7c41585e8d54d6772e08,7d13fca15225358621be4086e1eb0964,2018-05-09 21:10:37,110.0,0.0
28583c5f21217c9d51f9578b37a4b224,1,57cc92900f861f0c72fa1df2cfe85577,014c0679dd340a0e338872e7ec85666a,2017-05-31 10:03:00,594.0,43.49
287ef6e54574f46625b43dc4c5d5078b,1,cd48f265a63e13b762601f5f794c5fca,e9779976487b77c6d4ac45f75ec7afe9,2018-01-15 02:32:08,47.49,16.11
287ef6e54574f46625b43dc4c5d5078b,2,cd48f265a63e13b762601f5f794c5fca,e9779976487b77c6d4ac45f75ec7afe9,2018-01-15 02:32:08,47.49,16.11
288ec48ad5ea4c98afe99ea53d523b78,1,4da0329350218978429b287440f4b87a,062ce95fa2ad4dfaedfc79260130565f,2017-06-26 10:43:46,41.9,12.48
28b33b3ff1e1ef5e83ff16ade701d262,1,c3ba4e8d3cb30049213b682e751e9d00,6560211a19b47992c3666cc44a7e94c0,2017-03-22 20:31:34,95.0,11.28
28c04306e978f12f75bf6d7a989a4ccf,1,7fa9cd17cea7ecbac9778cc86b7f9033,520b493b57809f446cb0a233bb3e25c7,2017-08-16 16:30:19,26.0,15.1
28c3c716d01cc934376d3bebea04da92,1,82e4ad16521ca131d95e198d507db370,128639473a139ac0f3e5f5ade55873a5,2017-10-13 09:24:36,18.9,15.1
28cdccd6158be1d2d9a246963df39be3,1,25292482a61cb3298df8dbe15ea69daf,edb1ef5e36e0c8cd84eb3c9b003e486d,2018-04-20 15:15:34,1149.65,25.93
28cf49bbfe2683759d3cf866b7fda22f,1,825993135690981b6014a46dbe75707e,1025f0e2d44d7041d6cf58b6550e0bfa,2018-01-25 16:00:35,10.0,15.1
28cf49bbfe2683759d3cf866b7fda22f,2,825993135690981b6014a46dbe75707e,1025f0e2d44d7041d6cf58b6550e0bfa,2018-01-25 16:00:35,10.0,15.1
28cf49bbfe2683759d3cf866b7fda22f,3,825993135690981b6014a46dbe75707e,1025f0e2d44d7041d6cf58b6550e0bfa,2018-01-25 16:00:35,10.0,15.1
28cf49bbfe2683759d3cf866b7fda22f,4,825993135690981b6014a46dbe75707e,1025f0e2d44d7041d6cf58b6550e0bfa,2018-01-25 16:00:35,10.0,15.1
28cf49bbfe2683759d3cf866b7fda22f,5,825993135690981b6014a46dbe75707e,1025f0e2d44d7041d6cf58b6550e0bfa,2018-01-25 16:00:35,10.0,15.1
28cf49bbfe2683759d3cf866b7fda22f,6,825993135690981b6014a46dbe75707e,1025f0e2d44d7041d6cf58b6550e0bfa,2018-01-25 16:00:35,10.0,15.1
28f07abcb98384e4f6999f70c7ff3d13,1,5f6ebc88683dcfc794febc8d8a8aeb0c,1ca7077d890b907f89be8c954a02686a,2018-01-29 18:55:38,180.0,8.52
29124c072d8e7d7681a0bebfe267c67a,1,86b4986bc313d65b0b5e46f5be8d11ce,4869f7a5dfa277a7dca6462dcf3b52b2,2017-03-27 12:00:57,445.0,13.72
291581a794f0e6ee707314d0a2cbc1c7,1,0d0bc6cf9765ffe8b4d3103138c96cdd,179d859f51292aac5c10806a356f7af9,2018-08-16 04:30:24,17.49,15.23
292fa4655c8e30747b2b465a8f4d14f7,1,19421075ae0b585f2dc13ff149e2119d,4c2b230173bb36f9b240f2b8ac11786e,2018-03-05 13:48:42,45.9,7.78
294d70a37f9e32ceb08958fd03ee49fc,1,4af81c9413dcb40e03e2a1bc15a6448b,525e75a6fb1454a2325ab1734bcec221,2017-07-23 22:10:18,49.9,7.78
2966209e856b37a6b9be138d6d7910b5,1,ac8d637154b9a2717786c0f933d4c7da,c9c7905cffc4ef9ff9f113554423e671,2018-06-25 22:30:51,79.99,9.31
298ee6136c29ce0b78bb3cc68591404a,1,f1d3e7a4605f6cd5f2a3cf9bde5c7845,062ce95fa2ad4dfaedfc79260130565f,2017-05-08 05:33:00,189.9,16.54
29adb190ea6b3fbffaeca57ecb48623d,1,3cb39171fd36c50097f2dedbbe0dfe6e,16090f2ca825584b5a147ab24aa30c86,2018-04-25 00:50:20,28.49,12.79
2a5c45b004d16284b462d61b46ed1460,1,53d8ee87caa1a2320c66074ff9c99e61,966cb4760537b1404caedd472cc610a5,2018-07-20 16:05:18,516.9,55.97
2a5fb538dd11c749a13dd935a06a7c39,1,4ed8030b452688a37d26044e966eff12,fb3cfbc8a86f5d7fbb4d36b8df63f60d,2018-08-21 02:50:29,68.5,16.67
2a5fd2bee90721df67729d2e85221278,1,39084b68d30ae3ce2bdaf467ed4f3dbc,5f1dc28029d2c244352a68107ec2b542,2018-06-04 21:57:58,45.75,7.39
2a631e30de2dfb9f193f5f25f13a3a36,1,622bad99b4296aade0783ebecdd3fa15,376a891762bbdecbc02b4b6adec3fdda,2018-03-20 10:28:03,98.99,23.19
2a63765c400304a82efd12bd16d8f1d4,1,a1e247b4cedaed462f50049a633345da,5cbbd5a299cab112b7bf23862255e43e,2017-09-20 22:45:39,60.0,7.84
2a63765c400304a82efd12bd16d8f1d4,2,8a26f391ab8b209f67d87dd358f6f004,cb9fb4ca75d7ba8437480e8dde64fe98,2017-09-20 22:45:39,46.98,26.12
2a8132eaf9676f8a46d18b33cfe3a993,1,6f3b5b605d91b7439c5e3f5a8dffeea7,4869f7a5dfa277a7dca6462dcf3b52b2,2018-03-04 22:10:28,199.0,12.89
2ad4df0af7a71d632dccc0129bee3268,1,dbe520fb381ad695a7e1f2807d20c765,1961c3e1272bfeceb05d0b78b5bbfdaf,2018-08-03 16:44:57,239.0,10.42
2b0b75a2e7ebb3fa4a95e3b6ab121e86,1,7c1bd920dbdf22470b68bde975dd3ccf,cc419e0650a3c5ba77189a1882b7556a,2017-10-13 20:24:42,58.99,11.73
2b29ddaabb47afeacb5daa2c68670baa,1,db5efde3ad0cc579b130d71c4b2db522,4869f7a5dfa277a7dca6462dcf3b52b2,2017-12-20 20:17:45,219.0,16.28
2b2d14ba52a8e26e96997f82fa596480,1,696a999ec17e492f74e0d1a76226b401,537eb890efff034a88679788b647c564,2018-05-24 18:31:35,19.9,15.23
2b5a652c5e22d7c846b463c4888c5896,1,362b773250263786dd58670d2df42c3b,4c2b230173bb36f9b240f2b8ac11786e,2017-10-17 23:34:13,49.9,14.1
2b5a652c5e22d7c846b463c4888c5896,2,362b773250263786dd58670d2df42c3b,4c2b230173bb36f9b240f2b8ac11786e,2017-10-17 23:34:13,49.9,14.1
2b7c0e3fb7de6dc7f388783e33800777,1,24cdea192c5e345910d4fda8580576bd,2b3e4a2a3ea8e01938cabda2a3e5cc79,2017-06-05 19:50:07,145.99,21.82
2b7c67fca0696d8eae5f3deb33637a2f,1,d2f5484cbffe4ca766301b21ab9246dd,36a968b544695394e4e9d7572688598f,2018-06-13 01:30:29,12.88,18.23
2ba2becdde8cc656098cdc16496a90c6,1,85c39c98aac0283cda6c5e6721749c8b,02dcd3e8e25bee036e32512bcf175493,2018-03-01 02:30:55,75.0,16.29
2be45f506aff5e82c64c2b808fe8a93e,1,85f17a3ccc10ef41645833b7074f3d63,5cbbd5a299cab112b7bf23862255e43e,2018-07-23 07:45:12,33.33,14.53
2bf9fdd42a3609f2c440bec186b10ff7,1,35e5dc947c66435929389d8043b9a6ff,02f623a8eb246f3c5f7c2f96462654e6,2018-08-23 14:50:03,459.0,31.99
2c039eca196d1a548fd739e82713a1b1,1,ee7b75ae9c945d4775460a67051036db,76ea5315acb3f5f7ade3cd261faf922a,2018-08-24 12:15:33,47.5,26.96
2c039eca196d1a548fd739e82713a1b1,2,be8fabd5f8a50dbb81c1f36499f077d8,c33847515fa6305ce6feb1e818569f13,2018-08-23 12:15:33,149.0,26.96
2c12150c742ae2fa48bc703964c16c5f,1,2b54fb9a4acf707537eb53eb2458c241,ef728fa1f17436c91ed1ccd03dcf9631,2018-08-02 17:50:12,57.9,19.6
2c293bd3c9f41735731112a36cbcaf81,1,bd0c8fe7ca76c396baeb6968121eb825,d2e753bb80b7d4faa77483ed00edc8ca,2017-10-19 14:49:26,87.9,12.62
2c293bd3c9f41735731112a36cbcaf81,2,5373e18844eec682770d139ba29cd32c,efcd8d2104f1a05d028af7bad20d974b,2017-10-19 14:49:26,50.0,33.65
2c559a6f1ac48c4f100f4775a1362ea1,1,738067b78d178e457fa0dc6db5d2cc58,30829ded4523ab9224b93bc49a62c95f,2018-01-17 18:11:25,523.19,18.41
2c559a6f1ac48c4f100f4775a1362ea1,2,738067b78d178e457fa0dc6db5d2cc58,30829ded4523ab9224b93bc49a62c95f,2018-01-17 18:11:25,523.19,18.41
2c898efc01eadc9d297ade3fd9fe540d,1,c6e513054b982283c1cbbb2a45d02d83,f8db351d8c4c4c22c6835c19a46f01b0,2018-01-11 21:31:27,22.9,15.1
2cd2c33cd5532a92a508168bd185dac4,1,d6c0cf7f61cc2a5daa3a86d91d00497e,6d66611d7c44cc30ce351abc49a68421,2018-05-17 15:11:19,66.9,13.83
2d0aa670db1b1678d2de5127f85c0729,1,1f30aacc69904c0d0bf8d05cb2abef72,4a3ca9315b744ce9f8e9374361493884,2017-08-23 18:15:25,135.0,12.45
2d1cfcc5ed3232215b908e86ff33da61,1,b36f3c918c91478c4559160022d3f14e,1ca7077d890b907f89be8c954a02686a,2018-01-26 14:01:28,150.0,8.3
2d26f440845a3b31ac584864e2d1a82e,1,8a1e1c6e48f0d275628e3c626d57257f,bf100ecb7997df312b285358fb32f92c,2017-07-11 02:55:20,54.9,14.13
2d3bc1f6ed458a137c51adc3cab7a488,1,c7a3f1a7f9eef146cc499368b578b884,ba90964cff9b9e0e6f32b23b82465f7b,2018-08-08 09:35:13,1099.0,40.17
2d5a437d439fb3aed1979b2e5f9f6b39,1,4298b7e67dc399c200662b569563a2b2,88460e8ebdecbfecb5f9601833981930,2018-07-09 11:30:28,124.9,14.21
2d7112fbe786c9c56050866c853e3a7f,1,a04f52ded97b5530e8783e3c002b90f0,da8622b14eb17ae2831f4ac5b9dab84a,2017-12-11 19:17:31,79.9,9.77
2d74fd323d42fddd4e9a4398d5c589c6,1,4c2c252ccca76d23a1ebdb3aa61e69d6,7a67c85e85bb2ce8582c35f2203ad736,2017-08-14 17:37:06,199.99,12.6
2d8a0bc4abbb7bbb3a420f2219f02f93,1,7c4a8bec217df1de0df2b5aaf8175b65,7040e82f899a04d1b434b795a43b4617,2018-06-27 21:58:43,14.9,18.23
2d96648ebbad7ad9cfc40c4c9c820f92,1,dd4bb630f241ce3910d9595b395efeb5,6061155addc1e54b4cfb51c1c2a32ad8,2018-07-24 09:01:59,128.0,19.0
2dafb4132a26189c56b5443762cba44e,1,fab8297a9d2e7e1e756998675831f7e9,fa1a9dec3a9940c072684a46728bf1fc,2017-03-23 23:57:08,135.9,16.16
2de291f751850e8d254b73ddae39bb91,1,d39421ec4cc2bf52e35f8bf00f1ec314,cc419e0650a3c5ba77189a1882b7556a,2017-07-28 16:15:16,49.99,14.1
2dfb87489b5804dbc8293320a24aac0f,1,ce6f74096c84567f22728c84f3d6e7fc,8160255418d5aaa7dbdc9f4c64ebda44,2018-03-27 13:30:34,109.9,23.35
2dff08c63cc9d29788c8cccfc3799bf4,1,5a848e4ab52fd5445cdc07aab1c40e48,c826c40d7b19f62a09e2d7c5e7295ee2,2017-12-06 02:22:29,122.99,34.66
2e2c60b99754ae1e4d8b18846cfec9f2,1,1cc61b32763a4d816212b3507b6b6c59,527801b552d0077ffd170872eb49683b,2018-04-26 20:31:49,524.9,17.76
2e4ef279d418d092749185f9a030d1c2,1,f8dfab2c2740b7381e94ef1af03739b6,f44b6f775a2b390380e0e30b5c9d3eee,2018-08-02 17:15:26,369.0,23.02
2e571b4487c7119502acdb48043efcee,1,69d3ff4f45d52d69e4b06760e0e154e2,7b0df942f46435babab05d49b744b2c4,2017-12-11 04:12:10,1058.0,20.43
2e84d66424ec0ddb081078d1411fb1db,1,3df9a620374297d963f991ff296639a4,0c8380b62e38e8a1e6adbeba7eb9688c,2017-01-23 16:17:57,59.5,17.16
2e98befb6d10b5b83de9d9b4a6f836f9,1,f69c0a81b54c02376872d8bab620c55c,12b9676b00f60f3b700e83af21824c0e,2017-10-27 11:56:15,199.0,47.92
2ecd94a0ab2a50927b7c0020efb4b063,1,4ac218f276a40201c282dd01401e9bd8,e9bc59e7b60fc3063eb2290deda4cced,2018-02-15 13:55:22,145.9,14.04
2ef7655210817ffa67b86a61331b4c92,1,548ace38f22cc53db6f049c551d31397,79ed755314cfe6df0daef2c6cd3022cd,2017-07-20 18:15:20,179.9,17.02
2f246ee329fce6932458bc7a10625d2a,1,060109450b2f49e4d5c4fdfd3d8ebc34,f8db351d8c4c4c22c6835c19a46f01b0,2017-06-01 18:45:10,24.9,16.79
2f2f33a69a673fb2559f95de9f14538c,1,dd0dcee76f9c12fff4bc0eb641d57c7f,8b321bb669392f5163d04c59e235e066,2018-01-08 19:28:55,23.7,8.72
2f336c3bd8fa1208e968bb0601eb8b92,1,a1e2145e9868ce870c8ca2d1a1f2e364,dbb9b48c841a0e39e21f98e1a6b2ec3e,2017-06-09 14:35:20,39.9,9.34
2f4f4e713ba94c2880bd26d5adb142e1,1,03e1c946c0ddfc58724ff262aef08dff,98dac6635aee4995d501a3972e047414,2017-06-05 10:05:20,20.7,16.79
2f54db7250b3463f57049dc32ce4ff93,1,f521813909e310116b6b2f0b11f3dd44,09f952a5f58d2285b0372551ae8f9b01,2018-06-27 22:30:57,101.0,16.9
2f67ec476091f734246617044852096f,1,07fe9ffbb84b9d22610d79efb16e81a7,e84ad2127668df3aafc6b73531a0beb8,2018-03-20 12:08:57,57.0,17.11
2fb597c2f772eca01b1f5c561bf6cc7b,1,8ed094bfe076c568f6bb10feada3f75d,a7f13822ceb966b076af67121f87b063,2017-03-20 18:09:02,239.96,105.19
2fb7dfe5fec51c8a96ee5349c1faf9c0,1,389d119b48cf3043d311335e499d9c6b,1f50f920176fa81dab994f9023523100,2017-08-22 11:45:14,59.9,13.44
2fb7dfe5fec51c8a96ee5349c1faf9c0,2,389d119b48cf3043d311335e499d9c6b,1f50f920176fa81dab994f9023523100,2017-08-22 11:45:14,59.9,13.44
2fc59b5605bf0cfc03638cb2cca26b16,1,bc1771eea502c7888f4fa3d568a69111,951e8cef368f09bb3f3d03c00ca4702c,2018-08-24 18:35:27,39.99,9.59
2fecaf598801440c691c00e5f378d0b2,1,57d79905de06d8897872c551bfd09358,ea8482cd71df3c1969d7b9473ff13abc,2017-12-19 07:35:28,24.99,7.78
2ff04f721a0ccf086506b4ba443d924a,1,0129d1e9b29d3fe6833cc922374cd252,080102cd0a76b09e0dcf55fcacc60e05,2018-08-16 04:24:29,16.9,15.23
300f31d0edc9f2e0110bc756c906a154,1,4520766ec412348b8d4caa5e8a18c464,16090f2ca825584b5a147ab24aa30c86,2017-12-14 08:31:06,40.0,8.44
3027797ce35841bf74917c0b0ea1a38d,1,17469cd3d2559b93669a813860296b8e,a3a38f4affed601eb87a97788c949667,2017-01-19 12:37:26,159.9,16.33
303edeab6728412b08ad9c17990159a4,1,fc1d8637c0268af3db482c14b7ef8e75,da8622b14eb17ae2831f4ac5b9dab84a,2018-03-18 23:30:38,149.9,23.63
304d007435759582067e51e9f3c44cc1,1,13e64813e400c6b383297c388eb38688,12b9676b00f60f3b700e83af21824c0e,2017-03-23 18:58:04,199.0,15.16
30d5a8ce8a4195b742a8342c739efe91,1,b984d2ef473c9daeaee1f7754f0076fb,4c18691b6037662be2df78a765d98ab5,2018-07-31 13:24:10,26.85,18.29
30db3beab6efd31f72732fb15c2862dc,1,2ac0cca735ca6684053d28a17883b765,7aa4334be125fcdd2ba64b3180029f14,2017-08-28 12:15:21,119.9,18.09
30e476c243252bdf160c2490607bc3f0,1,dcf52f4379548f058d90279fe9fc3f14,638cba8be1fb599bbb76fd6948351eb3,2017-08-01 15:10:16,28.9,8.27
30eefcc39df18702a6f28ff1a98a0a61,1,e7c8819338fc9a87e81ea2d90898f612,eeb6de78f79159600292e314a77cbd18,2017-05-26 15:55:19,449.0,45.55
313c8d52d3e2c7c1fa9e1e1882171a24,1,81b02d54ef048c9d96b59460939023bd,f35b3c613c4f7b2275f4185d0a3c59ec,2018-04-23 05:50:32,614.99,12.66
314309621e99dff004e43be09afbbb3c,1,378fed7e555fa94c149f571bba1d71b0,60562ab00b8054280520d390c8c0045c,2017-12-27 10:12:21,165.0,15.91
315525dbd71c2330c3f38a92d8fbba32,1,e5ae72c62ebfa708624f5029d609b160,9c0e69c7bf2619675bbadf47b43f655a,2017-07-17 21:03:46,61.9,15.18
31725408e39733c6fbccf9559d25f0e4,1,6e1b14d3cbb5fb3a2c00351007127dfd,7a67c85e85bb2ce8582c35f2203ad736,2017-11-01 11:35:28,239.99,24.55
31a10d7f77b91046e15fcb519bad27e1,1,6cbb9a0a2b5565f3b3afb8185f6446f0,4371b634e0efc0e22b09b52907d9d469,2018-06-11 11:51:48,112.0,7.65
31a5a68f9d077c999f8b5b3dc297989c,1,b44922681ddcd1565a9d62932f20dcfe,e5a3438891c0bfdb9394643f95273d8e,2018-01-09 04:18:21,13.3,15.1
31a6cbe67abc9e5414688f0f59681ec0,1,fb14dbd8b5d4195d70df81f35b593889,5b33b527da3c5b969cc99dc435cad09a,2017-06-29 17:43:11,29.9,16.79
31a6cbe67abc9e5414688f0f59681ec0,2,fb14dbd8b5d4195d70df81f35b593889,5b33b527da3c5b969cc99dc435cad09a,2017-06-29 17:43:11,29.9,16.79
31db4f9c6c262ac89aab6f7e4c9014e7,1,52c80cedd4e90108bf4fa6a206ef6b03,a1043bafd471dff536d0c462352beb48,2018-04-12 16:10:42,179.0,62.89
31ef673f8e35f0cde11a5945a4f7a39d,1,e178e8610a35f4d6c9b0934fb5e20e85,516e7738bd8f735ac19a010ee5450d8d,2018-05-21 14:55:34,166.0,15.1
31f2b7c70b716879e5c4080ef87f20bc,1,389d119b48cf3043d311335e499d9c6b,1f50f920176fa81dab994f9023523100,2018-04-06 15:50:16,53.9,13.46
321b1257cfaf6c0ca8a709d230158920,1,f1c7f353075ce59d8a6f3cf58f419c9c,37be5a7c751166fbc5f8ccba4119e043,2017-08-02 13:45:13,205.0,15.04
321b1257cfaf6c0ca8a709d230158920,2,f1c7f353075ce59d8a6f3cf58f419c9c,37be5a7c751166fbc5f8ccba4119e043,2017-08-02 13:45:13,205.0,15.04
3237c01ca83d6c17feee532d5b7e6b72,1,d3c4c77b75d9e3c3d4ee9b1e40591b04,e83c76265fc54bf41eac728805e4da77,2017-02-14 17:43:20,17.9,10.96
3239c022d37dc6c0fd3b8749bb7a0b1e,1,cf8316c961640d38321241895b7811c2,da8622b14eb17ae2831f4ac5b9dab84a,2017-10-30 23:25:50,119.9,13.86
324bba1a05579faca9bea05049eda757,1,e0d64dcfaa3b6db5c54ca298ae101d05,4869f7a5dfa277a7dca6462dcf3b52b2,2018-03-19 09:47:30,151.9,27.14
32c6cdfda3c983d4b4d2953b9af3dbd3,1,ae386a85b1db680ff31ad0f2d07a9965,4a3ca9315b744ce9f8e9374361493884,2017-11-17 10:10:24,159.9,12.62
32d8aa395f9c9f357e1e3f7b214b9082,1,1c27515baa5bece76d41e2353efcdd8e,c6381d2d013342748761e906d45aff76,2018-04-11 14:49:11,79.0,24.68
32f133e6183197d366f71e2d37f823bd,1,e9ef247417650a07f8cf312c16904d74,8ab42aa58097fd4668d60cc648225d5f,2018-06-18 04:17:49,110.0,20.82
3303ae257c7df7d22445570e801fbe6e,1,c3e43e07f541c49ce73e9778dfecc6ca,1127b7f2594683f2510f1c2c834a486b,2017-06-19 09:55:15,159.9,21.61
3315a8038d5ead17040d6658a1377c7f,1,154e7e31ebfa092203795c972e5804a6,cc419e0650a3c5ba77189a1882b7556a,2018-07-18 12:35:12,23.99,22.89
332e264249f30a888b81bffd7a84e03c,1,23bb156d1ade824158d1b0c799f9a641,71039d19d4303bf9054d69e9a9236699,2017-10-17 04:49:20,109.9,21.57
334bdd786e5d50231aac545ecdc7e291,1,d189fbf8b5d79a670cebcaaad68d77b2,0d85bbda9889ce1f7e63778d24f346eb,2017-09-15 12:50:44,59.9,18.04
3366858be589fddbcf6a199aab0058d4,1,154e7e31ebfa092203795c972e5804a6,cc419e0650a3c5ba77189a1882b7556a,2017-08-11 03:04:10,19.99,7.78
338d127554d67a15cb4e257742847056,1,672ffb2231575afa70f7fee73fe400a1,b3b17aab11f273023a5f22ca52e1eb70,2018-02-07 08:51:26,550.0,20.29
338d127554d67a15cb4e257742847056,2,672ffb2231575afa70f7fee73fe400a1,b3b17aab11f273023a5f22ca52e1eb70,2018-02-07 08:51:26,550.0,20.29
339063a819f93e6e25102c3bb66ab667,1,5dce4ec7e7079a63b3086781d26c2cd8,955fee9216a65b617aa5c0531780ce60,2018-04-26 14:32:58,45.0,8.29
33b85e6449a3f1684051b4a02f871871,1,f5790565f09ac993cd58c68bc58c2daa,a425f92c199eb576938df686728acd20,2018-03-22 10:15:42,41.5,29.16
33b85e6449a3f1684051b4a02f871871,2,43521df044c196283191f87529d1663f,a425f92c199eb576938df686728acd20,2018-03-22 10:15:42,31.9,7.29
33bf2ecd9c887519e7c11288384fa270,1,4b456247c6fd6370f0c01903b0c6d67d,87142160b41353c4e5fca2360caf6f92,2017-06-27 14:15:14,139.9,10.19
33c011fdacf02b14181fcd81f4b5ece0,1,4fcb3d9a5f4871e8362dfedbdb02b064,8581055ce74af1daba164fdbd55a40de,2017-03-28 21:08:57,143.8,18.3
33dc68ee07456f6fa5da352d9cca5d93,1,d285360f29ac7fd97640bf0baef03de0,7d13fca15225358621be4086e1eb0964,2018-05-18 09:35:19,260.0,10.38
33dc68ee07456f6fa5da352d9cca5d93,2,53ea9da485f6aed8a6f03a85831fe021,d650b663c3b5f6fb392b6326366efa9a,2018-05-18 09:35:19,229.0,22.18
33f7f48fbeb5932ce834c34dd204a6d3,1,3d6c02b4d1a6c303569fe075e0c01831,77530e9772f57a62c906e1c21538ab82,2017-07-11 17:54:20,125.0,36.19
341dc4ea81fabe7de6af564b72fcf3e2,1,d76c049f36a5b4975aa3cf095a6fa499,3bb548e3cb7f70f28e3f11ee9dce0e59,2018-07-10 16:31:58,124.85,37.78
341ec2709ac1eea8f492c24d31a06942,1,3904e66405ea8ec8d104534682a38c6d,e8b3a3a38279a82f0e5d006d5e5b7d2c,2017-12-08 15:53:15,15.9,42.38
34334129c5fc3f38fec577b122930761,1,5d10b3779b68d58be0fcc46a1ee79689,4559697a8f7e637227c2eeaed843baff,2018-03-07 15:15:47,169.9,18.76
3440f090efa1949bc4e9ebd0b89b2b6c,1,0c3256090b6cc52703b152c874827cd7,3985a3c45be355a4c57fde108bfabd1c,2017-01-31 00:34:10,39.9,29.55
3454a64b94a71420a518187d8f96b47d,1,ffc9caf33e2d1e9f44e3e06da19085f7,b18dc380845b24038cfc48006478f099,2018-04-23 12:15:35,199.89,12.02
346fa124d404d88a793438c41f21932b,1,b0c8da302d49498d2ce6be8c631e4e20,88460e8ebdecbfecb5f9601833981930,2018-08-01 09:03:13,50.2,3.1
346fa124d404d88a793438c41f21932b,2,385a33a408e9c35c9fbc2025c12f3784,1c68394e931a64f90ea236c5ea590300,2018-08-02 09:03:13,75.9,33.97
349af77e71491a1aed28d6bf0528e09b,1,34aca073a68b7ae1d470940db997c295,c864036feaab8c1659f65ea4faebe1da,2017-10-09 04:05:14,109.9,25.8
34adfe85692f724087a52976282ea92f,1,704ef63ad0ac345842ea734060a83db2,da8622b14eb17ae2831f4ac5b9dab84a,2018-02-22 02:35:59,74.9,12.86
34adfe85692f724087a52976282ea92f,2,704ef63ad0ac345842ea734060a83db2,da8622b14eb17ae2831f4ac5b9dab84a,2018-02-22 02:35:59,74.9,12.86
34adfe85692f724087a52976282ea92f,3,704ef63ad0ac345842ea734060a83db2,da8622b14eb17ae2831f4ac5b9dab84a,2018-02-22 02:35:59,74.9,12.86
34d79427f2177b6ab8397e13d4233a85,1,633a2a64a6478966e0b6805ea708de58,4830e40640734fc1c52cd21127c341d4,2018-02-26 10:47:25,39.0,7.78
34e578b2d8c11db4288447dd459f9690,1,7b35ccd93a2184646c03b70326626923,d05ae8f7a5bd1d2a690a44cd079e4e27,2017-12-26 18:11:29,179.0,15.0
34fe5a39b9e65ac47aac2872c3538c41,1,a7c73814e6894bc049f7aac7d37f7175,6f892e20a171e98efe17fdb971ff319b,2017-11-07 16:35:15,254.9,9.98
34fefcb94e75fb1b7a0cd863796ce6e5,1,11ea2b91f0f26a2d693ba6763a2eb4b0,0c8380b62e38e8a1e6adbeba7eb9688c,2017-04-12 10:34:55,44.9,15.56
350508df3bad3da1cf8a3ac50f8c0406,1,64b4fdd3c24f7e8c49133cad3718bfc4,5abb8ea023c77787f2c15da891c8d384,2017-10-11 14:35:15,399.0,166.91
35138e39f9a22af41b39da5df0cc6790,1,d605e53683803c3a25f24ac1597fdfbe,46dc3b2cc0980fb8ec44634e21d2718e,2017-12-01 20:53:20,99.99,14.45
3516e5d5f67c23496363aa89756c4cba,1,bf2ccdfcde5e9644cc41491d56f4921a,e5a38146df062edaf55c38afa99e42dc,2017-05-05 13:03:41,129.9,15.67
3522a71840bea6bd1cd78ae529622ff4,1,4cde3ff89f4a66c712c088e5542ee7a6,cca3071e3e9bb7d12640c9fbe2301306,2017-03-20 19:34:45,129.9,20.99
3549d4f44bac42a299415349e0fcad15,1,35afc973633aaeb6b877ff57b2793310,4a3ca9315b744ce9f8e9374361493884,2018-06-12 19:30:53,79.9,4.21
3549d4f44bac42a299415349e0fcad15,2,99a4788cb24856965c36a24e339b6058,4a3ca9315b744ce9f8e9374361493884,2018-06-12 19:30:53,79.9,42.07
356447440f7c0f7fc6bd04c27ed18216,1,c72edc98e7d77f0c4c04ec80730c05f5,5b925e1d006e9476d738aa200751b73b,2018-02-01 17:04:07,69.0,16.73
3569dcadd0374718b87bead0d7241d6d,1,84d2057bc1f88332d0892eea0e997d28,ea8482cd71df3c1969d7b9473ff13abc,2018-07-26 10:23:39,27.99,7.46
358001862da7e31fc81214650e2f134a,1,06c6e01186af8b98ee1fc9e01f9471e9,fc906263ca5083d09dce42fe02247800,2017-05-22 18:05:20,39.9,14.1
358f7c2eece902dd795421e4937f0142,1,f6d6246239cec75f604b82f359cdf148,67883baaae6134ee81b271a542613728,2018-08-20 18:10:28,359.0,17.61
3599e4616c45ae9b879c2e6c54d76120,1,42f61cf5c925b4e7fad27faee993c145,ea8482cd71df3c1969d7b9473ff13abc,2017-10-31 22:07:17,27.99,15.1
35a6518f311840d6bbc5998c7201db80,1,99a4788cb24856965c36a24e339b6058,4a3ca9315b744ce9f8e9374361493884,2018-01-12 11:53:28,86.9,21.1
35c2d3179daf2ef475f47ff2d29c068e,1,b192be433004cc1f10b467c0e9ea309b,de722cd6dad950a92b7d4f82673f8833,2018-08-15 20:55:29,179.9,20.45
35e01ab254440427a82909f981fa9ff7,1,e9def91e99c8ecb7c5cef5e31506a056,850f4f8af5ea87287ac68de36e29107f,2018-02-14 23:15:26,89.99,12.97
3602a80b09d914236f74c733631f3b8b,1,e44f675b60b3a3a2453ec36421e06f0f,218d46b86c1881d022bce9c68a7d4b15,2018-02-08 08:55:51,107.0,26.03
360b84029c125bb8d4ede52585f058f2,1,154e7e31ebfa092203795c972e5804a6,cc419e0650a3c5ba77189a1882b7556a,2017-09-21 04:50:16,23.99,7.78
36171c1a53103b4062540c678efb379b,1,aa280035c50ba62c746480a59045eec4,fa40cc5b934574b62717c68f3d678b6d,2018-02-01 03:16:45,30.5,7.78
36377e52aa9971718dd22913580b7799,1,b38b25d838ae0b8385e8cc68b9017644,fad44952713764836814be105382aee5,2018-08-16 08:50:16,180.0,19.36
3644a0f31cdec4bf8c4b7b9285a21c9b,1,173e9fe34bfe97f3a5e6dc57fe897b74,ba143b05f0110f0dc71ad71b4466ce92,2018-05-10 18:16:12,57.89,14.5
36783db8698edf3ba7585d93b5a1c4bf,1,0878701fe7102eb1ba7f0f00229b7944,8648b1e89e9b349e32d3741b30ec737e,2018-03-19 04:30:31,29.9,18.23
367d9f6d184cf1d060d92bdc71810d2e,1,0e632ab9f5b05a2703871a8f27e4e1a7,612170e34b97004b3ba37eae81836b4c,2018-08-03 11:30:18,496.9,36.86
36970c35cfe02cb355e55690bae4ac02,1,d22625c4bd160a54f96629f139153c74,df56d7b40d437f88407c5f78b63bc328,2017-10-25 10:28:19,155.9,23.96
369736d4fdf5f12b5b823fe2abb3e485,1,abe236a52dbc43e90bad00fe6d794582,6426d21aca402a131fc0a5d0960a3c90,2017-07-17 11:45:23,59.9,12.76
3699ca6aff3879a2990159cd64537303,1,f59062775ff63deba00e8b425f127e35,b74d1c09cb380e1d03a6f859c6f4224b,2018-05-15 13:12:00,59.99,24.55
3699ca6aff3879a2990159cd64537303,2,f59062775ff63deba00e8b425f127e35,b74d1c09cb380e1d03a6f859c6f4224b,2018-05-15 13:12:00,59.99,24.55
36a21ebc447622cc9eb08312851c256c,1,d47ac622fbf41c4fc51f979a13862000,bd4431c1a8dfa744b59e1e2a8bc99b9e,2018-04-11 22:29:11,55.0,15.27
36beeab200d5cfc98103d1fe0b00669d,1,95a10f05868096cb2180c6a0bfbbbc39,d2374cbcbb3ca4ab1086534108cc3ab7,2017-06-27 09:45:18,27.4,11.85
37c9baad44854a2d5ac7022b4228dbab,1,913803e9e4b81c3fed4841cbbfdc59fd,218d46b86c1881d022bce9c68a7d4b15,2018-04-06 03:09:02,120.0,14.2
38191a080c6c22b7c4268a2d51a8ac60,1,f18ab2ae5b32acd3afdaa8c5f96087ec,0be8ff43f22e456b4e0371b2245e4d01,2018-03-08 02:50:50,49.9,15.1
3819e7793eb12f5a299706cd17215d45,1,72ebbdf0bf7a61d4772ff4d2e90d8b86,f92d8c817434bd2d84d4e9c61322b7fa,2018-01-26 09:10:06,29.9,9.27
381d16906fcc904fe66028d7438ebc3c,1,5411e9269501a870cabf632f05655131,3d871de0142ce09b7081e2b9d1733cb1,2017-07-13 02:44:19,99.0,17.94
3843764d4f30d3653388f1b55c3a9ac5,1,bf04528618b481f107b7ea5747432102,52d76513f0c4d97f3b99570e2c94ee31,2018-07-05 12:31:49,109.9,18.87
38503f70701540d016bbec9c5f9ad4cb,1,226be9996759442f90f73b7d24c6baff,c6a7539d424a8402232c2228d7a03c5e,2018-03-22 17:15:52,40.5,26.79
387ec4e22c1949a34d31106d809641e3,1,79af04ca7d7a02c456b475f4e8e3fcac,ceaec5548eefc6e23e6607c5435102e7,2018-04-25 10:31:15,359.9,14.42
38d4786d1c7b6dae14470fdfb8616bb0,1,140a6dabf1644704fc0d592be0be59d1,750303a20e9c56b2a6bc45cdce0b897d,2018-08-08 20:25:17,189.0,23.6
38df543e1956e91a0b4ee89c4a49dbf3,1,19c91ef95d509ea33eda93495c4d3481,06a2c3af7b3aee5d69171b0e14f0ee87,2018-05-15 11:55:14,119.99,18.82
38ead2ac61ab32ce96209301f9d365f6,1,6a8631b72a2f8729b91514db87e771c0,128639473a139ac0f3e5f5ade55873a5,2018-05-16 16:35:27,29.9,11.3
3924ecb5e299e5fb70a6f38e34aa4c1a,1,145028037adecb27b1a58cf9597676cc,c26a2be5b53b7db6b276280da212a779,2018-08-13 17:10:19,399.0,46.59
3925b740d70eb26c3aefd1cabe5c8143,1,75c06ee06b201f9b6301d2b5e72993f8,3c7c4a49ec3c6550809089c6a2ca9370,2018-04-12 07:48:06,13.99,15.23
3928bef4d3f8fa821470cf243db72d24,1,79d2c1de4aaac73cf031b5e1f03a68aa,670c26e0f1bf8d0576271d5cfaec6d2b,2018-04-05 20:27:19,55.9,18.27
394706e9971fea983907cd09aa349ed8,1,84ecc25f4c77dacc5c0ceb89e09492e9,4b5f66b7adcf57f1ecc0d3c07dd6b177,2017-12-20 02:12:29,269.99,14.91
3957b45bce42070cac232014ad4d001b,1,52c80cedd4e90108bf4fa6a206ef6b03,a1043bafd471dff536d0c462352beb48,2017-10-19 01:56:25,179.99,26.88
3957b45bce42070cac232014ad4d001b,2,52c80cedd4e90108bf4fa6a206ef6b03,a1043bafd471dff536d0c462352beb48,2017-10-19 01:56:25,179.99,26.88
39787d0779e9c0f1326d35469d0239c5,1,f5b43eb04df32b98c282b6168cd72a5b,082e0bf4cb865a6533b1e8e498cc0255,2018-02-15 19:28:13,61.8,33.7
39b07544f44827ecfb759a3544ccab72,1,de533fe5b9448ea9792195806938dbf5,1025f0e2d44d7041d6cf58b6550e0bfa,2018-08-08 02:55:14,196.8,13.68
39b07544f44827ecfb759a3544ccab72,2,de533fe5b9448ea9792195806938dbf5,1025f0e2d44d7041d6cf58b6550e0bfa,2018-08-08 02:55:14,196.8,13.68
39cf873ad8dfacb60ab26448e511723a,1,7703b8cb5b77fbb36518ea91e2ca734f,6560211a19b47992c3666cc44a7e94c0,2017-09-20 15:44:15,39.0,7.78
39dd6ee10ed18591bddeb83c8136dd52,1,3c794d260ad4b5f507a5d90df23523bf,1bb2bdb95f4841f1bba2c0d2cd83d3c9,2018-04-27 18:31:34,24.95,15.23
3a17fd4120bf394dc3968c52f703fe07,1,e69d971f8bf365efb842b0d56f960682,aaed1309374718fdd995ee4c58c9dfcd,2017-03-24 11:01:19,69.9,14.59
3a17fd4120bf394dc3968c52f703fe07,2,b4ea7aecf6304f60fe63221697a8e33b,aaed1309374718fdd995ee4c58c9dfcd,2017-03-24 11:01:19,43.0,14.59
3a391869ded1afe6a2b03e4205aa9a2c,1,076e4ce53c8914382e7ff3732511b17e,59fb871bf6f4522a87ba567b42dafecf,2017-04-17 16:30:11,109.99,11.38
3a3946583c464f57913a9df9c134ba0f,1,ffc9caf33e2d1e9f44e3e06da19085f7,d06d019f72a04e5497a0b64190af170c,2018-06-15 17:15:54,224.0,16.45
3a94d54e3301d9e4da748ee3766e0585,1,11b2b219c6995bd51ac7973c2b352a0d,609e1a9a6c2539919b8205cf7c4e6ff0,2018-08-28 01:05:16,57.99,19.6
3aa0bcd95f24f4a91c0ca3f0a160ec9f,1,154e7e31ebfa092203795c972e5804a6,cc419e0650a3c5ba77189a1882b7556a,2017-07-18 06:42:58,19.99,11.85
3aafcd1ad1ad58bf5b66b06ed8935de9,1,d692d19cee022f7acab76373f297ad6a,00ee68308b45bc5e2660cd833c3f81cc,2018-01-23 18:11:13,127.0,17.14
3ad540acc809c0ce95b1dfe9cb4b4343,1,c4baedd846ed09b85f78a781b522f126,a1043bafd471dff536d0c462352beb48,2017-10-25 16:49:44,99.0,38.53
3b0dd50dc2aa331331704962064c8a8d,1,66077cc774ac8ba7c7fcb45fd8e03474,01cf7e3d21494c41fb86034f2e714fa1,2017-07-13 10:55:24,89.9,29.03
3b0dd50dc2aa331331704962064c8a8d,2,66077cc774ac8ba7c7fcb45fd8e03474,01cf7e3d21494c41fb86034f2e714fa1,2017-07-13 10:55:24,89.9,29.03
3b0dd50dc2aa331331704962064c8a8d,3,66077cc774ac8ba7c7fcb45fd8e03474,01cf7e3d21494c41fb86034f2e714fa1,2017-07-13 10:55:24,89.9,29.03
3b12b05b1ef9fd1f18face4e10c50c2e,1,c7dc39bcc7f9bf8a9b253b8727a0cde5,7299e27ed73d2ad986de7f7c77d919fa,2017-09-14 01:10:19,40.0,15.1
3b12b05b1ef9fd1f18face4e10c50c2e,2,c7dc39bcc7f9bf8a9b253b8727a0cde5,7299e27ed73d2ad986de7f7c77d919fa,2017-09-14 01:10:19,40.0,15.1
3b12b05b1ef9fd1f18face4e10c50c2e,3,c7dc39bcc7f9bf8a9b253b8727a0cde5,7299e27ed73d2ad986de7f7c77d919fa,2017-09-14 01:10:19,40.0,15.1
3b12b05b1ef9fd1f18face4e10c50c2e,4,c7dc39bcc7f9bf8a9b253b8727a0cde5,7299e27ed73d2ad986de7f7c77d919fa,2017-09-14 01:10:19,40.0,15.1
3b12b05b1ef9fd1f18face4e10c50c2e,5,c7dc39bcc7f9bf8a9b253b8727a0cde5,7299e27ed73d2ad986de7f7c77d919fa,2017-09-14 01:10:19,40.0,15.1
3b2639c14a48df0a716ce3bb0c9c6735,1,c98141af5de0ad24a74753a12a9eb40b,5d76d80a2f5f39c891b996a1bf4c9853,2018-08-16 12:04:25,249.9,52.47
3b2c1076db50e3fbc99981ae5ca1e6aa,1,d790fcd60d4743d309fedf7e7bb4c902,709e16e2b25c7474d980076c6bfc4806,2018-08-22 16:50:01,148.9,20.23
3b3725fa3dfc009ca1e6ebc503a0bd16,1,fbce4c4cb307679d89a3bf3d3bb353b9,c33847515fa6305ce6feb1e818569f13,2018-08-07 20:44:16,149.0,51.33
3b513d4810b2c2de5e551d0edee87865,1,0152f69b6cf919bcdaf117aa8c43e5a2,d2374cbcbb3ca4ab1086534108cc3ab7,2018-01-11 19:30:26,13.9,15.1
3b6411f7911e3b69fa3f27220c7df366,1,0502d1a36be75bd36b452f31c6ed264a,c826c40d7b19f62a09e2d7c5e7295ee2,2017-12-26 09:53:33,69.77,7.78
3b694fa216b9963c2df0ad993a355551,1,06edb72f1e0c64b14c5b79353f7abea3,391fc6631aebcf3004804e51b40bcf1e,2018-04-13 20:08:46,39.99,16.95
3b7620f0a3652abfdf6bc1b145b9117c,1,cac2a35a7d2ff513045a3114a29b4398,70a12e78e608ac31179aea7f8422044b,2017-08-16 20:55:17,39.95,34.15
3b7620f0a3652abfdf6bc1b145b9117c,2,cac2a35a7d2ff513045a3114a29b4398,70a12e78e608ac31179aea7f8422044b,2017-08-16 20:55:17,39.95,34.15
3b881091c6fc2687191b01c705287c13,1,e7cc48a9daff5436f63d3aad9426f28b,53243585a1d6dc2643021fd1853d8905,2018-08-12 22:45:09,170.0,19.34
3ba290d869362a67994eede4e78130f0,1,617186c3d97ea56c9c683a8a3974e8c1,cc419e0650a3c5ba77189a1882b7556a,2017-10-10 00:49:19,84.99,17.87
3bdbd9f5f42278fb48aa879475fb33b4,1,4b456247c6fd6370f0c01903b0c6d67d,87142160b41353c4e5fca2360caf6f92,2017-09-01 02:50:36,139.9,36.3
3becc6bf91be2f15e6373b353532e294,1,08a58dc963320d6073623382b9ceb920,8e8a7ce9f2f970dc00e2acf6f6e199f6,2018-04-03 10:08:46,129.0,15.78
3befd8331efa9255d2e09585a7042fc3,1,7c1bd920dbdf22470b68bde975dd3ccf,cc419e0650a3c5ba77189a1882b7556a,2017-05-16 02:22:50,64.99,24.94
3bf64404e90aaf774854f9d82327af00,1,0aabfb375647d9738ad0f7b4ea3653b1,37515688008a7a40ac93e3b2e4ab203f,2017-08-02 11:55:22,19.9,15.1
3c2a7cc75899d6a06e8735da9b7fa302,1,c4aa0ceec0529a29290c24f2bb490b3d,92eb0f42c21942b6552362b9b114707d,2017-02-15 22:12:39,12.98,8.72
3c2ce68a8ae197f1c0761e0e49486673,1,ec2d43cc59763ec91694573b31f1c29a,1c129092bf23f28a5930387c980c0dfc,2018-06-06 03:31:12,47.9,15.23
3c31094fbd7da6168cc190beedf23888,1,2423252b2432f1803e4f29e0974c6cf7,48436dade18ac8b2bce089ec2a041202,2017-10-23 03:46:00,139.9,20.22
3c557fef5b5d9315a99f7442ef013a8e,1,ba9a847a2c023953743ba9e5ef6c88c6,9674754b5a0cb32b638cec001178f799,2018-02-21 02:55:52,40.14,9.34
3c5c2cfeea91d9a57ac3c979ec6c9d62,1,1ec486885049bbb9b79351d150ed18c4,cab85505710c7cb9b720bceb52b01cee,2017-09-14 00:25:26,49.9,17.63
3c964e5625c2d5b6ace8c0b038a03460,1,7ce94ab189134e2d3c05f496d635419c,8b321bb669392f5163d04c59e235e066,2017-12-05 19:57:21,13.65,15.1
3cc50a462016d06a3cebf8f5731d3ee6,1,4c2065301aac51ff9004422acc07765d,1127b7f2594683f2510f1c2c834a486b,2017-11-30 05:19:24,98.8,17.94
3cd82d2cfb48466fdfcb8594444e211d,1,f4470c119e77b79863901b5d2152fc6f,59cd88080b93f3c18508673122d26169,2017-09-11 09:30:12,33.2,25.63
3d1015779173f2ac043082581b12e826,1,91b08d34d0ba4db44da2dc382867ba49,b76dba6c951ab00dc4edf0a1aa88037e,2017-06-16 06:42:30,10.99,15.1
3d1015779173f2ac043082581b12e826,2,91b08d34d0ba4db44da2dc382867ba49,b76dba6c951ab00dc4edf0a1aa88037e,2017-06-16 06:42:30,10.99,15.1
3d17d211984312889a4d60f359859535,1,23bcd6822a33df5534f9b290216eec1f,ac3508719a1d8f5b7614b798f70af136,2017-10-03 12:07:26,129.9,25.75
3d31baf1573b52990d33a1f9d2f03ce5,1,399656db7a0d49d36300b81120bffeb1,3b15288545f8928d3e65a8f949a28291,2018-05-09 21:12:05,129.99,15.0
3da82f366802e4512789763543d67ee2,1,fca62108387e25005784da2f551466a1,31344c16881c08a8a72c6d2eb29918c1,2017-03-30 20:22:29,249.9,34.03
3db0dfe8a379d76e5c29f635c277325f,1,de480e3ae31eea2d2d97d694c43172fc,1838dd9b8977065acf51d95e0053ea7a,2018-01-30 04:28:23,28.9,25.38
3db932725b90f4f388d2e361b0f1247e,1,9d04b62c69bd020f5b68d1f887b7c930,128639473a139ac0f3e5f5ade55873a5,2017-08-07 19:53:53,9.9,15.1
3dff7447814a5f3da382bcedafa59462,1,6e7b435ac3c84fc5348dba974e184322,620c87c171fb2a6dd6e8bb4dec959fc6,2018-04-05 19:15:16,119.9,9.75
3e22545eb8e4b43efed7c34d5a8be84c,1,5d9b91e8dc83f3caa1cadaf14cd68660,2e1c9f22be269ef4643f826c9e650a52,2017-12-29 12:29:00,54.49,11.73
3e28393f83efb34c56df093513721d60,1,4a8c87facc0a20b726d5e1112ff3069f,bf3c6d2a28b2b5501e6c15448982dcc9,2017-07-20 12:10:18,119.9,29.24
3e4875148a652a619d8615653b4c8e3c,1,111110604c6d3718f07e26dbff3d46bc,9674754b5a0cb32b638cec001178f799,2017-11-30 15:15:01,76.9,9.35
3e4e46d0c15b204178fc5dea7c9644de,1,c5b72065154ec27c2d1ed8a654c3348f,b33e7c55446eabf8fe1a42d037ac7d6d,2017-11-30 01:53:27,190.83,16.09
3e7433883ed362df81977e1b24e3d6ec,1,4633dfeb3a2588bdb52af32d504b44eb,b76dba6c951ab00dc4edf0a1aa88037e,2017-09-08 13:30:09,19.99,11.85
3e7bc2221b2c46fafa06f741386784fc,1,d3c044bd42d84a79e3b0c42662806a48,4c2b230173bb36f9b240f2b8ac11786e,2017-07-18 22:25:14,25.9,14.1
3e7bc2221b2c46fafa06f741386784fc,2,d3c044bd42d84a79e3b0c42662806a48,4c2b230173bb36f9b240f2b8ac11786e,2017-07-18 22:25:14,25.9,14.1
3e7bc2221b2c46fafa06f741386784fc,3,d3c044bd42d84a79e3b0c42662806a48,4c2b230173bb36f9b240f2b8ac11786e,2017-07-18 22:25:14,25.9,14.1
3e7bc2221b2c46fafa06f741386784fc,4,d3c044bd42d84a79e3b0c42662806a48,4c2b230173bb36f9b240f2b8ac11786e,2017-07-18 22:25:14,25.9,14.1
3e7bc2221b2c46fafa06f741386784fc,5,d3c044bd42d84a79e3b0c42662806a48,4c2b230173bb36f9b240f2b8ac11786e,2017-07-18 22:25:14,25.9,14.1
3e7bc2221b2c46fafa06f741386784fc,6,d3c044bd42d84a79e3b0c42662806a48,4c2b230173bb36f9b240f2b8ac11786e,2017-07-18 22:25:14,25.9,14.1
3e7d62de8eab0ea8d37a2983df8f7af9,1,119618b5b8b80a24cd99506dd5424864,ad420dd0c4f92f8af951ac24b86d0cf5,2017-10-17 07:34:12,14.99,15.1
3e84398caa2b0be876731343bab75b06,1,5c692818d313aa12864b48ac0c2472c2,6560211a19b47992c3666cc44a7e94c0,2017-03-20 18:14:02,29.0,10.96
3e92efabf5eaa46e4ab7f20a10864785,1,854289563c41e83bc59072f5b61fdece,7e93a43ef30c4f03f38b393420bc753a,2017-04-20 15:50:14,177.76,11.85
3ea886b4bdd5f739ff9eca6e87e08d18,1,a2cc1ca6628697fcdaa51066d6aa3014,ed4311e67debd72b8610a5347a743087,2017-12-20 14:19:18,60.0,16.67
3ea886b4bdd5f739ff9eca6e87e08d18,2,a2cc1ca6628697fcdaa51066d6aa3014,ed4311e67debd72b8610a5347a743087,2017-12-20 14:19:18,60.0,16.67
3ec2bc5de0fe81f5d14adb115df88e36,1,d017a2151d543a9885604dc62a3d9dcc,6560211a19b47992c3666cc44a7e94c0,2017-06-14 02:45:37,49.0,7.78
3ed44f394dcafefbeb7377f0450ba269,1,44a34214a57dc373dcd80f54c919d006,7008613ea464bad5cb9b83456e1e6a8f,2017-05-23 04:05:25,29.5,15.1
3edb50273f0fec7a7e340030467076bc,1,634256dbcd184b3757ffd7632c9fe52a,42b729f859728f5079499127a9c2ef37,2018-01-23 14:51:26,24.9,7.78
3edb50273f0fec7a7e340030467076bc,2,634256dbcd184b3757ffd7632c9fe52a,42b729f859728f5079499127a9c2ef37,2018-01-23 14:51:26,24.9,7.78
3edb50273f0fec7a7e340030467076bc,3,634256dbcd184b3757ffd7632c9fe52a,42b729f859728f5079499127a9c2ef37,2018-01-23 14:51:26,24.9,7.78
3edb50273f0fec7a7e340030467076bc,4,634256dbcd184b3757ffd7632c9fe52a,42b729f859728f5079499127a9c2ef37,2018-01-23 14:51:26,24.9,7.78
3edb50273f0fec7a7e340030467076bc,5,634256dbcd184b3757ffd7632c9fe52a,42b729f859728f5079499127a9c2ef37,2018-01-23 14:51:26,24.9,7.78
3edb50273f0fec7a7e340030467076bc,6,634256dbcd184b3757ffd7632c9fe52a,42b729f859728f5079499127a9c2ef37,2018-01-23 14:51:26,24.9,7.78
3ef3c91a36437f7a1e4d4556a0543004,1,89321f94e35fc6d7903d36f74e351d40,16090f2ca825584b5a147ab24aa30c86,2018-05-21 02:55:39,27.9,12.94
3ef3c91a36437f7a1e4d4556a0543004,2,89321f94e35fc6d7903d36f74e351d40,16090f2ca825584b5a147ab24aa30c86,2018-05-21 02:55:39,27.9,12.94
3ef3c976c86d9ea7e4758728a87732f0,1,9f0599e0b0d3f41749a3288e0043f21e,da8622b14eb17ae2831f4ac5b9dab84a,2017-03-29 15:13:04,199.9,17.55
3f35e6f6080a0f108570a0f177f8c2bd,1,5a848e4ab52fd5445cdc07aab1c40e48,c826c40d7b19f62a09e2d7c5e7295ee2,2018-03-15 15:28:03,122.99,15.74
3f4d752085db597cc5c802381e0a2488,1,306e6b5dda3397e4a9312f94d82565b5,1b938a7ec6ac5061a66a3766e0e75f90,2017-12-20 02:12:33,119.9,34.2
3f72d2b757e725cd48a4726f831c7789,1,eba7488e1c67729f045ab43fac426f2e,620c87c171fb2a6dd6e8bb4dec959fc6,2016-10-10 16:45:50,249.9,17.59
3f79a9c310a0d09cddd05f95b3ebb4d6,1,c4baedd846ed09b85f78a781b522f126,a1043bafd471dff536d0c462352beb48,2017-12-21 20:51:29,89.99,26.25
3f7ac2772804d1316e995c3621024c7f,1,89321f94e35fc6d7903d36f74e351d40,16090f2ca825584b5a147ab24aa30c86,2018-03-15 11:49:41,27.9,7.87
3fbd798d7e8c262456edce32abaee496,1,165f86fe8b799a708a20ee4ba125c289,7ddcbb64b5bc1ef36ca8c151f6ec77df,2017-12-11 16:56:33,166.99,23.49
3fc92f79759d64684c5d19448a12642f,1,6af5ae31a7d598601b840d205e11eb9c,2ff97219cb8622eaf3cd89b7d9c09824,2018-05-18 15:18:55,16.9,8.82
3ff04db80f0b2c359e8e47fdb913d826,1,6f790ed0f75949b7fa234ec087aed912,5dceca129747e92ff8ef7a997dc4f8ca,2017-01-31 13:37:09,669.0,22.0
3ff25314bbe9dc1ec7c983499bdff8f2,1,6a23ae3187f1dac41b7210a8c7739d6b,1025f0e2d44d7041d6cf58b6550e0bfa,2017-09-27 22:44:26,38.4,16.79
3ff25314bbe9dc1ec7c983499bdff8f2,2,6a23ae3187f1dac41b7210a8c7739d6b,1025f0e2d44d7041d6cf58b6550e0bfa,2017-09-27 22:44:26,38.4,16.79
3fffdbcdd7ed6b3acdb0bdbc5c96df52,1,d87ee5661dc46c5bc7bc19780f6f8360,6e2d3e2dc84fb30f6078f39dd3bddd6f,2017-11-06 16:29:05,219.0,16.28
40235386473717246bb2eb10fe48037a,1,71a5f1c2a5fd9889ef26b5ac22aec9c6,537eb890efff034a88679788b647c564,2017-11-30 04:15:42,19.9,15.1
4048279d4b6d7122d030e5487857a305,1,e1963d980dceccd99cce847556e111ae,688756f717c462a206ad854c5027a64a,2018-05-22 22:56:05,85.0,23.09
4048279d4b6d7122d030e5487857a305,2,e1963d980dceccd99cce847556e111ae,688756f717c462a206ad854c5027a64a,2018-05-22 22:56:05,85.0,23.09
4054f3a02c9191a518601fba04f06742,1,aadff88486740e0b0ebe2be6c09476ae,da8622b14eb17ae2831f4ac5b9dab84a,2017-12-05 21:32:29,29.9,15.1
40566e07284e5387c3c479d0ac7aab9c,1,bd95c4b0bfc450567eef9efbb0fed500,a673821011d0cec28146ea42f5ab767f,2017-12-07 19:57:11,119.9,17.09
4068a5daf06244e4aa1a85a67983cc62,1,dbb4ce89c8ed5fb6fd901e2e51093179,91f848e9f4be368f4318775aac733370,2017-03-14 21:05:01,79.99,14.33
4069c489933782af79afcd3a0e4d693c,1,601a360bd2a916ecef0e88de72a6531a,7a67c85e85bb2ce8582c35f2203ad736,2017-07-06 21:25:15,129.99,17.16
4091882136d80ac3ff9058c8d81e10a4,1,a565c2e7c2af3eaf353b14a2e82daa53,4a3ca9315b744ce9f8e9374361493884,2018-03-08 00:09:33,135.0,16.58
4093f51e15660b0278941a5b38e694c8,1,f0effb9347ed5787c680f4c756f0bbdb,8ae520247981aa06bc94abddf5f46d34,2017-11-17 20:35:41,689.0,17.07
40956e6dd1d3604c48f437352e4dc3d3,1,068ceaa8a3d9d385cbf53d5335f89f80,c68fb906c8f4b4b946d8386bfa6e5467,2017-09-13 21:43:59,118.88,20.07
40b6a430e16e22f01fcf64a0a39d8aad,1,c20d93bddf6dbfdaffdfda9e9a2e0d7b,de0c78824586e9a5f5f04fd84e25df39,2018-05-03 12:15:29,307.5,21.12
4103cb8c02ddae6eff9f233ba22ae0ad,1,815ab08327dd05cc75b2b67311f83239,1da3aeb70d7989d1e6d9b0e887f97c23,2018-02-15 19:05:29,10.99,14.1
416b0ed65ba7a348e1041689147debd1,1,f03859e4cc21018569f5ae7a03897ff4,7299e27ed73d2ad986de7f7c77d919fa,2017-08-21 03:55:23,45.0,12.48
4173b7694f9c23cfbbaa1bfb2f9593b3,1,30ac6df06dc59ad72cf2f158fc2d904c,0dd184061fb0eaa7ca37932c68ab91c5,2018-05-03 09:13:04,120.0,23.38
4173b7694f9c23cfbbaa1bfb2f9593b3,2,30ac6df06dc59ad72cf2f158fc2d904c,0dd184061fb0eaa7ca37932c68ab91c5,2018-05-03 09:13:04,120.0,23.38
418c957162c86b348f44688790168fb2,1,55b04296824029ae20bbeb3b200e69d0,6c7d50c24b3ccd2fd83b44d8bb34e073,2018-04-12 17:49:42,45.91,14.44
41944cf624269caf43e02d939e33e8bb,1,0cf41187284d7f099adc8415a743ebbd,bbad7e518d7af88a0897397ffdca1979,2018-05-22 03:35:22,35.9,16.32
419c1fa500ceff6a8d5ee78cf19d2a6d,1,14555ba663de8689feacf1d0819cc3b3,dbc22125167c298ef99da25668e1011f,2017-05-15 15:30:24,119.99,18.09
41a48f4dc75f01b16dfa7e32cb456ebc,1,dd4c3b4ab7e001aaf385ea2e68952030,d673a59aac7a70d8b01e6902bf090a11,2018-04-20 14:55:11,29.99,17.66
41a48f4dc75f01b16dfa7e32cb456ebc,2,52d7a7207b9646509bdc754fed3a0cef,cca3071e3e9bb7d12640c9fbe2301306,2018-04-20 14:55:11,55.27,26.49
41c843dab306ff15365492a2dd8c3cef,1,42ca857208d059f51c317b503000c385,f789d2c4f2c2eb38fc4373e7a4b35264,2018-08-07 08:15:14,119.99,18.94
41d0050b0a103c674289659fdd6f602e,1,14dffa241a078aeaebaef48a49e807ca,fa40cc5b934574b62717c68f3d678b6d,2017-08-29 10:15:55,64.9,5.78
41d0050b0a103c674289659fdd6f602e,2,0d704e7a1f7ac1c5c03247e845d18f93,59b22a78efb79a4797979612b885db36,2017-08-29 10:15:55,39.9,34.99
41d0050b0a103c674289659fdd6f602e,3,014a8a503291921f7b004a5215bb3c36,fa40cc5b934574b62717c68f3d678b6d,2017-08-29 10:15:55,36.9,2.63
41d3c3f700ca5ccd7c9068d16f4a4821,1,3b0f7951038b105522c2d566b54421f7,562fc2f2c2863ab7e79a9e4388a58a14,2018-02-08 15:27:47,29.99,15.1
41d6a7b15ec6c87722ac10f480c1d5e3,1,fde71f25e699ca0a2a83a6c3a249b816,bc2ac6b95e1accce9858528ee566c17e,2017-09-08 17:03:46,61.0,9.34
42187cae0bc6e0829886d8131b4c4864,1,b50a88003f2de609b7fb5d419bdb6b9c,e5475dcab1e07b63d7f6e902d8f5eda8,2018-08-09 20:25:07,35.0,12.91
421cf19961f42317267a94c6ed066cf9,1,99e365fea0b15ee63272ff391fdde785,1900267e848ceeba8fa32d80c1a5f5a8,2018-02-14 17:51:30,38.99,16.11
421d08636eed6cd2041826b40405c194,1,634256dbcd184b3757ffd7632c9fe52a,42b729f859728f5079499127a9c2ef37,2018-07-09 14:31:41,24.9,7.43
421d08636eed6cd2041826b40405c194,2,634256dbcd184b3757ffd7632c9fe52a,42b729f859728f5079499127a9c2ef37,2018-07-09 14:31:41,24.9,7.43
42292e831d26e43153b9bc1e5e440681,1,b24af8bca8813bcde4140ff8562f5e47,ea8482cd71df3c1969d7b9473ff13abc,2018-01-30 15:16:00,49.99,34.15
4248cc55f19d24204c0c33dbb85fb696,1,ef66e63137bdd1b2e44aa968646fc1e3,1025f0e2d44d7041d6cf58b6550e0bfa,2018-03-19 16:27:54,35.0,19.32
4248cc55f19d24204c0c33dbb85fb696,2,ef66e63137bdd1b2e44aa968646fc1e3,1025f0e2d44d7041d6cf58b6550e0bfa,2018-03-19 16:27:54,35.0,19.32
4248cc55f19d24204c0c33dbb85fb696,3,ef66e63137bdd1b2e44aa968646fc1e3,1025f0e2d44d7041d6cf58b6550e0bfa,2018-03-19 16:27:54,35.0,19.32
42752f96b7094cee19928f7b4317d7c9,1,d2085f7e0f9533605386960fc7e987ec,aac29b1b99776be73c3049939652091d,2017-12-27 09:16:25,12.49,16.79
4277dbc4f6e73a6cd3378628f7883f92,1,44d097d59e8430f88a67517cd0c4f865,6560211a19b47992c3666cc44a7e94c0,2017-12-01 21:31:47,69.0,7.78
427fb603381c1e7a4b224eac2a5acb29,1,7f4e034245e45549110139d1de248f83,4b9750c8ad28220fe6702d4ecb7c898f,2018-08-30 12:25:11,48.9,19.53
42f42f42e7e1be68ce691280f140b2b6,1,593236d0ff46b4299b4787fb8d43f7f0,0dd184061fb0eaa7ca37932c68ab91c5,2018-04-04 03:15:20,79.0,13.46
430bd310105f069ac72ef7758f40299b,1,9cf421049bcfaf6983bf0dfb40831a03,403aa86912527d730337ffcb0fb096ab,2017-09-11 18:24:00,299.99,17.86
431478a35228bb7816df8336af000672,1,0a57f7d2c983bcf8188589a5fea4a8da,4869f7a5dfa277a7dca6462dcf3b52b2,2018-06-21 14:30:45,93.9,16.4
431e57fb445e35e908a2d4867bfc9b27,1,0c159d7ce798ebc726ad977f9ade848a,1127b7f2594683f2510f1c2c834a486b,2017-07-24 22:43:13,79.95,14.31
4334cbad2570eb17ab0f2be70bcc22b7,1,0fe922b7f7d43ef454bbc241416e7401,f7ba60f8c3f99e7ee4042fdef03b70c4,2018-02-27 03:31:13,16.0,7.78
433c1d6f7fd7b4f0fda2d4ebfa84036e,1,9f1c3e71d56894398a42b050b07f1baa,92eb0f42c21942b6552362b9b114707d,2018-03-06 12:48:36,12.77,14.1
4351879fb74d0a37b9c8dad7ba7e59de,1,17ad6786808ab3fedfb261a70a5932d6,b2ba3715d723d245138f291a6fe42594,2017-10-09 04:14:16,119.9,17.28
43d5b31ed2c5e37b66622cdc0c4f6452,1,e59f9160ef2e37fd48efdb84a4c30126,d6b1ce66b035a475f00c017792ff9769,2018-04-24 23:11:08,80.0,22.27
43d640d9d8add3920e35acc0d8ca9411,1,e0d64dcfaa3b6db5c54ca298ae101d05,4869f7a5dfa277a7dca6462dcf3b52b2,2017-11-27 18:39:31,170.0,21.68
43db2bc49fcbe07b3ee17f03949557f4,1,99a4788cb24856965c36a24e339b6058,4a3ca9315b744ce9f8e9374361493884,2018-07-05 17:31:26,79.9,14.87
43e4d5ff99bd1ca2d1cecbbf81067f4d,1,591c08a1d9290193bd96d8c9e6e607ac,701938c450705b8ae65fc923b70f35c7,2017-03-24 19:49:13,103.97,24.01
43e4d5ff99bd1ca2d1cecbbf81067f4d,2,591c08a1d9290193bd96d8c9e6e607ac,701938c450705b8ae65fc923b70f35c7,2017-03-24 19:49:13,103.97,24.01
43e4d5ff99bd1ca2d1cecbbf81067f4d,3,591c08a1d9290193bd96d8c9e6e607ac,701938c450705b8ae65fc923b70f35c7,2017-03-24 19:49:13,103.97,24.01
43e4d5ff99bd1ca2d1cecbbf81067f4d,4,591c08a1d9290193bd96d8c9e6e607ac,701938c450705b8ae65fc923b70f35c7,2017-03-24 19:49:13,103.97,24.01
43e4d5ff99bd1ca2d1cecbbf81067f4d,5,591c08a1d9290193bd96d8c9e6e607ac,701938c450705b8ae65fc923b70f35c7,2017-03-24 19:49:13,103.97,24.01
440d8c2b46ef6f71cfa424597bbc6744,1,7c1bd920dbdf22470b68bde975dd3ccf,cc419e0650a3c5ba77189a1882b7556a,2017-11-01 21:25:11,58.99,17.66
441cf7155f976d42536081646f9f4714,1,72c4ed817b3980cf86101f5fa7b234f7,c24173065483e421f9e5e7f599de101d,2017-10-25 13:49:25,31.99,15.1
442f0c23874c2066610c590e95ebfa4a,1,58e14150c9316b8f981742498dd97606,5debea795b07621e1f90532e18f96145,2018-04-09 05:48:51,74.9,14.6
4433ebc14c69e56090cb4e96d574d9c3,1,e44f675b60b3a3a2453ec36421e06f0f,730937bf88cb151eb2eb849f642fc213,2018-05-02 10:15:18,105.3,37.43
4433ebc14c69e56090cb4e96d574d9c3,2,e44f675b60b3a3a2453ec36421e06f0f,730937bf88cb151eb2eb849f642fc213,2018-05-02 10:15:18,105.3,37.43
4433ebc14c69e56090cb4e96d574d9c3,3,e44f675b60b3a3a2453ec36421e06f0f,730937bf88cb151eb2eb849f642fc213,2018-05-02 10:15:18,105.3,37.43
44440fdd29ac17b06eb5c690b95d19ed,1,e0d64dcfaa3b6db5c54ca298ae101d05,4869f7a5dfa277a7dca6462dcf3b52b2,2017-06-19 02:55:39,185.0,12.79
4445dce651ca1507b70574af329d7405,1,a3daee3915d4fb98376e039ede6bdea6,2a261b5b644fa05f4f2700eb93544f2c,2018-04-02 15:07:58,50.0,22.93
44851597b52d19f80a0b05ff48be5530,1,c4baedd846ed09b85f78a781b522f126,a1043bafd471dff536d0c462352beb48,2017-02-27 14:23:00,99.99,28.89
44978a07c53273143a18ff837c2dd68d,1,8f41c6ba389c91b377bba94e332bf925,1900267e848ceeba8fa32d80c1a5f5a8,2018-04-25 00:50:24,69.0,14.57
44b7e745838a4567bea39348717073cb,1,2c0c951471371afa81e47d7bf8d20522,850913d59ce317156b00f3705f1c3edb,2018-03-21 19:48:32,42.0,7.87
44ec3a74b2c9dcfe0f2fa9031613065d,1,d1c427060a0f73f6b889a5c7c61f2ac4,a1043bafd471dff536d0c462352beb48,2018-06-12 19:53:05,119.0,57.09
451d82f07a1528cdce26398f1f04f8f7,1,e47eff9f97c9536c9f768f86e13252f6,15cd6eefe58588619aaed41dfa6621b1,2018-04-04 09:15:12,227.88,86.66
451fbdf4d10b8d3d4da3f5d226bc5ae9,1,62b40d45d531e2cb8b06d7188b627f3d,537eb890efff034a88679788b647c564,2017-08-11 16:43:45,14.9,15.1
452659f1bbc22357a8b75386eb2beb34,1,b18d3e74e5793a823be8acec061a5977,a3a38f4affed601eb87a97788c949667,2018-04-29 23:31:18,229.9,23.32
45390ff93f092f0de1524d486a172c33,1,fc2d17e60bdd3349a25f3ca6a802a91e,02dcd3e8e25bee036e32512bcf175493,2018-03-01 02:31:07,75.0,16.29
45390ff93f092f0de1524d486a172c33,2,d199462b8361a3e047e64595bce5b6ea,02dcd3e8e25bee036e32512bcf175493,2018-03-01 02:31:07,75.0,16.29
453b1d86b22e9fdb0d1da9c446dd2828,1,389d119b48cf3043d311335e499d9c6b,1f50f920176fa81dab994f9023523100,2017-12-04 16:17:30,59.0,13.43
454e3d66dfb9e670fd53406db78100ae,1,6f3b5b605d91b7439c5e3f5a8dffeea7,2eb70248d66e0e3ef83659f71b244378,2018-07-23 18:10:50,138.9,8.23
4556e8c7a1fb280f57f939007f33c799,1,3c1fe640b9b303b8f12b612e350b9446,46dc3b2cc0980fb8ec44634e21d2718e,2017-12-14 09:30:25,249.99,22.85
45b0a3cd00a2eb44c271fdacffc8d859,1,cd46a885543f0e169a49f1eb25c04e43,710e3548e02bc1d2831dfc4f1b5b14d4,2018-02-22 06:55:49,99.99,14.43
45b0b9012eea515351639078d2676a65,1,10f2ada0cff82206dc9afa52ebac690b,1bb2bdb95f4841f1bba2c0d2cd83d3c9,2018-06-06 03:30:57,19.95,15.23
45d0086d88024df86e193e5bf86bc989,1,8ca6ebfd6293a5b03f104d27c4945718,06a2c3af7b3aee5d69171b0e14f0ee87,2018-06-15 16:20:57,199.99,68.32
45d3bab2e12de78e29ba522146da7e91,1,952670bc019a73f0933157ec82ff6e4f,37be5a7c751166fbc5f8ccba4119e043,2017-09-05 13:50:20,195.0,14.97
45ee4a244dd8a9df576959533aca1d6b,1,457ca2b0e3bf044a65c8bee434d5c5f8,955fee9216a65b617aa5c0531780ce60,2018-07-23 11:25:21,90.0,18.78
4642b5eb7edc14a4a0dd2c2eb7b68e14,1,7c1bd920dbdf22470b68bde975dd3ccf,cc419e0650a3c5ba77189a1882b7556a,2017-09-18 21:33:44,58.99,11.73
465bf9fa1326d9215c7f699901a7b30a,1,426844dd9ed9ae105a5d4b3f1e18becc,c8417879a15366a17c30af34c798c332,2017-07-20 20:04:13,20.9,14.1
465e35e9d79f4b18d9c506b78cf86c62,1,ccadfeab525a9eb1569983b66e5075c4,33576ec5412fb5905d876f12f33bfde6,2018-07-08 21:23:55,89.0,18.72
467d8823c7b37e758ad17a9a61c347bf,1,d1c427060a0f73f6b889a5c7c61f2ac4,a1043bafd471dff536d0c462352beb48,2017-12-19 14:56:49,149.99,57.28
4686a4da19a101001bd53960ae99feae,1,349ce46a0e2e20054aa9d80c48af8816,d6b1ce66b035a475f00c017792ff9769,2018-06-22 09:31:19,169.99,23.99
4698210068ff4fe55a812e51e337a80a,1,990d135e28e075648cb7d83198fdccf4,d9bd94811c3338dceb4181f3dbc0c73e,2018-05-11 17:30:53,77.98,8.9
46a807245872949237fba36f6f00b2b4,1,5403528d987ad26e8d7cb25940411987,6560211a19b47992c3666cc44a7e94c0,2018-08-14 15:05:17,49.0,18.44
46bdec7cc92d926500bee756ee1df6dc,1,b57109d3dd3821f2685c6035112fc9a9,620c87c171fb2a6dd6e8bb4dec959fc6,2018-07-20 13:30:24,89.9,22.56
46c7c115d719ca780eebedf719fbd4e1,1,686f5682d2be7689714c5fae465de396,1127b7f2594683f2510f1c2c834a486b,2017-07-24 09:30:23,18.51,7.78
46c7c115d719ca780eebedf719fbd4e1,2,fef0296e6442db59700c92c692c90e90,1127b7f2594683f2510f1c2c834a486b,2017-07-24 09:30:23,25.64,7.78
46ed7de79e3d33078ef83b3d1a75c182,1,268a2d46f49d8d1007f0381bc8c1edcc,1da3aeb70d7989d1e6d9b0e887f97c23,2018-01-08 22:29:45,34.99,25.63
4723d255a158f5b6c5a872264e3529c5,1,7cd29da0653abeb444703cc5a957f479,620c87c171fb2a6dd6e8bb4dec959fc6,2016-10-13 14:55:15,49.9,18.82
4735d69a263ba04fa00533b8f3d317b1,1,8366b2d52a690d2d4665824069db5d9e,594f9aaa48e5bf431f011ddc5669b0d5,2018-05-10 20:15:17,99.9,15.58
474871bbd62988ab38f2d15c093f3233,1,9477e72598d2f21dc53f809bd42cf7a2,5dceca129747e92ff8ef7a997dc4f8ca,2017-07-11 17:39:51,139.99,56.37
474871bbd62988ab38f2d15c093f3233,2,9477e72598d2f21dc53f809bd42cf7a2,5dceca129747e92ff8ef7a997dc4f8ca,2017-07-11 17:39:51,139.99,56.37
4749a1374297f0088e587cf8cd9cc3f6,1,b9f0de89fde69dc44e3bd2a9c578a5ea,4a3ccda38b2129705f3fb522db62ca31,2017-10-13 02:24:57,109.9,12.27
4753fcd70058320b38a45cc68f6de6c7,1,53759a2ecddad2bb87a079a1f1519f73,1f50f920176fa81dab994f9023523100,2017-12-05 10:30:24,59.0,16.12
4753fcd70058320b38a45cc68f6de6c7,2,53759a2ecddad2bb87a079a1f1519f73,1f50f920176fa81dab994f9023523100,2017-12-05 10:30:24,59.0,16.12
4753fcd70058320b38a45cc68f6de6c7,3,0bcc3eeca39e1064258aa1e932269894,1f50f920176fa81dab994f9023523100,2017-12-05 10:30:24,59.0,8.06
4759a81f4e1a2f8f8a7fba72b1f29868,1,4c743ef85742be2bfbf2036906e524f4,3d871de0142ce09b7081e2b9d1733cb1,2017-12-14 02:53:59,49.0,11.85
47852cb7df51fcfcdcf3f3f9969ac1b9,1,5ec1f2abfcd415baea5b1729d4cc5f83,6a0cbc8af2e8abd1bdfb777943d174c6,2018-07-10 16:31:59,86.25,34.36
479b6ef981f240df12226a5ba0abffef,1,78f29023586e374cdc3773ce0af6bd2c,960945e1a9535cbc0cd6ddd35fbe7ae8,2018-07-26 11:03:32,127.26,13.19
47aa1d8d4f3edcd905a4ec406c3b5ab8,1,a7591787a14b7107a21780cabc7d577e,f262cbc1c910c83959f849465454ddd3,2018-04-05 03:15:49,49.99,15.23
47d160e3b388f73aa2dfad3c508f4ca3,1,93b513d693c7e922381d6aec80dfb639,530ec6109d11eaaf87999465c6afee01,2018-08-07 09:45:08,135.0,27.9
47fff6498d7050f55018f7c001885f3a,1,43bce2c11df17f5e6e50fbb914fd13ea,fa1c13f2614d7b5c4749cbc52fecda94,2017-11-30 13:35:23,119.39,8.09
4821d5af4c2ac98b0f70e47c5d845520,1,0105b5323d24fc655f73052694dbbb3a,2138ccb85b11a4ec1e37afbd1c8eda1f,2017-04-28 20:10:07,129.99,15.08
482a3e5009a4090348fe6f7d637a53a4,1,5209af441a6c230d27624237dad53da9,77530e9772f57a62c906e1c21538ab82,2018-04-02 17:50:20,49.0,22.06
482a3e5009a4090348fe6f7d637a53a4,2,257726ef77c81150339893567c4de6cd,77530e9772f57a62c906e1c21538ab82,2018-04-02 17:50:20,49.0,22.06
4832ff0402c0e07fcf802721babe2b05,1,196b3e3000c77b282069397fb84686dc,ff69aa92bb6b1bf9b8b7a51c2ed9cf8b,2018-05-07 09:15:20,1099.0,102.55
484d8bdbb5839ffad3b48130d17db006,1,9cc7982cbd4b6bd47802ac85347035dd,d5ba419e26d246a0719437cf37d9b46d,2018-03-23 20:30:26,95.0,8.43
486fd37a365a65189747be8c6c4f05af,1,c4baedd846ed09b85f78a781b522f126,a1043bafd471dff536d0c462352beb48,2017-11-30 17:19:44,89.99,45.09
4877379c51fc3c3826e6a62427675966,1,5d92abea542c2022dfee91dd630f2697,00ee68308b45bc5e2660cd833c3f81cc,2018-03-08 15:29:07,112.0,15.54
48d007b3d7183bc54336d813b1380d26,1,35b265fd684b08f6f780239bf05a390b,7722b1df1b0e383e000397b2c11e3e19,2017-08-10 03:03:17,47.49,16.6
48dcae389be2ddd6ad3ba930055ebe4f,1,a9fa0428bc677ac4d0a948fe2982ad1d,2e1c9f22be269ef4643f826c9e650a52,2017-10-13 11:07:10,40.49,17.63
48f680279ad00e30a9d82f4faa85b992,1,6bbe55cf8f85c87b6eebb775a53402f4,e62b2d6ac10570a035a30bafcf01d263,2018-03-07 15:11:34,53.49,11.87
4932255e68f63e3a5f809bd4b96fc9a1,1,55b71bf300a2765a382eaec566df531f,54a1852d1b8f10312c55e906355666ee,2018-04-24 09:11:25,74.99,16.83
4955ee3a893b3b780fedd621473486b7,1,7189fb70393a0b87189f93f19655f8db,dd533b429f380718b70ad9922c294bae,2017-12-12 19:54:55,49.9,16.11
49626271ea0fa255a99b34978f50ae68,1,703d742887bb9267f89b675608ba7aa0,640e21a7d01df7614a3b4923e990d40c,2018-08-28 20:35:17,56.1,13.97
4971e311356ab2972110bcebd76e48c0,1,fe6a9515d655fa7936b8a7c841039f34,dc317f341ab0e22f39acbd9dbf9b4a1f,2017-10-19 12:35:23,249.9,83.61
498fddb261b6ddd5974cf8bea3374388,1,177d3d5bb9d4d29222a222e3b3554f41,3d871de0142ce09b7081e2b9d1733cb1,2018-08-14 03:45:14,119.0,22.65
499db357fa1bac9b96c44bd42dd17718,1,64cb768ce668c3df58334a28d528b754,0eaa7e33d73809f1f925f7d07c506cbd,2017-08-18 04:15:19,129.0,12.11
49bab3f94ce298f6fde6208f426978b4,1,4fcb3d9a5f4871e8362dfedbdb02b064,8581055ce74af1daba164fdbd55a40de,2018-03-01 08:50:25,143.8,16.71
49ca48df0a214b5dd020f41336cedf5e,1,2da57168cd8fff36cb88b21369ce7e6d,5bc24d989e71e93c33e50a7782431b0e,2018-05-14 20:54:58,120.0,27.57
49e46b4388f4b9ea96901467bd26eb6d,1,0e3f5da3b1d7aeb2b1aa661a99c4788c,77530e9772f57a62c906e1c21538ab82,2018-08-07 20:30:19,49.0,13.68
4a02bc45b72b95ce8a16efd46f2e1e47,1,583f158587cdecda3e8bdea694021e39,955fee9216a65b617aa5c0531780ce60,2018-03-29 23:50:35,45.0,8.88
4a0b498204bb56ab863db1f1acd84288,1,33403c26bd55e7f57cb5fe7ecca9de83,23d7c96d4a1160db1c726b248601b25a,2017-07-26 18:05:23,139.9,18.23
4a0e80769135f6a7ee952872fb2f7fc4,1,583761235b9cbaaf0f216aaa1fb5c70b,bd0389da23d89b726abf911cccc54596,2018-03-22 10:09:02,55.9,17.1
4a34792ebbc108e28a7d9cc2332ed0e1,1,a41d9e51c365f6e2f5eb1f98fa4097eb,0ac4201fda2c68ebc0e47cb9423cf3c9,2017-06-28 08:30:19,39.99,15.79
4a500df6bccc8012825a767ea8d04a28,1,defce8530200d29d2c50f4ca66400e06,b19f3ca2ea475913750f25a5c37c8d8f,2017-10-18 00:35:59,321.89,25.51
4a5a742a2a571604208cc3f88ea253fc,1,3a4db42aea95097b7a616b36f21d143f,b2ba3715d723d245138f291a6fe42594,2018-01-25 19:54:23,234.9,18.89
4a6309669545b27a89528e2afcf76b6e,1,6987398dff454a3138231540e2a6ec61,25c5c91f63607446a97b143d2d535d31,2017-07-24 03:30:44,190.87,18.59
4a6309669545b27a89528e2afcf76b6e,2,6987398dff454a3138231540e2a6ec61,25c5c91f63607446a97b143d2d535d31,2017-07-24 03:30:44,190.87,18.59
4a71e2b3cccb7dba085c8961c746578f,1,44a34214a57dc373dcd80f54c919d006,7008613ea464bad5cb9b83456e1e6a8f,2018-03-01 02:15:48,29.5,16.11
4a74e1934860e224f8750db3cbc1e991,1,8634ba98d69440265e955814c3e4cde1,05ff92fedb5be47920fea08e501238b9,2017-09-01 14:15:21,96.0,15.42
4a8493d781a65dfb623103a5dedf44fa,1,6727051471a0fc4a0e7737b57bff2549,1961c3e1272bfeceb05d0b78b5bbfdaf,2018-08-23 04:55:37,219.0,19.63
4a8dd75d2cdd9cb708636e1aa5a1bb29,1,dfc9d9ea4c2fbabe7abb0066097d9905,9e6229250fedbe05838fef417b74e7fb,2018-02-28 21:07:41,179.9,21.75
4a91a1ba7768e400ff40aad6730251ed,1,62644f19deb898e43ebdcd29ff3d9361,dd55f1bb788714a40e7954c3be6df745,2017-12-05 19:31:43,231.7,17.38
4adbbb43be305843794e05fc4265f143,1,b532349fe46b38fbc7bb3914c1bdae07,1025f0e2d44d7041d6cf58b6550e0bfa,2017-12-01 06:31:35,32.99,17.0
4ae6c814370d0a4b396355a8aabbbfdd,1,363218ba55c610b750224f90bdd34be1,33a6f4b1e7cdc205511e76ba1b6e0186,2018-05-20 22:31:29,77.99,10.93
4aec55e14c04fce6d0faa0e1bebe3126,1,d86963242e7dda7eed04f57e492ed655,a3a38f4affed601eb87a97788c949667,2017-02-20 07:43:14,64.9,15.66
4b007a72f108b589a20227ab419705c9,1,7fb7c9580222a2af9eb7a95a6ce85fc5,688756f717c462a206ad854c5027a64a,2018-05-08 06:12:47,28.99,7.39
4b04e5a08d1176f2e591c79479364956,1,97017430754804328eb9597b7f85da03,ea8482cd71df3c1969d7b9473ff13abc,2018-04-16 16:35:19,27.99,15.23
4b06a335eb20f25b8c5ba42e29355b6a,1,7fb04722aba7a2b632bac8f9819796f3,f3b80352b986ab4d1057a4b724be19d0,2018-05-08 08:12:17,90.0,11.72
4b47ca7c3201379f99ee4c1f4d0c80b0,1,aca2eb7d00ea1a7b8ebd4e68314663af,955fee9216a65b617aa5c0531780ce60,2018-03-13 17:55:26,69.9,26.57
4b4983c2c40d67af0bd3ec2ac12e0ffe,1,ace5d86cf1ac63cdb76f49e5cd23d2f8,cca3071e3e9bb7d12640c9fbe2301306,2017-08-17 18:15:15,45.8,12.69
4b56b0f11819efbf57af78ef26982ca5,1,9c5cec867c62c0ec4674b002eb1c3e0c,e882b2a25a10b9c057cc49695f222c19,2018-04-04 21:07:30,1054.0,106.77
4b7597bd96f89b605623a55db1471b1d,1,93c480c7d11c68ba0a71e850da61b674,70a12e78e608ac31179aea7f8422044b,2018-03-23 16:29:21,149.0,18.92
4b8267d1f715adb8eb69ac677662c100,1,a62e25e09e05e6faf31d90c6ec1aa3d1,634964b17796e64304cadf1ad3050fb7,2018-05-10 02:35:15,105.0,9.85
4b8267d1f715adb8eb69ac677662c100,2,a62e25e09e05e6faf31d90c6ec1aa3d1,634964b17796e64304cadf1ad3050fb7,2018-05-10 02:35:15,105.0,9.85
4bafa54db6b060da198f23f810835969,1,5ac4f7986643a944501c66a2257bdd73,3df020b72d3d44b3af9d110fa3940b65,2018-04-11 15:09:52,49.9,35.71
4c004439e63485114caf4e97ed9befe1,1,7c1bd920dbdf22470b68bde975dd3ccf,cc419e0650a3c5ba77189a1882b7556a,2017-08-07 18:55:21,58.99,28.81
4c0b7cef000c9351cd7f160ad283a0f8,1,a85543a371d5cfafedb80a8177a692b5,138dbe45fc62f1e244378131a6801526,2018-08-20 03:25:14,16.9,8.88
4c23c4164a5456caf473aa274df8b8b9,1,4f18ca9862f511ecba98258b2194d061,5b0cc932433fa5184b5b94bfe6bcc256,2018-06-27 04:36:18,80.0,24.17
4c23c4164a5456caf473aa274df8b8b9,2,4f18ca9862f511ecba98258b2194d061,5b0cc932433fa5184b5b94bfe6bcc256,2018-06-27 04:36:18,80.0,24.17
4c2c1ba64cf96059fe8443c06557c0e1,1,55782cb82e0efe052da0a3da237da3b2,c003204e1ab016dfa150abc119207b24,2018-08-16 04:30:17,166.9,27.47
4c3499a7df623b40778ee01a90811a2f,1,d5991653e037ccb7af6ed7d94246b249,25c5c91f63607446a97b143d2d535d31,2017-06-20 02:30:19,149.84,18.3
4c3a834add3595c42eaefa65d28d6fbe,1,ac8af924237ed4591dc8d9b8c6a935f0,5670f4db5b62c43d542e1b2d56b0cf7c,2018-08-16 22:15:13,682.98,45.76
4c4ac3e2dfb16b17d057cf101265b24c,1,02fbee632a2044d48ab16d57eec4db58,4a3ca9315b744ce9f8e9374361493884,2017-10-18 12:56:09,89.9,17.88
4c7c07c668cc6ddf5697998d547e6d41,1,2515eea3c60c67ecbb38b2f6b72733a3,aafe36600ce604f205b86b5084d3d767,2017-05-23 11:55:11,110.0,30.3
4caaa2c8d6544804296a156b210a8d47,1,b36858b52183f641b1be7bd99cd0ca89,a414555ce331b8c8aea4a9cb8395194d,2018-05-04 03:31:50,385.0,38.63
4ce0878b1fe7231ce22e503117abc62e,1,fe077ec80df6b4ee60bb4498d5ab1962,87142160b41353c4e5fca2360caf6f92,2018-04-13 09:09:55,135.0,14.72
4d0de3f8be3ad40e85a5d6fe37054d9a,1,0bcc3eeca39e1064258aa1e932269894,1f50f920176fa81dab994f9023523100,2017-11-30 03:55:33,49.0,37.94
4d107edcce9acf824db9d203dcf9fecf,1,79792fabf714677e94472c3ce5e719a5,002100f778ceb8431b7a1020ff7ab48f,2018-03-26 03:48:35,19.9,12.79
4d1469bf66cf37bc18f5ec280e25cac5,1,bdcf6a834e8faa30dac3886c7a58e92e,2a84855fd20af891be03bc5924d2b453,2018-06-26 01:30:31,35.9,11.74
4d3d69fc5da58b96ec1c571580f89070,1,550dc4417c636abc04c71404342de695,e9bc59e7b60fc3063eb2290deda4cced,2018-07-31 13:24:35,100.0,38.97
4d43556083ebb5d85e8a49e87730add6,1,f849624adffb78b4cd40066ecf73aaeb,ba6b68b55fe8704377a7d43c8e5c0185,2017-05-10 11:42:49,229.9,19.89
4d483bf690ca21bdc005df9b623673c7,1,18d307d967bbf1300aa00b34f34c374c,e24fc9fcd865784fb25705606fe3dfe7,2017-03-22 21:16:46,414.0,19.05
4d52285d3673e01e94e3a68ad2104288,1,c2ece64199af7a53793ed9612a89a8cd,6c7d50c24b3ccd2fd83b44d8bb34e073,2018-02-05 04:31:00,88.34,16.25
4d5edcd8dc3dd4c5a02b9a0d0773b621,1,63c21c167a87abcbed6efe83c8169866,48162d548f5b1b11b9d29d1e01f75a61,2018-03-30 20:50:15,285.0,54.12
4d6654ead4a57a151e3df6fb20052675,1,da4c44449f78250fa54a9a21f337ac05,9c3c24eca51c52b91c1de727d2a2ae06,2017-12-18 14:34:28,59.0,15.16
4da3bd761ca73d692ae0f5c252495546,1,4d8f78374f31cd4b4932c1f2a42c4674,7a425d299613df3e613bcf9d2eaf5c49,2018-02-07 12:54:33,18.5,7.94
4de6fae240d7acb7e1a830665d941ae2,1,7e0dc102074f8285580c9777f79c90cf,e26901d5ab434ce92fd9b5c256820a4e,2017-03-22 19:11:34,34.9,14.52
4e16a9ec5cf02e97e8f7fb665cc89391,1,ddb1ee27e79832962326a8a79e3220f6,0691148aee60ca47977c187804f935ae,2017-11-30 17:35:23,51.63,15.11
4e6d546fa72049694bdc912c60fc4953,1,aca2eb7d00ea1a7b8ebd4e68314663af,955fee9216a65b617aa5c0531780ce60,2017-11-24 10:30:45,75.0,13.08
4ec007fa66327a51919a32d840b49395,1,a2e23998b013d26d049d721aa7a32e1b,3504c0cb71d7fa48d967e0e4c94d59d9,2017-10-19 13:26:18,24.99,14.1
4eca6c2d172953276c75dd0e1bedce25,1,990ecadcf56234a68b3a0af8d01c0d8a,620c87c171fb2a6dd6e8bb4dec959fc6,2016-10-10 16:51:46,59.9,14.93
4ecd4654955a39a165e7cde49b3ec0fb,1,4c1bbc12438daec98a77243c2bf7a3ba,7c67e1448b00f6e969d365cea6b010ab,2017-07-14 07:30:08,146.99,33.26
4ecdafc07882d357b5607a05e3a1a46f,1,a93cfe142d94a5cd5a24cd5eed21d7eb,2e1c9f22be269ef4643f826c9e650a52,2017-08-03 12:05:31,26.49,15.1
4ece3211dc7b96c8b646fa8a727039e2,1,002ec297b1b00fb9dde7ee6ac24b6771,aced59e9b31ef866a94f9e7f29d8d418,2018-04-16 03:49:49,16.0,7.39
4edb04562e9ffe632e82e59f5b6fc115,1,5fe986940fc67df6769cf784fb063395,1838dd9b8977065acf51d95e0053ea7a,2018-02-28 21:30:29,29.9,12.48
4ee25083ee6cc047adea4955dce72c6d,1,32b168004f17c743f16bcf5bab0de982,562f8cfc51f265411f487d07e9c40e7f,2018-04-17 00:15:26,49.9,17.06
4ef1fb511f57ffa4b73140b0ac2d1908,1,cc961d60c672271c34511cd57140a646,2e1c9f22be269ef4643f826c9e650a52,2018-03-16 17:10:48,49.99,18.23
4f0d4b217cab0b16c36d9bb7aa71b6f4,1,11875b30b49585209e608f40e8082e65,669ae81880e08f269a64487cfb287169,2017-08-25 00:25:11,65.0,16.89
4f13ee1d03583de54e86a2e4f640d0f2,1,0d146484c69d613fe015c0229056b065,d20b021d3efdf267a402c402a48ea64b,2017-05-03 09:33:13,10.9,14.52
4f13ee1d03583de54e86a2e4f640d0f2,2,0d146484c69d613fe015c0229056b065,d20b021d3efdf267a402c402a48ea64b,2017-05-03 09:33:13,10.9,14.52
4f26458e3155ac93aa479a6d3ab6f909,1,a35a9f46dcee0a67c8c7ad8493eb4135,85d9eb9ddc5d00ca9336a2219c97bb13,2017-04-11 05:45:26,27.9,14.52
4f2fa4f9710bf00b09c28ac555393d2a,1,37b975d07892522e3022d5f87abb097c,0be8ff43f22e456b4e0371b2245e4d01,2018-07-23 11:45:17,49.9,18.45
4f61042cd85285c68606c18b44a1b13a,1,2ca9132c1c90ff5060c3ff9047904e5a,c3cfdc648177fdbbbb35635a37472c53,2017-06-07 04:30:36,89.9,20.12
4f8bcc599bf25aa16aa67fd4ebf895dc,1,c77780d5086829345e6632976fb648a0,95e03ca3d4146e4011985981aeb959b9,2018-06-11 10:50:18,38.0,19.32
4f8bcc599bf25aa16aa67fd4ebf895dc,2,c77780d5086829345e6632976fb648a0,95e03ca3d4146e4011985981aeb959b9,2018-06-11 10:50:18,38.0,19.32
4faf80dc9fb66032ad2dfb5a78c2c56b,1,01cf56cd6138b926a4802d16fc304149,06e5eefc71ec47ae763c5c6f8db7064f,2018-04-06 19:08:01,179.93,23.76
4fc507af490f1dfdd4eefcc6a0144b40,1,385a33a408e9c35c9fbc2025c12f3784,6973a06f484aacf400ece213dbf3d946,2018-02-02 17:37:20,111.9,8.53
4fc72988165ca65c53de230e436b1073,1,e3af4b7c220aca1535b34416de24dfb7,1ca7077d890b907f89be8c954a02686a,2018-04-05 19:55:20,45.99,7.39
4ff17917a5050a11678d9af3fb12ef57,1,8919fe2519b9ec1fb828896ac4f52959,7178f9f4dd81dcef02f62acdf8151e01,2017-06-12 04:23:13,149.0,15.79
4ff976f3269ceebad2dcd032489c9ec9,1,976f5de0b6a1c79fedf4e1f713251efa,004c9cd9d87a3c30c522c48c4fc07416,2017-08-30 15:35:19,139.9,21.47
50016ee0bec18cb823bd67b9c438267f,1,b3da02c4cb913443d1b2d80852831557,382229d1e840115ffe3dbf5ff460e417,2018-08-10 14:04:58,28.89,7.62
50016ee0bec18cb823bd67b9c438267f,2,b3da02c4cb913443d1b2d80852831557,382229d1e840115ffe3dbf5ff460e417,2018-08-10 14:04:58,28.89,7.62
5010ab6b12449f4912c2aa83c16bf2bc,1,cf45cea95e6b4d46e80fe098eda10c8f,cc419e0650a3c5ba77189a1882b7556a,2017-05-18 22:15:10,84.99,14.34
5039c86e0392fa512d40a377555e64c3,1,be5f0f785e9495b018017045cc207457,6edacfd9f9074789dad6d62ba7950b9c,2017-03-13 04:15:31,38.9,10.96
505d775eb158590af72d04189474e23c,1,77794668e2278bf0045019b0d8a308b2,cca3071e3e9bb7d12640c9fbe2301306,2017-05-24 20:50:13,64.9,16.21
50affbf242adb2cf23efc823a471d621,1,acde6bd0b5f91190e2a123df389b0b47,36a968b544695394e4e9d7572688598f,2017-06-27 02:25:21,24.9,25.63
50cbc0ce14ba62ab76c2c353dbf6bb7d,1,f5f0e64686adaf487590fbb8a75a1d2c,c3867b4666c7d76867627c2f7fb22e21,2017-10-17 13:49:15,193.0,16.98
50ef0803caecc37cffe206f09dbc70b3,1,8d165e4e114bdd886972a3061c44ebba,4830e40640734fc1c52cd21127c341d4,2018-07-20 00:00:52,69.99,15.59
50ef6a06a587a4f97f8483946c692e70,1,3cb39171fd36c50097f2dedbbe0dfe6e,16090f2ca825584b5a147ab24aa30c86,2018-08-01 16:10:32,30.99,18.32
510c73928b73404e2d64851f6b4bfdc5,1,0ec09d10ef472b982d230612dbd5bd16,da8622b14eb17ae2831f4ac5b9dab84a,2017-11-23 10:35:43,219.9,26.38
51427a59ed7cf06820364d94af7a6f7a,1,4914f8796af2ecd359fd8f44b9b92339,c826c40d7b19f62a09e2d7c5e7295ee2,2017-09-27 03:10:06,49.77,15.79
517c5482beb73742b5f8b08e4197dde6,1,111d8a7b2ef16e6e8c71a069075f8771,e8f6dc8e6a1dcde89d20e3995c8d90b3,2017-10-13 13:05:12,19.9,14.1
517edfde8ef25f2a7f7da80e82c77c27,1,ba80c9f47a84d1e08465f72e22930c83,1987cd4be10fe09ee50454f9c354d1c6,2018-01-16 10:09:37,120.0,17.28
517edfde8ef25f2a7f7da80e82c77c27,2,ba80c9f47a84d1e08465f72e22930c83,1987cd4be10fe09ee50454f9c354d1c6,2018-01-16 10:09:37,120.0,17.28
5187083897017a7ef1f9992070d898ba,1,e3c0fe9e5a36dc645cee4e5a2ec95f60,02f623a8eb246f3c5f7c2f96462654e6,2018-08-20 10:50:21,140.0,14.56
518fcf931a950e2fdd0c4de17b5ed862,1,bae8ac5e125a98fe445bc17714104709,655220df33262c7e0c4949a147366f94,2018-02-16 16:55:32,139.0,36.63
519478e4bc7d1ca7d93f2fcd7f9e54b7,1,9f1330d9d3ea820ad8e4d0d58b7f08cd,2a6fbeaa7ab9e5d59a35841a8da71ce4,2018-07-06 09:50:09,6.5,18.23
51a7e6cfd3daa5187a2f973c44a74a74,1,846145e9b8d412bd1c9bb478a52ab4a0,432c37c9dfba871172ec162e20118b8c,2017-10-02 22:56:24,25.0,15.79
51d7a5256a29ae35eeaa4d7bbf14931a,1,99f265229d46f700208ad7cb1ff48aae,ea8482cd71df3c1969d7b9473ff13abc,2018-01-22 22:32:27,39.99,15.1
5209e430c4a82e1eb7cd636ecbb573a3,1,187e7d92b8168c3661824809d0c5dffb,431af27f296bc6519d890aa5a05fdb11,2017-10-13 20:07:12,119.9,18.09
5210b81b464dc0a92a977632cb6e8a6e,1,7094fadc9773845c7d453e51b04289a8,d2374cbcbb3ca4ab1086534108cc3ab7,2017-08-10 16:10:21,120.9,18.1
522527427b29a3fefe865a02a7a78962,1,e2c3ed9aaddfd2312a6a5fe9b3ddadd3,46dc3b2cc0980fb8ec44634e21d2718e,2017-10-13 07:35:43,99.99,15.45
523d5e9ab692bee9c8dfd7063351f696,1,7b2c4d6fa7d8e50000ac4c7fca609790,fc59392d66ef99377e50356ee4f3b4e1,2018-05-24 08:17:30,35.0,7.71
52593a44fbe53f7472cc1560a85b1cb0,1,8c5876b1c7768217964f353bc7e64393,0db783cfcd3b73998abc6e10e59a102f,2018-01-11 02:32:44,49.0,15.1
5296a60e3eef35a29bfacb328de58d94,1,5d686bbd116b2de2ea1a4e1056501240,e63e8bfa530fb16910dd6956e592bb81,2017-12-06 23:31:26,32.9,17.4
5296a60e3eef35a29bfacb328de58d94,2,b2fbf8beb178c391c49d80fa8c4435b6,aced59e9b31ef866a94f9e7f29d8d418,2017-12-06 23:31:26,74.0,9.57
52a547866cd2082c600fb72eced19331,1,6186e311c6a52e7438c538015e82cda4,0fe2d9733ed841eb064503920015a8c0,2018-05-22 15:19:36,59.88,18.3
52c5b44c805ae7434617748f59467320,1,1900bad8eae4042922f8487abb59e3c5,e9779976487b77c6d4ac45f75ec7afe9,2018-03-01 19:30:26,41.49,17.92
52d66d69f14ca67b1764e6ca25025a3f,1,d2c7a1e57b8f3e74095798f867334b36,6560211a19b47992c3666cc44a7e94c0,2018-02-06 14:13:18,49.0,15.1
52f8732e6b72c0e21fa23aa1101c88ea,1,519f998a3890d844a5f27a99c69d2c6a,9baf5cb77970f539089d09a38bcec5c3,2018-05-16 17:12:16,107.99,9.11
5337d26d14027f547caacb7fee230f81,1,02623b0e4e6b951aefb23575de1f3886,ad273c9eb54ecb4532de4bf75bae9e4e,2017-10-13 17:56:13,54.0,26.33
5337d26d14027f547caacb7fee230f81,2,ec2d43cc59763ec91694573b31f1c29a,1c129092bf23f28a5930387c980c0dfc,2017-10-13 17:56:13,45.9,6.2
5337d26d14027f547caacb7fee230f81,3,40a4dfa74a737d541b3c2413edf9cdf6,ad273c9eb54ecb4532de4bf75bae9e4e,2017-10-13 17:56:13,49.0,23.24
5337d26d14027f547caacb7fee230f81,4,ec2d43cc59763ec91694573b31f1c29a,1c129092bf23f28a5930387c980c0dfc,2017-10-13 17:56:13,45.9,6.2
534100b99398bfa0b9ffbf40fc8c7757,1,a0eef953cb25bc9ae40457e1c3c82946,5a8e7d5003a1f221f9e1d6e411de7c23,2017-07-28 06:42:47,69.9,9.34
534c285356eb06898b7ea7edbb14476b,1,bd6eb9532e448ca538cec41d0b9dc228,f5a590cf36251cf1162ea35bef76fe84,2018-03-29 09:08:35,255.0,24.1
53595a8aa421790cc9d2e85db64cb3c1,1,07fe9ffbb84b9d22610d79efb16e81a7,e84ad2127668df3aafc6b73531a0beb8,2018-07-27 09:17:39,65.0,22.39
53892f0dd25da0289fbdb0053853bc34,1,42f14eda412436b96cde4f4025ed5f25,a17f621c590ea0fab3d5d883e1630ec6,2017-07-20 07:43:02,93.33,18.0
53892f0dd25da0289fbdb0053853bc34,2,e146dbd6493fdfb50152400fc162f25a,a17f621c590ea0fab3d5d883e1630ec6,2017-07-20 07:43:02,12.26,6.0
53f3f52eca823461e5ee857dd46fb101,1,3225c54bb2785c33f49f50398fcdb88c,4869f7a5dfa277a7dca6462dcf3b52b2,2017-10-19 18:08:12,278.0,16.7
53f4a393eb9126386cfc207f1aa6ac34,1,20518c6950587eb5e8f02dad2fa0d685,aae3bfea055532c57fb453ed3ec80b30,2017-07-17 20:35:10,180.0,16.01
53fa1584e9fc3d9b50f19da601874fd5,1,3c242072afadf856cb9471ea7ead620d,46dc3b2cc0980fb8ec44634e21d2718e,2017-09-19 08:24:41,99.99,8.11
53fa17c349c4b3dcbbadd8aad2eb559b,1,7afdd65f79f63819ff5bee328843fa37,ed8cb7b190ceb6067227478e48cf8dde,2018-08-02 13:30:55,21.52,23.3
54282e97f61c23b78330c15b154c867d,1,b98992ea80b467987a7fbb88e7f2076a,25be943a321c8938947bdaabca979a90,2018-09-05 17:30:54,145.0,21.46
542d558d7cd9f734858beabe2622b2bd,1,519909332323abec396b19dddaebde3b,e4ebd3f87bf70440014f07ddda7fbe03,2018-02-27 13:35:42,93.5,17.09
542dd8c7a80f7006b56c9cbb95e6433b,1,bed164d9d628cf0593003389c535c6e0,ea1776927851da2532aa70d6a32c095a,2018-07-26 18:05:18,34.9,18.34
544238f04f24765a69670a0195dc23c5,1,3e6185f70df5a257fee1631488ba93d5,7722b1df1b0e383e000397b2c11e3e19,2017-05-16 22:55:16,69.9,16.25
546a729b8042c31a71745ad37ad453cc,1,431d674f9a4fbd0957ecf6ba3fcb6899,53243585a1d6dc2643021fd1853d8905,2017-09-14 15:23:55,299.99,19.38
5471d5c0cbff5d04724a56e49cd4d308,1,b05d2b2b1c20296cf580164a3c6e173b,abe42c5d03695b4257b5c6cbf4e6784e,2018-07-23 18:05:33,209.0,8.88
54761f5e42ab5a33268fe64804e92448,1,659ad89a496494282d5dc1af1428c582,6fd52c528dcb38be2eea044946b811f8,2018-01-12 11:48:47,105.6,15.67
5482a1c74b1b5fb1af78a425b7ceabb8,1,33b9801fec06f14bb7d33af01769bb3f,688756f717c462a206ad854c5027a64a,2018-08-27 14:55:19,28.8,16.39
54b74eb9e20b816d9cc07605650b592c,1,9bb2d066e4b33b624cbdfec7d50b3dcb,5cf13accae3222c70a9cac40818ae839,2017-02-16 14:11:06,79.5,15.77
54c4c0c7e9a1d272defcf15ea985bef7,1,2eb72d11643aaae8f92fafc9296674c8,c3867b4666c7d76867627c2f7fb22e21,2017-11-27 12:30:43,65.0,15.2
54c4c0c7e9a1d272defcf15ea985bef7,2,2eb72d11643aaae8f92fafc9296674c8,c3867b4666c7d76867627c2f7fb22e21,2017-11-27 12:30:43,65.0,15.2
54d65ba100747f2456fc1d1e314ceb26,1,ee5329ffbe604bebcf84b2fd7792024e,916c9de0b5ad957346eeeb12f332687e,2018-01-25 14:59:29,233.0,15.38
55314fbf301db20ce06d233511d4fdbd,1,b7a89537c40b1f5a18b5ba75dbb91cbe,7b0df942f46435babab05d49b744b2c4,2017-04-13 18:10:18,279.77,13.35
55361b153c0444dab69a4f7fc00bbb66,1,8c31e10f98572eed00b427279e9ce0e6,31ae0774c17fabd06ff707cc5bde005f,2018-04-11 08:10:07,499.99,53.05
553682ad4457471eb0db66f89c9bedd5,1,1b861948326326b19c7442789ef59ebb,edb1ef5e36e0c8cd84eb3c9b003e486d,2018-08-02 14:20:17,110.65,22.71
55567a8e851b2400b53f74ec9b974221,1,bb5fc9090888f494938ab2b3c90dda7a,b561927807645834b59ef0d16ba55a24,2018-06-04 19:38:22,21.2,15.23
556e5ad87434de71e0948b9bca0046f5,1,df3655ac9aa8c6cbfa63bdd8d3b09c50,ea8482cd71df3c1969d7b9473ff13abc,2018-06-08 11:15:21,37.99,18.23
55af3f02d418fbfae46c0e04bffe4676,1,34dabb8af33b3756cf72df05fb327011,0db783cfcd3b73998abc6e10e59a102f,2017-10-13 02:28:14,99.0,12.19
55c2859a526d3cbf1df65ee601139c3a,1,f9377612042bc929a4aae64a8dbc58da,16090f2ca825584b5a147ab24aa30c86,2018-06-28 04:58:54,27.9,7.94
55ca27587481961b3a085c32da46f015,1,e44f675b60b3a3a2453ec36421e06f0f,218d46b86c1881d022bce9c68a7d4b15,2017-12-29 16:48:57,107.0,34.55
55e1aea2308e1c019ef7ea60766c5f7c,1,e3735b32b9df1055b996a9dc680bfe27,ef506c96320abeedfb894c34db06f478,2017-04-18 15:50:16,17.0,10.96
55ea3316ceef824308738752d1c12ae3,1,3cc7ec95300ba6432c64f0b12673bae6,218d46b86c1881d022bce9c68a7d4b15,2018-05-17 11:14:37,37.0,13.71
55f6044cecace75277ac3fb0335bf9a5,1,cf84f4d055494a42ee49d58b5f82afa2,ebd2d60905fb58271facef5596b620d3,2017-12-14 02:37:24,69.9,17.74
56682efd6be4b8aaa662d4536084b09b,1,ca8df6d98683f15986ab0d2e2d6f0939,c3cfdc648177fdbbbb35635a37472c53,2017-05-05 11:42:42,59.9,16.85
566d9c868488d3e11feef9ec86a29357,1,656e0eca68dcecf6a31b8ececfabe3e8,9c0e69c7bf2619675bbadf47b43f655a,2017-08-10 16:45:17,109.9,12.27
569d4a814b28187752cfacdd96077037,1,bb08ae1ab72eab2720e31508966b7742,5f3ae9136c875522250f8184f253413a,2018-02-05 16:31:13,16.9,7.78
56a4b8bc220c0a92f54ecb2e2ba0029e,1,617186c3d97ea56c9c683a8a3974e8c1,cc419e0650a3c5ba77189a1882b7556a,2018-01-19 02:35:50,84.99,27.13
56ccc1571462d48192dc45fba66fb7d5,1,619215fa0c29f244c5aa21084cf8d957,1336efc61c316ddf92c899eb817f7cae,2017-07-27 21:25:14,38.0,12.69
56d77478af78c445066db1c9876e9e84,1,e40dacc1c350d93c25ee648abbdd9236,7c67e1448b00f6e969d365cea6b010ab,2017-11-16 17:09:20,139.94,30.82
56e74cf3d3be617b843ad339dd83706a,1,35ebf08a93899d44e756809e11b14754,128639473a139ac0f3e5f5ade55873a5,2018-05-09 21:30:41,15.12,9.43
56f324c9f0ec2e68082d34b849622244,1,0254a096e569c4a89b6870e9d4a65c3c,2a84855fd20af891be03bc5924d2b453,2018-03-29 02:07:37,57.0,15.28
56f4b702b959eee297b018acdb60c380,1,18486698933fbb64af6c0a255f7dd64c,6973a06f484aacf400ece213dbf3d946,2018-02-08 11:55:46,83.49,8.33
570a37e6dd991a6c2c6b032f41487e04,1,b8ce63487e1d8881dac505b123c8e9b6,adbc26658d6c7b4b6219f9d934598091,2018-02-01 20:11:30,130.0,17.16
571ceb25e5db8f2493bdc932ae31e994,1,84d2057bc1f88332d0892eea0e997d28,ea8482cd71df3c1969d7b9473ff13abc,2018-01-12 09:07:58,27.99,15.1
574a92fb05e01159e32c2a4cba131e3e,1,9712e67c33f564648b46afc6505db72a,7ad32824caee82087b3e2e5f33b1bf32,2018-05-25 20:57:35,39.0,19.32
578403214d22590a9874c89eaf3c09b9,1,cac9e5692471a0700418aa3400b9b2b1,7ea5bfa6c340f58f8e71fc1f0412b0d6,2018-04-19 17:52:22,99.49,15.58
5795641bab8a44216bb7f551187af034,1,97db532f755c1c66eab401e27f687295,9c0e69c7bf2619675bbadf47b43f655a,2018-01-11 15:54:24,199.9,17.16
57a10b4e5b1a9982b487b6e33d8cc0bf,1,49d2e2460386273b195e7e59b43587c3,1caf283236cd69af44cbc09a0a1e7d32,2018-04-27 10:31:51,26.9,19.32
57c18f4284e896f80e8b81086c4f95ef,1,ede062bcd13ef64b5cc87369e4edaf62,da8622b14eb17ae2831f4ac5b9dab84a,2018-02-07 07:10:39,29.9,8.11
57c6fa4668d9985ee3ffbcbdc15b77f6,1,bd6e6fce9ada76ea2db0f1912e8e478f,1835b56ce799e6a4dc4eddc053f04066,2017-09-28 10:45:50,56.99,11.9
57cbc8e34a5ceffb92f8b3193e4ffdb8,1,b8b426747049f2d3d6e00b486d47dedb,01fdefa7697d26ad920e9e0346d4bd1b,2018-08-07 02:50:33,89.9,23.43
57d2d40a9a06d20a610316800f82ace3,1,2b4609f8948be18874494203496bc318,cc419e0650a3c5ba77189a1882b7556a,2017-09-06 04:44:59,89.99,15.38
57e27e0f4ce02fc858627e4c46e51e9d,1,7c1bd920dbdf22470b68bde975dd3ccf,cc419e0650a3c5ba77189a1882b7556a,2018-04-10 19:15:24,58.99,16.73
57e84fe39881c28f3079d56d038459e3,1,83fe1ea6fd12c51fcd341a9968e65cc3,42ef3192a9ff87a22d1867b74b3ee205,2018-01-08 22:29:53,40.0,13.37
57e89dc6246f64c869d73f264a6e505b,1,63de2743d05ab59d85caa49e49459ac1,cbd996ad3c1b7dc71fd0e5f5df9087e2,2017-05-10 11:34:48,15.75,10.96
58199a8d18062ab7c3fee55f16366d45,1,569ffd16f8032478cbeb9800f2e94ba0,20cb7c2fde3e5bf10f0bbe7394e1c6a9,2017-06-30 10:34:21,16.9,12.48
5825f62edda362144cd0c349124fa927,1,6767719f80aabbbf16ab2491899c32d9,c4d51195486dc781531876a7d00453d8,2018-05-17 21:31:45,839.99,18.32
5837fff4c5c9ea52b2e96674efccbc66,1,84a87daa85c8b432d90bc1baa0cb4388,aafe36600ce604f205b86b5084d3d767,2017-11-30 14:32:58,59.9,27.27
5873a59a3969d04a260ce297ee1b3ce3,1,cebed2cb3b44b298e374ec88155024f6,2ee0a0689f2f6a72f35a7cb6033f6e7e,2017-11-22 01:10:37,68.2,16.92
58ac1346bc2ee0cfbe205aacad678d60,1,23e8820ae7d5a7aee1299a1923876b78,855668e0971d4dfd7bef1b6a4133b41b,2018-03-13 12:50:18,50.0,9.34
5907e332dfb01556b0eff58839cc2f75,1,4c2394abfbac7ff59ec7a420918562fa,cc419e0650a3c5ba77189a1882b7556a,2018-01-11 23:35:25,84.99,16.35
594c468bf0e84130d7184c7c872d7e11,1,db25a58a5da5dfe2fd19f2604491bd27,4e7c18b98d84e05cbae3ff0ff03846c2,2017-11-29 07:37:28,54.0,17.63
59a28b77022aecabe93b43fa323de71b,1,1613b819ab5dae53aead2dbb4ebdb378,16090f2ca825584b5a147ab24aa30c86,2018-08-01 20:10:15,27.9,7.46
59f26737bbeea8142a7e982cfce13e7a,1,707e0fe138efb7009e1cd32efe19ce83,fa5fdc4e4bb6bd1009ad0e4ac4096562,2016-10-14 13:01:34,161.99,32.86
5a0911d70c1f85d3bed0df1bf693a6dd,1,e06f99e79036d681effa3de75989bf22,6560211a19b47992c3666cc44a7e94c0,2018-07-30 22:35:28,59.0,51.13
5a1f6d22f7dfb061ef29216b9af687a1,1,65650c84064ff1a79e4a05988f4c3e9f,aced59e9b31ef866a94f9e7f29d8d418,2017-09-07 23:25:09,35.0,12.69
5a56d595adbe321751c4f42b708ccc35,1,0d2c4e029804235bd546d1f771049ef3,8a432f4e5b471f8da497d7dc517666e2,2018-05-11 13:31:02,64.0,18.33
5a5a4a1319679a5e560257abd2fa1273,1,c4baedd846ed09b85f78a781b522f126,a1043bafd471dff536d0c462352beb48,2017-11-21 19:26:14,89.99,43.0
5a5cbced9c57dbafd90dd9b04594b2d7,1,a8d32fcfb65fc140cd58623a0d1688bf,0417b067eeab773d2f7061a726dc477f,2018-08-03 10:04:26,121.99,45.97
5a7b40567394cf2a17b67ace5ea32329,1,450a44fbb7995e0ace31991a2bb05470,1b8356dabde1d35e17cef975c3f82730,2017-09-21 19:25:19,32.99,16.6
5a8cbabf9050846cfba3b3f011e2cad0,1,4178e16324fd0c9a8e18463caf390cc6,ceaec5548eefc6e23e6607c5435102e7,2018-06-12 14:57:04,265.0,21.9
5b163ebdd5ac559f04d06af2069e23d3,1,d41a23bd2bc3ec10cfffc66c0611a290,391fc6631aebcf3004804e51b40bcf1e,2017-10-31 18:26:01,31.9,16.11
5b1ff9c294ce6149733c6912262c60f9,1,ee92961b88199a0d4329a6beca8f63da,78c99c6dff4eeae5be99bf635ed21e3f,2017-02-12 10:18:09,39.9,22.28
5b1ff9c294ce6149733c6912262c60f9,2,ee92961b88199a0d4329a6beca8f63da,78c99c6dff4eeae5be99bf635ed21e3f,2017-02-12 10:18:09,39.9,22.28
5b1ff9c294ce6149733c6912262c60f9,3,ee92961b88199a0d4329a6beca8f63da,78c99c6dff4eeae5be99bf635ed21e3f,2017-02-12 10:18:09,39.9,22.28
5b52136f452a7ee355f34fd4b2eb99b2,1,992197904e1d4f0bf3994652373188e4,a3dd39f583bc80bd8c5901c95878921e,2017-11-09 18:15:32,215.56,19.75
5b564ae719f89063362d24f1729d7ca2,1,b6af69cb42f5e5e78bcf59f9be1b61a7,36a968b544695394e4e9d7572688598f,2017-06-01 12:14:52,399.0,14.75
5b8d793745f3ac9e033f77ff0f8ea88c,1,af5606ac1cb97d0519a67bd7d9af79b6,48b6c3f4c6a93171da04b75313f2130f,2018-05-02 13:15:08,155.13,18.97
5ba8500dac4dd5b631b8a82bce2400c4,1,bdcf6a834e8faa30dac3886c7a58e92e,2a84855fd20af891be03bc5924d2b453,2018-06-20 22:56:20,35.9,11.74
5bdb0867cd3ddd505f79a2fc7b2d315d,1,bb3ba3a4e6d7471b6754e8e3f13f1464,ac3508719a1d8f5b7614b798f70af136,2017-10-05 22:56:45,89.9,47.16
5c02bbcf8ee00ff276723c431b064505,1,4fe644d766c7566dbc46fb851363cb3b,c31eff8334d6b3047ed34bebd4d62c36,2018-08-10 12:05:24,69.99,11.51
5c19e256f5972c1dc427a1a1f9940a3d,1,e67f32f0a3e66440cba31dc13d5cfb0b,ea8482cd71df3c1969d7b9473ff13abc,2018-04-26 16:31:07,99.99,19.39
5c19e256f5972c1dc427a1a1f9940a3d,2,e67f32f0a3e66440cba31dc13d5cfb0b,ea8482cd71df3c1969d7b9473ff13abc,2018-04-26 16:31:07,99.99,19.39
5c1d89aac6e3b4a8f69d548ea030179a,1,154e7e31ebfa092203795c972e5804a6,cc419e0650a3c5ba77189a1882b7556a,2018-02-16 15:52:20,23.99,7.78
5c2d1d55c31db1cbe069dc9b6454b897,1,cdd914e78124a73cc28a165cfc4a0bbc,ba143b05f0110f0dc71ad71b4466ce92,2018-07-27 09:17:32,93.99,23.46
5c4e9b69cfdcd45f69531467695237e4,1,12f066474dfa3c415c169051c5e1967e,7040e82f899a04d1b434b795a43b4617,2018-07-27 09:31:59,17.9,19.04
5c54f727a59912aa9d995d04a4fa2e83,1,ba5fb4ab9cd70d201b74b5bad9d4ca00,562fc2f2c2863ab7e79a9e4388a58a14,2018-04-27 11:31:56,29.99,7.39
5c748cfa838e65b06c230b1f917ec95e,1,972c0d7dad0a283c8704296f1acaadd7,ea8482cd71df3c1969d7b9473ff13abc,2017-11-29 19:14:36,24.99,15.79
5c7d0a72d5ce2ffc03f4a86238abcd9d,1,cdeefdce9704b2a961a01e89b1f19e7b,34d1ca11b242c0fee2c834ae8d788566,2017-09-13 06:42:33,240.35,17.44
5c92503c98d68728d4c409d18b268c31,1,b83ba81552d0748b45288e7e57c62888,edb1ef5e36e0c8cd84eb3c9b003e486d,2017-11-30 11:51:59,599.65,12.94
5cfaa2e60887ab4aed7d4e637efe2156,1,2ec8497962cc5f7730756635a5cbbf16,f8db351d8c4c4c22c6835c19a46f01b0,2017-06-28 19:30:19,32.9,17.6
5d146abaaa0996f8cabcb5a3fa96bad7,1,b8a0d73b2a06e7910d9864dccdb0cda2,620c87c171fb2a6dd6e8bb4dec959fc6,2018-01-19 09:29:58,59.9,15.17
5d2360b577af310633223b53506dcfaa,1,1600dcf1cea8c0c83702e07b577ab231,6560211a19b47992c3666cc44a7e94c0,2018-06-15 11:55:13,44.0,23.03
5d389775a013b9eb8fcdab4cdc1eae1d,1,0f3288619c16188d156acc3ba91f36ab,87142160b41353c4e5fca2360caf6f92,2017-02-07 16:25:13,19.9,14.52
5d9aa8310b11548297163fbfa1f78184,1,60142008404f92c16972d1cb6dd0e3c8,98dac6635aee4995d501a3972e047414,2018-02-23 16:50:40,52.11,15.11
5da33f2ec794bb55994fc59563a04107,1,3f14d740544f37ece8a9e7bc8349797e,6973a06f484aacf400ece213dbf3d946,2018-03-30 02:15:56,84.89,18.47
5daaa187e63c2f1c7636a129c6afc3c3,1,ae6a082af3a596a2fcbef378ebfae8c6,d9d43faf741ceaa8da52fdbb81d9e0e3,2018-08-13 10:04:48,30.0,50.93
5daaa187e63c2f1c7636a129c6afc3c3,2,14d8c1bbd5f367608c37522e99c47258,d9d43faf741ceaa8da52fdbb81d9e0e3,2018-08-13 10:04:48,31.0,50.94
5dbd99a1d0b13836606e44c8efe79fa9,1,a298a105818dce6878b787e4af6cff7d,e26901d5ab434ce92fd9b5c256820a4e,2017-06-22 03:33:44,79.9,7.81
5dd757355fed8ec589b18d6d5c47e6a2,1,50b82b74dfaf7b1e257d85b3e58bb977,4371b634e0efc0e22b09b52907d9d469,2017-08-17 17:25:11,10.0,7.78
5ddb2ce1958a158606319b7a9204fd8e,1,e71ce72b19b83080d97cf4f06c90d096,376a891762bbdecbc02b4b6adec3fdda,2017-07-18 10:10:22,72.0,21.3
5de6387107c3165295d2f19ab2db7be5,1,bb1378aaa2d6f539069001a8dfda9a58,de23c3b98a88888289c6f5cc1209054a,2017-12-11 11:03:33,150.0,9.86
5defd57f9849f19ee76815ca3a3c8956,1,71aa33d57a832e38f213d7ed6bad3841,de23c3b98a88888289c6f5cc1209054a,2018-05-21 11:19:10,129.9,9.26
5df11955c9e776e57bf66071651f6db7,1,60495adb1f1a49c8aea75e5e56a47a48,0df3984f9dfb3d49ac6366acbd3bbb85,2017-04-12 11:05:18,93.9,11.27
5e235e61ce267978794f9d8f22465386,1,29589c613b8c17e6fe91da9af08ed148,f44bdc12aa39f5271f0b95f66cd4c289,2018-03-16 16:55:59,145.0,18.89
5e24ecfdf90a8dfceb3cd8ed37db5c26,1,c6758bd39e90df0a71fb8de73b3a2bf0,391fc6631aebcf3004804e51b40bcf1e,2018-05-07 03:53:46,39.98,19.32
5e3f975c4be17dfadd26987a66fd8061,1,efa91c03c750cf82e0e9fc5523aca73c,391fc6631aebcf3004804e51b40bcf1e,2017-06-13 09:55:16,73.35,12.85
5e5d1342989d05440629e2162fa52d07,1,0f789be671fe3bd93cabfbb4a710f282,259f7b5e6e482c230e5bfaa670b6bb8f,2018-04-09 22:49:34,34.9,13.71
5e5d67ba461a7218183df5ac644c4a8e,1,91846781ef75057e134949400768e272,530ec6109d11eaaf87999465c6afee01,2018-05-18 17:57:40,134.99,12.46
5e76d3cfcb1b71a6a78fabf6ec3ffb73,1,2a5fd02982127e736ae8f4d6d020fcc8,ec80e49e69745ab6c14f984bf2149423,2018-07-12 14:51:15,530.0,24.35
5e7e66344d4f127f114875c930d621f9,1,513e834f4f9225e4e8b233716a699774,7a425d299613df3e613bcf9d2eaf5c49,2018-02-09 18:29:59,43.9,15.1
5ec17d5853c4bad3b18adb6778b3ac0d,1,0a4f9f421af66d2ea061fbb8883419f7,c70c1b0d8ca86052f45a432a38b73958,2018-08-14 14:50:16,110.32,8.03
5ec17d5853c4bad3b18adb6778b3ac0d,2,0a4f9f421af66d2ea061fbb8883419f7,c70c1b0d8ca86052f45a432a38b73958,2018-08-14 14:50:16,110.32,8.03
5edee244fe02fdbeb9a2d97a4e8cf17c,1,d85783d7c896fdb2fadbbc19c6a1c58e,25e47381a6c510ddeb36084e33b89f0c,2017-06-08 04:30:19,30.0,15.1
5ef8f0f9c9d95604cd61fd97ab176835,1,54d7ad85b648d3cb2b7069ed446d7f35,25c5c91f63607446a97b143d2d535d31,2017-10-31 02:14:30,149.91,31.8
5ef8f0f9c9d95604cd61fd97ab176835,2,54d7ad85b648d3cb2b7069ed446d7f35,25c5c91f63607446a97b143d2d535d31,2017-10-31 02:14:30,149.91,31.8
5ef8f0f9c9d95604cd61fd97ab176835,3,54d7ad85b648d3cb2b7069ed446d7f35,25c5c91f63607446a97b143d2d535d31,2017-10-31 02:14:30,149.91,31.8
5ef8f0f9c9d95604cd61fd97ab176835,4,54d7ad85b648d3cb2b7069ed446d7f35,25c5c91f63607446a97b143d2d535d31,2017-10-31 02:14:30,149.91,31.8
5f2a70479467ace7fca14db6d059eea1,1,c2fb73db15e28aa021dcf7b2856fef27,adbc26658d6c7b4b6219f9d934598091,2017-09-01 11:55:14,130.0,17.16
5f2f3348a05e38d5f31b04f858c606f4,1,63d6e7ab30f482382c9dfbbccae7da54,85044848b1b767db2a4a58526adef4b4,2018-04-12 19:48:05,104.9,19.7
5f37c7c9cfd25572ee87b69b77f27b8c,1,74a47de1d29e6b5c5b0135dbce365e67,7c67e1448b00f6e969d365cea6b010ab,2018-03-12 16:15:40,189.99,27.88
5f3c3f02ee527647eadaeab108a89f51,1,0cf41187284d7f099adc8415a743ebbd,bbad7e518d7af88a0897397ffdca1979,2018-08-13 11:05:27,35.9,30.53
5f3c3f02ee527647eadaeab108a89f51,2,25e2023ed83352bde98dc1490d14c3d8,ff1fb4c404b2efe68b03350a8dc24122,2018-08-13 11:05:27,99.0,0.61
5f48e612805a732c3ebd58c26f2c06ad,1,9d0bb30eed80184666c8acad23921283,1bb2bdb95f4841f1bba2c0d2cd83d3c9,2018-04-26 21:30:48,19.95,17.06
5f6a08ae6b18361b3f12fcc746567974,1,82ff671ac04e6599dbfb28ead3369f59,7c67e1448b00f6e969d365cea6b010ab,2017-07-13 13:04:11,399.94,74.43
5f71bc83356f39cf9e9b8004f39a989a,1,10cdbbacd25110d10f8cbe925ea7853f,7c67e1448b00f6e969d365cea6b010ab,2017-09-06 10:44:56,199.94,41.79
5f834cc4ee109c58dff88c60b8ba5ecf,1,7a18f72d8f0acfbd60eea36f2644ce8e,4bde6149c15cf7e177b36fa060dd6de8,2016-10-21 16:35:18,79.9,16.33
5f855e92f134f2d544ec90a5864bc73e,1,65266b2da20d04dbe00c5c2d3bb7859e,2c9e548be18521d1c43cde1c582c6de8,2018-04-18 11:11:26,19.9,15.23
5f862e4fe640e66110b40cced6911038,1,186d7d472f062ca6ef30689faa935d2e,53e4c6e0f4312d4d2107a8c9cddf45cd,2018-08-08 10:35:20,22.0,7.41
5f9e345bd69028860ff1b6a72c26dc45,1,33a07ea8a7b3dbab277c180e9f1233ea,8f2b51a30523cdecddc2f179f351c7d6,2017-06-14 19:20:21,37.0,7.78
5fb184d57598bf4e6e126258d3cca7cb,1,ce066f4a83649651549d717c9b566816,4d6d651bd7684af3fffabd5f08d12e5a,2018-02-12 21:50:30,69.9,16.12
5fb669725665771911c8ecc187870553,1,b363ba4802d9eca552da85a1125747eb,b92e3c8f9738272ff7c59e111e108d7c,2017-05-12 17:45:15,179.9,32.01
5fcbedfee2eec6f8ecdcac610148b4c3,1,02293621a345f7cddda16c5d9c7990e4,ea8482cd71df3c1969d7b9473ff13abc,2018-03-19 20:31:11,21.99,7.39
60058a96e9d74aba1c66b86edbd0535e,1,47ce15bd790ba2e089ce44e95c9f1c1d,9a84ba99f5367fdbd4598363496f1ea2,2017-11-20 23:30:43,79.9,27.1
6010e18fb4f51bda7cdf59826fb9157e,1,8c292ca193d326152e335d77176746f0,7e1fb0a3ebfb01ffb3a7dae98bf3238d,2018-01-31 00:53:18,150.0,12.55
604970dd9342c16efde4207c42f38f2d,1,23365beed316535b4105bd800c46670e,92eb0f42c21942b6552362b9b114707d,2017-06-19 04:02:47,16.5,14.1
6053546de45b3aa8422ee0020b1a2da4,1,fde4e97b75bd817d8c4aef8de39ed4d9,0ea22c1cfbdc755f86b9b54b39c16043,2017-05-17 21:25:18,79.9,15.31
605690e3394de4516b0c3646e06a9599,1,80298f0be0af5a4873f12e2521515281,2e1c9f22be269ef4643f826c9e650a52,2017-11-13 21:50:57,59.49,11.73
6076ec81706ee9060d085f2909a6fbe7,1,1a758361b1c10b3ffe3d3373332de319,8d956fec2e4337affcb520f56fd8cbfd,2018-07-11 08:30:36,46.99,7.59
60a0b0a1df29ff83dd9083ffa44b6580,1,f3c62fde9d2e2acf6c7c46648571c070,e0eabded302882513ced4ea3eb0c7059,2018-05-14 19:52:56,79.9,15.44
60b17021cb20c803ad265dc1847f06a4,1,ab464d315185546c908a888506fc22c1,98dac6635aee4995d501a3972e047414,2018-07-27 17:24:18,38.9,14.38
60b17021cb20c803ad265dc1847f06a4,2,cbecf0dca7a42c56c9ad9e20c74af1fd,688756f717c462a206ad854c5027a64a,2018-07-30 17:24:18,84.98,14.38
60b3fa9424e97cd3b6b95ca799d511c6,1,f8e5d2574bedbb98efe044c829386487,cac4c8e7b1ca6252d8f20b2fc1a2e4af,2017-08-04 10:15:09,99.99,16.95
60b4528b577937165a412ba177de3606,1,18b0e642cbae7251e60a64aa07dd9eb9,85d9eb9ddc5d00ca9336a2219c97bb13,2018-07-30 09:25:09,22.32,7.74
60c2fd4bd6d23ab4fa7a910b61dac591,1,67e927f7378303fc91ee4c3fc301bf5a,0951a6e282947e09cd47969f4ed0b47f,2018-08-09 14:30:55,79.9,7.82
60d9a5e952b00c9a481aa0e3d641b354,1,e5fe79a5ccd19d20b3b095bf73cf9b5d,fe2032dab1a61af8794248c8196565c9,2017-10-09 21:43:46,359.0,10.71
60e43c5f5ba559d9dd19357ed72cb2f2,1,e8980f13841769bf1770127583697d59,efcd8d2104f1a05d028af7bad20d974b,2018-04-25 19:15:20,60.0,18.3
6129370214b115f45a7b9b13e33c83d9,1,a8fe47ad6f852f93cc92c7b408687de3,aaed1309374718fdd995ee4c58c9dfcd,2017-10-09 04:05:02,72.9,16.27
61478fcfdfbc524f57df31651d8f38c9,1,5c5585c687a0293f10bb748c13cacc71,f457c46070d02cadd8a68551231220dd,2018-06-29 04:59:16,61.9,13.84
61478fcfdfbc524f57df31651d8f38c9,2,5c5585c687a0293f10bb748c13cacc71,f457c46070d02cadd8a68551231220dd,2018-06-29 04:59:16,61.9,13.84
61478fcfdfbc524f57df31651d8f38c9,3,4e58e4bd671d463cef30fa0bab322f9a,1c68394e931a64f90ea236c5ea590300,2018-07-03 04:59:16,81.5,13.84
61478fcfdfbc524f57df31651d8f38c9,4,4e58e4bd671d463cef30fa0bab322f9a,1c68394e931a64f90ea236c5ea590300,2018-07-03 04:59:16,81.5,13.84
61587185bfde7d7fc6a93030ddf4a57c,1,283dc451ad3918badb976d56ff887289,da8622b14eb17ae2831f4ac5b9dab84a,2018-03-12 03:49:22,99.9,17.95
617b248faca8fe758da0640030f82f00,1,d58020f0dc3b18e41728f846f5072a6c,562fc2f2c2863ab7e79a9e4388a58a14,2018-06-19 12:45:55,29.99,18.31
617feb6ceb857d95ee0250e05f43e70e,1,f1c7f353075ce59d8a6f3cf58f419c9c,37be5a7c751166fbc5f8ccba4119e043,2017-07-25 21:50:11,205.0,26.27
6191c14b9afcc6173831a7275f92c55b,1,ac7e981115ad47f0e051f1b8b97e73b1,53e4c6e0f4312d4d2107a8c9cddf45cd,2018-03-01 18:10:28,28.14,9.34
61c3073707aeb0763a028eb696085d02,1,78efe838c04bbc568be034082200ac20,0241d4d5d36f10f80c644447315af0bd,2018-07-04 18:31:00,99.9,27.0
61db74d30d7bc786bf4d981764f3e4eb,1,37bb05868e497e0d9356d850c3d3bab4,4869f7a5dfa277a7dca6462dcf3b52b2,2018-06-21 21:58:01,116.0,37.72
61fc1e01fc9cd8344b0d1fda336a8be1,1,72406be6f45ec18d2d8b21bfb7a9ecf4,ce69a8021d18961dd2a40269b7c2c293,2018-04-02 20:55:27,649.99,20.52
62073ec6b54b8e6322037fc0f3591ad3,1,1eba879220bd0981a0e2fbab499ed4e1,5058e8c1e82653974541e83690655b4a,2018-04-23 20:29:09,79.99,13.73
62073ec6b54b8e6322037fc0f3591ad3,2,8ed094bfe076c568f6bb10feada3f75d,7c67e1448b00f6e969d365cea6b010ab,2018-04-17 20:29:09,179.9,133.85
62073ec6b54b8e6322037fc0f3591ad3,3,1eba879220bd0981a0e2fbab499ed4e1,5058e8c1e82653974541e83690655b4a,2018-04-23 20:29:09,79.99,13.73
62073ec6b54b8e6322037fc0f3591ad3,4,8ed094bfe076c568f6bb10feada3f75d,7c67e1448b00f6e969d365cea6b010ab,2018-04-17 20:29:09,179.9,133.85
62073ec6b54b8e6322037fc0f3591ad3,5,1eba879220bd0981a0e2fbab499ed4e1,5058e8c1e82653974541e83690655b4a,2018-04-23 20:29:09,79.99,13.73
62073ec6b54b8e6322037fc0f3591ad3,6,8ed094bfe076c568f6bb10feada3f75d,7c67e1448b00f6e969d365cea6b010ab,2018-04-17 20:29:09,179.9,133.85
62073ec6b54b8e6322037fc0f3591ad3,7,1eba879220bd0981a0e2fbab499ed4e1,5058e8c1e82653974541e83690655b4a,2018-04-23 20:29:09,79.99,13.73
621eb879252e1ef32bfbe6f3eab23b57,1,64fb265487de2238627ce43fe8a67efc,4a3ca9315b744ce9f8e9374361493884,2017-10-13 02:45:06,99.9,21.19
62246c16a32a0866943f17d7b42db940,1,2c818013dbc95f5cd2d6a393a31813e0,391fc6631aebcf3004804e51b40bcf1e,2016-10-21 16:30:18,49.99,19.36
622dd1cb69dbde1c7e0685d12015a2da,1,af33555ebc3047e394e7b0074772aaec,4830e40640734fc1c52cd21127c341d4,2018-02-16 16:00:32,25.0,8.72
623517cfdfeda91679626490fe32aecc,1,f81a1edab43cbf08299503316612bacf,8581055ce74af1daba164fdbd55a40de,2018-02-21 12:30:35,226.95,18.32
626add0c9183e7802564bf732e183dd1,1,4fe644d766c7566dbc46fb851363cb3b,c31eff8334d6b3047ed34bebd4d62c36,2018-05-14 03:55:32,99.99,12.03
626b349f722088587417d2c277329c5c,1,e1e932dfb67414e80b87ad97688cf2a3,fde0cc9ea29c8ccfc0a2c22256a58c71,2017-12-06 18:50:45,99.0,23.01
62721ddb070ffb1e00edd35d85a2f616,1,7c3dd2ee1b4512bc2c741154fc0d2ad3,bdf0d02d36a1d839d0c39c4a887cdd49,2018-01-16 18:39:21,14.0,11.85
62721ddb070ffb1e00edd35d85a2f616,2,7c3dd2ee1b4512bc2c741154fc0d2ad3,bdf0d02d36a1d839d0c39c4a887cdd49,2018-01-16 18:39:21,14.0,11.85
628892249eb28e0376c57474af8ffb26,1,df8951356a3ac20689379dffca179561,3bb548e3cb7f70f28e3f11ee9dce0e59,2017-10-15 23:14:18,197.5,13.51
6288c084b4b8b9ed59cddc6793eba928,1,bc4a074ab7a7ff14e98fa64671a79dc0,4e17c65a516f69d023a2ae78b84f28d6,2018-02-07 02:11:57,23.9,16.6
6288c084b4b8b9ed59cddc6793eba928,2,bc4a074ab7a7ff14e98fa64671a79dc0,4e17c65a516f69d023a2ae78b84f28d6,2018-02-07 02:11:57,23.9,16.6
6288c084b4b8b9ed59cddc6793eba928,3,bc4a074ab7a7ff14e98fa64671a79dc0,4e17c65a516f69d023a2ae78b84f28d6,2018-02-07 02:11:57,23.9,16.6
6288c084b4b8b9ed59cddc6793eba928,4,bc4a074ab7a7ff14e98fa64671a79dc0,4e17c65a516f69d023a2ae78b84f28d6,2018-02-07 02:11:57,23.9,16.6
6297b306b33b7a9028dfaa203b9742a3,1,bd089e9fe06981d16b0daf6f97bef3bc,ececbfcff9804a2d6b40f589df8eef2b,2017-09-18 01:44:09,56.99,25.68
6299bb8e855289b411394e216495f96f,1,0ec96e6d31a1493b0475805c9ae1a0a2,09f952a5f58d2285b0372551ae8f9b01,2018-07-10 21:15:19,167.0,18.97
6299bb8e855289b411394e216495f96f,2,0ec96e6d31a1493b0475805c9ae1a0a2,09f952a5f58d2285b0372551ae8f9b01,2018-07-10 21:15:19,167.0,18.97
62a2786bc58bb6ccba3e93b2d9664045,1,293ee8ac0a45f559cdeba37b938fdb66,4a3ca9315b744ce9f8e9374361493884,2017-10-27 14:56:36,55.6,16.15
62ce4e3989a3477928510bb4d1064cc4,1,f04c24eaa43e9192315d3aa0b3f00c1c,18a349e75d307f4b4cc646a691ed4216,2018-07-26 01:50:13,32.0,9.99
62ce4e3989a3477928510bb4d1064cc4,2,f8077831f3c3f393fb67b93c5acd8daf,213b25e6f54661939f11710a6fddb871,2018-07-31 01:50:13,79.9,3.33
62ce4e3989a3477928510bb4d1064cc4,3,d315b738a6e96f4d9710af966cb7cd5b,f8db351d8c4c4c22c6835c19a46f01b0,2018-07-23 01:50:13,26.9,6.66
62ce4e3989a3477928510bb4d1064cc4,4,f04c24eaa43e9192315d3aa0b3f00c1c,18a349e75d307f4b4cc646a691ed4216,2018-07-26 01:50:13,32.0,9.99
62ce4e3989a3477928510bb4d1064cc4,5,f04c24eaa43e9192315d3aa0b3f00c1c,18a349e75d307f4b4cc646a691ed4216,2018-07-26 01:50:13,32.0,9.99
62ce4e3989a3477928510bb4d1064cc4,6,d315b738a6e96f4d9710af966cb7cd5b,f8db351d8c4c4c22c6835c19a46f01b0,2018-07-23 01:50:13,26.9,6.66
62cebc207886dce8b9f4460a1266bfdb,1,ff26b56ca9aba312af54ea3f368af943,05d2173d43ea568aa0540eba70d2ca76,2018-01-29 03:36:55,83.99,15.34
62e32bcad390a6d5236b810ab2034edd,1,06d156ad29691bb65b80a6bf398db4fc,f8db351d8c4c4c22c6835c19a46f01b0,2017-11-21 20:26:43,98.9,21.18
630d50b3a0f69b6ee270ae91d0594969,1,3f492185923b69e5e936c2d988dca905,fa1c13f2614d7b5c4749cbc52fecda94,2018-03-19 17:31:55,110.4,15.65
63521dde368b991f973cd4ae332dbe1d,1,dabbb10b2f36548cf2aff2993f4cf5e2,7299e27ed73d2ad986de7f7c77d919fa,2018-05-11 11:35:53,109.99,14.85
635c8d3ab47b7448b5d6c81dc9b7526e,1,80b391b2dc6c958ef3ad34fa7ee01423,3aa3c89ae3cd482385568be76120f63c,2018-06-14 02:57:41,29.9,19.04
63ac66255bb4562cd506681eb19c5be4,1,f2890c4d40c6794ce51e525c1ec37660,d66c11a9572221d92fbb8c4897db5f9b,2018-08-08 17:55:26,82.88,27.56
63cb6e6a5632d2fa0406a8f3c6eae8cf,1,4257f45f6ea58aa46885ed7ef723b6c0,004c9cd9d87a3c30c522c48c4fc07416,2017-09-27 04:06:18,83.9,16.22
63e7f3b68db3707aee7cb7b4c10db358,1,51c3bce480bc653e51d768e09253d6dd,d97df38225e5abadaff1e72cb72b823c,2018-01-09 13:41:20,50.0,8.72
63ec341d048559b0cb4216945930a486,1,54d9ac713e253fa1fae9c8003b011c2a,955fee9216a65b617aa5c0531780ce60,2018-01-26 14:03:36,29.5,13.08
64214eee33528e79cda8311c1a40d259,1,ae6b739ab6e9d7991fb2ddd70f9c0b6b,53e4c6e0f4312d4d2107a8c9cddf45cd,2017-04-06 10:33:19,46.2,15.56
642a8a89c36a8b2f4884cd8e68168247,1,d4fa4ad0e82fea0c12d7cf3f773a03b1,8a32e327fe2c1b3511609d81aaf9f042,2017-11-20 21:15:28,59.99,11.73
6442e3b05a42edab01b9e1d93da84bc1,1,015dfd6612249811b2e147c1f3be048f,0adac9fbd9a2b63cccaac4f8756c1ca8,2017-11-20 21:30:27,29.9,11.85
6478538d03095a03a2562a4fa6a658f6,1,e87b2200e1df21f624eea3e9bd087dc0,0432ead42b6c8a0bdf68154add917fdf,2017-06-08 15:55:20,89.9,6.87
6478538d03095a03a2562a4fa6a658f6,2,2d5bb6fc16b9fb75539ddcd93de86aa4,0432ead42b6c8a0bdf68154add917fdf,2017-06-08 15:55:20,89.9,8.89
6482040c4887d33a7129473d3db4d0bd,1,6fa96cbd1d917acb1ef4bc8040116105,048c2757535328e0d7dac690ad3c0aae,2018-05-08 09:14:59,199.7,15.49
648e0ac5cc6c2c2f7fa83738b193516a,1,12679a5fde22662b441abe4f754345ae,3ab971ce71839580d2ae5b4e40fe8044,2018-06-13 13:50:20,195.0,15.36
64a49ec4515de1ebb60ba7e7b26a3893,1,17ad6786808ab3fedfb261a70a5932d6,b2ba3715d723d245138f291a6fe42594,2017-10-20 20:14:39,129.9,9.1
64a6930359fc275c86dcadea2086895c,1,81db76f3ab0fae3c8cbd73d201fde481,41b86b552e54e3a7009596125aa8b167,2017-03-31 19:35:23,89.9,16.88
64c43896c03b8f6f3ee2a5927ff67d7b,1,2669a9fe1aaf6cb29071f8f866014afc,4869f7a5dfa277a7dca6462dcf3b52b2,2018-08-12 22:15:18,129.0,22.83
64cc5ef24e102ee02c47f7a1967b8d27,1,7f064525eaaa1ce9d22c085f7ff5413a,6560211a19b47992c3666cc44a7e94c0,2017-06-13 02:45:30,49.0,11.85
652436e8f3a1ba0f1eb9798fedb75426,1,c8a06a6cf1dbd09f3273d65d3dc2da99,1b7e5006cb25dd23ce8686691013b121,2018-01-09 10:06:34,69.99,14.24
6542055e71e2ba285676fe57d0822618,1,6a709b701952f3257fb1bebb4388dcc3,128639473a139ac0f3e5f5ade55873a5,2018-03-19 14:28:32,26.9,13.47
654236657c61378a35416f08170ff0ad,1,73c61364b22d14eac780a200b81d34c5,ea8482cd71df3c1969d7b9473ff13abc,2018-02-22 18:50:23,28.99,11.85
654236657c61378a35416f08170ff0ad,2,73c61364b22d14eac780a200b81d34c5,ea8482cd71df3c1969d7b9473ff13abc,2018-02-22 18:50:23,28.99,11.85
65492cb556d99eb900c65a4ff79fd3c4,1,ed836edc15625c202f6ba85dbbe95c3a,6560211a19b47992c3666cc44a7e94c0,2018-02-01 17:59:13,29.0,7.78
654c5ae02ab59fb154d128fc5d5418e4,1,2b0c892ab2b8e600a0b186db31f5947d,54a1852d1b8f10312c55e906355666ee,2018-07-13 13:15:18,86.99,9.36
65a9d3006386a380f4b594577a01cef0,1,2a5806f10d0f00e5ad032dd2e3c8806e,7c67e1448b00f6e969d365cea6b010ab,2018-01-30 21:51:29,169.99,45.65
65a9d3006386a380f4b594577a01cef0,2,2a5806f10d0f00e5ad032dd2e3c8806e,7c67e1448b00f6e969d365cea6b010ab,2018-01-30 21:51:29,169.99,45.65
65ac166c30ce56f69586b063209ba83f,1,5a0783457f0264ade6beeac64ba145f4,52f9db5cfb423382a2fa5c9e39303202,2017-11-17 15:35:36,59.99,11.92
65d13486abbd44fdd686246bc21c5b75,1,e932008cf0ea7c93a077dd8d7e5f49eb,fcdd820084f17e9982427971e4e9d47f,2018-04-12 02:48:24,190.0,34.87
65d5ab70320210b215c305db9ff2f1c8,1,41888ddc79f5e2204681abacf72d608d,4ba52dfeba874da5b9ee7b17c7494f04,2017-09-17 21:33:26,85.0,16.84
65dd9664feba93680da24da77168ad7b,1,1878fcfa202ce65b4bfaa9d16250ee86,7c67e1448b00f6e969d365cea6b010ab,2017-05-19 17:50:21,126.99,55.16
65e560b80ca884377880a124eb79a349,1,f9259c9e7c0f12c70f7a81409680a5ff,3db66a856d18a9cba7c9241fc5221c50,2017-12-04 03:47:18,69.9,16.25
6605d4026bc07926d30228dc4de3f89c,1,8232a265a535c1f886b38335667be2a5,f45122a9ab94eb4f3f8953578bc0c560,2017-04-27 12:30:23,59.99,22.35
660a7ffb4e94f34f45b4a1e2c04916d6,1,4f0abfbee7569e43b80f9aaa256a9bf8,c70c1b0d8ca86052f45a432a38b73958,2018-05-10 19:12:16,110.32,7.64
6611a632dd160c4990e284877626223d,1,9d32095f76b97762307e86cfc18dd7a0,391fc6631aebcf3004804e51b40bcf1e,2018-03-16 16:29:30,49.95,37.04
661d0bde7291e9a8761e0769cf4d954c,1,2029248294c186017ecfc48cecd47bbd,d50d79cb34e38265a8649c383dcffd48,2017-03-15 22:11:37,126.99,37.85
6644170ea0130942cfb3064dce01004a,1,12f749c76f15e9bf5743bebda92da24a,46dc3b2cc0980fb8ec44634e21d2718e,2017-09-19 22:30:21,319.99,13.69
66460ca7e4dff034a9ac0ec80c7fdea8,1,fd87595e4b416c50ca77899592f2bef3,a7a9b880c49781da66651ccf4ba9ac38,2018-05-22 17:08:50,74.9,23.1
666ee8dddb0138c7703e3e2a8bb8919f,1,a7b3741264beebf83457d10dea3b34ca,4b9750c8ad28220fe6702d4ecb7c898f,2018-05-08 23:09:56,94.95,19.63
667d5edf566de718db1489ba407232ee,1,37095a57db396667492dcd7e10f5b792,1127b7f2594683f2510f1c2c834a486b,2018-04-04 03:15:25,158.67,23.69
667e11eca18e4b0a93611781f8b18302,1,704ef63ad0ac345842ea734060a83db2,da8622b14eb17ae2831f4ac5b9dab84a,2018-01-16 20:49:19,74.9,16.28
6684083994ae824286f8b72945b60758,1,955d13d7e0c184665441e35897a4f3c3,dd7ddc04e1b6c2c614352b383efe2d36,2017-11-28 18:30:24,34.9,28.75
66b9e5412dab143acd97cce94000eaf7,1,ddea6741f6642c13acc25c9fb9165e55,b17b679f4f5ce2e03ce6968c62648246,2018-05-18 12:52:38,68.9,13.84
66e4624ae69e7dc89bd50222b59f581f,1,b37b72d5a56f887725c2862184b8cab8,db4350fd57ae30082dec7acbaacc17f9,2018-03-15 15:30:45,22.99,22.85
66e4624ae69e7dc89bd50222b59f581f,2,b37b72d5a56f887725c2862184b8cab8,db4350fd57ae30082dec7acbaacc17f9,2018-03-15 15:30:45,22.99,22.85
66f09793372dff42b079b7578f7157ee,1,aca2eb7d00ea1a7b8ebd4e68314663af,955fee9216a65b617aa5c0531780ce60,2018-05-04 13:51:04,69.9,12.43
6700e4a77b114b2f0fac57e19e6182d6,1,091af6c2d579fe0926b4fcb8db07f78e,4d6d651bd7684af3fffabd5f08d12e5a,2018-01-22 03:35:39,79.0,12.05
6704e7402168366c804f2bc1cf9c2163,1,53b36df67ebb7c41585e8d54d6772e08,7d13fca15225358621be4086e1eb0964,2018-07-03 05:15:25,119.0,37.74
6709606f3773c59d8bed53c0d9bb614d,1,ef66e63137bdd1b2e44aa968646fc1e3,1025f0e2d44d7041d6cf58b6550e0bfa,2018-05-25 07:54:02,35.0,19.32
6709606f3773c59d8bed53c0d9bb614d,2,ef66e63137bdd1b2e44aa968646fc1e3,1025f0e2d44d7041d6cf58b6550e0bfa,2018-05-25 07:54:02,35.0,19.32
671d3f16cc641e15fb8b5df50be64cac,1,130482add9fd75ccb6c57ba007694a2d,87142160b41353c4e5fca2360caf6f92,2017-07-24 10:50:20,105.0,20.22
672b229b951f5c0e6a574808b406bd53,1,1e0d051115919ea51ac96e8e01816b57,53e4c6e0f4312d4d2107a8c9cddf45cd,2017-07-06 11:10:07,79.99,11.76
672d0085da7d96c6350cb54170e4b944,1,337be49673e511e2bd38d390cf57d7c4,fa1c13f2614d7b5c4749cbc52fecda94,2017-08-03 19:25:13,239.9,11.64
672d0085da7d96c6350cb54170e4b944,2,ac9fba4745c7352cc4038631be412f70,86ccac0b835037332a596a33b6949ee1,2017-08-03 19:25:13,52.5,20.6
672dbfbd96238e4d07021fcdd9152b6c,1,285443086e6af2a43edcd6f0274585af,612170e34b97004b3ba37eae81836b4c,2018-08-19 22:44:19,887.0,24.01
6732b3592160273b239f331a101494ff,1,a11998d0de02ca907c060119dabe8ead,0dd184061fb0eaa7ca37932c68ab91c5,2018-06-11 13:51:18,59.99,15.3
67418605ab8f9414a2e238bbcdde1312,1,6c32e1f7898b6a905ee6ccf087461abd,62c50c1af4dfdc4149d25c5222043d39,2016-10-12 18:34:07,129.99,9.9
675696464e3f1ec45c04dc5b171b2ed4,1,5c2bb11cf2149bd4d9fffcc1246458c3,dbc22125167c298ef99da25668e1011f,2018-08-08 09:04:22,98.9,14.99
676dc08d3b7a83fc6f45f5e0eb1a2d9a,1,9c60b810e32e14c3a278742567720634,5058e8c1e82653974541e83690655b4a,2017-12-07 21:31:20,189.99,53.41
676e56b18ff6a72033c922409a9d3a02,1,19c91ef95d509ea33eda93495c4d3481,06a2c3af7b3aee5d69171b0e14f0ee87,2018-07-13 13:31:12,122.99,25.21
67756d84a71c958f3c19cd41a7580d9d,1,801e1758675639e98967a271d92f4054,f80edd2c5aaa505cc4b0a3b219abf4b8,2018-06-25 11:08:14,89.9,15.73
67773c483666d5120da1ff6188d8a00a,1,aaf821b2000c1b2e28a531d97c405c58,827f8f69dfa529c561901c4f2e0f332f,2017-11-09 10:35:25,29.9,14.1
678e948d6ef6324c0891d0c714d23946,1,a1ebb47a48200e6566603de49b83f621,46dc3b2cc0980fb8ec44634e21d2718e,2017-10-02 07:49:15,269.99,22.38
67be6410d453784501c125d4f0ecb741,1,61107c91091400f4c4523ed7b461a20e,b32be1695eb7ec5f10f72d9610a12527,2018-07-20 18:30:19,699.0,86.2
67c158dbe43ced83f43cdf4ff66f556a,1,09e24bdfc054e52b9c4af78e3a286a98,7a425d299613df3e613bcf9d2eaf5c49,2018-01-31 11:18:29,50.0,14.1
67e2b633b65efc08fed5fb68e325761b,1,92503fc18ca14a8f32c182ce3f1b9f05,3586b8580d9c917874e053a1bb37b5ff,2018-08-19 23:04:10,29.9,19.77
67efc48800e617879edb36f04f815c59,1,926454d19f2417167bf0a9488af66a4a,76d5af76d0271110f9af36c92573f765,2017-06-22 15:42:41,390.0,17.48
67efc48800e617879edb36f04f815c59,2,926454d19f2417167bf0a9488af66a4a,76d5af76d0271110f9af36c92573f765,2017-06-22 15:42:41,390.0,17.48
67f38c0b9d8a42541af92de7b6a19ea5,1,7afdd65f79f63819ff5bee328843fa37,ed8cb7b190ceb6067227478e48cf8dde,2018-08-02 17:15:17,21.52,8.9
682c57bc2cd98a0a198ef4e82e7c806d,1,69ddd03e946aeb806f29e21da4518329,d1c281d3ae149232351cd8c8cc885f0d,2017-03-14 09:50:19,89.99,15.74
683481ae11f5f4ccfd9263a3bd7f25d4,1,2b2428ab65b564c08fd9b40e187df246,d8cf3b6a2151949f930d0252b180ec42,2018-06-28 15:20:36,59.9,15.49
683481ae11f5f4ccfd9263a3bd7f25d4,2,2b2428ab65b564c08fd9b40e187df246,d8cf3b6a2151949f930d0252b180ec42,2018-06-28 15:20:36,59.9,15.49
68507de712879fdc905ed762ee009d0b,1,e0d64dcfaa3b6db5c54ca298ae101d05,4869f7a5dfa277a7dca6462dcf3b52b2,2017-12-06 02:24:14,170.0,16.82
686c017e3f991d5b96cc80cfb89d7d4f,1,566837caf82af3f65421f9d9d8820a27,cca3071e3e9bb7d12640c9fbe2301306,2017-03-10 17:25:09,39.9,11.74
687b92f8f248395050a7f8147dab1ac8,1,4ce9ab528124f89e091b17d11aa2e97c,7e3f87d16fb353f408d467e74fbd8014,2018-04-12 20:49:57,49.3,11.89
689213e7743f18906e01c88ccd31e880,1,027cdd14a677a5834bc67a9789db5021,620c87c171fb2a6dd6e8bb4dec959fc6,2017-07-03 12:55:26,139.9,9.72
68b3cbc68e4cd1fe19bec35f1d3bb7ee,1,52d163dd9192d5a70afc33cd8c60131e,6560211a19b47992c3666cc44a7e94c0,2018-03-15 01:21:04,65.0,15.33
68ba2f5321a125f8524a6e7b2fcbfd94,1,940d38f0ef286bd93612fcdc91dd38ed,53e4c6e0f4312d4d2107a8c9cddf45cd,2017-07-03 17:15:31,84.0,40.04
68ba2f5321a125f8524a6e7b2fcbfd94,2,4eb99b5f0d7e411f246a5c9c0ae27a5e,53e4c6e0f4312d4d2107a8c9cddf45cd,2017-07-03 17:15:31,45.2,34.82
694197f98148ec200eaeea667995bb35,1,47de5f36ace720b578ca1b30d0b45b8d,165fc07beebdcb6190fba8a06db2a449,2018-03-13 02:31:23,239.0,14.69
695b3b57992d9247ea1b44bc6ec32978,1,81b454070eecf89b21503cd5d313aa57,eb4df17aed01d918c65f0f8d650900c0,2018-05-18 11:15:19,318.98,9.1
69727f8e9f934f9177e36f31d1865c2a,1,e070a61270050c4b1b704300f331cca6,66922902710d126a0e7d26b0e3805106,2018-04-16 04:10:18,56.0,14.47
699787f56da4a1d2e5ef4ac575681986,1,3ae88ae7de71731768a584f527dc1fb0,c6bda72e4dbf5c5866b13cb1810c6d03,2017-12-14 13:38:23,105.9,15.5
69cc23e617dbfab387624fc10fac7167,1,4d071a22b9cc548b64a75075a4c63151,131fcb0a0c9a47bba4474aacff0f14b7,2018-08-14 15:30:21,99.9,9.45
6a18a1eddac5656cac7e8bc4f06562c2,1,878c61936b5c51f321ac165750d97a0b,6a8b085f816a1f75f92dbac6eb545f8f,2018-01-24 22:36:25,16.9,11.85
6a276c227b7bb9659f04c271e30d381d,1,f6e0b7ccc34e4decc1b855f8da06a5fc,2a7dc43cecabf23403078e2188437d1d,2018-02-23 10:10:39,179.9,17.51
6a29f292d5b7ce8ed3760e8480da5f55,1,d7474b7ea7868cefdb2dba4e92345505,9f50216bfd01913736a55a11b55ea842,2018-08-24 18:49:53,79.0,51.27
6a3c03b4d8dd9b6cf04b7c09c5cf6627,1,cf5407ad3a5c603fa46d5c2613661a09,dd7ddc04e1b6c2c614352b383efe2d36,2017-12-13 11:03:43,29.9,16.6
6a5843185f8ef3ed2de016f4d88be0ec,1,7fb04722aba7a2b632bac8f9819796f3,f3b80352b986ab4d1057a4b724be19d0,2018-04-30 15:30:53,90.0,20.36
6a5c14e6b9a898873a371e04d2e8f4d2,1,7b52ce3d6635ac7eb9d2bbb3dc931843,582d4f8675b945722eda7c0cb61ba4c7,2017-08-04 20:10:19,42.95,15.1
6a5c14e6b9a898873a371e04d2e8f4d2,2,7b52ce3d6635ac7eb9d2bbb3dc931843,582d4f8675b945722eda7c0cb61ba4c7,2017-08-04 20:10:19,42.95,15.1
6a6c30136e870dc8e8338fbb826ee41e,1,c56fd76d4c3a8dacc3af588c1e06ff53,8fb791022c1fc8909664f48ab7dc636d,2018-07-11 21:51:44,1399.99,98.47
6a82abcbfecb37ea8663513f7c4bf302,1,cfce05163d94540468fd6c92c62fa5db,b347677812ea483b0f528eaf8cbc09b7,2018-03-07 23:49:01,449.0,51.85
6a92e66b9d3bd75efeb50c6494ede745,1,bf359473d58e90d8fc29bf8f3d282ea9,8090490573c6c0aa343a7231ebcb8c86,2018-04-26 17:31:16,48.9,15.23
6abcaedd175c7aa362cb758f3f728053,1,a7c73814e6894bc049f7aac7d37f7175,6f892e20a171e98efe17fdb971ff319b,2017-08-16 18:50:19,254.9,16.53
6acc8234fbe95cdf6e5e160bc5a23ad0,1,cf857bce01d442bb8631a548a4432def,7a67c85e85bb2ce8582c35f2203ad736,2018-06-15 03:12:24,179.99,27.34
6ad336dba0613cde0e5717f50dc8c669,1,ae52eeb8383b94455f0a08b1f88ad002,f457c46070d02cadd8a68551231220dd,2018-01-31 18:12:14,69.9,16.93
6ad40910813e5836d9698b103b222e65,1,5218770ee0cbcad0666569202deebc4f,b248792ac0b60ec3f93d80af1b4fae47,2018-07-30 20:44:16,38.7,13.57
6ad40910813e5836d9698b103b222e65,2,5218770ee0cbcad0666569202deebc4f,b248792ac0b60ec3f93d80af1b4fae47,2018-07-30 20:44:16,38.7,13.57
6ad7862e05692cc6d511bc83ee4669d9,1,db6796aa712a2626572bb3d0b9a039cf,4a3ca9315b744ce9f8e9374361493884,2018-06-20 22:56:03,52.9,23.17
6ae0348c0cca83cc28ca3bf25d9e60fe,1,ea2012e0b6ae52438a98f2c18108beed,4d6d651bd7684af3fffabd5f08d12e5a,2018-08-08 13:10:17,159.9,19.22
6b2f7dba402cf63ca207bbe2cc05ef67,1,ce582a7aa032280b20a5f169195202e7,d98eec89afa3380e14463da2aabaea72,2018-03-08 17:35:23,39.99,31.02
6b9ac2a31d647731d9523ae035f17dbc,1,2948658cb6abc82847412be7201bfc4c,955fee9216a65b617aa5c0531780ce60,2018-05-03 15:15:34,110.0,29.03
6ba0683fc45576a6050dfba5f9c41bb1,1,cc4c16052222d5347726b1af1bfe7462,8ae520247981aa06bc94abddf5f46d34,2018-06-29 17:51:07,199.99,19.5
6badfcc75dd97eb3cce25aa4bc7dd773,1,364db9e9154fdb4355992287afa4f774,7c67e1448b00f6e969d365cea6b010ab,2017-10-02 02:35:08,199.99,49.93
6badfcc75dd97eb3cce25aa4bc7dd773,2,364db9e9154fdb4355992287afa4f774,7c67e1448b00f6e969d365cea6b010ab,2017-10-02 02:35:08,199.99,49.93
6badfcc75dd97eb3cce25aa4bc7dd773,3,364db9e9154fdb4355992287afa4f774,7c67e1448b00f6e969d365cea6b010ab,2017-10-02 02:35:08,199.99,49.93
6badfcc75dd97eb3cce25aa4bc7dd773,4,364db9e9154fdb4355992287afa4f774,7c67e1448b00f6e969d365cea6b010ab,2017-10-02 02:35:08,199.99,49.93
6be9be082a8d228c8d43056cfce0c147,1,c6dd917a0be2a704582055949915ab32,7a67c85e85bb2ce8582c35f2203ad736,2017-08-21 13:04:18,99.99,11.9
6bef43b399ad748e06bfbd0a31efcfb9,1,a27e14cc902719125790cc967be45070,1025f0e2d44d7041d6cf58b6550e0bfa,2017-12-01 00:55:59,32.0,7.78
6bef43b399ad748e06bfbd0a31efcfb9,2,a27e14cc902719125790cc967be45070,1025f0e2d44d7041d6cf58b6550e0bfa,2017-12-01 00:55:59,32.0,7.78
6bef43b399ad748e06bfbd0a31efcfb9,3,a27e14cc902719125790cc967be45070,1025f0e2d44d7041d6cf58b6550e0bfa,2017-12-01 00:55:59,32.0,7.78
6bef43b399ad748e06bfbd0a31efcfb9,4,a27e14cc902719125790cc967be45070,1025f0e2d44d7041d6cf58b6550e0bfa,2017-12-01 00:55:59,32.0,7.78
6bef43b399ad748e06bfbd0a31efcfb9,5,a27e14cc902719125790cc967be45070,1025f0e2d44d7041d6cf58b6550e0bfa,2017-12-01 00:55:59,32.0,7.78
6bf16500099d133a8d085444083a6c90,1,1dee3524e3a91274c8255b3a31373ead,634964b17796e64304cadf1ad3050fb7,2018-03-15 04:20:35,49.9,22.06
6bfc71c2f11f45fc225b1e1476d0b6cd,1,47ed478ee7b2696c2c49229fcad56e98,afe0067131b73e40875c9b6c10bd2e21,2017-03-20 23:07:45,129.9,20.99
6c0537a01fc638909ee26a49faa4c8a6,1,9ec7999e5c743b8248b0e41e5cc4f47f,7722b1df1b0e383e000397b2c11e3e19,2017-12-08 17:32:04,39.9,11.85
6c5139dc6f51884e3aef7c8359d820c5,1,db5efde3ad0cc579b130d71c4b2db522,4869f7a5dfa277a7dca6462dcf3b52b2,2018-03-05 13:15:21,175.0,15.98
6c6e0980a0b7646b5ccc523ced08876b,1,7899001d8d8933d11d0f18ec5943f79e,c26ba52cf8d2f34915f2f6b7ffa0a3f3,2017-12-14 23:09:38,44.49,9.54
6cac20dcd1e9ad064b34d1148de9b9ca,1,0515b574204dff0dbdc5dac180f3df3a,aba1721a889e04decc910aa13b768ef4,2018-07-23 14:30:17,44.0,7.55
6cac20dcd1e9ad064b34d1148de9b9ca,2,8e74e3853aab7e70abf97b857562fee6,aba1721a889e04decc910aa13b768ef4,2018-07-23 14:30:17,39.0,7.55
6cd5b34948dea7baaf9c2dd4f429c611,1,bdcf6a834e8faa30dac3886c7a58e92e,2a84855fd20af891be03bc5924d2b453,2018-07-02 15:30:52,35.9,11.74
6cfa5243a13a7ea9c5b37fba140d4f9d,1,5a848e4ab52fd5445cdc07aab1c40e48,c826c40d7b19f62a09e2d7c5e7295ee2,2018-03-13 13:50:29,122.99,17.57
6d0e0e8907efa53405051c14ba17f58e,1,80d702d8e2231e25bee9d145c2c86b6f,0c7533c71df861ec58ad7ff999ed0e8d,2018-06-05 22:35:51,39.9,18.23
6d0f81ca5d316d5a79829a1cfaf85237,1,a4c27cf9767fe2b589251c764b891eda,620c87c171fb2a6dd6e8bb4dec959fc6,2018-06-21 16:19:33,289.9,23.96
6d182a625d3780efba31f2ad22cec6ba,1,29427de7f8a9ee983d9dbc51cec569b4,7a67c85e85bb2ce8582c35f2203ad736,2017-07-27 16:43:27,99.99,21.1
6d2d513c85c6b40a59a24c477959acdc,1,c0c4cfd8255da22de900ac9e613e2a73,79ed755314cfe6df0daef2c6cd3022cd,2017-10-10 23:35:09,119.9,10.05
6d6175b9c1b238c3d6b510b070f96ed1,1,d1c427060a0f73f6b889a5c7c61f2ac4,a1043bafd471dff536d0c462352beb48,2017-12-28 12:31:10,149.99,57.28
6d6491e68b2e416f68ec6e23e004d3a3,1,13a58c8c026b664e412003b4cbdc30a3,98dac6635aee4995d501a3972e047414,2017-10-30 20:49:53,9.6,16.11
6d6491e68b2e416f68ec6e23e004d3a3,2,13a58c8c026b664e412003b4cbdc30a3,98dac6635aee4995d501a3972e047414,2017-10-30 20:49:53,9.6,16.11
6d6491e68b2e416f68ec6e23e004d3a3,3,13a58c8c026b664e412003b4cbdc30a3,98dac6635aee4995d501a3972e047414,2017-10-30 20:49:53,9.6,16.11
6d6491e68b2e416f68ec6e23e004d3a3,4,13a58c8c026b664e412003b4cbdc30a3,98dac6635aee4995d501a3972e047414,2017-10-30 20:49:53,9.6,16.11
6d6491e68b2e416f68ec6e23e004d3a3,5,13a58c8c026b664e412003b4cbdc30a3,98dac6635aee4995d501a3972e047414,2017-10-30 20:49:53,9.6,16.11
6d6491e68b2e416f68ec6e23e004d3a3,6,13a58c8c026b664e412003b4cbdc30a3,98dac6635aee4995d501a3972e047414,2017-10-30 20:49:53,9.6,16.11
6d885151b431516792fbfc7d393c90cd,1,08a58dc963320d6073623382b9ceb920,8e8a7ce9f2f970dc00e2acf6f6e199f6,2018-01-17 17:16:30,129.0,34.7
6d8d761e59ad4c88b15467b203d3367e,1,404a57563d487aecbc2b1a01d9b89aab,4a3ca9315b744ce9f8e9374361493884,2017-11-29 22:28:33,220.0,38.68
6dab6db52d5bc33fff997ca478ef2f5c,1,ce9b5e2f3503d1142f9c9866db452633,d94ba08b99bedd6a5f6c875ecc4a6fac,2017-04-19 02:45:33,59.9,26.89
6dc5cd36ae0ca772e70e387e25f032e9,1,c10a7001e8b49dfc03817444b5f2ed81,056b4ada5bbc2c50cc7842547dda6b51,2018-06-19 19:18:04,129.99,16.01
6dc67cb39f917644a71c8f9410d6505a,1,8d219c7aa1a8032569bbd8c4ad515daa,4d6d651bd7684af3fffabd5f08d12e5a,2017-11-30 00:56:26,119.9,27.16
6dc82b96e967ee5e211d1690573f8de5,1,3006b8f5b476750a03137c1b2755cea1,06e5eefc71ec47ae763c5c6f8db7064f,2018-02-28 02:10:31,126.12,15.63
6dd1e9171ca5bf5283a7ba404d491d7f,1,3552627a68384dc559f0fd4cce173269,3c487ae8f8d7542beff5788e2e0aea83,2018-03-20 14:31:52,189.9,8.51
6dd49a48b361f1d0f6d8241dd029dd22,1,f1fe595ee7ef768b41bd9b246d13432d,81a1104df0f08b59c68aa5b03cfe398e,2018-02-21 03:06:59,99.9,16.95
6ddbe0f503c2940cf5d24e1d8efee655,1,61937887eb6ee0b405a5759756426486,bba3293d6f5d5af2f415e004e8b93ae3,2017-09-07 21:15:09,790.0,21.29
6defcba2f5df4f21c16be676addd3ce7,1,05b9a00b36b50edaea8de91b8c19fc22,79565f7d5603b24ddf07ade262547f2f,2017-05-30 22:55:11,89.0,12.12
6df5b7fa93966d4105dd318883a09a41,1,40f999464ef29d2a07cfaca1eea4c210,4e922959ae960d389249c378d1c939f5,2017-08-23 15:24:46,37.5,8.27
6e1c9b0136456e44d5b1d74c5abfae85,1,e57b2d6510f090860888171c76b42b21,ea846a0e7ad98a741783e886d89dfa44,2018-08-10 03:10:25,69.0,18.58
6e228f845ad0d104a3e3c343dbfd0c19,1,55ec10b39713ee81ee2c5bcb558cf866,e5a3438891c0bfdb9394643f95273d8e,2017-12-05 09:49:26,13.3,16.79
6e228f845ad0d104a3e3c343dbfd0c19,2,bac2d18d169f029e0721b8aca9c8f269,e5a3438891c0bfdb9394643f95273d8e,2017-12-05 09:49:26,13.3,16.79
6e25a89b2b006e7da0ff978bdcfe66db,1,86133a2151bd98a3ed2ad758709e6d1b,f27e33c6d29b5138fa9967bcd445b6d5,2018-08-17 02:50:25,54.9,15.48
6e25a89b2b006e7da0ff978bdcfe66db,2,86133a2151bd98a3ed2ad758709e6d1b,f27e33c6d29b5138fa9967bcd445b6d5,2018-08-17 02:50:25,54.9,15.48
6e4136c5ace9e2c496768e5f6e97abe5,1,aba86c093ccdbac75b09111d57e50004,7c67e1448b00f6e969d365cea6b010ab,2017-07-04 11:25:31,119.6,38.36
6e4136c5ace9e2c496768e5f6e97abe5,2,aba86c093ccdbac75b09111d57e50004,7c67e1448b00f6e969d365cea6b010ab,2017-07-04 11:25:31,119.6,38.36
6e810ea04c2e8b0bd5983f29be221d11,1,64187b994e1b15e6a59a6f72688fbea8,d921b68bf747894be13a97ae52b0f386,2018-05-24 01:57:18,233.0,14.75
6e98c6485a5b20c9644e1dd3125e40ed,1,775bca2cd0c1c8165c893062195f9429,575df70bde3f9f2b30bf8d2e9910d725,2017-12-28 02:11:19,325.0,21.51
6e9b3d5868d4efc61bfafde4d03c6ae2,1,55706d564fb262a790f8a7e5096f12ba,42b729f859728f5079499127a9c2ef37,2018-07-24 04:45:06,21.9,12.81
6ea05fe0bc7ce79a766cea430fb1ea56,1,6109d0cae3bcb57d579bc0fab6e61814,dbc22125167c298ef99da25668e1011f,2017-12-01 09:30:48,83.9,14.32
6eae3cf9505d45a6663aae819a2252e9,1,7ce94ab189134e2d3c05f496d635419c,8b321bb669392f5163d04c59e235e066,2018-04-09 23:10:06,13.65,7.39
6eb436e1a42af6f8b731fc54576181a5,1,389d119b48cf3043d311335e499d9c6b,1f50f920176fa81dab994f9023523100,2018-02-22 13:35:24,49.9,13.37
6eccf2d285566975653dcf25ec2f21ed,1,41170f223fcfb9220a82df1a646d5c43,5ee7fd217d08dfe5d3e2f51f96a12c9a,2017-06-21 23:22:21,149.0,36.55
6ecdb27739986bd7ba9b2817c39159e9,1,324c1045d038cd3db368aee137a3114d,79ebd9a61bac3eaf882805ed4ecfa12a,2018-03-07 02:35:30,14.9,15.1
6ed3f553337457d7804e8c39b580ce89,1,8a443635fdf9759915c9be5be2e3b862,da8622b14eb17ae2831f4ac5b9dab84a,2017-12-01 15:46:44,99.9,13.72
6ed97d236b7eb297787b4002f3efee17,1,513721dadfd93bcbce9da4d3bd67c06d,a478c7961d6a992065b24e63b366f90b,2017-05-15 08:22:06,125.0,16.63
6ef401cf776e0393085115618d39f6a9,1,7324c4b82393a004e3e38a7632d1bba2,d4ffeb15b67e81ff9af2b4252d99fb7e,2018-06-13 11:31:26,115.9,42.87
6f4452481a003461b40a81ffa3605ac6,1,c8dc26795ea2ee96f3fa57453cd7667e,718539d38d07dd351c76db862760e2e2,2017-06-12 02:30:20,12.99,9.34
6f45fec2b3df1efa2877044cda7a6143,1,5a848e4ab52fd5445cdc07aab1c40e48,c826c40d7b19f62a09e2d7c5e7295ee2,2018-03-20 12:08:56,122.99,15.74
6f51907687d51529d5d0a147cf761f0c,1,c9f715b64f3ef33d99418422fdacd013,850913d59ce317156b00f3705f1c3edb,2018-04-23 08:55:36,65.0,12.89
6f5e589af963263dc343906250c323ce,1,10717ff440b2320081989126e858b220,00ee68308b45bc5e2660cd833c3f81cc,2018-01-19 10:57:30,138.0,12.17
6f7167ff12cbdba10fcff1ad215166b7,1,2e830c73f28d3b8542af03cf2637dfc4,8b321bb669392f5163d04c59e235e066,2018-05-04 17:15:19,11.6,15.23
6f8c04e8edee74deceff537063bd46cc,1,40cb225d40f0acc7c8a2dc7b27176874,71592660bbcb6a4664e97b6f8b68babc,2018-02-28 10:39:12,244.0,16.46
6fa0c125ee7d870f6602c97e33d87bc5,1,70e0c10acc3dd72e17f2136ddb027317,ce27a3cc3c8cc1ea79d11e561e9bebb6,2018-08-15 16:31:14,31.99,15.32
6fd3f9bf79e48b384ee918cb691483ec,1,386486367c1f9d4f587a8864ccb6902b,cca3071e3e9bb7d12640c9fbe2301306,2017-09-13 02:50:27,113.57,18.04
6fe1a563bdf47496b8bba2d6c5149468,1,cb57bf79c8852724011a0b046b7a07c9,1f50f920176fa81dab994f9023523100,2018-04-24 12:31:41,49.9,42.76
6fe1a563bdf47496b8bba2d6c5149468,2,cb57bf79c8852724011a0b046b7a07c9,1f50f920176fa81dab994f9023523100,2018-04-24 12:31:41,49.9,42.76
6ffb3f1686bceae3466facf7e02ce3fb,1,c39071c6647a7c3e20d61989ec98c305,20cb7c2fde3e5bf10f0bbe7394e1c6a9,2018-01-29 21:20:27,16.9,15.1
701908713ef197558a29b03c00fa4ded,1,73b4a12b226263790a8726fac9f30b34,d20b021d3efdf267a402c402a48ea64b,2017-12-05 00:37:24,46.99,16.11
704be8bf8fd6f9246d75c2e09734cdf7,1,f7f9a91ba39234c9bb9c7b159806f4d9,6edacfd9f9074789dad6d62ba7950b9c,2018-06-13 09:52:58,32.9,7.39
70644768ae200b063d8fc6d47cc85ce4,1,d018c7ba1ccfa2cb5c49f3874ee36e19,903037660cf848a717166eb7a06d616e,2017-07-27 19:42:33,35.4,16.6
707ce3d3698a90d1ab9d9c2dc47223c2,1,2948658cb6abc82847412be7201bfc4c,955fee9216a65b617aa5c0531780ce60,2018-05-08 20:53:25,110.0,18.85
7090915026396fe970a03b8c4c6f0d95,1,9bc7d25a36d620cf449cfdebe3de132f,01fdefa7697d26ad920e9e0346d4bd1b,2017-12-14 17:32:25,57.99,13.43
709926b31b6288e322d926e2b93459b6,1,6a2961a3f5c85026ed1b3406a9ac27cd,3d871de0142ce09b7081e2b9d1733cb1,2017-08-31 18:08:17,75.9,17.78
709c6595b82e501a8c6a767b30aaefbb,1,4af81c9413dcb40e03e2a1bc15a6448b,525e75a6fb1454a2325ab1734bcec221,2017-07-16 23:43:19,49.9,14.1
70a186c8d58272cd86453ce487362fc2,1,1276de9d6e6200f71cfb172a76abf703,ead2bab70821ea148476ae9bc08548ac,2018-01-08 18:51:28,19.9,15.1
70dc1650fbe7679b733b3d80d3073765,1,617186c3d97ea56c9c683a8a3974e8c1,cc419e0650a3c5ba77189a1882b7556a,2017-10-16 14:25:01,84.99,14.34
70fe4499137ae8b063ffb41f3833c2b4,1,c10a7001e8b49dfc03817444b5f2ed81,056b4ada5bbc2c50cc7842547dda6b51,2018-02-05 00:15:03,129.99,18.19
710d9b541d2ae52ef56ef33f5e1b795c,1,4aa6014eceb682077f9dc4bffebc05b0,b8bc237ba3788b23da09c0f1f3a3288c,2017-10-03 13:56:24,279.99,28.28
711b9be9c346d9ecdb9d38a5e1e7e39b,1,d6f3bd7b1fc04fb1a2effb51ae44ab17,4b1eaadf791bdbbad8c4a35b65236d52,2016-10-21 16:33:27,189.9,12.87
711f88786eb588f0a5925cbc8282f3e8,1,1434a45fb0e95dd43f674ddff1df8ca7,cfb1a033743668a192316f3c6d1d2671,2017-10-04 00:49:13,159.9,14.14
7144ca093cbdecfdfc3e76d49da6ffb9,1,5c7dfdd3e6d851f08d3cfe8213747ff5,ead2bab70821ea148476ae9bc08548ac,2018-05-23 04:14:33,69.9,16.58
7144ca093cbdecfdfc3e76d49da6ffb9,2,f3d1c2c26a2b8f3398af192dfdef56be,d2e753bb80b7d4faa77483ed00edc8ca,2018-05-23 04:14:33,69.0,49.76
7147bfba27147cf06600e5a1577d3a4b,1,f7de1b16a0e8b8c65d0f3761e89d5f2a,e333046ce6517bd8bb510291d44f0130,2018-03-05 14:00:26,109.0,13.78
714d9fe4cfc8fdfedd10c4a30abd4f34,1,638a9114d65182d28b1cf8a99e72d90e,a4b8d97cd5d3674eeff96abc99d8ed67,2018-06-19 12:32:43,214.08,19.3
714e708f39c09ff4048aa43423ab2a0a,1,e57e360b85e2ef90b804521ee8e16909,5d3bb11474a06bdc23fb9e89f1164ee0,2017-09-08 02:45:53,189.8,12.83
714fb133a6730ab81fa1d3c1b2007291,1,a0b7d5a992ccda646f2d34e418fff5a0,95f83f51203c626648c875dd41874c7f,2018-02-01 21:58:39,69.9,26.11
715645f32042763c55a177d5460e0c38,1,b1acb7e8152c90c9619897753a75c973,cc419e0650a3c5ba77189a1882b7556a,2017-05-04 20:50:19,34.99,14.52
71603031182fa8f497b5bae069bb9361,1,0aabfb375647d9738ad0f7b4ea3653b1,37515688008a7a40ac93e3b2e4ab203f,2017-08-30 18:27:37,19.9,11.85
71603031182fa8f497b5bae069bb9361,2,6c3effec7c8ddba466d4f03f982c7aa3,37515688008a7a40ac93e3b2e4ab203f,2017-08-30 18:27:37,19.9,11.85
7166be578429d02a7a8b066cfd4a7969,1,fe406983ad8b9e20a5b18801f39ece27,2528513dd95219a6013d4d05176e391a,2018-01-02 16:28:08,78.0,9.36
717655141667e7ddd98d141db089030f,1,3514eab1c90b91adfa20380eb471816a,70eea00b476a314817cefde4aad4f89a,2018-05-04 16:53:04,168.0,37.55
719a96d91d44ae214ba638b02db33331,1,188c2b55dbae7df073f4f4a24e232ce9,04e38a233f726ef161074ab1c9b0399a,2017-11-29 23:31:37,19.9,9.34
71a0049f34d4d5b556c2194855da9771,1,c73628b1c3144b2e0c9c88072f21a213,3f995f07c49d0d55a99d5c54957f7d81,2017-09-21 12:05:34,139.0,12.18
71b3ddf23337fe1597d27c6af949d17a,1,0cb9f521598f339ad6e6b41e34a1b169,ea8482cd71df3c1969d7b9473ff13abc,2018-01-16 08:58:23,109.99,15.52
71c467da99c1f688a401a10d9ba6814d,1,3932e37f1f658768ac53fbe680f145bc,4a3ca9315b744ce9f8e9374361493884,2018-08-16 16:31:10,51.9,23.16
71f3711def0641f613b693af7bf61083,1,fe95eb948375116da759c8ef60295001,4a3ca9315b744ce9f8e9374361493884,2017-10-10 03:04:13,65.9,16.22
723941d77928846a4b2ec4612303bd25,1,c4b3162faf1aec728250f9355a476380,ea566164622c6b439516ab18062c42cd,2018-06-20 02:17:34,149.0,25.39
724b19e5eca8ec552146bf7904b4cbeb,1,cf5407ad3a5c603fa46d5c2613661a09,dd7ddc04e1b6c2c614352b383efe2d36,2017-08-17 03:04:27,29.9,14.0
724b19e5eca8ec552146bf7904b4cbeb,2,cf5407ad3a5c603fa46d5c2613661a09,dd7ddc04e1b6c2c614352b383efe2d36,2017-08-17 03:04:27,29.9,14.0
7264146dc0b366ab7e89b2f947bff7ef,1,483691880798b6f0f657c203494cfe3a,5a05a16bb50629ee31afab8a6d4c2674,2018-05-07 00:25:15,51.5,19.33
7282809524b9b429bb37460b46596293,1,5bd7e57735a44e529bf066fee83a9c60,609e1a9a6c2539919b8205cf7c4e6ff0,2018-06-29 12:15:29,59.9,19.61
7289e899d9083d1c93469d36a42d1dea,1,9e56753b5a372958503c899615659254,0725b8c0f3f906e58f70cbe76b7c748c,2018-07-11 04:32:19,28.78,18.37
7289e899d9083d1c93469d36a42d1dea,2,9e56753b5a372958503c899615659254,0725b8c0f3f906e58f70cbe76b7c748c,2018-07-11 04:32:19,28.78,18.37
7289e899d9083d1c93469d36a42d1dea,3,9e56753b5a372958503c899615659254,0725b8c0f3f906e58f70cbe76b7c748c,2018-07-11 04:32:19,28.78,18.37
728aef02244c36e1fc4ccfa9c0399c7c,1,5956cad5849f642bfdf5d50303952beb,4d6d651bd7684af3fffabd5f08d12e5a,2018-07-04 13:30:33,249.9,14.41
7296ad758e6c852b351261c5eb31bf51,1,4328139cbe9adde0aac493ca9871eab3,8160255418d5aaa7dbdc9f4c64ebda44,2017-11-30 20:37:24,66.9,13.49
72bab69c50432c6f94d8b50a5f84b69a,1,811ea06b526cf16fd375cbabb9b8a99f,f27e33c6d29b5138fa9967bcd445b6d5,2018-08-19 23:55:13,119.9,17.03
72be45eab146087612b9ee932e825574,1,dbedc5c46934d0708dd37cccef1c2184,cca3071e3e9bb7d12640c9fbe2301306,2018-04-19 18:30:32,108.82,19.73
72bee274b97b852ee7741bfa0b924105,1,24d95adbf4d5909e2353d0256eb3ab4f,dbb9b48c841a0e39e21f98e1a6b2ec3e,2017-03-13 14:10:09,109.9,22.7
72c1d87887d0b9a3965557013e74f543,1,81288df52439985f610be64465e53f57,54a1852d1b8f10312c55e906355666ee,2017-01-27 13:55:30,109.99,29.7
72ef7195413663ba7dbe40abbdf02617,1,b3a2e35138535549da5449d618352f46,6edacfd9f9074789dad6d62ba7950b9c,2017-04-18 18:15:09,57.9,11.8
733022e671d2bb3d8f678175a31177d0,1,85567ceb8a1521a09cdab785ab726b03,5f2684dab12e59f83bef73ae57724e45,2017-12-21 20:18:21,109.9,14.37
736813b41544d3ca0ed5d508802f4ca1,1,b0961721fd839e9982420e807758a2a6,1f50f920176fa81dab994f9023523100,2017-09-21 09:15:13,59.9,17.67
73863aca434e1d117e45109bea6f1937,1,650e39eebfbf781051ea573d02d0342a,ce248b21cb2adc36282ede306b7660e5,2018-08-01 00:15:14,1669.87,171.88
7388c6ff667e30b4ba78bdca9dccd818,1,423a6644f0aa529e8828ff1f91003690,e59aa562b9f8076dd550fcddf0e73491,2018-06-13 18:31:45,479.0,27.48
73aff38a1baa00056cd97d9a0e8e0c4a,1,617186c3d97ea56c9c683a8a3974e8c1,cc419e0650a3c5ba77189a1882b7556a,2017-12-13 04:11:58,84.99,16.35
73d5596cd40ea2ece8accb9b4e5fc938,1,c9845573653d06921e63975a8eca331e,ef506c96320abeedfb894c34db06f478,2017-11-01 03:08:51,28.99,25.63
73df19345d0de1ae473fdfd37070f16c,1,6cdd53843498f92890544667809f1595,ccc4bbb5f32a6ab2b7066a4130f114e3,2017-10-30 09:28:12,349.9,19.02
73e1aa6df2a82994c73c52e4f46f1043,1,bf477d995ee4444807afc574cfbcc1c1,de23c3b98a88888289c6f5cc1209054a,2017-12-01 16:11:16,59.99,15.18
73e1aa6df2a82994c73c52e4f46f1043,2,731599825523e54feea5f4678ca8f54f,de23c3b98a88888289c6f5cc1209054a,2017-12-01 16:11:16,59.99,15.18
73e1aa6df2a82994c73c52e4f46f1043,3,96ea4f32befa14bd8ab36fd6827a5e3f,de23c3b98a88888289c6f5cc1209054a,2017-12-01 16:11:16,59.99,15.18
73f38e238737fb52c78ba2002c2e9213,1,30ad9d2c8a8e788a606a6c23e07260a9,7040e82f899a04d1b434b795a43b4617,2018-05-04 15:10:04,24.9,19.04
742dbb1a78c6cd58266bd0ee8fa0c89e,1,5411e9269501a870cabf632f05655131,3d871de0142ce09b7081e2b9d1733cb1,2017-12-20 23:50:35,129.0,18.15
745e2506fb647deca4669e1c88ce9783,1,73f835584b88d706c12bb3e9298a733c,da8622b14eb17ae2831f4ac5b9dab84a,2018-01-26 13:50:07,74.9,7.19
745e2506fb647deca4669e1c88ce9783,2,8d944f9367ba7f153e0ab5b6dc7d063b,da8622b14eb17ae2831f4ac5b9dab84a,2018-01-26 13:50:07,114.9,21.58
745e2506fb647deca4669e1c88ce9783,3,8d944f9367ba7f153e0ab5b6dc7d063b,da8622b14eb17ae2831f4ac5b9dab84a,2018-01-26 13:50:07,114.9,21.58
745e2506fb647deca4669e1c88ce9783,4,8d944f9367ba7f153e0ab5b6dc7d063b,da8622b14eb17ae2831f4ac5b9dab84a,2018-01-26 13:50:07,114.9,21.58
748db62700c925a0db2c4b00ee25849c,1,306b0c58328826c0564cbc520787d508,7ad32824caee82087b3e2e5f33b1bf32,2018-08-28 11:35:18,89.0,23.42
75213e459cfe44a61c496c864e0a8c63,1,b532349fe46b38fbc7bb3914c1bdae07,1025f0e2d44d7041d6cf58b6550e0bfa,2017-11-30 22:54:34,32.99,15.11
7532f61a8fc7649fe822d89af2ff0a76,1,0aabfb375647d9738ad0f7b4ea3653b1,37515688008a7a40ac93e3b2e4ab203f,2017-12-21 18:13:18,24.5,11.85
754f7ec0dafafb537986302c08311dc6,1,ee44bbb5a0629d88932b9b6fbadc5354,b4ffb71f0cb1b1c3d63fad021ecf93e1,2018-01-14 23:47:30,30.0,15.1
75559e14f308f4ff08427c567ae0a370,1,888de7e3435c871d1020b85023328c5b,c3867b4666c7d76867627c2f7fb22e21,2018-02-16 14:10:30,138.0,13.99
75926452a6f0f64a617dcb3b3b35a96e,1,da1cfaaffa7720fe28f26f18d52f5ad9,0ea22c1cfbdc755f86b9b54b39c16043,2018-01-09 04:19:34,34.9,15.1
75e8542a91d9e76f206025e089a981f2,1,ffc9caf33e2d1e9f44e3e06da19085f7,b18dc380845b24038cfc48006478f099,2018-04-26 10:10:24,199.89,28.13
75f0605fdfa742b228b0d080be350b26,1,5dc33472f14252b3f6085048159c9b96,15aac934c58d886785ac1b17953ea898,2018-04-20 14:31:12,19.0,50.85
75fc2d6227460881589d526e733e0499,1,aca2eb7d00ea1a7b8ebd4e68314663af,955fee9216a65b617aa5c0531780ce60,2018-05-04 08:12:13,69.9,12.43
762e4a2e910d175a0fdabd749ae55d5a,1,47a3fbd41bb53db64dacc4562ba3aa52,cce6ab8d1682639fe45ab70234f1665f,2017-12-06 00:16:31,40.0,12.23
765442de6466c0bb079c22b8b20e0eab,1,8a330ba3cd34d650c45bce0fc21771ac,46dc3b2cc0980fb8ec44634e21d2718e,2017-01-13 17:50:06,349.99,17.66
76c077c302894d52a9cecbb6bc322b24,1,6bbe55cf8f85c87b6eebb775a53402f4,0db783cfcd3b73998abc6e10e59a102f,2017-05-09 11:50:18,99.0,11.3
76ccfd1f50385cff04dc3ba521500b47,1,8171a6838a6c6eec7d768990eb7ecd42,a3e9a2c700480d9bb01fba070ba80a0e,2018-02-01 16:19:25,30.0,15.1
76d5f81776bd863daf8fa0a5a59b7f9b,1,a62e25e09e05e6faf31d90c6ec1aa3d1,634964b17796e64304cadf1ad3050fb7,2018-06-26 09:20:32,105.0,23.89
76d5f81776bd863daf8fa0a5a59b7f9b,2,a62e25e09e05e6faf31d90c6ec1aa3d1,634964b17796e64304cadf1ad3050fb7,2018-06-26 09:20:32,105.0,23.89
76f27a60facc0c9b7ee8344eeb60c7a1,1,98fe8fcab3c57495e05a61bf5946f2a0,b2ac621f0d0322434d04a12b078b9369,2017-11-30 02:54:32,935.0,22.8
771b1c1071afb60efdf55afffd0ad25b,1,3cce0d166c3fb2507956c630c1d0f87c,95e03ca3d4146e4011985981aeb959b9,2017-12-07 12:57:25,79.9,15.32
773df75aea7caa830e319150c9e54c90,1,aa280035c50ba62c746480a59045eec4,fa40cc5b934574b62717c68f3d678b6d,2018-03-27 20:31:25,30.5,16.95
7743e2bae1581bacb82f160d1c69a54c,1,b9ac7314894a193a11fd3150f8c69307,edb1ef5e36e0c8cd84eb3c9b003e486d,2017-11-03 00:26:05,599.65,29.48
7772d2a6ca50ce99296982433145582b,1,ce87eb0f80420c505b53adef21bf93d6,5f3ae9136c875522250f8184f253413a,2018-04-19 18:11:55,39.9,15.23
777b4b0b8467866361a717d277ef1b1f,1,da051bd767b7457572d55aba23fd846a,6b3bd31ad8fcda4b2635ec9f3ff2ecdf,2018-04-08 23:10:16,69.9,24.62
777f517b51cac586a9532d1d8b596c10,1,f8328e9125f089a968fc6b36116c4bb9,0ef83d7d83ed97cd2a0049ac8be5f88a,2018-03-02 18:50:48,129.46,14.66
77810238ed0e20808a213bcdb0de6ae5,1,f102842fbe436027eeeb7fc76d3063aa,87142160b41353c4e5fca2360caf6f92,2017-09-13 23:43:42,34.9,18.89
7787da2148a7cb3d33fb258e674f8a3e,1,a94036c0bb4dfce8d5762777c07b7be2,8160255418d5aaa7dbdc9f4c64ebda44,2017-11-30 00:52:55,119.9,18.09
779b99958efa89d25b8c9a64164cdad8,1,91c82ace62e0ca1b69b1a45bcc214b45,4869f7a5dfa277a7dca6462dcf3b52b2,2018-07-02 00:31:10,169.0,13.84
77baa217632fcbf3656de4ec4a66b0c4,1,69455f41626a745aea9ee9164cb9eafd,7d13fca15225358621be4086e1eb0964,2018-05-10 02:55:14,185.0,19.17
77e9d2f71c740441b1fce48743b8e358,1,969c31fd56d207713e9475c051d984c8,3903c788ded8dc03b5ebab37a2f3e9a1,2018-07-17 14:30:15,49.0,18.49
78275af5c9a2f3d0e1d19f9f4bc62922,1,f41f2bc23bbc617dd7fe3bbe1168754a,f4db9b37944bcb8873e6b456ee190bbf,2018-08-21 10:55:21,79.99,9.31
782d3bc431fb7dfe50633f53fff4ac62,1,d00f6c52d2730de05fb409f09ab6e732,d9442042130b7fe579d1295f9f4a248f,2017-05-17 11:15:18,34.9,11.73
7853cfd26dee49109295b3e604567180,1,3ba2b0de14984ce8f072c58be8d701dd,a3a38f4affed601eb87a97788c949667,2017-01-26 15:41:21,104.99,20.81
7856cc6567e7f703152d17ff0c152e3c,1,42f25a7251d847a86c1849731bf166ff,7178f9f4dd81dcef02f62acdf8151e01,2018-01-30 14:18:11,179.0,18.82
78585e48819bf50518947925be68ab86,1,cbfe76ab27b6cb27aaafcc2199f9dab9,c3867b4666c7d76867627c2f7fb22e21,2018-02-19 11:32:21,189.9,20.21
7859b34c6e7f3afe12f010b2f1d997b5,1,cb92637d91f8267856d2143b6fc7bd9e,376a891762bbdecbc02b4b6adec3fdda,2018-01-17 09:53:31,55.0,15.83
78652a80b5afacab99c641f855a4b00f,1,c72934d64cbbd011b07ae48e528b35dd,8d956fec2e4337affcb520f56fd8cbfd,2018-08-02 17:00:20,27.95,12.86
787ae1110521f3a8bc19a7ac93b8c914,1,51f876eb62be778c757503cf7f8a3b74,f84a00e60c73a49e7e851c9bdca3a5bb,2018-03-15 19:35:50,9.8,15.23
788fdf598d5dbd1de9c4865b1b1824bd,1,25d035762df754b895cf8e847168409a,b494891378bd8f4560abe576c52deacd,2018-08-09 19:50:16,99.9,11.72
789be7af719fd7c9ac8ece69f76f876f,1,9f65cd1fc2c7cf6ad8bc3d8c038abe44,7178f9f4dd81dcef02f62acdf8151e01,2017-08-03 03:50:26,84.9,17.03
78c13513d30056e98c389d49a5634361,1,84c79830527ae823029ee6b904cf948c,8bb48dc19fccaa8613b6229bf7f452a2,2018-06-11 20:55:31,34.89,18.43
78e9bbe6fc21f7945284233b6be94154,1,746d236f81b4ae9d259030ace2833590,6ec1a01e866584bb679eb9b098345919,2018-02-14 11:50:35,199.99,18.65
78eccf94d43a3769c3eff6e740758c1d,1,bfd4d65a528678737bcb523e5a3c5f58,d50d79cb34e38265a8649c383dcffd48,2017-09-26 21:30:15,105.99,24.12
790e0b2139af1d5c7719c82db89f56d1,1,40eb3da673124832fdf8b3ee24215b95,aac51c486b672a9850d59f3e84b1cf88,2018-08-30 19:24:23,29.15,7.46
79286de1c26bd9ff41852780758aeb89,1,cdbda59a8f5cbd6a8020e6e2289b9960,dbb9b48c841a0e39e21f98e1a6b2ec3e,2018-04-19 16:13:13,49.89,18.23
7937987ff13bd22aa39304d525e1eafe,1,6eea749bfe9c1ab74295bad84d786e06,7e93a43ef30c4f03f38b393420bc753a,2017-11-30 13:16:26,899.0,22.05
79398f97f77a8ba43fdb4e00b1d44cc0,1,22633013199a5fbb2c0094a6e2802386,3d871de0142ce09b7081e2b9d1733cb1,2017-11-20 17:27:04,25.9,16.11
7958d9e7f3083099780539e0054d0c54,1,54d9ac713e253fa1fae9c8003b011c2a,955fee9216a65b617aa5c0531780ce60,2018-03-12 03:55:59,35.0,13.08
799236014ffd7f07bb4ab4172f2f9a56,1,5411e9269501a870cabf632f05655131,3d871de0142ce09b7081e2b9d1733cb1,2017-07-25 21:15:28,99.0,13.71
799e53347e276d82f68872b6741bf731,1,811f973313e8219988a69cc140c447f0,dd2bdf855a9172734fbc3744021ae9b9,2017-09-28 18:30:09,99.9,16.95
79d1b9fc8db94431a92d87a19439ecf5,1,04014f5d30de9dbe77b421f63985b5ef,e2c92f9c1c7746d899d18f2e158bbff7,2018-05-21 15:15:28,80.0,13.0
79f9a48657445e95909801ea6a7e44a3,1,f9b0ee95ce8b1ef8b50eecc5e0fa4348,9b013e03b2ab786505a1d3b5c0756754,2018-08-28 19:10:26,28.0,11.22
7a0256c1bbed2e05c3c312f6b89aba71,1,bd6e6fce9ada76ea2db0f1912e8e478f,1835b56ce799e6a4dc4eddc053f04066,2018-08-14 00:30:17,56.99,19.59
7a0698ce87fc4cd3e171e7361f0bc0b5,1,88fb259945a739dec6cdd001e2cbad55,634964b17796e64304cadf1ad3050fb7,2018-06-26 13:21:08,120.0,18.94
7a2c45e504da96aebfc8a8268e49b920,1,b59b5899ecf4bcc294a72fdd48adaa94,562fc2f2c2863ab7e79a9e4388a58a14,2018-05-02 11:30:42,29.99,12.79
7a53fed7f9006ef9325efa365e6a1992,1,15994dc9c5505e5feb9780945ed1cc8a,8e29d051f810eb22959ede205b462b9f,2018-06-15 14:17:34,299.9,146.3
7a7375f58149053d599aae579288fd96,1,59f09deeea7c839a9212a19f3416b892,729f06993dac8e860d4f02d7088ca48a,2018-05-04 18:30:56,379.9,68.61
7a7d2c889e27d93b2005462a8788e168,1,f6fe388c9bfc145a2790437f1e4888d9,dc8798cbf453b7e0f98745e396cc5616,2016-10-10 15:57:05,24.9,10.96
7a892f60ab55f0706eb2386da59a4849,1,d1a7965ac8d6ae62c9c1984434227cb6,87142160b41353c4e5fca2360caf6f92,2018-08-23 12:30:42,69.9,23.29
7ab1a9babde2a1355e3075d07ea895e3,1,bdc3291ab242ec1effc8eb0987850268,dbd66278cbfe1aa1000f90a217ca4695,2018-05-17 04:30:40,26.9,8.29
7ab64f42a8f9ab290e920eed320d7e60,1,abe236a52dbc43e90bad00fe6d794582,6426d21aca402a131fc0a5d0960a3c90,2017-05-25 02:35:18,59.9,16.18
7ae08d7647a19235b8c81f7769a1714a,1,a880fc1c1a8af0fbd7f9bf9b4e51870f,4830e40640734fc1c52cd21127c341d4,2018-01-08 19:37:27,45.0,16.11
7ae97f48d1e1624e8baae4a3faee4837,1,93a12c289ca2b78e7069e469f5053ef2,88460e8ebdecbfecb5f9601833981930,2018-06-04 19:49:43,138.9,17.47
7ae97f48d1e1624e8baae4a3faee4837,2,93a12c289ca2b78e7069e469f5053ef2,88460e8ebdecbfecb5f9601833981930,2018-06-04 19:49:43,138.9,17.47
7aec44a29db806091272db5aeb0007d4,1,81d34fb425382e189529a619f8f2c077,6338ea67c41078a46ad99cc009654956,2018-03-21 20:08:26,11.9,18.23
7aec44a29db806091272db5aeb0007d4,2,81d34fb425382e189529a619f8f2c077,6338ea67c41078a46ad99cc009654956,2018-03-21 20:08:26,11.9,18.23
7aec44a29db806091272db5aeb0007d4,3,81d34fb425382e189529a619f8f2c077,6338ea67c41078a46ad99cc009654956,2018-03-21 20:08:26,11.9,18.23
7af55e090c72474dfc02e91b82ed8c25,1,685919d3ededc26c0ec078b32241025a,855668e0971d4dfd7bef1b6a4133b41b,2017-11-24 15:33:19,50.0,11.73
7b1ac4e60f6fa1bcc21cbd258f6ea1bd,1,3822a27bc32b4e20694f1819c6d6e7ec,4a3ca9315b744ce9f8e9374361493884,2018-06-14 12:12:53,107.5,13.19
7b2c820a0c74e5a87489ee2463ae2492,1,66077cc774ac8ba7c7fcb45fd8e03474,01cf7e3d21494c41fb86034f2e714fa1,2017-07-11 17:38:20,89.9,17.88
7b4dd7a1e967f3c305574c48bf4045f5,1,f6fa93875f4a7dac03e0a22143f4d815,391fc6631aebcf3004804e51b40bcf1e,2018-07-17 11:26:36,49.95,18.45
7b69c36bb030670f6cdf3f18ef627824,1,28beefcab28e6a3b659bae1bf1cbe453,18a349e75d307f4b4cc646a691ed4216,2018-04-23 19:35:18,25.0,14.44
7ba66cc7f94f613ad60852e42e42e7e7,1,c3f6113d5b61bc95468432072b27e23d,897060da8b9a21f655304d50fd935913,2017-10-15 23:25:46,18.9,15.1
7bbf1280be83a8ea2790e7b3a5aab7e6,1,880be32f4db1d9f6e2bec38fb6ac23ab,fa40cc5b934574b62717c68f3d678b6d,2017-09-25 03:30:38,44.9,17.63
7bbf1280be83a8ea2790e7b3a5aab7e6,2,880be32f4db1d9f6e2bec38fb6ac23ab,fa40cc5b934574b62717c68f3d678b6d,2017-09-25 03:30:38,44.9,17.63
7bdcc37d1c5c4c392f14375e50a41a04,1,6814dd9a0fcc3213534377d08d8a24fa,004c9cd9d87a3c30c522c48c4fc07416,2018-03-30 18:30:21,82.99,23.16
7be469d9b115e2a08cf56be2d9250b8c,1,a5341e3f8155dbb3e62323d3ea289729,ff063b022a9a0aab91bad2c9088760b7,2018-02-15 12:55:53,93.0,17.07
7be469d9b115e2a08cf56be2d9250b8c,2,368c6c730842d78016ad823897a372db,1f50f920176fa81dab994f9023523100,2018-02-15 12:55:53,49.9,18.62
7be469d9b115e2a08cf56be2d9250b8c,3,368c6c730842d78016ad823897a372db,1f50f920176fa81dab994f9023523100,2018-02-15 12:55:53,49.9,18.62
7be469d9b115e2a08cf56be2d9250b8c,4,368c6c730842d78016ad823897a372db,1f50f920176fa81dab994f9023523100,2018-02-15 12:55:53,49.9,18.62
7bec0ef2b65e6c75fc082d823d0a59ca,1,ae52b85c8712696950e9287398316251,83b08de96980757220871b31bf6cffca,2018-01-19 16:55:50,69.9,25.04
7bfaace314d5c68160cbbb20c50b1438,1,a5341e3f8155dbb3e62323d3ea289729,ff063b022a9a0aab91bad2c9088760b7,2018-06-12 19:30:20,93.0,21.73
7c01abde845d563a594a467b6a2afb67,1,ceb25e5f3be12c14a1c69bd9e9e0f67f,7299e27ed73d2ad986de7f7c77d919fa,2018-04-26 11:30:46,57.99,18.29
7c0ed8940b941dd6795dbdf0eb639195,1,2b849e71ada03a262ef4338a7abd8b79,f8db351d8c4c4c22c6835c19a46f01b0,2018-06-18 04:15:15,104.9,12.46
7c204785100c09c72acb28ef9a1f2fe2,1,b3cf0a98f31b76ed0cec13d9c77102c4,1bb2bdb95f4841f1bba2c0d2cd83d3c9,2018-06-22 11:01:45,27.93,8.36
7c6146547d5509c612ec26867d1cd47b,1,6cdd53843498f92890544667809f1595,ccc4bbb5f32a6ab2b7066a4130f114e3,2018-07-05 21:31:40,364.0,69.69
7c6b6a9c3d77dcb56f9d216b3edbb1a9,1,c9e536daef57f35f9bf12642ef857287,ae8bfdbf1c2a2a2dee92d799db0a31c6,2017-02-19 08:34:07,89.99,17.37
7c91c3456c73201bef537307835f6ac4,1,a78e2e8f49106bb2123fe7541fa86640,ea8482cd71df3c1969d7b9473ff13abc,2017-10-26 07:45:15,21.99,7.78
7c94a691cda1b50778849a3e52d45dfc,1,bb42f37fc3d9130e4a4339d24a47dd7c,da8622b14eb17ae2831f4ac5b9dab84a,2017-12-01 15:19:13,44.9,15.1
7ca78299e5ac08885988b1cc259d16a9,1,7dc0fd89c290eb0b3e5253d19be59f6f,b416191c9813d821a295cfabafff4161,2017-08-07 04:23:52,58.9,16.17
7cb6e4af5a197f3923e8c8358ca71f0a,1,b51119656391080bf4b0c2bb98b0f704,f1b93673502375d491780bb49d615dbc,2018-07-24 04:43:56,365.93,33.95
7d11acc91c9f1986270f23fbf9c93e4d,1,1b979ed0acbd0350ce3aaee840601644,d91fb3b7d041e83b64a00a3edfb37e4f,2018-03-12 04:50:31,66.7,22.18
7d265b674601988f57e127c10abba93a,1,4dc44f95ece9249f0e50d10542ca6c03,fa1c13f2614d7b5c4749cbc52fecda94,2018-04-02 09:15:24,388.9,20.6
7d3636cf3c3e12cd619c2ba47773c24f,1,7ce94ab189134e2d3c05f496d635419c,8b321bb669392f5163d04c59e235e066,2017-12-26 09:50:55,13.65,15.1
7d37719edab33266657f56d6739b837e,1,3dd2a17168ec895c781a9191c1e95ad7,de722cd6dad950a92b7d4f82673f8833,2018-07-31 09:44:16,149.9,23.77
7d71b84967ce50629f24530e64ba7938,1,793a96e3c85c5553d7a9ab25dcf370d3,c35affa65afd250151285c5917fc1c8a,2018-05-16 22:15:20,499.99,69.17
7d7bf3ee337c36ce012762da5f28f53a,1,4d7ccacbf7d2dd3e566cf5f149fb92e8,897060da8b9a21f655304d50fd935913,2016-10-11 12:14:46,153.0,17.3
7d8cd4ac1b0c3a31fddc3198d69fc133,1,18b0e642cbae7251e60a64aa07dd9eb9,85d9eb9ddc5d00ca9336a2219c97bb13,2018-08-30 09:29:41,22.32,22.88
7da4df77f0a4adfa2546db02ff7f23e0,1,ca0439ecf23442fd24fcaf4c62b85ed5,d379f449f2a3b271bc01c0782020f705,2018-02-22 20:30:36,149.99,31.8
7dfc0c4ee8e0efa633fe97c0409da2ea,1,077599a82ee54960bc4f4c941b0d1359,900ba814c251a692506d7834c1218441,2017-11-30 16:14:34,125.02,18.13
7e03ea2749db964d64386d5ba76cad36,1,5113c9a5037013b0a750444df6dec60f,54a1852d1b8f10312c55e906355666ee,2018-08-13 23:10:11,109.99,30.57
7e27277184720891692df939d3a7b048,1,e70d8bce868310111ec36d96f6d80a9c,b561927807645834b59ef0d16ba55a24,2018-08-06 22:31:35,63.0,15.54
7e2dddf174cc4d2768bf39c43ab2bd7a,1,e41a6ac2f57a273eb0d214c7cbab5db9,a7f13822ceb966b076af67121f87b063,2016-10-14 05:54:52,129.97,29.38
7e441aaf6e4a5f2985bbe36be6e59208,1,8db26005b17d1f7e2e8b3ab829051790,00fc707aaaad2d31347cf883cd2dfe10,2018-02-20 14:29:18,77.0,16.98
7e441aaf6e4a5f2985bbe36be6e59208,2,8db26005b17d1f7e2e8b3ab829051790,00fc707aaaad2d31347cf883cd2dfe10,2018-02-20 14:29:18,77.0,16.98
7e4465ad21a49af2c190e90895c3edd4,1,ffa5d8273d8e03363bb4014de3f89dce,66922902710d126a0e7d26b0e3805106,2017-07-03 12:05:19,70.0,14.22
7e772cb45f952aa56139d1cce1c308dd,1,a55c51c1c5ef5e5d891b75fe02c21582,186cdd1b2df32caa72cfb410bba768d3,2018-08-23 18:04:22,49.65,23.15
7e80537703a1b61bf60fbc4d67e0d641,1,19c91ef95d509ea33eda93495c4d3481,06a2c3af7b3aee5d69171b0e14f0ee87,2018-07-20 15:04:12,122.99,53.21
7e95334097aff5b45c6ff379ab492cf3,1,41b4baff1ceec845ba126eaeb07efa4a,86ccac0b835037332a596a33b6949ee1,2017-10-26 16:56:25,31.32,16.79
7ea0402bb982f8ff37a8a8ef5adc4786,1,adaf53b4c04b9aca88c0f5c9ba4c3880,16090f2ca825584b5a147ab24aa30c86,2018-07-26 22:45:06,129.99,9.07
7ebb465e553544cd857833f5421c456b,1,1b1bde24cbdf36a390e1abd717b2f7b0,d2374cbcbb3ca4ab1086534108cc3ab7,2018-03-22 02:50:44,19.9,12.79
7ec4063a8ed5b8e7ab1b7bdd7951ffa9,1,ed5122a6a757a4fea8f32a6fb95a5135,00ee68308b45bc5e2660cd833c3f81cc,2018-04-23 13:51:13,110.0,11.39
7eddb5687b87b586fd0b69083ad64b43,1,7f72a8900b3d2fc8fa2635b7836d6e6e,5f2684dab12e59f83bef73ae57724e45,2018-02-21 23:31:13,89.9,7.88
7ef2e75823b06b05aec1e71f3b2b22fa,1,914c9e9af640dd56f48764a225b00f89,7c67e1448b00f6e969d365cea6b010ab,2017-09-21 07:05:15,89.98,30.47
7ef689cb709f1d6e42a9f52a93e2da25,1,2423252b2432f1803e4f29e0974c6cf7,5f2684dab12e59f83bef73ae57724e45,2017-12-15 12:51:08,169.9,18.44
7f126ce314da7b5c37034cc7b24873a5,1,fa7be99321f2dbb1e518d2139ccb1d39,54a1852d1b8f10312c55e906355666ee,2018-03-21 03:15:51,59.99,20.99
7f3a98ba983d8671d25c8cbcae5e9ee1,1,dceb3f67aef3484498a7caa4ba50f484,2fdde51ad3e12f297da656d4fbd5d0b5,2017-05-02 20:10:15,449.0,36.51
7f52fe36580dffc15fb684d226b12f32,1,54a96160126877c6a5cd30bfd35831e3,2e1a7d075abe038c1b2743005fe42ff1,2017-09-18 17:45:23,65.9,16.71
7f724def94965291ea5556ad34f72a3a,1,817e1c2d22418c36386406ccacfa53e8,624f4ece8da4aafb77699233d480f8ef,2017-11-01 15:49:34,159.0,31.86
7f81d8bccb5531846cd177fd590ab260,1,22a8168cf1f1c6347da8d29863b7f75e,612170e34b97004b3ba37eae81836b4c,2018-07-24 15:25:23,293.9,9.64
7f8627b25121727150b46207617a168a,1,4fad4b56635e58d6f0534f39b5614512,63272377184e969942f7fff221be858d,2017-05-24 22:55:18,79.8,39.49
7f9df823add120adeb81bec9c2c421a0,1,99a4788cb24856965c36a24e339b6058,4a3ca9315b744ce9f8e9374361493884,2017-09-28 18:44:28,89.9,16.26
7faf8b9448b66f4a3ac98a312b3e7609,1,c7a3f1a7f9eef146cc499368b578b884,ba90964cff9b9e0e6f32b23b82465f7b,2018-05-14 17:30:44,979.0,39.11
7fb2f6ef625bf7ef303f984bd8cd2267,1,595fac2a385ac33a80bd5114aec74eb8,289cdb325fb7e7f891c38608bf9e0962,2018-07-24 19:05:11,118.7,15.93
7fc9cfbe25b5e0d747a0b4ca5678aaf3,1,7a10781637204d8d10485c71a6108a2e,4869f7a5dfa277a7dca6462dcf3b52b2,2018-03-29 20:31:46,219.0,24.11
7fd35dbb2e6b19af4c9e7814a650597d,1,46ffa04dbcbc5783861687bf69fc4f85,8a432f4e5b471f8da497d7dc517666e2,2018-05-03 11:12:49,64.0,18.33
7fd922efa924f2c7b4f65128901590fc,1,86c43103446290e7efacad3701cd654d,6560211a19b47992c3666cc44a7e94c0,2018-07-02 21:11:15,35.0,7.51
7fe1044f8a2fca89a6cc85fead509a72,1,5809b7fd257b16bbd9bdf9507931673a,d57e18d5f73c7ccb7f7339b61166898d,2018-04-26 07:30:41,50.9,8.88
7fe2184e6a2c80fe87a7ec1008364829,1,9ddd762ee8a13576a809dc66f22aa2b5,da8622b14eb17ae2831f4ac5b9dab84a,2017-10-20 16:08:18,219.9,17.17
7feef5128350d0b84c9b26309b475e8c,1,632921e8d6c6b23ae47ff20950a56854,b39d7fe263ef469605dbb32608aee0af,2018-08-22 19:10:40,129.9,15.22
7ffcf0c67ae44cd430cf6dae850cb79b,1,e80a0c4b0bb3f2f171f0fe8360513d90,891071be6ba827b591264c90c2ae8a63,2017-07-19 23:30:13,29.99,14.1
800b8ee7ba7b89e615910b52e4b2f4f0,1,bb42f37fc3d9130e4a4339d24a47dd7c,da8622b14eb17ae2831f4ac5b9dab84a,2018-02-12 15:28:36,44.9,15.1
802a16d8b5c3a74a38cf9216f429c469,1,b70722d88b1dddd6ecbb159db90faf61,a218df5c097b0ca409cfaac1488cc7f6,2018-05-30 18:31:31,14.9,12.79
804e5ddab73def7d5e86b8ae6f27e83b,1,0105b5323d24fc655f73052694dbbb3a,2138ccb85b11a4ec1e37afbd1c8eda1f,2017-06-22 03:33:11,129.99,26.19
805bde3649dd9d348ea3b77004f1c6d5,1,23384f296aa1bf6461d22912093a9847,891071be6ba827b591264c90c2ae8a63,2018-06-15 02:54:37,20.0,7.39
809c4ebcc270057a021dc813195717e3,1,22560e21f2b8afbeb6939cab114839f3,876182d1918783bbe15233febfbd4926,2017-05-29 02:30:31,58.38,11.91
80cc0c2852de298dd40b80a78677f13e,1,138dac44dc568cd36c6f1d1e5e181d5d,f8db351d8c4c4c22c6835c19a46f01b0,2017-11-08 16:30:35,36.9,12.48
80d0ad65de53f6ff0e3ebcbc52d3b3b8,1,0bcc3eeca39e1064258aa1e932269894,1f50f920176fa81dab994f9023523100,2017-12-29 02:51:03,59.0,19.65
80de3fd8e8d43a2f1c9b9561e8c2ff4b,1,bfb85a2851757334da980ac9893a6261,e5a3438891c0bfdb9394643f95273d8e,2018-03-02 10:31:04,55.3,8.11
80e834c250ad9420643210e6f3b5bd37,1,6c936d19c8369a0133f91638147d81db,d2374cbcbb3ca4ab1086534108cc3ab7,2018-07-30 10:31:56,19.9,12.8
80f2ad91eff25a16d7c2f14250d84274,1,f4f67ccaece962d013a4e1d7dc3a61f7,8581055ce74af1daba164fdbd55a40de,2018-02-05 15:31:58,229.04,33.89
80f2ad91eff25a16d7c2f14250d84274,2,4fcb3d9a5f4871e8362dfedbdb02b064,8581055ce74af1daba164fdbd55a40de,2018-02-05 15:31:58,143.8,23.31
81039bb5e28d76cd6757558d5800a617,1,d3450bc0d7d9c8a11a079aa78614e3f3,e5a3438891c0bfdb9394643f95273d8e,2017-10-09 02:23:24,9.8,12.35
81039bb5e28d76cd6757558d5800a617,2,26a2bba56daa3e3b02eca0780176efd2,272f092de69afedd4d2969440b37f18f,2017-10-09 02:23:24,69.9,3.53
81111cf83100722b6a554323c86a10b8,1,65906875895d4c8ba11779d8bd5b1270,e96498ed8daaa3e9c23f7a62da76591c,2018-02-13 11:11:10,172.2,19.75
812086848825c140a1472472a845a774,1,8b5227e28272123eefd613a10ffd7704,2eb70248d66e0e3ef83659f71b244378,2018-06-06 13:30:55,489.0,10.29
8135d95a571b0c0529ad5624a7f72ddc,1,53b36df67ebb7c41585e8d54d6772e08,7d13fca15225358621be4086e1eb0964,2018-07-02 15:57:54,119.0,18.93
8136bf2406388feb89749d0801840cbc,1,ec2d43cc59763ec91694573b31f1c29a,1c129092bf23f28a5930387c980c0dfc,2018-04-12 10:55:14,47.9,16.32
814f83a0c457db5d3220e5e7367a944d,1,a298a105818dce6878b787e4af6cff7d,e26901d5ab434ce92fd9b5c256820a4e,2017-05-15 18:10:09,79.9,14.31
8193580d95dea97d43937711060b2846,1,a5215a7a9f46c4185b12f38e9ddf2abc,53243585a1d6dc2643021fd1853d8905,2017-11-17 02:55:59,1340.0,51.79
81939d40c8467167b0946455d61ca8a7,1,aa8dbe0ebad6906e9253479e1027185e,dc4a0fc896dc34b0d5bfec8438291c80,2017-04-12 16:05:25,54.9,11.77
81c2d284094f3b39baddefb519a30149,1,a02d0123079f4ae96001ba2010d1a2df,1025f0e2d44d7041d6cf58b6550e0bfa,2018-03-09 02:11:18,250.0,69.9
81e59ee7e0269d15ff2b3c7dc8377f3e,1,456e335c5d854e2e4be306f7029cfe75,d4e4b5192cba4e0e66eb12a9d347239d,2017-07-28 20:03:09,10.9,16.79
820c39d59fdb0ec31f14070eabca7a15,1,77fdeb8d4f7502f75b6779205f30a875,3b872fd4747f01cc56206f2934198618,2018-06-06 13:31:11,139.99,89.43
820dae5229a9c2f6d7cfcf9e327c46a7,1,0d9374142ba86a7c22357ea192bcfde6,276677b5d08786d5dce7c2149dcce48b,2018-05-04 15:31:11,63.9,13.59
820dae5229a9c2f6d7cfcf9e327c46a7,2,0d9374142ba86a7c22357ea192bcfde6,276677b5d08786d5dce7c2149dcce48b,2018-05-04 15:31:11,63.9,13.59
820dae5229a9c2f6d7cfcf9e327c46a7,3,0d9374142ba86a7c22357ea192bcfde6,276677b5d08786d5dce7c2149dcce48b,2018-05-04 15:31:11,63.9,13.59
8219ae90c37589227838ee62848266ca,1,fdd84aefb08c8f8225e0b8c97429d53b,94144541854e298c2d976cb893b81343,2017-03-30 16:42:37,59.9,16.12
821c1b3c87d17a24efad81096bee5f09,1,9f6e8441548dd40516cdb98f1b29c3d5,92c8bc6e8f925792247656fed09aad65,2017-10-26 17:49:28,124.9,13.43
822430c455b49b1714466db2a15f4322,1,aae9610f8843fbe3931dadce56c0ac94,5bffbafbb22daf6d3bfc216a46db8708,2017-04-28 00:45:24,958.99,32.21
823bfedb2c6c0e1d98750d4d7fb3c1a0,1,576327798e521889c9a2b63d732cfcef,9b013e03b2ab786505a1d3b5c0756754,2018-04-02 03:35:15,19.49,12.79
82546b6c4067f92f498a1cf281dd791e,1,2b4609f8948be18874494203496bc318,cc419e0650a3c5ba77189a1882b7556a,2018-04-11 22:28:55,79.99,8.91
828b618008ee0b34f4648124668023f0,1,d1c427060a0f73f6b889a5c7c61f2ac4,a1043bafd471dff536d0c462352beb48,2018-02-08 18:35:26,149.0,40.37
828cb23d35630c92b140ab22ff23c485,1,2b4609f8948be18874494203496bc318,cc419e0650a3c5ba77189a1882b7556a,2017-11-02 22:28:15,89.99,16.39
82a914d5f7af95901a18ef83b388bd4f,1,233284251960ee2c45f3bc9e68731630,8e6cc767478edae941d9bd9eb778d77a,2017-06-20 13:30:26,21.86,17.6
82b9b991770e6880a10a11c5a29da6d4,1,259a24ea2a742082c43dd2f5ce116b52,05f51e13da97139648b8125c31e5f51b,2018-02-15 18:55:24,45.9,14.1
82d48f3eb08cf0beca3cead1f85f525a,1,f731f8587d4088c174397e010cf892a9,cc419e0650a3c5ba77189a1882b7556a,2017-08-29 12:10:15,56.99,14.15
82d8553c3dd123ec5e37807edc69fc76,1,57e089e3103f5cda6a4ce23b77399bdb,aafe36600ce604f205b86b5084d3d767,2017-07-19 02:50:14,59.9,16.99
82f67231caceb165dadf21bcc8f0ee72,1,c099dea24256de1aa15369a19d7c9712,04aba03279157f6d4e0fe8ccaf21963c,2017-11-23 14:10:28,298.0,18.4
830f2dd158e996fbc6d363d90978d530,1,3f3695c50cf443bfc1058ce0c8ab6a46,8b321bb669392f5163d04c59e235e066,2017-12-26 09:50:43,13.3,16.79
83170393ec3a57a446d28e0b5fe1f232,1,70ee0739ffd7d0eab9ceed83eae56374,218d46b86c1881d022bce9c68a7d4b15,2018-03-01 02:09:08,63.0,25.28
836f9b5adb4fe06d8980fb71fa06b691,1,8ea2105f9dac119565ef0138ad05f6fb,2bf6a2c1e71bbd29a4ad64e6d3c3629f,2018-08-15 19:45:16,1199.9,22.56
83812118bb682267a9880ea1b261ac4b,1,eba7488e1c67729f045ab43fac426f2e,620c87c171fb2a6dd6e8bb4dec959fc6,2016-10-11 10:12:10,249.9,27.91
83832d7a696d54e9e32347d7cc7df962,1,d1c427060a0f73f6b889a5c7c61f2ac4,a1043bafd471dff536d0c462352beb48,2017-10-19 04:36:34,149.99,23.85
838539a55877b06f3f297a3a0b7f46ca,1,c697e67e0129d1836951f781a913cb4a,1835b56ce799e6a4dc4eddc053f04066,2018-04-27 12:30:42,53.99,18.25
838539a55877b06f3f297a3a0b7f46ca,2,d9e7d13814ea50f9ae1f612ef6b3a1f1,1835b56ce799e6a4dc4eddc053f04066,2018-04-27 12:30:42,53.2,18.25
8391a032db0a71458e548af0b6e9eb8e,1,bb50f2e236e5eea0100680137654686c,f7ba60f8c3f99e7ee4042fdef03b70c4,2017-10-02 21:07:26,325.0,10.47
83a748270a134df5ad432092f4e26e4d,1,dfdb2655c564597331d2197ac771b2c0,4e17c65a516f69d023a2ae78b84f28d6,2018-07-22 21:30:21,138.9,8.44
83a748270a134df5ad432092f4e26e4d,2,9373355c0da0bbda1d469b3504731ccb,4e17c65a516f69d023a2ae78b84f28d6,2018-07-22 21:30:21,199.99,8.45
83bb596248fd091d99fa8d5aadde8fa7,1,98190f6a2c3253d07ca86525bb238162,dbd66278cbfe1aa1000f90a217ca4695,2018-06-26 00:55:54,72.0,32.8
83c1379a015df1e13d02aae0204711ab,1,b80910977a37536adeddd63663f916ad,d50d79cb34e38265a8649c383dcffd48,2017-09-05 15:04:16,205.99,65.02
83f24bbc4f76a2730ba9c9cfa32e6d07,1,765c417cdc38443aaa558a0159a98591,d1b65fc7debc3361ea86b5f14c68d2e2,2017-05-05 09:25:08,209.9,21.55
84152c38452eb1dec5ddae4198266724,1,4d8de1d60513d0a0d3665dbde171be1c,bb5bd94c8f59cc050072d2930c869cac,2017-06-20 10:50:26,69.9,15.24
841a1c15177c6184088d268bc0f263f4,1,0b48dc720b9a40d75ce14eda10be0922,715bbd5ba4e6b74cb0d2f29eb45058b0,2018-03-01 09:28:18,139.0,27.29
842f46cb12e63f6ed6e5266efd2959ce,1,fa93c0bb0bce886ddae9cb218afb8033,ef0ace09169ac090589d85746e3e036f,2018-04-13 13:51:04,99.9,34.69
8484c5fe4c5e00deaa868795d62d1db9,1,596dd8bfc1289b4336ef857ffb960d47,3c487ae8f8d7542beff5788e2e0aea83,2017-09-20 02:50:31,429.9,20.29
8490980aaf59839a601c4184474b9220,1,4413a608a42bd21bbf9d5abbd58c249a,7ddcbb64b5bc1ef36ca8c151f6ec77df,2017-11-01 13:49:27,146.99,13.58
8497feec743d70689576b2849a5ae95f,1,9867ef342d95bb4f9b6ebf39bad864f7,2d2c62bef4c8ba0dd74e0e228e808539,2018-01-23 22:29:52,95.0,12.17
84b1048a4e9d46efbb9e5a65c973cd11,1,7d6bf2a74c5881cd8f7159032ad593e7,ab3e0c171fe84a7ba7de130f19cfb485,2018-04-11 19:15:07,119.99,22.55
84ce3bfa332a0a5e57045f91f6dce21e,1,d328462624ad874c591813fcfadbf1a0,3b15288545f8928d3e65a8f949a28291,2017-08-04 00:36:41,110.99,16.41
8505cbf7005b6ec865878f42abdb291a,1,c0704b7b41d23540e8576c5e84484dcb,729b2d09b2a0bdab221076327f13d050,2018-02-22 19:10:25,34.9,15.1
851edd7bad3021e86dd7fa72e9a5688a,1,fe077ec80df6b4ee60bb4498d5ab1962,87142160b41353c4e5fca2360caf6f92,2017-07-24 16:35:13,149.0,16.48
852fab0ef8986c549194d5959498f160,1,c450c2e066134b9a836264ba72586ff6,5656537e588803a555b8eb41f07a944b,2018-07-12 04:30:21,14.89,7.71
8531a53599c482d78f5eab067187c7fd,1,bee2e070c39f3dd2f6883a17a5f0da45,4e922959ae960d389249c378d1c939f5,2018-02-20 09:28:13,180.0,16.01
853bcc471d6ed0eb620a497023eb9fa6,1,b9732f4c0f20039130f5ff8cea1c2cb3,d4ffeb15b67e81ff9af2b4252d99fb7e,2018-05-30 14:31:54,95.0,43.25
854f58d1737ef431b98a28f2149a7125,1,6b3c88110203820df52c762cd2d2e80f,25e6ffe976bd75618accfe16cefcbd0d,2017-12-11 09:27:14,65.5,9.34
8553cd91f67faa93fd2aa45148bcc3c8,1,d41a23bd2bc3ec10cfffc66c0611a290,391fc6631aebcf3004804e51b40bcf1e,2017-06-08 11:02:59,24.9,12.69
8564eda5247ce8353cdf36e0ccd2f2c7,1,ccadfeab525a9eb1569983b66e5075c4,33576ec5412fb5905d876f12f33bfde6,2018-04-02 20:50:36,89.0,27.68
85b1e09d7a230790544ffb86902bf77b,1,b8a0d73b2a06e7910d9864dccdb0cda2,620c87c171fb2a6dd6e8bb4dec959fc6,2018-06-13 11:50:12,69.9,8.82
85b1e09d7a230790544ffb86902bf77b,2,b8a0d73b2a06e7910d9864dccdb0cda2,620c87c171fb2a6dd6e8bb4dec959fc6,2018-06-13 11:50:12,69.9,8.82
85e3fe590f151c833f6a8a7e21983712,1,9dfb2984ab775b6175202b9e9e678641,4830e40640734fc1c52cd21127c341d4,2018-04-13 20:30:21,50.0,19.04
85e414384871e93a0c457ccf0b0d68b8,1,6a2909ac21d16b721e4795e7e8ff3e68,0509040ea3fe50071181bbc359eb7738,2017-12-13 15:31:57,23.8,15.1
85f8ad45e067abd694b627859fa57453,1,09ff539a621711667c43eba6a3bd8466,8b8cfc8305aa441e4239358c9f6f2485,2017-02-03 21:40:02,1934.0,27.0
85f8ffb0071e850ecba540ba938f32a9,1,a7566c5565bf286a5c8fb48387d97bb8,620c87c171fb2a6dd6e8bb4dec959fc6,2017-03-22 20:04:07,289.9,16.2
8624c1e28cde5fd7175aa2e87e03d494,1,5c5585c687a0293f10bb748c13cacc71,0b90b6df587eb83608a64ea8b390cf07,2018-02-20 20:50:34,69.0,12.61
862510fc0a355d6cfe5c4add63ae9566,1,3e19791ee3fa124c96da5a87616794ac,e2c92f9c1c7746d899d18f2e158bbff7,2018-08-09 16:15:21,161.0,84.0
864a3b3cc4c7ea1045528ea46f1848e9,1,242edc6b84c00f0d48c664a020a92c52,6cd68b3ed6d59aaa9fece558ad360c0a,2017-10-11 08:43:57,54.9,17.95
864c35df1adf744f8b1aed55f947f192,1,0c71252f37443403376d2008034a7240,f5f1f2c5f923f36ad79ea1d07185ddc9,2018-03-26 03:30:55,115.9,13.25
864e3fdc082c07a108b48b135caf761d,1,1adcf68b3225c66329bed63fc288933f,218d46b86c1881d022bce9c68a7d4b15,2018-07-10 13:12:00,50.0,18.45
867323864f390e786132fb596893b398,1,a298a105818dce6878b787e4af6cff7d,e26901d5ab434ce92fd9b5c256820a4e,2017-07-12 21:05:13,79.9,14.31
867a96f5ffe70eb3e90140ff7c81cfc6,1,407729653f67fdfa6e588c6b0853edd7,ef506c96320abeedfb894c34db06f478,2017-11-01 08:49:19,25.99,17.63
8683ae8607ec5fd83805116545a82385,1,aaff2ae684debfeafcf84e22e46e12d9,cee48807215b30a12ca2ca10ffb5f250,2018-06-20 02:30:40,39.9,19.32
86a864127a2656c4b4b742ae4a67bc1e,1,5d4259625c11acce3dcc39c169037a9a,fac35d150712afb921ec59ac5f39bb11,2018-06-11 03:31:10,114.0,14.88
86b6e717cea86f8854d74e5b1df23e95,1,4914f8796af2ecd359fd8f44b9b92339,c826c40d7b19f62a09e2d7c5e7295ee2,2018-02-22 01:07:49,49.77,14.1
86c8daa5f37e9b3e6b4cd745c6ed0a61,1,6609d9a71a607da16750629d52615b9e,f80edd2c5aaa505cc4b0a3b219abf4b8,2018-01-30 15:31:45,28.9,16.6
86d6fa41b6c66125efbca077e4eb2d6b,1,1d4de03a6141ce2a2ae5a97f51cabb37,7ad32824caee82087b3e2e5f33b1bf32,2018-03-20 11:00:36,199.0,13.83
871785b214cc8a90e501c4a4200f25e4,1,6fd82d8f842424334fedf31190e54d24,6560211a19b47992c3666cc44a7e94c0,2017-11-29 19:29:05,55.0,7.78
8734de190473a38f024d7d620012510b,1,e5cac955339b48ea3b9773f034623e29,fa1c13f2614d7b5c4749cbc52fecda94,2018-08-21 23:55:14,178.9,13.91
875c175eb6577637f9001b99dc54a7e1,1,84777fa5b1c62e5e495240dfd0b2f24a,7c67e1448b00f6e969d365cea6b010ab,2018-08-13 03:45:18,166.94,23.88
87625edd5358ed519f479259e703b1fa,1,72a2153c4d20cfbcdb7f75d9c39f5814,994f04b3718c2bab35c2adfa8afecd2a,2017-12-26 23:53:26,69.9,9.34
8798b3a8e3d4a597bcde0dab8ad1de17,1,341687b53eae81d74a13127e8e23bd0a,4d6d651bd7684af3fffabd5f08d12e5a,2018-04-10 13:10:03,119.9,20.18
87b11e8650942d90851905d1bebae8d1,1,a6bbf1a7c24a6047e499f1374648d824,1acde099eb406aa220b1169b188b42da,2017-09-25 08:05:56,16.9,15.11
87b11e8650942d90851905d1bebae8d1,2,4fa87eb0a7d3d0e774828565b1b8020a,1acde099eb406aa220b1169b188b42da,2017-09-25 08:05:56,16.9,15.11
87da0bebd85724d8dc20289da550ce1b,1,1cf0c9095608952cb1c65c4789946375,b2ba3715d723d245138f291a6fe42594,2018-03-08 14:08:43,39.9,15.11
87da4e556d02332032278169c291d571,1,16ed6a6e3fce23b741650437fe58d65b,e5a38146df062edaf55c38afa99e42dc,2018-02-01 14:50:29,89.18,9.44
880835c91a5227560bdb8d0f45c60579,1,96aca2f53bcaed6f466449f7fb18ae75,ffff564a4f9085cd26170f4732393726,2017-03-15 03:33:21,79.0,17.98
88130f20a472f28fcca9dd5d50358820,1,b846c1b90a30689a98f530aa20edd424,76d5af76d0271110f9af36c92573f765,2016-10-10 15:44:28,399.0,48.49
8872e48bafe00195f92e3a6f1d81bfbc,1,c5fb7fbe39f4e09e048ffbc5b28db49a,612170e34b97004b3ba37eae81836b4c,2018-08-10 02:15:16,49.9,22.28
887b522c355bcd896b5168f84a11e6f0,1,bc7783fa09789dd5984d2c9213413a97,94144541854e298c2d976cb893b81343,2017-10-25 12:56:28,229.9,15.36
887b522c355bcd896b5168f84a11e6f0,2,bc7783fa09789dd5984d2c9213413a97,94144541854e298c2d976cb893b81343,2017-10-25 12:56:28,229.9,15.36
8881dc280b8de23e6913aaee6bf61bb5,1,d1c427060a0f73f6b889a5c7c61f2ac4,a1043bafd471dff536d0c462352beb48,2018-06-15 18:55:58,109.99,63.92
889ea351c8a3773acec1c4652d87a9c1,1,7f72a8900b3d2fc8fa2635b7836d6e6e,7299e27ed73d2ad986de7f7c77d919fa,2018-05-16 20:13:19,64.99,18.33
88b09d34d523862ed31c57b3c3b310e3,1,17823ffd2de8234f0e885a71109613a4,46dc3b2cc0980fb8ec44634e21d2718e,2017-10-12 23:30:55,269.99,22.73
890c646ac2f95965fe8b02b81cfcdc5b,1,d017a2151d543a9885604dc62a3d9dcc,6560211a19b47992c3666cc44a7e94c0,2018-08-07 13:04:10,49.0,7.6
893164a028d4c803fb8a597327b48488,1,7b35ccd93a2184646c03b70326626923,d05ae8f7a5bd1d2a690a44cd079e4e27,2018-01-16 16:36:00,179.0,16.0
898a3c6ae100548e40cb528dd26df687,1,4ecb2783e8ddc82d12ff22a32b7490c2,e9779976487b77c6d4ac45f75ec7afe9,2017-06-27 10:10:15,99.0,9.44
89bed55dd88d035e3b1b2489862e53cc,1,ae6b739ab6e9d7991fb2ddd70f9c0b6b,53e4c6e0f4312d4d2107a8c9cddf45cd,2018-01-11 17:12:22,42.0,17.6
89cb4134e0fefa08caaca5c92dce938a,1,1a080577618e7fe4d9ddd8fb2b47a964,b33e7c55446eabf8fe1a42d037ac7d6d,2017-12-29 09:13:21,619.0,15.83
89d0eb869dcc92ab2efe63169f5b65ce,1,c1343b2f78e0f750b57cb917529039ee,fcb5ace8bcc92f75707dc0f01a27d269,2018-04-25 02:32:01,30.3,7.39
89d6544684b9cbacd492feb38abe4fe7,1,18c0b4a4150176a977ab587d549575e9,fa1c13f2614d7b5c4749cbc52fecda94,2018-07-03 12:09:27,588.5,54.84
89d9b111d2b990deb5f5f9769f92800b,1,94cc774056d3f2b0dc693486a589025e,1da3aeb70d7989d1e6d9b0e887f97c23,2017-11-03 17:10:09,13.99,7.78
89dcf119ac3433da8745b713ac6e1e4d,1,b0961721fd839e9982420e807758a2a6,1f50f920176fa81dab994f9023523100,2018-03-09 17:20:25,53.9,20.99
89e2bc56c561f718d762250d9d6eb0bc,1,4c5cc632a68ce10ff22b58b5b8c8b8f3,a3e9a2c700480d9bb01fba070ba80a0e,2017-08-02 20:25:20,95.0,17.92
89fda551a6bc59c3a9d868a580cc6ca6,1,ba80c9f47a84d1e08465f72e22930c83,f5f1f2c5f923f36ad79ea1d07185ddc9,2018-02-28 14:55:34,116.0,12.31
8a15d9098e2b9a4a791e07691801bd9f,1,31639956e7fac87ecfd9d608040638bd,aac29b1b99776be73c3049939652091d,2017-02-06 13:32:21,64.9,15.66
8a302d5e7a9bf8493bce42dd0d629643,1,90f39a309a8c05fa7aa4ef02178059cb,b2ba3715d723d245138f291a6fe42594,2018-01-18 21:49:14,289.9,17.79
8a5631237c1d8626971f2867b25c076e,1,b29c1749f99da888ea322a01420d5220,403aa86912527d730337ffcb0fb096ab,2017-05-18 15:02:41,889.99,22.8
8a5fcb4314afcbf3906bd354138b674b,1,f12a26f5ddd49ba9e1bf0ec9d0239326,b499c00f28f4b7069ff6550af8c1348a,2017-10-13 02:28:31,29.99,9.09
8a723730400b508cbf47fbef4a76ec8e,1,5858f45c20fde7d7e49af37a2166635a,b56906f7fd1696e043f1bcce164c487b,2018-02-22 13:46:36,60.0,20.91
8a9c9e6f36131fb108495efe07936f02,1,81ad2aebdd010001ccb2bf579b5ad94c,17a053fcb14bd219540cbde0df490be0,2018-04-26 13:31:21,179.9,24.55
8a9e16e628ff47d5e3cd022089c9082a,1,15d0beee06988a8a3a98717582e478e6,c3867b4666c7d76867627c2f7fb22e21,2017-09-28 01:44:35,149.9,12.55
8ac52bf45b719c91c665c11e5696f199,1,d86408ff5f272d41f18d18f8cbefa1a3,f45122a9ab94eb4f3f8953578bc0c560,2018-04-26 15:31:29,195.2,39.66
8b1be6fcc4f86f65c9f71a73ed439f05,1,ddebc97ddf43a9787d1ee7012e394ccc,05ff92fedb5be47920fea08e501238b9,2017-02-24 16:18:50,598.4,41.76
8b4bf0534cfd5d9ebd380e8ac3df9c24,1,7a33d7a1a85cb7db38bacbcc212a6013,a06c8ff043abea0528ee44171e2140a2,2018-07-06 17:11:01,19.8,7.88
8b5a2d60eee784b4c2f3c6d1f6e8811c,1,e53e557d5a159f5aa2c5e995dfdf244b,0b90b6df587eb83608a64ea8b390cf07,2018-02-08 13:30:12,89.3,25.91
8b888647a2115442e3a034d649699df7,1,f9088946a1127f1713187e8d1e0921c2,ba6b68b55fe8704377a7d43c8e5c0185,2017-06-08 14:42:21,79.99,16.81
8babefcbfff85cc907e0ec86e9f0ffd8,1,a285f1c6ce025a045e87b7cf90df1a1a,8e6cc767478edae941d9bd9eb778d77a,2017-07-18 02:10:56,36.9,17.92
8bbbef97d763f4dcf2e12cc5b5e0cee6,1,e671b914e8cc916b75cecb4034143e31,acce39e832338debb07b02385cde5967,2018-08-03 16:15:22,106.9,47.8
8c0d3e155b9fbc9742ec0200abbc6c6f,1,0b814a3c8fa6dbb849df7c28c1bd6831,3ade81dab5a172b88e1871c28ae05260,2018-01-18 01:07:43,185.0,25.6
8c389c12aa23b689926d20a01729206d,1,fb55982be901439613a95940feefd9ee,3d871de0142ce09b7081e2b9d1733cb1,2018-03-14 20:28:46,79.0,14.64
8c43035f1afa3fca88c0514d32ff70f7,1,389d119b48cf3043d311335e499d9c6b,1f50f920176fa81dab994f9023523100,2017-09-28 02:25:43,59.9,13.44
8c43035f1afa3fca88c0514d32ff70f7,2,389d119b48cf3043d311335e499d9c6b,1f50f920176fa81dab994f9023523100,2017-09-28 02:25:43,59.9,13.44
8c58b2a5e9f75210cd15eae77b7441f4,1,21a95b5525c6d658ff4e5e1b50f7c02d,46dc3b2cc0980fb8ec44634e21d2718e,2017-09-08 04:05:32,149.99,15.81
8c64ba171311b3312bd880905b8da534,1,cac9e5692471a0700418aa3400b9b2b1,7ea5bfa6c340f58f8e71fc1f0412b0d6,2018-04-24 14:51:13,99.49,23.2
8c78d01de3a9009e23d6877a7cc9be20,1,2b50a33b93e3b489f648b9166a62e13d,391fc6631aebcf3004804e51b40bcf1e,2016-10-12 18:13:45,59.9,6.8
8c78d01de3a9009e23d6877a7cc9be20,2,36696562bef043d7e07305d62baf5ca7,391fc6631aebcf3004804e51b40bcf1e,2016-10-12 18:13:45,159.9,23.12
8c7b47a875c412c4303eefc88e9d92c9,1,5c692818d313aa12864b48ac0c2472c2,6560211a19b47992c3666cc44a7e94c0,2017-10-10 20:49:32,29.0,14.1
8c8d824536e2e08f134637875b9154ba,1,bed48285a1d145ff8ca0ac0d77496ba3,37dd29b36c458d82f74a953c40c43645,2018-04-12 17:35:19,758.73,93.76
8cbc1df0d0a62f36bd6de6496435e51c,1,3dd2a17168ec895c781a9191c1e95ad7,de722cd6dad950a92b7d4f82673f8833,2018-05-07 02:30:49,149.9,25.18
8cbe9120736aad9c8fdbf431bcd16e5e,1,c0e80f6b9babc428416eb1700c01e245,9d4db00d65d7760644ac0c14edb5fd86,2018-06-12 15:31:44,29.8,8.82
8d24e39cc7ee4017efd53c88a131b000,1,44815c128303d654f94d021e47b0764f,1e47defeeadeca0e9a18fa5a9311e735,2017-06-19 12:03:59,96.8,15.43
8d40f6aeb11aa6d03d17b3fa59b14fbe,1,a7e5875c2fdf2682ee0e6ae1bdb5b137,de23c3b98a88888289c6f5cc1209054a,2018-06-12 12:21:44,169.0,19.06
8d7ec00a7df1f84149ee7f5ea8a73c41,1,74850f45482382bc80f8000b2441d5b1,7ade73f1b9b4e965f9009a4c3a7e2c15,2018-08-16 13:25:09,99.9,19.89
8d8a1fb20cc3bcbed0c51fd0c70bc538,1,e53e557d5a159f5aa2c5e995dfdf244b,00fc707aaaad2d31347cf883cd2dfe10,2018-02-14 17:35:28,88.6,18.81
8d8a1fb20cc3bcbed0c51fd0c70bc538,2,36f60d45225e60c7da4558b070ce4b60,00fc707aaaad2d31347cf883cd2dfe10,2018-02-14 17:35:28,89.15,15.3
8d9a9808c4a5546adb15d524d6ab2e91,1,dc9f66a56b89e4278d921898a861a29a,8d92f3ea807b89465643c219455e7369,2017-02-01 16:44:35,3.9,10.96
8da23e61aecf8f2c23c49d53c6d16d40,1,06f756df8d80309915285f3ee6ea1059,b1a81260566c1bac3114a6d124413f27,2018-08-03 02:50:31,129.9,15.21
8dbdb81783a3c754dc9441826510a36a,1,1954739d84629e7323a4295812a3e0ec,7aa538dd6e114e503a2e6154ea352253,2018-08-16 15:10:27,102.9,14.3
8dc26b80bce71bfaf67ee6cccc4a141c,1,99a4788cb24856965c36a24e339b6058,4a3ca9315b744ce9f8e9374361493884,2018-02-08 13:31:48,86.9,16.24
8df2feeda535c3b57a1e8fd9bbb9e95c,1,154e7e31ebfa092203795c972e5804a6,cc419e0650a3c5ba77189a1882b7556a,2017-10-24 16:56:24,23.99,15.1
8e037d22abe0755825b4a5bd17135b23,1,121f7f44c9e25be4873ca9296542ebd3,6b90f847357d8981edd79a1eb1bf0acb,2018-06-28 13:30:52,65.5,15.56
8e4f9161e403e220dee5b8eb22f0a3c2,1,5457c026a643626249213e1e39c31d10,a888faf2d1baececa6baf9c3d603ee1f,2017-11-06 18:07:03,259.9,19.39
8e60a511ac30aacb9ded963801a906af,1,64fc6010136aa59736e148c404e77a54,213b25e6f54661939f11710a6fddb871,2018-06-14 16:55:21,79.9,7.72
8e60a511ac30aacb9ded963801a906af,2,232a5adb0fc1881bbfeb03560c639c31,213b25e6f54661939f11710a6fddb871,2018-06-14 16:55:21,39.95,15.43
8e60a511ac30aacb9ded963801a906af,3,232a5adb0fc1881bbfeb03560c639c31,213b25e6f54661939f11710a6fddb871,2018-06-14 16:55:21,39.95,15.43
8eac09785112ead8f11813bff461fa91,1,422879e10f46682990de24d770e7f83d,1f50f920176fa81dab994f9023523100,2018-04-25 15:55:18,53.9,0.0
8ed46f28f884bd76db1f8d95fc27a5f4,1,fa1faf99691e04a296f0f8d11c58ac24,55c96925041a14097b6a7825554f4ad5,2018-01-23 11:30:51,31.2,35.67
8ed46f28f884bd76db1f8d95fc27a5f4,2,fa1faf99691e04a296f0f8d11c58ac24,55c96925041a14097b6a7825554f4ad5,2018-01-23 11:30:51,31.2,35.67
8ed46f28f884bd76db1f8d95fc27a5f4,3,fa1faf99691e04a296f0f8d11c58ac24,55c96925041a14097b6a7825554f4ad5,2018-01-23 11:30:51,31.2,35.67
8ed46f28f884bd76db1f8d95fc27a5f4,4,fa1faf99691e04a296f0f8d11c58ac24,55c96925041a14097b6a7825554f4ad5,2018-01-23 11:30:51,31.2,35.67
8ee530ebcd1df2efa8f0f5b08ef3beb7,1,98e0de96ebb0711db1fc3d1bad1a902f,f27e33c6d29b5138fa9967bcd445b6d5,2017-10-18 04:00:11,299.9,19.73
8ee530ebcd1df2efa8f0f5b08ef3beb7,2,0bcc3eeca39e1064258aa1e932269894,1f50f920176fa81dab994f9023523100,2017-10-18 04:00:11,59.9,15.79
8ef7f8c19a00b45667841442d36ad903,1,b1d207586fca400a2370d50a9ba1da98,1ca7077d890b907f89be8c954a02686a,2017-12-21 19:38:28,149.0,8.3
8f0057f230f19e9f7ad1a5566ef6a980,1,fff515ea94dbf35d54d256b3e39f0fea,93dc87703c046b603023e75222018b45,2018-07-31 11:03:55,818.0,20.83
8f3c52ba80c75571b11705b0405b8696,1,4c1bbc12438daec98a77243c2bf7a3ba,7c67e1448b00f6e969d365cea6b010ab,2018-03-30 03:31:29,136.99,51.82
8f48df24381903f850d1c20b035f4a86,1,0db04bfc9ca0d0dc2c530e7f2d023160,870d0118f7a9d85960f29ad89d5d989a,2018-02-22 21:15:28,34.5,17.97
8f4dff9c7bdbfd26aee6064637637f24,1,060f0122cdc8f25db4a0d7359fdae7b0,6560211a19b47992c3666cc44a7e94c0,2018-08-07 11:04:09,49.0,7.6
8f5c0b7943a43043c30c4ed2cc43fda3,1,e5ae72c62ebfa708624f5029d609b160,9c0e69c7bf2619675bbadf47b43f655a,2017-07-17 18:55:20,61.9,8.27
8f91b7a70604c68b017c9f0f74149c1c,1,c3e34cbfe33021ebcb984bc07aef6b73,f7ccf836d21b2fb1de37564105216cc1,2018-03-22 15:15:32,34.9,19.32
8fd10b4326b26a7131022cf8f659abef,1,bf53d80c6cb1cbf63ba17e2175d521a5,c6bda72e4dbf5c5866b13cb1810c6d03,2017-12-13 02:15:19,109.9,25.32
8ff88873f03f1912c00741f8e5ae6c79,1,75d6b6963340c6063f7f4cfcccfe6a30,cc419e0650a3c5ba77189a1882b7556a,2018-01-31 02:53:02,56.99,14.15
9028ef4088169735678d41597586d167,1,cac9e5692471a0700418aa3400b9b2b1,7ea5bfa6c340f58f8e71fc1f0412b0d6,2017-11-28 21:29:44,129.99,17.48
9029ce944e85e8fd1f64bd03d9a36b9f,1,44a6af14e39124bee07dc2eb2df39a54,f789d2c4f2c2eb38fc4373e7a4b35264,2018-06-27 22:58:18,59.99,18.52
905295157bd28424f6c3139dcde920aa,1,f9ce5e5592c6836c379b156a1b043684,8f2ce03f928b567e3d56181ae20ae952,2018-03-07 15:10:24,89.9,16.26
90656a29c767bd72285cc656d21c0d51,1,ddceb6eef6af67e9fbbd4c148dbe5fd9,ceaec5548eefc6e23e6607c5435102e7,2018-02-06 13:50:18,215.0,22.0
908c80ba9160e9d87007015b15aada39,1,17061c6ca6aaab457074d9f12c1882e6,7142540dd4c91e2237acb7e911c4eba2,2017-10-27 20:14:16,59.9,25.29
909fe8229847328fa7b5fa59b253ba25,1,e2600770da5cfd446d3e971c1d41b44c,080102cd0a76b09e0dcf55fcacc60e05,2018-08-13 14:30:16,69.9,15.59
90a2ae3a8c450a4b8baba2fc8eb0fa59,1,9fc98e39f04be8e382d8aa5e259f5489,d2374cbcbb3ca4ab1086534108cc3ab7,2017-05-11 11:45:07,47.9,10.96
90b3ce1268706ec7923743d5867f26a1,1,4e11734666acc305a4649de43f0bd181,7681ef142fd2c19048da7430856b5588,2018-04-11 16:55:34,599.0,26.51
90b3ce1268706ec7923743d5867f26a1,2,4e11734666acc305a4649de43f0bd181,7681ef142fd2c19048da7430856b5588,2018-04-11 16:55:34,599.0,26.51
90e4a419d8ab272d501cbed937d46920,1,86c43103446290e7efacad3701cd654d,6560211a19b47992c3666cc44a7e94c0,2018-05-02 09:55:11,35.0,12.79
90f6194c9f26e2f8d1f955c7bf4c5f5b,1,4293865e4ead3d446609086b4cfedb4f,da8622b14eb17ae2831f4ac5b9dab84a,2017-08-25 18:55:14,119.9,13.86
913677abacbcdc2b2f18b3ec362a0cdd,1,b6467b14d837634f4e04f6f0698e7bd3,4aba391bc3b88717ce08eb11e44937b2,2017-04-17 03:45:22,109.0,25.25
9183260cf469f329e0804feccc1cf0f4,1,2bb3e85f2a403543fdb64e266e70c792,76d64c4aca3a7baf218bf93ef7fa768d,2017-12-12 22:31:07,329.9,67.4
91b6cbbbf1622738a27f04f25306a6d6,1,8cf9973ba86ba4067dc5de39d247c47d,c8b0e2b0a7095e5d8219575d5e7e1181,2018-02-08 00:13:24,209.99,14.02
91bb03327725cc7058e5890bc6afda69,1,68b92c941d4052c59ba87c2b2824bfa8,b39d7fe263ef469605dbb32608aee0af,2018-08-28 13:05:06,159.9,15.43
91e6838f3091d5ea8d82bc61a52b5d58,1,920840f7899b13c467d223950c89e9e9,7a67c85e85bb2ce8582c35f2203ad736,2018-05-22 16:58:23,29.99,13.71
92067448c4d19cbdc8e0f8dd683e63b8,1,eb8c629f70275fd1c4f809116cce1efc,1025f0e2d44d7041d6cf58b6550e0bfa,2018-05-09 22:55:14,35.0,9.6
92067448c4d19cbdc8e0f8dd683e63b8,2,eb8c629f70275fd1c4f809116cce1efc,1025f0e2d44d7041d6cf58b6550e0bfa,2018-05-09 22:55:14,35.0,9.6
92067448c4d19cbdc8e0f8dd683e63b8,3,eb8c629f70275fd1c4f809116cce1efc,1025f0e2d44d7041d6cf58b6550e0bfa,2018-05-09 22:55:14,35.0,9.6
92067448c4d19cbdc8e0f8dd683e63b8,4,eb8c629f70275fd1c4f809116cce1efc,1025f0e2d44d7041d6cf58b6550e0bfa,2018-05-09 22:55:14,35.0,9.6
923edd16abada2893b886d3757c73ffa,1,57ba9fd4b96512b1aced2dd46e1aea68,d2374cbcbb3ca4ab1086534108cc3ab7,2018-07-10 14:31:16,39.9,13.86
92580e7039e427da2884d35809a95996,1,0ec63d4c614fff936b02b10d242bf955,4a3ca9315b744ce9f8e9374361493884,2017-01-17 23:24:59,89.9,15.84
926282951ac5113c0a44287b4a30d5bf,1,5b3b5f9ae84ca9ead3138b199420cc94,adbc26658d6c7b4b6219f9d934598091,2017-12-01 15:19:17,139.0,18.22
926f8e6e4b3febd66f57a92de958be15,1,da7a746a5e1464d8e8ee38bab3afa5b6,c6bda72e4dbf5c5866b13cb1810c6d03,2017-10-05 14:56:19,109.9,9.58
927b55d4e72a05e5af01fa69bea2a4ac,1,60184212dae4e6b0da32bf54271a8c4a,c60b801f2d52c7f7f91de00870882a75,2018-06-18 00:32:47,285.0,8.86
92a507a7a3a1fa4b94cdeb6699913e0d,1,10d9c039b5dcb3b2a4a4fd507fd187a0,7ad32824caee82087b3e2e5f33b1bf32,2018-05-15 02:54:10,39.0,12.79
92a507a7a3a1fa4b94cdeb6699913e0d,2,10d9c039b5dcb3b2a4a4fd507fd187a0,7ad32824caee82087b3e2e5f33b1bf32,2018-05-15 02:54:10,39.0,12.79
92af9bafd80bcd2636471ac01bc77f60,1,bae0b638e494d65220866e1ae813f18b,37515688008a7a40ac93e3b2e4ab203f,2018-06-11 15:55:14,185.9,18.21
92b8ad8746bdc2d63f544dd75b17d7b3,1,448cbeba9628acd8b5b8bd6c8a5018a0,4e922959ae960d389249c378d1c939f5,2017-06-28 21:42:58,80.0,8.31
92bdfe9e203d9d027f9c26b8b39f6ec8,1,0aabfb375647d9738ad0f7b4ea3653b1,37515688008a7a40ac93e3b2e4ab203f,2017-09-13 22:55:14,19.9,11.85
92d210ae0a4555c611b5ffdf82bba88c,1,efeb7b23db334d617250aca97cd3f1e8,3b15288545f8928d3e65a8f949a28291,2017-12-05 10:54:32,59.99,17.67
92e3bc2d87e3b3c8d2357a4525d5af8b,1,3e0bc37e01b5c85e125dbaef7cc3f0ad,9da1ca0bef29ee170e541927a5aeabdc,2017-06-22 18:30:08,329.9,17.94
934803b43ca04b1cd088ae5e65a5ae76,1,1750753e77dc38c4afe6fc90f02c39bc,f8db351d8c4c4c22c6835c19a46f01b0,2017-04-12 01:10:13,36.9,14.52
934b7f6dbf65d976b415011a2e286581,1,052b8660ee8a9ee18815d9b276694a10,74c7dec0a384d8a05950e629bd23bde9,2017-10-05 14:56:14,19.99,8.11
935cbf337f50d03fc7ecfb5a601dc7fc,1,1b34de23397f9ce6cd0f7afa27b60eac,c70a353f02429c00775a46a75fb787da,2018-07-31 08:25:14,38.5,19.18
93720f5a467d2edd5e84e209e8a9a4f6,1,593236d0ff46b4299b4787fb8d43f7f0,0dd184061fb0eaa7ca37932c68ab91c5,2018-04-16 23:07:42,79.0,13.46
93b68446f352031c3899ff57f76f0a68,1,42ec84ace63b58b8c5a7ba7be01d5fb8,2a84855fd20af891be03bc5924d2b453,2018-02-21 15:26:48,110.0,25.22
93e89f81c82a22b8095dd19f7f973abe,1,e745ef0b16caf129dfc0f4979c347619,0ea22c1cfbdc755f86b9b54b39c16043,2018-02-22 02:35:32,34.9,12.48
93fac531a5d1aa75846d96103217e85b,1,cf5407ad3a5c603fa46d5c2613661a09,dd7ddc04e1b6c2c614352b383efe2d36,2017-10-17 03:25:16,29.9,17.6
94153bbf95f273c5b6c342d2acc6d017,1,06edb72f1e0c64b14c5b79353f7abea3,391fc6631aebcf3004804e51b40bcf1e,2017-07-19 12:30:16,45.95,15.1
941eccbab1cd0aec1888e669e608e5bd,1,660fc6f47144a19180d7309e37155f1e,a3a38f4affed601eb87a97788c949667,2017-06-28 20:22:41,129.99,56.8
942ca92b6dd15a40d979cc95c6b8c761,1,e135dad580bf1f80d9e2828e5e85e7a6,5659d77e8d90378e39b960ad5956f64e,2017-09-22 03:30:13,83.48,12.08
943eaec3487658de2dc5291e9c051e51,1,083ffd30820b592e294de7ed668ff975,f8db351d8c4c4c22c6835c19a46f01b0,2017-05-25 11:55:23,49.9,15.1
94a4b177f8c0189f23514b5390fb396f,1,249da1970e34871eedb6b6a70e89aec2,dd8a29ce82d5c705ba932d81494600a5,2017-05-31 21:35:17,125.0,18.12
94be3df49130338a06b3ec80bd606771,1,0a9bdadab17a9b0f258f64d11a0adf7b,7c67e1448b00f6e969d365cea6b010ab,2018-05-10 07:51:17,79.98,56.82
94c0774e80f38694744a5ae2bcc9e1aa,1,4db7441d0d2cf3d22cb4d95f87d8bf63,c003204e1ab016dfa150abc119207b24,2018-02-19 20:30:29,199.9,23.47
94c302f23bee09a61c1aab616b01b7b0,1,b301f133a68b93a9a9a3db2987c1be36,f262cbc1c910c83959f849465454ddd3,2018-04-09 13:50:21,29.99,8.29
94c302f23bee09a61c1aab616b01b7b0,2,b301f133a68b93a9a9a3db2987c1be36,f262cbc1c910c83959f849465454ddd3,2018-04-09 13:50:21,29.99,8.29
94cbeb924291c55038f6d70ce58944d1,1,0836db91ee8fd88d685b5a57bed9ede0,51702dc2a3e106c76dbff722b5bf0726,2017-09-01 14:51:10,169.9,40.18
94f522c26f2681ad053b999e34e7b317,1,a9bd39d11fe4d2d378c44eee9b11d9ce,4a3ca9315b744ce9f8e9374361493884,2018-03-08 16:30:33,193.9,16.11
94f94ebc2e26aeea2aa9e8945cb9fb0c,1,0105b5323d24fc655f73052694dbbb3a,2138ccb85b11a4ec1e37afbd1c8eda1f,2017-04-24 14:45:30,129.99,14.67
95160939719ddfef2f951cc36e468567,1,4deb009c36a910076a023947a7929201,6a38087bc8ad4f89ff453561005f6dea,2018-08-08 11:10:20,49.9,7.93
9524a52b2633d2f96da98b947c60a4de,1,5ad2c4859aad6ecebd816a300d34f326,12b9676b00f60f3b700e83af21824c0e,2017-11-22 13:06:43,199.0,18.64
953a453190f96f0f32ea10b03af65a08,1,34239894e175b17d8c84edc6c73b4dad,827f8f69dfa529c561901c4f2e0f332f,2017-04-06 02:15:28,32.9,16.05
953a453190f96f0f32ea10b03af65a08,2,cfe99a31516679fb9515881d25891570,827f8f69dfa529c561901c4f2e0f332f,2017-04-06 02:15:28,32.9,16.05
955b3eccb8e0c21820f39caeb0309789,1,aef29ba8f524551d01c5497f60832b2c,7b07b3c7487f0ea825fc6df75abd658b,2017-11-14 18:50:36,14.0,16.79
9564dd2ea4d0f6f0f66b46258208ff73,1,b11cfc408f43a71b16c2288e79172244,432c37c9dfba871172ec162e20118b8c,2018-01-03 11:49:08,59.0,15.85
9567f25dfe794bcd32a2a16ec00d7e96,1,d12318481f2561883aa76eadb93f798c,4371b634e0efc0e22b09b52907d9d469,2017-10-23 17:46:04,50.0,17.6
9587bc545d7f5e1b8687a14fb3d2f6a9,1,ddb9028236525b8ab493fc24f99e8d1a,da8622b14eb17ae2831f4ac5b9dab84a,2018-01-22 03:36:34,149.9,12.75
95cf53396116b5dd518b5ba1c11a0bb5,1,c5a00e7e34e45fe4c79a38d102248b48,70a12e78e608ac31179aea7f8422044b,2017-04-27 19:45:10,59.0,17.84
95d58200aba7137d350ed9a168c84421,1,195a72beccf48da20d71e2d7530b470a,8d956fec2e4337affcb520f56fd8cbfd,2018-06-26 17:35:18,30.99,18.32
95dae95803419f516509a4b5fc8a2d09,1,9749139e09929de55d37e68e64b89706,cbd996ad3c1b7dc71fd0e5f5df9087e2,2018-03-01 14:49:24,59.7,11.92
95e97906186d7174caa3a682de6d7653,1,20f160a9cf2e856ee5eba259e9ae33f9,17e34d8224d27a541263c4c64b11a56b,2017-07-20 15:55:11,174.92,14.24
95f5c913e50f7b1edfe05e8a38ba88d4,1,3f14d740544f37ece8a9e7bc8349797e,00fc707aaaad2d31347cf883cd2dfe10,2018-02-28 18:10:31,83.9,12.72
963dd4dc90067e6cc40c3ddb89e991be,1,53b36df67ebb7c41585e8d54d6772e08,7d13fca15225358621be4086e1eb0964,2018-05-07 02:10:56,99.9,0.0
9646824929f3639e4b1733a40e3ae25a,1,e932008cf0ea7c93a077dd8d7e5f49eb,fcdd820084f17e9982427971e4e9d47f,2018-03-13 15:30:49,145.0,19.09
966816b575380366cf697b71679a90ae,1,e20fcfa5bcdc5c4341d6680cca2bae68,8f2ce03f928b567e3d56181ae20ae952,2017-08-10 11:30:15,99.9,13.25
9692f3f8431de918c3daf5fd26a66668,1,ed3f966cd58a4389bd3959ebf14f18c6,f0b47fbbc6dee9aafe415a6e33051b3f,2018-05-01 23:29:43,69.49,19.46
96a2b5167187b3cfde60cd245d421132,1,97017430754804328eb9597b7f85da03,ea8482cd71df3c1969d7b9473ff13abc,2018-05-10 03:31:14,29.99,18.23
96c4604cd628d2deeba98d012743a455,1,06c38a87544301cba8b0fb5a0796383d,dd533b429f380718b70ad9922c294bae,2017-06-14 21:10:08,52.9,42.78
96d79140e31422ba9f8f990f4ed1addb,1,53759a2ecddad2bb87a079a1f1519f73,1f50f920176fa81dab994f9023523100,2017-11-30 15:54:58,49.0,17.67
96e4e8d7578138ee620bd65cced420db,1,4abef02c9dfc89006cb3d501d1f291c1,d98eec89afa3380e14463da2aabaea72,2017-02-09 21:20:34,50.0,28.97
96e4e8d7578138ee620bd65cced420db,2,4abef02c9dfc89006cb3d501d1f291c1,d98eec89afa3380e14463da2aabaea72,2017-02-09 21:20:34,50.0,28.97
96e9ecc667e4daf9dffd5ee2173815bd,1,20a2613eb3b1c3819e733de3e91644de,1025f0e2d44d7041d6cf58b6550e0bfa,2017-09-08 09:33:57,38.4,14.1
96e9ecc667e4daf9dffd5ee2173815bd,2,20a2613eb3b1c3819e733de3e91644de,1025f0e2d44d7041d6cf58b6550e0bfa,2017-09-08 09:33:57,38.4,14.1
96e9ecc667e4daf9dffd5ee2173815bd,3,20a2613eb3b1c3819e733de3e91644de,1025f0e2d44d7041d6cf58b6550e0bfa,2017-09-08 09:33:57,38.4,14.1
96e9ecc667e4daf9dffd5ee2173815bd,4,20a2613eb3b1c3819e733de3e91644de,1025f0e2d44d7041d6cf58b6550e0bfa,2017-09-08 09:33:57,38.4,14.1
96f236475cf9ab0ff0c202d36a84b311,1,81288df52439985f610be64465e53f57,54a1852d1b8f10312c55e906355666ee,2018-03-29 11:31:37,109.99,13.82
96fbb3c21966b51cc6e5176010070f2b,1,c3d5a66bdd6bd3a9c7b3b53a46adc4d7,7d76b645482be4a332374e8223836592,2017-08-02 21:03:33,24.9,11.85
9725871b2a067d972355980be11e7d1d,1,601a360bd2a916ecef0e88de72a6531a,7a67c85e85bb2ce8582c35f2203ad736,2017-10-24 17:36:56,119.99,12.04
975d1705d55439b69ab5bdbe5195624c,1,29427de7f8a9ee983d9dbc51cec569b4,7a67c85e85bb2ce8582c35f2203ad736,2018-01-02 22:03:26,99.99,17.95
97790d570870606aaa458c9ddad507c4,1,1afdb4e17af189582b06591ae8a031a4,6560211a19b47992c3666cc44a7e94c0,2018-01-11 20:27:37,44.0,14.1
97823d6731e59cd6b4f9d3ea113a976e,1,cce679660c66e6fbd5c8091dfd29e9cd,d2374cbcbb3ca4ab1086534108cc3ab7,2018-07-30 13:44:43,17.9,12.79
97d6c1727b0d36b8d04035e35d86f40f,1,e0d64dcfaa3b6db5c54ca298ae101d05,2eb70248d66e0e3ef83659f71b244378,2018-05-29 21:55:14,124.9,7.74
97e11582eb8cdd7b83e35a4243d81f79,1,05a9ab81472f6bdcd910cb49b636c5b5,83deb69e889cf80f82be1dc6d5f2d486,2017-12-21 14:52:53,169.9,26.22
97f6c1beeb18315f25509f009a45b111,1,a38b238734207eeb0388676235cf56ec,86ccac0b835037332a596a33b6949ee1,2017-07-10 04:15:26,129.9,18.16
97fa69d1dadf68e14380efff921e2f08,1,abcb73cf728c9fb13c9d9b2b3abe609b,de23c3b98a88888289c6f5cc1209054a,2018-03-01 18:27:21,150.0,15.81
98106dc1817ee224a51dc63feb059126,1,44523a5e61f0a718c2231922b8856ad7,4869f7a5dfa277a7dca6462dcf3b52b2,2018-07-05 17:50:04,318.0,15.81
9814a337a2470787f24426bf0af8b16b,1,53a49e6f80917f8d611ec74ccf84c157,febab0275244b9a49a623f0bd613ca2f,2018-04-06 11:15:21,142.0,50.55
982f203457d0f597a575b40512d66b1d,1,35ebf08a93899d44e756809e11b14754,128639473a139ac0f3e5f5ade55873a5,2018-02-26 19:28:34,18.9,15.1
983878e0dee08c5570f8ec3162ac5927,1,254689a977285f8dd17c32b30870e933,5dceca129747e92ff8ef7a997dc4f8ca,2018-04-25 13:35:20,889.0,20.31
9845d84225d361cb655d4963c6aeaa87,1,52c80cedd4e90108bf4fa6a206ef6b03,a1043bafd471dff536d0c462352beb48,2018-07-18 13:15:19,139.0,29.5
9855d762d535fda66aa7f273116aa77d,1,7a10781637204d8d10485c71a6108a2e,4869f7a5dfa277a7dca6462dcf3b52b2,2017-12-05 02:31:39,219.9,18.79
985db56d4cabd2577d0960194dd2cd5a,1,062619359d5f9a664606cb2a6ccb477a,b1fecf4da1fa2689bccffa0121953643,2016-10-21 16:33:54,136.9,17.39
98750f114ae6088d04ea0d3cfe3f137f,1,5c75915e4a74994308fe805cdbfbf5f5,63b9ae557efed31d1f7687917d248a8d,2016-10-10 03:07:51,10.0,14.52
987cfe3348684fc007a1e9a4825eadb4,1,47ae44a186225b8a87ebb7bf39cc1444,d4e12e7884759a14fa0f5f896c791cae,2018-04-06 14:51:04,54.9,14.47
987cfe3348684fc007a1e9a4825eadb4,2,47ae44a186225b8a87ebb7bf39cc1444,d4e12e7884759a14fa0f5f896c791cae,2018-04-06 14:51:04,54.9,14.47
9887daa2e1181336df4be8ea011d196a,1,ca5c923962558430573f83661dbe36d6,66922902710d126a0e7d26b0e3805106,2018-04-09 11:10:24,105.0,18.32
98b2c1f7a79d3a9b3c053ac187ca9ac3,1,ba453af64b21e4179a5635683be46d15,ea8482cd71df3c1969d7b9473ff13abc,2018-03-12 12:00:44,24.99,8.4
98b59311f54a330a4abb1037b2a1449e,1,eef398550dd9575d23eb2d8be74bd45a,0c8380b62e38e8a1e6adbeba7eb9688c,2017-05-09 17:02:31,44.9,15.56
98c809bf2e8392fc389fdf8e2bfbb856,1,87c070a9069fffd77616e3581d8d2ba1,e7df4cd29ab5abab70fb0783ddb53987,2018-06-06 11:18:49,999.0,39.9
98f75acaf1c9b0c2424f3b0fc6a22bdc,1,67b0d38a61d8e4c1c1df7d56276302aa,0ea22c1cfbdc755f86b9b54b39c16043,2017-06-08 10:35:11,59.9,14.17
992820d1ce536d61c8eecb0352245944,1,f7bb503725fb4d7bb55301d5bceba728,55a5b51f93f2b70ea513f5a047b0262a,2017-07-27 18:30:17,99.7,15.45
9949f7af3885f27e84044841513de26e,1,1427b126f61597524866770b05d4eed2,0b90b6df587eb83608a64ea8b390cf07,2018-07-27 16:23:19,110.81,19.99
997cd4e2027406aafa35d5c0e270fe1b,1,4fe644d766c7566dbc46fb851363cb3b,c31eff8334d6b3047ed34bebd4d62c36,2018-08-07 13:55:14,69.99,27.44
997fd4b37386d10b57d4ac8cdec011a6,1,8ed094bfe076c568f6bb10feada3f75d,7c67e1448b00f6e969d365cea6b010ab,2018-07-26 10:30:15,199.98,115.77
999b8d758771edb14fdf3f1a280d8a60,1,6abd84909e8ed79ef808c16f90b91093,da8622b14eb17ae2831f4ac5b9dab84a,2018-03-07 23:10:27,29.9,15.1
99b504380657b5d582c36a7748f77842,1,f302b45f5aa089951788558a689713de,d12c926d74ceff0a90a21184466ce161,2017-03-24 13:10:20,45.0,8.72
99bd93d530d8b588cc9fe65dddee7411,1,2028bf1b01cafb2d2b1901fca4083222,cc419e0650a3c5ba77189a1882b7556a,2017-11-10 14:15:26,56.99,8.72
99cf0f831c62dfbd52e4523910879f0d,1,5a848e4ab52fd5445cdc07aab1c40e48,c826c40d7b19f62a09e2d7c5e7295ee2,2018-01-02 23:15:30,122.99,15.61
99d738d6bfcf410fa6924ed854246917,1,0c5aecba8eab00eb055c6e2e7b9b4346,17f51e7198701186712e53a39c564617,2018-06-25 02:57:34,760.0,200.49
99daacedd8423e3b5169338429be0110,1,a1e33e0a3ead282527fab4ff0f72706b,289cdb325fb7e7f891c38608bf9e0962,2018-06-06 19:31:09,52.9,11.75
99daacedd8423e3b5169338429be0110,2,4407440c06d8c11ce1b2e61c4382a8f3,058fd0aa2bfdb2274e05e1ae971dabb6,2018-06-06 19:31:09,129.5,11.75
9a0b2a68507680a6e151319e4b6e68f7,1,c2c4abda0d688d5c2a7f48644ee55a8c,52d76513f0c4d97f3b99570e2c94ee31,2018-06-04 16:30:24,499.9,36.03
9a0b2a68507680a6e151319e4b6e68f7,2,01e20e6604216c8adb31d463214ba00c,52d76513f0c4d97f3b99570e2c94ee31,2018-06-04 16:30:24,319.9,36.03
9a3e437ab219133c20a7033be9087edf,1,368343a35b2e888dae4f3f831d22437a,fa1c13f2614d7b5c4749cbc52fecda94,2017-01-11 20:45:31,149.0,15.21
9a5e801a0c51ede9c94e91758554d57d,1,53759a2ecddad2bb87a079a1f1519f73,1f50f920176fa81dab994f9023523100,2017-07-26 02:23:53,59.9,13.44
9a87b7f9b871b4725233e41e08811caa,1,e0c53c03a642ddca93689255bd4af194,4e922959ae960d389249c378d1c939f5,2017-05-05 16:45:18,69.0,24.97
9a900606a9398af4cfd33ef935bb00ed,1,db6677c6f890ba1730c0b75bd8132579,cc419e0650a3c5ba77189a1882b7556a,2018-02-27 22:08:06,59.99,17.67
9a9958a5b85d3a8dc6b52dd8c79b516b,1,e53e557d5a159f5aa2c5e995dfdf244b,0b90b6df587eb83608a64ea8b390cf07,2018-02-09 11:15:51,89.3,17.07
9abcbe39820292dab15332cef33e7a3c,1,2e64d11879c5bbda600381dbb5452a38,1eade46fba20122dc4aefb379f8c636b,2018-01-10 02:31:27,81.9,16.82
9ae2615288bae316687074b5dfadaf46,1,0a72af236c73afbd2e2a52dfdb14c667,41b39e28db005d9731d9d485a83b4c38,2017-05-05 18:05:08,43.9,10.96
9af6f205c7247ac28685a350094ce865,1,0e1b67828c6d682c600b49872507d1ae,dd55f1bb788714a40e7954c3be6df745,2017-12-01 20:55:56,379.95,18.91
9b11f3c4f8e84ce1374d64914b6a00b0,1,8100d323ffa1909cfcf9fdf05f20b678,f8db351d8c4c4c22c6835c19a46f01b0,2017-05-10 21:22:22,141.9,18.63
9b156799a5b75cdf61bd52c0f7e04b61,1,da3d93a1cb86a9e0369c04900f413a5d,be9a160a9011f627c3e121d076c1ec7b,2017-10-10 19:49:22,269.0,19.13
9b21d7e7e61740911f0008fc81681e63,1,b37a8cda46313ac91d79f16601ca5253,955fee9216a65b617aa5c0531780ce60,2018-06-21 06:56:59,105.0,19.93
9b32795311e821b3314911f55bb8a327,1,6ee7217ab647f3c2b4a5161c75cadab3,cca3071e3e9bb7d12640c9fbe2301306,2017-06-23 02:50:38,8.9,11.85
9b32795311e821b3314911f55bb8a327,2,6ee7217ab647f3c2b4a5161c75cadab3,cca3071e3e9bb7d12640c9fbe2301306,2017-06-23 02:50:38,8.9,11.85
9b32795311e821b3314911f55bb8a327,3,6ee7217ab647f3c2b4a5161c75cadab3,cca3071e3e9bb7d12640c9fbe2301306,2017-06-23 02:50:38,8.9,11.85
9b32795311e821b3314911f55bb8a327,4,6ee7217ab647f3c2b4a5161c75cadab3,cca3071e3e9bb7d12640c9fbe2301306,2017-06-23 02:50:38,8.9,11.85
9b32795311e821b3314911f55bb8a327,5,6ee7217ab647f3c2b4a5161c75cadab3,cca3071e3e9bb7d12640c9fbe2301306,2017-06-23 02:50:38,8.9,11.85
9b32795311e821b3314911f55bb8a327,6,6ee7217ab647f3c2b4a5161c75cadab3,cca3071e3e9bb7d12640c9fbe2301306,2017-06-23 02:50:38,8.9,11.85
9b41711934b43494976d4412d62deb1a,1,1aaf80d4afeb6d8636711e75d02f1a7e,080102cd0a76b09e0dcf55fcacc60e05,2018-05-24 17:14:41,39.99,15.23
9b45de49b277899b23ba41cbb79d3a5e,1,31c79131e883e5fd8c4c85fe9f7d2bb2,ea8482cd71df3c1969d7b9473ff13abc,2018-01-25 12:37:14,24.99,11.85
9b45de49b277899b23ba41cbb79d3a5e,2,ef1c671d636510846d72e7aa3af1e0a5,ea8482cd71df3c1969d7b9473ff13abc,2018-01-25 12:37:14,23.99,11.85
9b4b42fc4f3a0ff13e896d031a9723c8,1,e96a50fc74fa04fd6f23b324d87a1a81,bc2ac6b95e1accce9858528ee566c17e,2018-01-16 14:51:28,99.0,9.51
9b692faed4adf2e5efb7c98de308aad0,1,7945bb528c42095fccdf46321742afce,0adac9fbd9a2b63cccaac4f8756c1ca8,2018-04-16 16:11:27,44.9,13.71
9b86b1c24ecef19a6dec20a8750341f9,1,437c05a395e9e47f9762e677a7068ce7,bf84056e679dbe9c69929847a40e338f,2018-02-28 22:25:51,47.91,7.78
9b92d4432c1758cd4215f3fdb1d623a3,1,835d8502d265ddeb4bdd39591d55fa2b,59fb871bf6f4522a87ba567b42dafecf,2018-02-15 11:49:20,149.99,36.37
9b959fa2a6e44d5301822150a060b9b4,1,672a21bf17c63f71edbe01ecb9b14814,dd7ddc04e1b6c2c614352b383efe2d36,2018-05-18 10:55:20,35.9,11.15
9b95a53cadb5a007d0928bd00265ea08,1,d4a3b5aa064bf44e74f1e71862bea22a,57c764b4a836300be881e2ff86e449f9,2018-03-06 09:29:26,9.9,15.1
9b9bad2c285cab8257e0dbadf191d8d9,1,89321f94e35fc6d7903d36f74e351d40,16090f2ca825584b5a147ab24aa30c86,2018-03-08 18:48:30,27.9,8.27
9ba0521c38be94b8c0028f57a8ec1625,1,c230b471b7e21ff9060e68ee154afd70,1ca7077d890b907f89be8c954a02686a,2018-01-09 04:37:37,69.99,14.24
9bad44921c98e1f220a667504bcffb9e,1,3dacb3ae011b40803a508b23392e15a0,41c9d3997dd3c072c31139dc5bb5761f,2017-03-10 14:35:20,399.0,49.3
9bd1262011363cf74478ba1d6f04ab28,1,a50acd33ba7a8da8e9db65094fa990a4,8581055ce74af1daba164fdbd55a40de,2018-04-24 21:11:16,117.3,31.96
9bd2f19fdebcf5928f0971caeac464d9,1,bb50f2e236e5eea0100680137654686c,f7ba60f8c3f99e7ee4042fdef03b70c4,2018-06-11 07:31:19,330.0,39.0
9bd90698ab1e822ca4cb1e2a0de42fd4,1,53b36df67ebb7c41585e8d54d6772e08,7d13fca15225358621be4086e1eb0964,2018-05-04 16:11:17,99.9,0.0
9bee2a0789ef47ce6515c171c803a285,1,4583e308182e4e78d5b71b5af1804def,cd68562d3f44870c08922d380acae552,2017-09-11 13:50:10,169.0,26.46
9c28244a57606ad0cd766dbef78f98a8,1,0fa81e7123fd0ebe03adbbe99d912827,da8622b14eb17ae2831f4ac5b9dab84a,2018-07-25 12:43:35,119.9,11.86
9c5da765587b0ee5c54bf7fb708b4659,1,388990ffe5ff78f59518dff76702a24e,d9bd94811c3338dceb4181f3dbc0c73e,2018-06-13 23:30:49,128.2,7.76
9c64098aed08a0e6989201c41dd75136,1,bc5b673b87453987a45b11d34bb69de8,624f4ece8da4aafb77699233d480f8ef,2018-04-12 10:15:20,159.0,16.02
9c78e72b5160190f45195d6ecf7875dc,1,7176cc4ccfa22cda4b0e01080c8d96ed,e504a4e2efaa45cbff7e268a2c58c956,2018-08-10 17:25:11,99.9,17.83
9c7f5f2dbba113d7f850c122bf2dec03,1,593236d0ff46b4299b4787fb8d43f7f0,0dd184061fb0eaa7ca37932c68ab91c5,2018-03-22 12:47:37,79.0,34.09
9c8b8ff59ab268b976e66d35464ac79b,1,eb8c629f70275fd1c4f809116cce1efc,1025f0e2d44d7041d6cf58b6550e0bfa,2017-09-10 22:25:32,38.4,11.85
9c8b8ff59ab268b976e66d35464ac79b,2,eb8c629f70275fd1c4f809116cce1efc,1025f0e2d44d7041d6cf58b6550e0bfa,2017-09-10 22:25:32,38.4,11.85
9c8b8ff59ab268b976e66d35464ac79b,3,eb8c629f70275fd1c4f809116cce1efc,1025f0e2d44d7041d6cf58b6550e0bfa,2017-09-10 22:25:32,38.4,11.85
9c9519dbd0554cfc5c787fdc7fa8ff42,1,eaa26a34984cbfedc19b1e45f09f3c9a,612170e34b97004b3ba37eae81836b4c,2018-08-08 20:15:13,92.5,37.94
9c9519dbd0554cfc5c787fdc7fa8ff42,2,4298b7e67dc399c200662b569563a2b2,88460e8ebdecbfecb5f9601833981930,2018-08-07 20:15:13,119.5,7.4
9cc8a145d8be894ab07cdbd8503c4887,1,b866da669fde20a56fe475ded8ac41b9,b372ee768ed69e46ca8cdbd267aa7a38,2017-12-06 10:55:03,255.0,16.54
9ce48efca38264fece92fb03a3e33562,1,75d6b6963340c6063f7f4cfcccfe6a30,cc419e0650a3c5ba77189a1882b7556a,2017-08-15 11:40:07,56.99,14.15
9d033f810cbd1a45838c0d451bbae981,1,2b849e71ada03a262ef4338a7abd8b79,f8db351d8c4c4c22c6835c19a46f01b0,2018-04-26 13:31:37,104.9,12.07
9d3978b7f31f3af1566b7acab0b91a88,1,419cb1b441eda9b92ebd1a1b96090c26,ea8482cd71df3c1969d7b9473ff13abc,2018-04-25 10:12:02,29.99,7.39
9d3da55bc185ccdbeccac8824c7330ae,1,ed3d4d9d28256f0c6c2af63d199cd720,2ff97219cb8622eaf3cd89b7d9c09824,2018-08-22 14:31:01,31.9,8.38
9d7f2c9f33008498700ffdc3162878fb,1,d8dee61c2034d6d075997acef1870e9b,c826c40d7b19f62a09e2d7c5e7295ee2,2017-09-01 13:15:16,99.77,14.45
9da02db988be4c6560597e90391a4cdc,1,591c08a1d9290193bd96d8c9e6e607ac,701938c450705b8ae65fc923b70f35c7,2017-04-06 13:50:17,103.97,24.01
9dbf98463571bd46e501a18aa7c2899a,1,3e9b58f1436820c248d3f98d7229bb14,fa1c13f2614d7b5c4749cbc52fecda94,2017-12-29 02:18:24,99.9,7.95
9dc0a33bcfa9c6bfa29e7434029a8631,1,fc470dc1924bf42ce34d83187505dbe4,128639473a139ac0f3e5f5ade55873a5,2017-10-05 12:56:10,22.9,8.27
9dcc4e7d4978e71c0c8c8562a72935fd,1,47125061c86148a6f08a9e8708cef1ff,c6bda72e4dbf5c5866b13cb1810c6d03,2018-08-01 23:25:09,295.7,13.09
9ddffc0194a79dd25662255b87eb9e09,1,b3e40ff639c185b9d726b4b19c17e6cd,7a67c85e85bb2ce8582c35f2203ad736,2017-11-30 00:56:37,229.99,17.24
9df65e0ad2cbfa0485262629bb2b6605,1,40cb7bb3d30559b9b6c4fb62bc837962,26e2c91ef821e1ff8985f408788fe35b,2018-02-28 02:08:45,57.5,15.15
9e677b4bbd5d55506d4d8f1e5182dcb9,1,b2cadfc2d6da74fba3a372470641ba61,0bb27263628258b8111a0262769fa9db,2017-05-08 17:35:11,22.2,10.96
9e79eaf24f3a351f51692b227136741e,1,1686ad611d0c19159f8052758f93f660,562fc2f2c2863ab7e79a9e4388a58a14,2018-07-30 22:44:10,29.99,22.93
9eb401aae2d502a73f4a27f97d3bebf5,1,a291cc846d74d97f01611894f983073b,de722cd6dad950a92b7d4f82673f8833,2018-06-04 21:30:46,189.9,20.02
9eb401aae2d502a73f4a27f97d3bebf5,2,a291cc846d74d97f01611894f983073b,de722cd6dad950a92b7d4f82673f8833,2018-06-04 21:30:46,189.9,20.02
9eb401aae2d502a73f4a27f97d3bebf5,3,a291cc846d74d97f01611894f983073b,de722cd6dad950a92b7d4f82673f8833,2018-06-04 21:30:46,189.9,20.02
9ed3fcbe70866599d450a2a00492f7e7,1,428826d374cf2a3f61d6072163ca6502,1835b56ce799e6a4dc4eddc053f04066,2017-11-29 02:56:24,34.99,15.1
9f101be6d0a10cb40cc622691e49714c,1,53759a2ecddad2bb87a079a1f1519f73,1f50f920176fa81dab994f9023523100,2017-08-11 12:03:20,59.9,13.44
9f101be6d0a10cb40cc622691e49714c,2,53759a2ecddad2bb87a079a1f1519f73,1f50f920176fa81dab994f9023523100,2017-08-11 12:03:20,59.9,13.44
9f26d6e7d343f91817f608ab2cb56cdd,1,69530f4ebf4b017348e5f19323ab8a00,cb32766839f443db85c82a43c4a6c19e,2017-02-14 15:43:45,119.0,15.0
9f2c6714edee90964b0b631c22a22448,1,27f0ec8644d62c85b25674aaa6d1124c,42fa4ee7240e9b8eb4576358ec142ba7,2018-02-13 00:55:54,165.0,38.7
9f76e95321ab8f7aa87cb1ec8152b38f,1,6f3b5b605d91b7439c5e3f5a8dffeea7,4869f7a5dfa277a7dca6462dcf3b52b2,2018-04-05 15:47:11,158.0,18.99
9f7fdd2f2c7e4bb38623b722c3782e5d,1,2f8074adf7fe41641ddf0df320e6a7bb,218d46b86c1881d022bce9c68a7d4b15,2018-01-10 22:30:15,220.0,18.79
9f9dbdaa390ccbff68e07b6181e0b06e,1,bb3ba3a4e6d7471b6754e8e3f13f1464,ac3508719a1d8f5b7614b798f70af136,2017-10-19 16:07:11,89.9,18.87
9ff3f5e7cee88825b32940649a3a2162,1,a5e28e21acf7c99188ad33f688f18837,9f505651f4a6abe901a56cdc21508025,2018-07-23 02:42:42,39.0,18.07
a005841d24a8532b663e347f1237ba30,1,c6e3c9a59b663e36a8b95b2dde81fa33,5b925e1d006e9476d738aa200751b73b,2018-01-18 14:29:21,129.0,20.36
a0190a8aa681fe129b9a9ae80dfd9266,1,02ed3b595447e948efc3eac897e4df0e,640e21a7d01df7614a3b4923e990d40c,2018-07-05 12:10:14,40.35,19.47
a0224d0bc0030c9226e9613d6561a7aa,1,8443cb4cf7bf64bd0ff6e70cd9c2b246,6fd52c528dcb38be2eea044946b811f8,2018-06-04 23:31:18,58.67,15.29
a04e5564f7cbcf78fee1ccaab8d3b0f2,1,21efeb0e47f3328f86002eda80b63321,dc8798cbf453b7e0f98745e396cc5616,2017-04-27 12:34:43,24.9,10.96
a05690d552685ceea5a59b90a278823d,1,71bd8f5de551c71f6ff1386868d57526,cd68562d3f44870c08922d380acae552,2018-02-28 08:48:37,25.0,11.85
a05b1831c01baf69ce6c81050cc1405e,1,c081e0bd900ca695285255e5588f2ae0,7aa4334be125fcdd2ba64b3180029f14,2017-10-11 17:49:23,102.5,13.74
a0718048b8aff866bc9372ef2e3c961e,1,3dd2a17168ec895c781a9191c1e95ad7,de722cd6dad950a92b7d4f82673f8833,2018-03-15 02:10:39,149.9,21.1
a081d126973c9d0ea499b22774b035c5,1,9f3d5786e5d1ed02ec2d0a91849f64a5,85cc55e048b6bcc90c75afe7f0e72f72,2018-06-26 11:31:31,11.49,18.23
a0aef57f230423695817deb4c1b4fe7b,1,87a71ae93900ab55fcf685c8040769b3,8b321bb669392f5163d04c59e235e066,2018-04-05 19:10:08,12.9,7.39
a0c3da7d3585f46a33508178a1c205c8,1,5bd3ba44eb990450377a2cd863821cca,38e679b9e0064cd94c6f035707344dae,2017-03-15 21:05:58,198.95,30.27
a0d0610703403a3ae85d5777c8c5897a,1,e69137c3731a8a094d7e2ad97f76c95f,d9bd94811c3338dceb4181f3dbc0c73e,2018-08-13 15:05:34,77.98,7.81
a0e5cf8a708c50312bc633668bc0e306,1,4fe644d766c7566dbc46fb851363cb3b,c31eff8334d6b3047ed34bebd4d62c36,2018-05-07 05:54:36,99.99,12.03
a0f9594b2c2253769e88d55a77a469c6,1,6e513315a63d66f74752d341f410109d,9646c3513289980f17226a2fc4720dbd,2017-03-31 20:22:31,42.9,16.05
a103bbccbbeb3e1d8354f83f08ed2667,1,ea1d9847778160f2d0c74950812fd8d0,05d2173d43ea568aa0540eba70d2ca76,2018-07-03 03:31:50,104.71,18.78
a10f8134732c1979eea697d926498112,1,9d6580f17a0cba74324ce82874fbbe13,4e922959ae960d389249c378d1c939f5,2017-11-09 03:46:07,145.0,21.5
a113213b73eab23b8cc9744a43f7f65c,1,3b43f7794dc5da533ffd74ebfeccf539,cb3dd9ce66268c7a3ca7241ac70ab58c,2018-01-03 02:12:48,22.99,11.85
a11b617c5514af0a6b5181041a897b39,1,e307200b995cf8d99d85db7d09e4ba00,6a8b085f816a1f75f92dbac6eb545f8f,2017-12-21 12:32:06,16.9,11.85
a11cd01ac67beef7e8bf09740d8a35c1,1,ee92961b88199a0d4329a6beca8f63da,78c99c6dff4eeae5be99bf635ed21e3f,2017-03-16 18:29:46,39.9,11.74
a11cd01ac67beef7e8bf09740d8a35c1,2,ee92961b88199a0d4329a6beca8f63da,78c99c6dff4eeae5be99bf635ed21e3f,2017-03-16 18:29:46,39.9,11.74
a1534509a270687ff2247cebc502baae,1,70aa499facb0946dc40ff974166fd522,55f7a3319d80f7fdf078b8f03e6725fe,2018-08-06 04:05:37,129.49,22.21
a17fec30c4ce5a766edee3f4c7701c0f,1,8d29622ad4b816113fa721f21af4f667,392e0502231ae2f8b29994ef6398cd77,2017-04-03 19:25:18,49.9,14.52
a1a43def14457b1136b6fb625b7553aa,1,978859c6048ded0fa8bf3b9ea8236387,813348c996469b40f2e028d5429d3495,2018-01-07 22:37:34,15.3,8.72
a1b0796198555011b19eb375a001b2c4,1,71a7800a633691de8ecdd17463335e2e,f80edd2c5aaa505cc4b0a3b219abf4b8,2017-04-26 04:02:59,59.9,14.59
a1d7522558e6fc188998886235fbf164,1,c8e3b23381d275296ec611061b616789,59fb871bf6f4522a87ba567b42dafecf,2017-05-01 22:42:34,289.99,15.79
a1ea1bd909502b5214a0b425746fca5c,1,bca66c2fcd992d2efac1dd904524edc6,44073f8b7e41514de3b7815dd0237f4f,2017-10-09 07:49:20,136.12,23.27
a2253f696c9e2cba89d15e599caf280e,1,436bc964ed67950b4956ce42cda4b350,3c7c4a49ec3c6550809089c6a2ca9370,2017-11-23 20:31:18,99.9,7.95
a23f7ba42e3c12b58d1e24b1b7615d05,1,a8c6827a8a59c4b3bd37a9761715f3d8,70eea00b476a314817cefde4aad4f89a,2017-12-15 13:19:23,340.0,27.22
a271a428c3186d0c7325878c2075a8d8,1,dab2413ead0edda9967edbc9bda2a64e,562fc2f2c2863ab7e79a9e4388a58a14,2018-05-16 03:09:47,29.99,12.76
a275bfdfd07b6503afeea57892d3976f,1,79a0f9f823d85410833d712d89666717,7adbd3210a7b3cc2235e225eef33574d,2018-08-16 19:50:08,26.5,22.99
a2b932dba58739e74b19e8216b7de165,1,c50ca07e9e4db9ea5011f06802c0aea0,9b013e03b2ab786505a1d3b5c0756754,2018-08-09 11:10:06,19.49,18.24
a2c925a9aed482554a03fe2729c7b0e5,1,84bafdce8540f697ae16b41858256867,6a8b085f816a1f75f92dbac6eb545f8f,2018-05-04 02:00:01,16.9,12.79
a2e269d426176695531c8cc824265489,1,ec1faa2edc27ce32372fee59d1f9e969,cc419e0650a3c5ba77189a1882b7556a,2017-11-08 21:50:36,29.99,7.78
a2fc0d6559cd85b95e1a02c8d97d55ec,1,52d9fae94c2e139cde2318ee1e3a9d1f,f262cbc1c910c83959f849465454ddd3,2018-04-24 10:11:00,19.99,7.39
a312bb85adfdd8a06eff1dbd25f527b7,1,efab00780753fd85d64e8c727c331a60,7ad32824caee82087b3e2e5f33b1bf32,2018-06-12 11:51:09,451.0,60.02
a319e5a7d941ce5f60830d792323b3d2,1,c450c2e066134b9a836264ba72586ff6,8b321bb669392f5163d04c59e235e066,2018-05-22 21:31:57,14.99,7.39
a32f136cacf2a9b45eaeb507057b33f2,1,11dc4053871ff53ff79fb1fc7e6b160f,b1ac6ea7895bc3dd6f0f6f4abbdd2821,2017-10-08 23:29:43,99.0,16.94
a33a09b1320a130c61d1d5d9b8aec5ee,1,4298b7e67dc399c200662b569563a2b2,88460e8ebdecbfecb5f9601833981930,2018-07-18 19:05:47,123.9,14.21
a35bf517586a9609441f4d6f8db9f6d2,1,b7d3e30e28d937c46e0a72024c6cdc67,715bbd5ba4e6b74cb0d2f29eb45058b0,2018-03-01 08:15:22,34.9,16.11
a376666be364f3f82e0ca187cd014a86,1,349ce46a0e2e20054aa9d80c48af8816,d6b1ce66b035a475f00c017792ff9769,2018-07-20 04:32:38,169.99,23.99
a37bfcf3d20f35acbeb8802726c3fabd,1,665aa1d687284a4d2d2b74c0c6724625,8160255418d5aaa7dbdc9f4c64ebda44,2017-12-04 03:19:42,99.9,16.46
a3a09d0a201027720550355df943b598,1,980ecbcc15fe174ec1e5757c4d75b1bf,e59aa562b9f8076dd550fcddf0e73491,2018-01-24 20:14:08,23.0,15.79
a3a09d0a201027720550355df943b598,2,980ecbcc15fe174ec1e5757c4d75b1bf,e59aa562b9f8076dd550fcddf0e73491,2018-01-24 20:14:08,23.0,15.79
a3a09d0a201027720550355df943b598,3,980ecbcc15fe174ec1e5757c4d75b1bf,e59aa562b9f8076dd550fcddf0e73491,2018-01-24 20:14:08,23.0,15.79
a3a09d0a201027720550355df943b598,4,980ecbcc15fe174ec1e5757c4d75b1bf,e59aa562b9f8076dd550fcddf0e73491,2018-01-24 20:14:08,23.0,15.79
a3a43dd512f51c100ca62a18f50076b6,1,830345ab5d2e365c7c6b91459119ea2d,05ff92fedb5be47920fea08e501238b9,2018-02-20 23:31:29,420.0,20.19
a3a81e0b3771258744b5002e1ab03ee6,1,2ada60128014f639dffa4a481cd1255a,5566627eab3fe93fd6ee08798226101a,2017-04-19 01:03:11,12.9,14.52
a3bb66c7c27c79c21aeb788254e52626,1,d699f2079ed493d4c96bc4ce92838723,fd312b6bf05efac6c3772d5b52205d8a,2017-04-04 17:55:20,29.0,11.3
a3bb66c7c27c79c21aeb788254e52626,2,7f601afbca26d221fc2d957b6e211e72,fd312b6bf05efac6c3772d5b52205d8a,2017-04-04 17:55:20,29.9,10.62
a4285d97aac2bc967bd5b9f50db5b3c7,1,5ed3835ea6f96c77bdbe416dc1a96850,aba1721a889e04decc910aa13b768ef4,2018-06-29 00:31:25,149.0,8.3
a434cfda13115168ed9fbb287031eff1,1,c6dd917a0be2a704582055949915ab32,7a67c85e85bb2ce8582c35f2203ad736,2017-04-03 07:42:31,99.99,15.91
a43bf41cb94b07041262735892521605,1,81227b918dc751995a7301b5f38437b8,18a349e75d307f4b4cc646a691ed4216,2018-04-17 10:50:16,122.99,18.44
a43d72884af5f964762b9070af86b567,1,ad4d0d4117b535484bf7e32089e5b1a5,f8db351d8c4c4c22c6835c19a46f01b0,2018-07-23 18:50:13,769.9,67.41
a445af0d83713885b6b576796191b1fa,1,e5431fe7b289028ba2b453fafd45f0f8,723cd880edaacdb998898b67c8f9da30,2018-07-30 09:23:26,99.99,27.84
a445af0d83713885b6b576796191b1fa,2,a0b7d5a992ccda646f2d34e418fff5a0,95f83f51203c626648c875dd41874c7f,2018-07-30 09:23:26,69.9,27.84
a4736d7f64163c9072e4aaeeb18f3aa8,1,461f43be3bdf8844e65b62d9ac2c7a5a,4869f7a5dfa277a7dca6462dcf3b52b2,2018-02-06 23:11:23,148.0,15.79
a4f9f0de4e3a9448542ac5a53197839d,1,486cebbfac430b06cf0aa980b89a3543,1b1ae47a313a825a7ccceb8e2e30fa9d,2017-11-23 18:26:16,199.9,18.65
a526fe23020ad8b0d2b1081b7f769452,1,a03e401d58a45187271718c5d7610422,4bfc7a4a1cf8d4d2121c27422d9e50b5,2018-06-28 10:58:46,320.0,29.49
a5286db4d5cd7fc8c7d997f24a7fe85a,1,90efe66f56959c0750c866fd59f9f92e,60562ab00b8054280520d390c8c0045c,2018-05-11 17:56:15,189.0,17.29
a52f0272f9150859ede915bb2eef1bf9,1,99e365fea0b15ee63272ff391fdde785,1900267e848ceeba8fa32d80c1a5f5a8,2017-11-21 03:30:17,38.99,16.11
a52f0272f9150859ede915bb2eef1bf9,2,99e365fea0b15ee63272ff391fdde785,1900267e848ceeba8fa32d80c1a5f5a8,2017-11-21 03:30:17,38.99,16.11
a52f0272f9150859ede915bb2eef1bf9,3,99e365fea0b15ee63272ff391fdde785,1900267e848ceeba8fa32d80c1a5f5a8,2017-11-21 03:30:17,38.99,16.11
a52f0272f9150859ede915bb2eef1bf9,4,99e365fea0b15ee63272ff391fdde785,1900267e848ceeba8fa32d80c1a5f5a8,2017-11-21 03:30:17,38.99,16.11
a542babfe6f6339952a1f699ddc1868b,1,0c9ff9d8ed9b9bdd825487b3a66e05f5,8581055ce74af1daba164fdbd55a40de,2017-12-07 18:57:13,226.95,21.56
a5a6776969179ec8c6942c432d35bf3a,1,79ccb1aca8fcf379a6ed2412fba0480e,0241d4d5d36f10f80c644447315af0bd,2018-06-19 01:38:39,249.0,40.95
a5be0f3a1b2874d7a949d0234acd688f,1,fca62108387e25005784da2f551466a1,31344c16881c08a8a72c6d2eb29918c1,2017-08-03 14:50:19,249.9,62.49
a5bee526a0ca9f2a66f3704b82ad7833,1,ba572ccfc6c650859ea32461831bed57,1acde099eb406aa220b1169b188b42da,2017-11-09 22:46:15,16.9,9.34
a5d049fb139be4e41df304569addeef7,1,c857b96593773e940454e76efa8eabb3,cca3071e3e9bb7d12640c9fbe2301306,2017-06-29 12:59:59,50.1,9.0
a5d049fb139be4e41df304569addeef7,2,c857b96593773e940454e76efa8eabb3,cca3071e3e9bb7d12640c9fbe2301306,2017-06-29 12:59:59,50.1,9.0
a5da284831a584245b8ab3cbce6eea11,1,8c591ab0ca519558779df02023177f44,a1043bafd471dff536d0c462352beb48,2017-03-10 10:02:51,99.99,28.89
a5e7e590a77dc838c0311d33e0c88abb,1,02f8dd9b448d3ec2c73e65a22da1121c,fa1c13f2614d7b5c4749cbc52fecda94,2018-06-25 22:17:32,148.9,19.14
a5ee069718f4fc72e7a0567f4a45ba53,1,9a5393d4713520f3751a62e79de3dfbe,ce616e1913288884e7742faac9d981db,2018-05-24 00:30:08,99.9,7.56
a5ee139d1586d2d22c21ce7048e1d36d,1,c708ba7c6269161f89ce0683cdd7c432,6560211a19b47992c3666cc44a7e94c0,2018-08-29 15:30:24,49.0,7.6
a5f429a0b94f15b78d957ff59c461c44,1,2ddbeb76f134690c05636162f2558594,f593898ec748b7a8cb81fc04edafd98a,2018-01-15 23:11:43,21.1,9.34
a5f8439f1e560659a492608e370ecde2,1,ea9b0b855335919945731f9368f83dc9,c731d18cea9bf687ffee82a241c25b11,2017-06-01 14:15:16,193.0,39.19
a5fec99e63565d20d4b127479d9947d4,1,fb783e3e545937820b57fe539b2c5a6c,da8622b14eb17ae2831f4ac5b9dab84a,2017-04-13 12:35:36,89.9,17.37
a61af3cdf328f1d0a9f63286918c67bd,1,645fd9f79f14fad6e8a79fbc94dae528,15cd6eefe58588619aaed41dfa6621b1,2017-08-16 11:04:08,67.9,32.93
a6401d6c8f6d0df7821a17a628c1f36a,1,8384a437925520e96cb6acc65235e499,1900267e848ceeba8fa32d80c1a5f5a8,2017-06-11 21:25:12,18.99,11.85
a6456e781cb962cc3f412b04de4fed7b,1,47ae44a186225b8a87ebb7bf39cc1444,d4e12e7884759a14fa0f5f896c791cae,2018-06-12 14:16:26,54.9,11.15
a653bb2e2418fd13d746e3639879aa83,1,c7a3f1a7f9eef146cc499368b578b884,ba90964cff9b9e0e6f32b23b82465f7b,2018-05-15 10:54:54,979.0,49.3
a66a0d868cc06abee5b71f206da03f4f,1,5df01d29194d92b3191aa24aa1eb3b07,87d30a6a0cbf89356e49324971ab1d24,2018-06-19 11:30:52,129.9,18.71
a6a81ef0cba0e11e230b4d19a6e8c559,1,180fbb426ea5ab0708d43ad3f3839bb9,8b9d6eec4a7eb7d0f9d579ce0b38324d,2018-07-16 01:46:00,99.0,18.27
a6ba138c34e43a8e0613646f065fcf57,1,0ac57b2df86eb6997b94d6ccf555e29d,7b07b3c7487f0ea825fc6df75abd658b,2018-01-23 14:30:05,62.78,7.78
a6d26cc151cf55506e5fa88970b09edf,1,0603d2d85bcc46beb11bd247870c4841,00ee68308b45bc5e2660cd833c3f81cc,2018-01-15 19:32:19,150.0,9.86
a6ecc069c60805396f6a256b7b8e0883,1,ba9f160a6ae1c23f25d690fd06fe4fd8,ac3508719a1d8f5b7614b798f70af136,2018-05-04 09:55:24,120.9,51.24
a7068cfd6d38617e2a752a01e40230f5,1,db31f6c4f2b2a910fab39406640ef294,0c8380b62e38e8a1e6adbeba7eb9688c,2017-09-18 16:30:23,29.9,16.11
a7068cfd6d38617e2a752a01e40230f5,2,db31f6c4f2b2a910fab39406640ef294,0c8380b62e38e8a1e6adbeba7eb9688c,2017-09-18 16:30:23,29.9,16.11
a7087dc75317cad3db08ed7830b09723,1,3b30fb3ac17cda9e7e5b5112c692f665,bf100ecb7997df312b285358fb32f92c,2017-09-04 05:32:02,149.9,18.3
a7144d3b7979d21c288cab0a459f7bf0,1,d00af18ab556193d160b6ce26d232a96,41b86b552e54e3a7009596125aa8b167,2017-04-13 18:50:17,399.9,17.91
a73d469a8747dea1740e9545d1051002,1,ae62bb0f95af63d64eae5f93dddea8d3,3296662b1331dea51e744505065ae889,2018-08-30 13:15:50,517.8,27.71
a762b5e99e0962bc51711998c7be8280,1,4eb3e07a4b54437a7f63eeb577ebf73a,5cf13accae3222c70a9cac40818ae839,2017-03-06 12:21:49,69.5,14.66
a794d432d0990aa47220cda510a0a872,1,04af9f3af5c6afc4eece909c25330934,6560211a19b47992c3666cc44a7e94c0,2017-09-21 01:10:38,129.0,15.51
a794d432d0990aa47220cda510a0a872,2,15fdd6032f35d4add5066fb90be28630,6560211a19b47992c3666cc44a7e94c0,2017-09-21 01:10:38,89.0,15.51
a7a43f469c0d7bdb0a23a82db125aefa,1,5eb564652db742ff8f28759cd8d2652a,4e922959ae960d389249c378d1c939f5,2017-08-28 13:15:11,39.0,15.1
a7b3902a1a640e1f0d4f861d468c588a,1,d2909bb1200f91eae8737b0baef36afb,b2ba3715d723d245138f291a6fe42594,2017-12-07 02:37:29,104.9,9.55
a7b5e82b294d8eac1109824b0194abb9,1,b93ce2bec0961862bd811f643e704566,4917cee8d902e13428c3ec4b1ca6f315,2017-06-30 11:55:08,149.0,31.79
a7e81b5cf4f8a13c638129228f4696fb,1,8cd1fa74f1b7e9cd6e7c574607081522,fa1c13f2614d7b5c4749cbc52fecda94,2017-03-07 15:35:12,139.9,25.47
a7f3eb9a2e38d344a3311dbbf4c5d9ba,1,43af87f38a5fdd07c23a32ec33727ba9,6a8b085f816a1f75f92dbac6eb545f8f,2018-02-16 09:48:43,19.5,11.85
a7fafbfc43a11e5ba3d934121a63bb43,1,de18af36238944b4db169fd05ab9d541,2138ccb85b11a4ec1e37afbd1c8eda1f,2018-07-27 03:45:29,18.9,7.39
a8096d0b94faa1314dbd562efc6a0967,1,e9def91e99c8ecb7c5cef5e31506a056,850f4f8af5ea87287ac68de36e29107f,2018-01-31 04:52:09,69.99,17.06
a811f33c743a891f34de752bba733292,1,d1c427060a0f73f6b889a5c7c61f2ac4,a1043bafd471dff536d0c462352beb48,2017-03-16 18:34:44,159.99,33.4
a826cc67324e880829ebd6954f6ed5e3,1,762e9c384b4752bbcbea568e3d89856f,3361277dc30b7cccdb0c286b24219756,2017-12-01 17:11:22,58.55,12.54
a826cc67324e880829ebd6954f6ed5e3,2,762e9c384b4752bbcbea568e3d89856f,3361277dc30b7cccdb0c286b24219756,2017-12-01 17:11:22,58.55,12.54
a84a2c86f42a79c101ac5783d3881645,1,5ccdfc35d9cff8db4fa46b83d5712899,238fac594e170b59c6d228f5a4f4f1d9,2018-01-29 21:20:26,119.0,73.78
a8898844029abdc3064b4fed7ca04a47,1,06edb72f1e0c64b14c5b79353f7abea3,391fc6631aebcf3004804e51b40bcf1e,2018-08-06 20:04:12,39.99,18.38
a89c7ca4e54f3cad7dbdb78b5e33c4f7,1,451f6a5c5b15c9c5819256be358df9f0,b6d44737c043328708f6749c2dbe50bd,2018-05-25 14:54:50,35.0,17.93
a89e14734d926ba4f06da4c653abf873,1,6d4bb6101d2927f04617ed23f0d6aee5,4da0e408c99d2fdc2126dc9fce518060,2017-02-17 10:02:07,37.2,20.99
a89e14734d926ba4f06da4c653abf873,2,d00c845d98a49bda7c00543fa86d2540,4da0e408c99d2fdc2126dc9fce518060,2017-02-17 10:02:07,28.4,12.25
a8afd0d68136bf98efa8ecc64a0df6c1,1,cfce05163d94540468fd6c92c62fa5db,b347677812ea483b0f528eaf8cbc09b7,2017-12-18 10:59:28,419.0,42.2
a8b53c7a7288e0478af915b26764b54b,1,6ce07ff93c0dbafa9df5c10038e41287,972d0f9cf61b499a4812cf0bfa3ad3c4,2018-03-29 11:50:22,139.89,39.27
a8bac9fbf4f824af91ea3ec34f454ae2,1,747152211829957938862c1c57a30f16,eed78ac17f7f795a19a709745f00cd4e,2018-01-25 00:36:11,175.8,14.25
a8bbc485329f055ce3addabfbf8d4f86,1,27b8857ca0d1477e1ad34ffaba0b642c,70a12e78e608ac31179aea7f8422044b,2018-02-20 11:30:56,85.0,15.34
a8c12ad0f19ddd006359fef29b1eafc0,1,3cb11cc74ce2cf42fd23d867c18a7745,955fee9216a65b617aa5c0531780ce60,2018-02-06 14:21:24,99.99,13.25
a8dbaf4197af2f96f35fb65ad457c912,1,e0d64dcfaa3b6db5c54ca298ae101d05,2eb70248d66e0e3ef83659f71b244378,2018-05-18 08:55:23,134.9,18.82
a8e595153c8bec02b29e66399b21e1ae,1,33ba4b29d820b397054cc97e892ab1bc,16090f2ca825584b5a147ab24aa30c86,2018-08-07 19:44:19,28.99,18.3
a8f5a2b22f55e0af45b300929d1fdc7d,1,11b062c710beb867b4897ff2728e828d,ae8bfdbf1c2a2a2dee92d799db0a31c6,2017-05-19 18:10:18,29.99,17.6
a8ff452116db2ff4a2963f490afe5471,1,5da61f03fa61bb3e2d965b98aa102ad7,6560211a19b47992c3666cc44a7e94c0,2017-05-17 03:50:20,89.0,15.37
a91929c58be362dc4929f9b9c542a4ae,1,9ede6b0570a75a4b9de4f383329f99ee,3fd1e727ba94cfe122d165e176ce7967,2018-02-09 11:31:05,104.9,16.49
a92cb0dfef8b722e7edb2b8945fd8baf,1,91c82ace62e0ca1b69b1a45bcc214b45,4869f7a5dfa277a7dca6462dcf3b52b2,2018-06-08 13:35:23,159.9,13.56
a9451e0c97199724d8edfc301ea8ca65,1,6dde44b4172999f35f08654d06bad633,7c67e1448b00f6e969d365cea6b010ab,2017-08-13 23:32:24,219.99,35.7
a9456d47156dc580a5421d6b0a12074b,1,521a361808bedd9fffb32181e501e09b,5b179e9e8cc7ab6fd113a46ca584da81,2017-08-08 13:15:12,149.9,17.3
a94c3f9f786e8db6bb345f6489942a3a,1,7fb04722aba7a2b632bac8f9819796f3,f3b80352b986ab4d1057a4b724be19d0,2018-05-08 21:50:22,90.0,23.21
a9514842c946fff73632509db47cc683,1,bfdd5b3ebd8caed3cbd037fd900ac21c,f7496d659ca9fdaf323c0aae84176632,2017-09-27 20:43:26,69.9,16.74
a96157730ca02d9de4c4e4ac2fc49f2c,1,a38b238734207eeb0388676235cf56ec,86ccac0b835037332a596a33b6949ee1,2018-02-14 07:35:35,125.0,21.36
a966231d1abc5095725cb52a810d5694,1,0502d1a36be75bd36b452f31c6ed264a,c826c40d7b19f62a09e2d7c5e7295ee2,2018-02-14 18:50:51,69.77,14.24
a966231d1abc5095725cb52a810d5694,2,0502d1a36be75bd36b452f31c6ed264a,c826c40d7b19f62a09e2d7c5e7295ee2,2018-02-14 18:50:51,69.77,14.24
a966231d1abc5095725cb52a810d5694,3,0502d1a36be75bd36b452f31c6ed264a,c826c40d7b19f62a09e2d7c5e7295ee2,2018-02-14 18:50:51,69.77,14.24
a96cbf770c38f70192fa361dba05fe32,1,f40876e0ef3cd5f9132b1f16b04b1346,620c87c171fb2a6dd6e8bb4dec959fc6,2018-05-15 11:11:47,119.9,21.77
a977d2aee8b0f8204693983195733cf9,1,e07510e0b85899f2e922f28bfc0643c2,fa1c13f2614d7b5c4749cbc52fecda94,2017-04-28 13:45:08,249.0,26.23
a9810da82917af2d9aefd1278f1dcfa0,1,a630cc320a8c872f9de830cf121661a3,eaf6d55068dea77334e8477d3878d89e,2018-07-02 11:18:58,17.0,7.39
a994e6b51de39d9a263918e2b37c859e,1,3fbd1a96fca26cfab52984da93349a4b,a3a38f4affed601eb87a97788c949667,2017-03-23 15:15:05,199.9,16.61
a9b8ca11d1c4f895787b4503f3772706,1,819fc0e9c061a08bac3d5044eb92b173,6cd68b3ed6d59aaa9fece558ad360c0a,2017-04-27 13:06:13,118.9,15.0
a9c12c3dbd383763a49141b30627fd5d,1,ad4b5def91ac7c575dbdf65b5be311f4,897060da8b9a21f655304d50fd935913,2018-03-05 12:09:22,18.9,20.75
a9c12c3dbd383763a49141b30627fd5d,2,e6b314a2236c162ede1a879f1075430f,897060da8b9a21f655304d50fd935913,2018-03-05 12:09:22,18.6,9.45
a9c12c3dbd383763a49141b30627fd5d,3,e6b314a2236c162ede1a879f1075430f,897060da8b9a21f655304d50fd935913,2018-03-05 12:09:22,18.6,9.45
a9c12c3dbd383763a49141b30627fd5d,4,ad4b5def91ac7c575dbdf65b5be311f4,897060da8b9a21f655304d50fd935913,2018-03-05 12:09:22,18.9,20.75
a9c12c3dbd383763a49141b30627fd5d,5,ad4b5def91ac7c575dbdf65b5be311f4,897060da8b9a21f655304d50fd935913,2018-03-05 12:09:22,18.9,20.75
a9c12c3dbd383763a49141b30627fd5d,6,e6b314a2236c162ede1a879f1075430f,897060da8b9a21f655304d50fd935913,2018-03-05 12:09:22,18.6,9.45
a9ebd6bcbc1aed90a92d93c774f2cdd2,1,368c6c730842d78016ad823897a372db,1f50f920176fa81dab994f9023523100,2017-11-07 22:50:11,59.9,5.89
a9ebd6bcbc1aed90a92d93c774f2cdd2,2,368c6c730842d78016ad823897a372db,1f50f920176fa81dab994f9023523100,2017-11-07 22:50:11,59.9,5.89
a9ebd6bcbc1aed90a92d93c774f2cdd2,3,368c6c730842d78016ad823897a372db,1f50f920176fa81dab994f9023523100,2017-11-07 22:50:11,59.9,5.89
a9fa4232de4a87398cfab2a5bcbecc56,1,3c3d244942b424b931c33f1ddc122b80,70c27847eca8195c983ed7e798c56743,2018-04-10 22:09:00,190.0,23.83
aa0cbb40775d50f0535c3e4a38603b3c,1,f538d01bc771eed83997a9e729627b73,9d5a9018aee56acb367ba9c3f05d1d6a,2017-09-12 04:15:21,25.33,15.79
aa0cbb40775d50f0535c3e4a38603b3c,2,f538d01bc771eed83997a9e729627b73,9d5a9018aee56acb367ba9c3f05d1d6a,2017-09-12 04:15:21,25.33,15.79
aa19638830b7cc5740500c18ace611f6,1,4413a608a42bd21bbf9d5abbd58c249a,7ddcbb64b5bc1ef36ca8c151f6ec77df,2017-08-24 02:25:25,134.99,27.48
aa1bc9f5fb6999f433bcbf6990661542,1,5def61e8757e0dd68a807be19a120516,2528513dd95219a6013d4d05176e391a,2018-06-20 09:13:52,219.0,17.8
aa45e41799067f67755e2e4e41925aa3,1,d03a3e22b08287c1c29aa67a79f3b2ff,c864036feaab8c1659f65ea4faebe1da,2017-12-14 07:11:08,149.9,21.54
aa57296ceb0b170f4823d71a06a43037,1,927019d88409196f97d1fd56daaeecc1,516e7738bd8f735ac19a010ee5450d8d,2018-06-29 02:58:59,49.9,16.54
aa6e1f3a2b645a2b22e70084a30d2cd0,1,9b6aada2786f40a15f5f186b84d8dc5d,4c498c7345e89aebad651544829beca0,2018-08-06 18:43:56,27.9,15.3
aa732419bf67ca56341e5067fa0bc357,1,b1acb7e8152c90c9619897753a75c973,cc419e0650a3c5ba77189a1882b7556a,2017-12-18 18:37:27,34.99,7.78
aab255ef2ea7066420316c7ae7094fe2,1,62efb2cde9269a637ebc6d2c0e02edfb,55dedd83e501d8248880557d9073cbfd,2018-08-22 19:10:26,145.9,8.44
aaf2a2f9c59483fb9eb7d044abcafc4b,1,7fb04722aba7a2b632bac8f9819796f3,f3b80352b986ab4d1057a4b724be19d0,2018-07-17 21:24:43,90.0,42.91
aaf3296abd366f76ed7d26fe0ea4cdaf,1,44d097d59e8430f88a67517cd0c4f865,6560211a19b47992c3666cc44a7e94c0,2018-02-16 04:20:20,69.0,14.23
aafbb7deb8b53a1b559f530bd24ea506,1,bb42f37fc3d9130e4a4339d24a47dd7c,da8622b14eb17ae2831f4ac5b9dab84a,2018-06-13 12:55:50,44.9,12.79
ab14fdcfbe524636d65ee38360e22ce8,1,9571759451b1d780ee7c15012ea109d4,ce27a3cc3c8cc1ea79d11e561e9bebb6,2017-08-30 14:30:23,98.7,14.44
ab14fdcfbe524636d65ee38360e22ce8,2,9571759451b1d780ee7c15012ea109d4,ce27a3cc3c8cc1ea79d11e561e9bebb6,2017-08-30 14:30:23,98.7,14.44
ab14fdcfbe524636d65ee38360e22ce8,3,9571759451b1d780ee7c15012ea109d4,ce27a3cc3c8cc1ea79d11e561e9bebb6,2017-08-30 14:30:23,98.7,14.44
ab14fdcfbe524636d65ee38360e22ce8,4,9571759451b1d780ee7c15012ea109d4,ce27a3cc3c8cc1ea79d11e561e9bebb6,2017-08-30 14:30:23,98.7,14.44
ab14fdcfbe524636d65ee38360e22ce8,5,9571759451b1d780ee7c15012ea109d4,ce27a3cc3c8cc1ea79d11e561e9bebb6,2017-08-30 14:30:23,98.7,14.44
ab14fdcfbe524636d65ee38360e22ce8,6,9571759451b1d780ee7c15012ea109d4,ce27a3cc3c8cc1ea79d11e561e9bebb6,2017-08-30 14:30:23,98.7,14.44
ab14fdcfbe524636d65ee38360e22ce8,7,9571759451b1d780ee7c15012ea109d4,ce27a3cc3c8cc1ea79d11e561e9bebb6,2017-08-30 14:30:23,98.7,14.44
ab14fdcfbe524636d65ee38360e22ce8,8,9571759451b1d780ee7c15012ea109d4,ce27a3cc3c8cc1ea79d11e561e9bebb6,2017-08-30 14:30:23,98.7,14.44
ab14fdcfbe524636d65ee38360e22ce8,9,9571759451b1d780ee7c15012ea109d4,ce27a3cc3c8cc1ea79d11e561e9bebb6,2017-08-30 14:30:23,98.7,14.44
ab14fdcfbe524636d65ee38360e22ce8,10,9571759451b1d780ee7c15012ea109d4,ce27a3cc3c8cc1ea79d11e561e9bebb6,2017-08-30 14:30:23,98.7,14.44
ab14fdcfbe524636d65ee38360e22ce8,11,9571759451b1d780ee7c15012ea109d4,ce27a3cc3c8cc1ea79d11e561e9bebb6,2017-08-30 14:30:23,98.7,14.44
ab14fdcfbe524636d65ee38360e22ce8,12,9571759451b1d780ee7c15012ea109d4,ce27a3cc3c8cc1ea79d11e561e9bebb6,2017-08-30 14:30:23,98.7,14.44
ab14fdcfbe524636d65ee38360e22ce8,13,9571759451b1d780ee7c15012ea109d4,ce27a3cc3c8cc1ea79d11e561e9bebb6,2017-08-30 14:30:23,98.7,14.44
ab14fdcfbe524636d65ee38360e22ce8,14,9571759451b1d780ee7c15012ea109d4,ce27a3cc3c8cc1ea79d11e561e9bebb6,2017-08-30 14:30:23,98.7,14.44
ab14fdcfbe524636d65ee38360e22ce8,15,9571759451b1d780ee7c15012ea109d4,ce27a3cc3c8cc1ea79d11e561e9bebb6,2017-08-30 14:30:23,98.7,14.44
ab14fdcfbe524636d65ee38360e22ce8,16,9571759451b1d780ee7c15012ea109d4,ce27a3cc3c8cc1ea79d11e561e9bebb6,2017-08-30 14:30:23,98.7,14.44
ab14fdcfbe524636d65ee38360e22ce8,17,9571759451b1d780ee7c15012ea109d4,ce27a3cc3c8cc1ea79d11e561e9bebb6,2017-08-30 14:30:23,98.7,14.44
ab14fdcfbe524636d65ee38360e22ce8,18,9571759451b1d780ee7c15012ea109d4,ce27a3cc3c8cc1ea79d11e561e9bebb6,2017-08-30 14:30:23,98.7,14.44
ab14fdcfbe524636d65ee38360e22ce8,19,9571759451b1d780ee7c15012ea109d4,ce27a3cc3c8cc1ea79d11e561e9bebb6,2017-08-30 14:30:23,98.7,14.44
ab14fdcfbe524636d65ee38360e22ce8,20,9571759451b1d780ee7c15012ea109d4,ce27a3cc3c8cc1ea79d11e561e9bebb6,2017-08-30 14:30:23,98.7,14.44
ab260012c90cd3ee59bb8d18b97b851a,1,d3a1e0ce5009f1a816a6ba558908fdf0,9674754b5a0cb32b638cec001178f799,2017-12-07 17:50:39,89.59,9.44
ab2dca30f9aa2566e582854315d22d95,1,fadced14c797b6382fe83c56c85f7eb0,f262cbc1c910c83959f849465454ddd3,2018-02-13 12:10:39,199.0,16.14
ab34db6c283d8f91f11773a52711c317,1,e1bf2f209fd2b08e1af3ed71732d9008,70c27847eca8195c983ed7e798c56743,2018-08-17 15:10:19,168.99,8.6
ab64dd52ffac216882def99c2768daec,1,aede48631330269f65a8d680de491657,dbc22125167c298ef99da25668e1011f,2018-01-26 14:53:06,99.9,17.95
ab6ccded40dba2056dfa826368b5adf3,1,1a428b685ede76217c9efb550c4aaa59,d2374cbcbb3ca4ab1086534108cc3ab7,2017-07-24 06:03:34,22.9,11.85
ab7342290dcd818479042d1def7583fa,1,a4aa7c1427c31344e5f7cc3d839fe562,66922902710d126a0e7d26b0e3805106,2017-10-13 20:28:12,95.0,20.16
abc3e842e38ace4030133da4ebd501f5,1,4c05be00027392c898ab59a94fad2151,5f1dc28029d2c244352a68107ec2b542,2017-10-05 20:35:11,50.9,8.72
abc3e842e38ace4030133da4ebd501f5,2,4c05be00027392c898ab59a94fad2151,5f1dc28029d2c244352a68107ec2b542,2017-10-05 20:35:11,50.9,8.72
abcb42831f6165cda2570c76e90cda5d,1,205ff90a4060e651110a277efa4633fd,ececbfcff9804a2d6b40f589df8eef2b,2018-08-06 05:25:18,59.49,13.08
ac28887de5f5bbd520cb77370e8b219d,1,83d199d296c44101c8c3b5c9c0cce9ea,850f4f8af5ea87287ac68de36e29107f,2017-10-05 15:04:29,69.99,9.34
ac2dcc9201c601c1030aa6daa7337f95,1,c72336b153d63586e6c0599a1b78f47c,6b243f80ed07b10f0e8aa0f21a205f3c,2018-01-23 14:29:53,43.9,2.79
ac2dcc9201c601c1030aa6daa7337f95,2,5a848e4ab52fd5445cdc07aab1c40e48,c826c40d7b19f62a09e2d7c5e7295ee2,2018-01-23 14:29:53,122.99,27.92
ac5dbdd1bd9d027a65020cace8e357ba,1,ea44caac707f7f1325182a538007f838,855668e0971d4dfd7bef1b6a4133b41b,2018-01-25 09:55:37,52.0,16.61
ac67d8fc34e7d40fe10f3f99609eea60,1,2944c269bc95271a46f4c63f07149b0a,432c37c9dfba871172ec162e20118b8c,2017-09-29 15:44:22,31.0,16.79
ac71263052acddd3b2031b5937f8fc30,1,349ce46a0e2e20054aa9d80c48af8816,d6b1ce66b035a475f00c017792ff9769,2018-05-02 22:10:25,120.0,13.28
ac9dfcb098b29edba5d0cbd3b4febefd,1,0cf41187284d7f099adc8415a743ebbd,bbad7e518d7af88a0897397ffdca1979,2018-05-10 02:53:54,35.9,8.88
aca33246293a698b982644421ce2170c,1,4ce6c1b5cfe26c9f980438fc1c810f8d,d51e0a403fe2e689ece6c73359d96e12,2018-04-30 15:38:25,255.0,24.37
aca33246293a698b982644421ce2170c,2,4ce6c1b5cfe26c9f980438fc1c810f8d,d51e0a403fe2e689ece6c73359d96e12,2018-04-30 15:38:25,255.0,24.37
aca44cb492f80075220916b0a4486b10,1,8c292ca193d326152e335d77176746f0,7e1fb0a3ebfb01ffb3a7dae98bf3238d,2018-08-03 19:05:21,186.0,13.96
acbe07f22f29ad7e5a78f30008cc6ec7,1,c0e452663c284f3f8e578f390dc3ab21,65a7c0788e4d632ccb5e1b594b87f0bb,2017-11-27 19:06:16,19.3,11.73
acbe07f22f29ad7e5a78f30008cc6ec7,2,c0a0b5aa4507363e601eb90082c9c008,65a7c0788e4d632ccb5e1b594b87f0bb,2017-11-27 19:06:16,19.3,11.73
acbe07f22f29ad7e5a78f30008cc6ec7,3,262855d4dd5b0d39f786a3c86c285c6a,65a7c0788e4d632ccb5e1b594b87f0bb,2017-11-27 19:06:16,19.3,11.73
acbe07f22f29ad7e5a78f30008cc6ec7,4,7d873ae7ba4e637167c1a8d544bd6af8,65a7c0788e4d632ccb5e1b594b87f0bb,2017-11-27 19:06:16,19.3,11.73
ace21e63d47750bf1c9d30301b61db13,1,f56e93f8bec270456dd5ec3272bd42f3,6fc26fe110feebd80a433e1f012a84f9,2017-10-10 16:45:43,59.0,12.75
ace21e63d47750bf1c9d30301b61db13,2,f56e93f8bec270456dd5ec3272bd42f3,6fc26fe110feebd80a433e1f012a84f9,2017-10-10 16:45:43,59.0,12.75
ace21e63d47750bf1c9d30301b61db13,3,f56e93f8bec270456dd5ec3272bd42f3,6fc26fe110feebd80a433e1f012a84f9,2017-10-10 16:45:43,59.0,12.75
ad1c343f53639ad550761c2653c191b0,1,a39cc58c1b5926b6f9f378daa89f1315,1025f0e2d44d7041d6cf58b6550e0bfa,2018-08-14 10:15:21,150.0,42.03
ad2a607cb972296b63c687849e21dd34,1,740adb81f19fb346d1ce72237211ba51,4e922959ae960d389249c378d1c939f5,2018-03-29 12:56:39,139.0,23.9
ad37eddb1c31a48b3a6677488593b984,1,617186c3d97ea56c9c683a8a3974e8c1,cc419e0650a3c5ba77189a1882b7556a,2017-08-22 20:44:02,84.99,12.09
ad5bf590212b05339591fac819fec669,1,8c292ca193d326152e335d77176746f0,7e1fb0a3ebfb01ffb3a7dae98bf3238d,2018-06-04 11:55:12,151.0,11.21
ad5e4b37aefeac1f582990bd5f5097e8,1,2d9048864a2855dc2235f380db5c1ec1,ce248b21cb2adc36282ede306b7660e5,2018-03-09 10:55:35,17.87,16.79
ad6375df4d400deedc67049cfe1ae46f,1,3a92aca3f76960cbae25ef2496c03e09,ececbfcff9804a2d6b40f589df8eef2b,2018-06-15 10:59:48,55.5,12.83
ad8ba259cbff3b36ec0a6c88e0d78443,1,c862d801c5bf9b08e1bde0e3801199ed,6d66611d7c44cc30ce351abc49a68421,2018-08-31 11:55:18,35.9,14.56
ad9ad462491a04f6673a43f6ec4a54d3,1,d902e8400cd0c58b64ea157af940e670,05f51e13da97139648b8125c31e5f51b,2017-08-16 15:43:41,139.9,15.73
ade4397f52cb13f72b87939c8250e292,1,233ad2cdae25fbf46f0d090b678d23f4,2a6fbeaa7ab9e5d59a35841a8da71ce4,2017-10-02 06:33:12,130.0,27.45
ae270175ffc265c84f5ce6a63c3a56aa,1,907c84d5b8961d53ba1b803638fffcad,e24fc9fcd865784fb25705606fe3dfe7,2017-05-04 10:03:08,168.0,16.39
ae2756437d2b0a5f0c9702d7ea130e41,1,c9c6fde711572c1ad99ca12728c6af00,562fc2f2c2863ab7e79a9e4388a58a14,2018-02-21 03:07:27,29.99,14.1
ae55c180decfe41ac363c68f08a16003,1,fbcd62530875b193a5e21728242d77a4,ececbfcff9804a2d6b40f589df8eef2b,2017-09-28 02:26:10,24.99,15.1
ae647800f7009520d784c9c9ab2de7be,1,ecf9484703bdfb9cfcc1ac9c2084b567,59b22a78efb79a4797979612b885db36,2018-03-12 03:55:45,265.0,44.22
aed4ee357f34e0cc3ce296eb5829d7ae,1,1c590de8370cd15e869999037e92fea2,1f1bb1f0859883505541bdd6606193e5,2018-03-08 09:50:42,189.99,17.09
aed8a6355c72e229dbe6db611871f210,1,99a4788cb24856965c36a24e339b6058,4a3ca9315b744ce9f8e9374361493884,2018-06-26 02:31:24,79.9,14.87
aee59dfc7dd589a60400818c624a6f91,1,94cff684a6f115a32507988ff6541801,8648b1e89e9b349e32d3741b30ec737e,2018-08-29 01:10:11,79.5,7.82
aef24fc9e8f2acb0fd975391c6be7ff5,1,8c292ca193d326152e335d77176746f0,7e1fb0a3ebfb01ffb3a7dae98bf3238d,2018-06-12 19:50:51,151.0,18.94
af0875390f2817270f7f82048e3bc867,1,3fb22448e11f38ac4437c25693fcac1e,b8555308bfdb4ca1ed54325a58da9a97,2018-06-15 03:55:14,144.9,33.03
af1c0dc1f2cdfc4a74069019fe837717,1,2f178dc91b792930e1ff40a77a123506,75d34ebb1bd0bd7dde40dd507b8169c3,2017-06-06 17:45:14,399.99,20.08
af2bfbdf0c8be1e12b54c65605a0214b,1,3d92b609f553af0ae89982e4fae15b1f,a17f621c590ea0fab3d5d883e1630ec6,2018-04-10 13:30:04,46.33,18.23
af42a8855a3f0b15c3878111efa19ba6,1,adae9f96e1647ed7ce3c54b261d4a544,c3fe93ba3085f92855c97e57f38c8c05,2017-06-14 19:20:10,22.5,15.1
af42d1d70bc955e5272039f5d271c392,1,18870238fd023ef96e834a59dbd4405f,fa74b2f3287d296e9fbd2cc80f2d1cf1,2017-09-25 16:50:17,180.9,12.77
af5248d345341f797de31954e0d3d2f4,1,a13cd9aaa328b21f5653ce455d88dce1,822166ed1e47908f7cfb49946d03c726,2018-04-13 17:13:40,118.74,19.8
af74091f111e705ab46de44f0f46aee0,1,da6f9d8ce4950ad572b7b4fe7d7e6c90,94144541854e298c2d976cb893b81343,2018-01-09 04:10:38,89.9,16.07
af79884abd4a25e4ed96f94bc7db48b3,1,cc02ea01817f1cb21e6708bc19f1ee20,eeb6de78f79159600292e314a77cbd18,2017-03-23 18:23:57,119.0,23.12
af83f5e5f987977b6420b4763517beae,1,4c2394abfbac7ff59ec7a420918562fa,cc419e0650a3c5ba77189a1882b7556a,2017-11-30 14:49:07,84.99,15.35
af922ed57b4035c102a373ebdf34dbbb,1,2b0c892ab2b8e600a0b186db31f5947d,54a1852d1b8f10312c55e906355666ee,2017-12-04 03:20:58,79.99,12.26
afc1e4183307b101e5e2dbdd876a213f,1,529deff9c151e0db37c88a43952868bb,f45122a9ab94eb4f3f8953578bc0c560,2017-04-03 03:43:41,245.99,21.8
afd6fcb99a54aac6b88ff635b2e687ea,1,888e11f9e6f882701220d1139c58d462,54065e9aef7e9e9c2dc23b7594db021a,2017-07-26 19:50:21,200.0,26.68
afeb3354fc3b7d5c309239667cbee2b8,1,31eb78f384a585823382f8963cdf5849,3d871de0142ce09b7081e2b9d1733cb1,2018-01-18 14:30:29,89.0,13.64
b0478e447df29ef9a7efd1eb63de629c,1,c40b4d64d9a3328382ec1fc2948c4af0,95b293867b5862941c9cd74f756a3c68,2018-02-08 02:54:04,54.9,11.88
b062c88d0db22ff6a4e37c2df0f85333,1,23601216d4de33d54c6801f27dc59357,1d8dbc4f32378d715c717c1c1fc57bae,2018-02-28 23:30:53,109.9,38.32
b06d6a76d26b5692a9a6f974dde874ec,1,613221d716be89edd3bb436c8060cd05,7fc87cc3e89b3d1d5cabdca32f8485aa,2018-06-20 05:26:00,210.9,16.36
b07680c80c64e1f1ca41d4337b5e773a,1,01e25be2c25019945382e057a8292e72,a3e9a2c700480d9bb01fba070ba80a0e,2018-03-19 13:15:29,113.0,23.37
b0945a79c684fa367896247e7afa4628,1,c72edc98e7d77f0c4c04ec80730c05f5,5b925e1d006e9476d738aa200751b73b,2018-02-05 12:55:22,69.0,17.73
b095ce1bfaa02fb7b9e58c39b30c4ae3,1,8e93bf2cbba0420f166afa0c797525b0,b499c00f28f4b7069ff6550af8c1348a,2018-09-05 12:15:15,44.99,12.98
b0a793772ff8d61844c0b654b342321c,1,568e52d4c670b4d5130bae2dbf211c40,8581055ce74af1daba164fdbd55a40de,2018-04-02 23:15:23,92.1,18.72
b0aab42458e44a4368d8e548c55f998a,1,b301f133a68b93a9a9a3db2987c1be36,f262cbc1c910c83959f849465454ddd3,2018-05-10 16:18:12,29.99,15.23
b0b0d3285e59abf2f6c9d7e1bf761323,1,470433f95ba906e17efac3fce39e9ffd,e2a1ac9bf33e5549a2a4f834e70df2f8,2017-03-14 18:51:06,2999.89,44.23
b0b11a045f01b17c63a50af48627e177,1,d011223de539cd224b5c5c8082313d46,1025f0e2d44d7041d6cf58b6550e0bfa,2018-04-23 14:11:33,196.8,13.28
b0b2c1eac18964a383e18b20e718e806,1,30ccf4724f5227265f837e9ba0246278,dbc22125167c298ef99da25668e1011f,2017-10-17 05:14:24,85.4,19.84
b0b49de4bb38c36e7acd74d879631d6f,1,5317355191eb96f3a163cad67055f135,7142540dd4c91e2237acb7e911c4eba2,2018-02-26 18:30:41,69.9,17.2
b0cc2434ee3727e682222a0f745a5948,1,af9418dfcdd7f19b51906a2f32cd6bc0,da8622b14eb17ae2831f4ac5b9dab84a,2017-04-06 11:30:09,129.0,16.01
b0cfe2eb432bba9a53dce35cd5793946,1,f264c1d9b20b5e4a340254d0405e613b,7a67c85e85bb2ce8582c35f2203ad736,2017-10-05 02:28:45,69.99,16.74
b102a55650928a816173fab1295e4759,1,583f158587cdecda3e8bdea694021e39,955fee9216a65b617aa5c0531780ce60,2018-03-07 02:50:52,45.0,15.11
b1135445c9efaedf0b492762d692bbcd,1,819cc553cef53e5f33e1e74ef5133409,70a12e78e608ac31179aea7f8422044b,2017-11-30 19:53:01,140.0,16.74
b11e6ce66d797ee9120c9bfbd376ef01,1,c5c1c5b904f5571d76dc3f494d3440bd,3db66a856d18a9cba7c9241fc5221c50,2018-04-30 08:31:23,259.9,58.37
b124967afcc82ef17ec41020fe2a9136,1,12e6d0f655986ceff00c74658dec97b1,3be634553519fb6536a03e1358e9fdc7,2018-06-06 17:18:09,49.99,8.88
b12e5d725658a4566286153c51727af2,1,90d0b33a310abf581b6eb73e4f40d0df,0adac9fbd9a2b63cccaac4f8756c1ca8,2017-05-11 13:15:17,8.9,11.85
b132124ca9d69faf63989e08a5851151,1,acdff5faea9652b2230cbcf4d475a220,ef0ace09169ac090589d85746e3e036f,2018-05-25 11:14:31,109.8,15.65
b14970227d9071f5930ab1774bc471dd,1,a92930c327948861c015c919a0bcb4a8,6560211a19b47992c3666cc44a7e94c0,2018-08-15 07:55:16,78.0,7.81
b165a0179ee138cb24d5cffb1129afb5,1,4c4dbaeebae887ed4fae3a70530901a1,985c92cc412091f8529c12d7f23d3fef,2018-05-13 22:11:25,67.88,13.6
b178d37bc8cf0346e18f4ebeff294dcc,1,685d230b37cfc4427f505662387c53e1,6ddc28b61be28373b4503a1f61cf98a9,2018-08-21 03:30:27,106.9,18.85
b17bd9337504cfa6cc07d6e08fe9c884,1,7a10781637204d8d10485c71a6108a2e,4869f7a5dfa277a7dca6462dcf3b52b2,2017-12-27 23:49:54,219.9,18.79
b1829b9fc61d2f28d8668cd5bde29e3f,1,5d923ead886c44b86845f69e50520c3e,ed8cb7b190ceb6067227478e48cf8dde,2018-07-26 01:50:13,17.42,11.15
b19f37ba4b4c83791c9bead49f965926,1,c6eea384e62b799e78267eaeea987eaa,ff69aa92bb6b1bf9b8b7a51c2ed9cf8b,2018-04-09 10:30:32,1648.0,254.55
b1a4848ea79dd95fd703aa8eebcfdf28,1,84a87daa85c8b432d90bc1baa0cb4388,aafe36600ce604f205b86b5084d3d767,2017-10-19 15:14:22,59.9,16.99
b1a4d93b091b621c2080d96449ded73a,1,6d811b6e8cada9a8f7f38bb315620e1b,80e6699fe29150b372a0c8a1ebf7dcc8,2017-07-17 04:15:14,159.0,30.15
b1b0b7314cdf43b80c205664d0199dcb,1,b80921007ed3f68cf6e536e6daf08610,ea8482cd71df3c1969d7b9473ff13abc,2017-12-04 03:31:23,27.99,15.79
b1b1b0b5750f064412720744d890eaf0,1,261dc97192b478e60fd1318cd0650618,8a432f4e5b471f8da497d7dc517666e2,2018-06-13 14:18:50,39.0,22.93
b1e7ea6ef4104c3bcd94c0b9260717b2,1,836c9611edefc9a7015fc464453ed246,7210cd29727d674c00741e5e387b3ccd,2018-07-16 14:46:14,64.99,8.62
b1f9095a10dfd9fcf032d74f71348e44,1,e255eb3c42d6fbb54d63d32e4095de49,57c764b4a836300be881e2ff86e449f9,2018-05-23 03:16:15,9.9,18.23
b203926285e72ba51c04c68b70666e32,1,7eaf66aca1ed54df09b3c864b7416110,49067458c68f7701fd334ce326accbe0,2018-05-14 03:52:26,28.45,13.46
b203926285e72ba51c04c68b70666e32,2,fc5dd987f12a7b823a76a44aa1ba88f6,49067458c68f7701fd334ce326accbe0,2018-05-14 03:52:26,28.45,13.47
b203926285e72ba51c04c68b70666e32,3,07ffc018eaf23e086370dea42c74077b,49067458c68f7701fd334ce326accbe0,2018-05-14 03:52:26,28.45,13.47
b22050106236d9b58750e8bc6418298b,1,bcd58b852a3b0152b6b384c4e4474ba2,8b321bb669392f5163d04c59e235e066,2018-04-30 17:33:54,125.0,57.42
b22d306e18b3b665d49f2ce7d060742e,1,283dc451ad3918badb976d56ff887289,da8622b14eb17ae2831f4ac5b9dab84a,2017-04-03 17:33:15,79.9,17.3
b25640291e5a59b69aa7a1e7096925bf,1,56bf569283c7e75dbd7bd5ebaf6339e4,dc4a0fc896dc34b0d5bfec8438291c80,2017-04-27 23:10:20,77.68,11.93
b262d7f5db1e8a9c23bfb44558c7e4ba,1,e57eb018e37376580079825eb29a3419,b1fc4f64df5a0e8b6913ab38803c57a9,2017-10-23 16:14:44,80.0,14.31
b2664e0e967b1c146e574185530e813d,1,1b6cecc37e5cf78922520ccb14860e63,e333046ce6517bd8bb510291d44f0130,2017-09-28 17:50:16,109.0,16.39
b28e2ea00a9403b195f0c47428dde994,1,1cbae91a0159b540e3d3a43193d3e970,ececbfcff9804a2d6b40f589df8eef2b,2018-04-30 03:32:11,81.25,22.28
b2a04f1e9c3932855c266b1c8ba7b7c5,1,691f932fd9a1c168cbb5c579432de4fa,77530e9772f57a62c906e1c21538ab82,2017-05-15 08:55:14,119.0,14.56
b2a25b6f671017afa5190546ca5b89e9,1,98224bfc1eaadb3a394ec334c60453ff,ce616e1913288884e7742faac9d981db,2018-08-23 15:10:43,8.5,7.39
b2aadb128e84058f8ff560dbe7466c1c,1,fe9dfbe7f974621789683b7b78be2a16,900ba814c251a692506d7834c1218441,2018-03-15 03:50:43,326.16,18.17
b2ad7cad7381ae63e968c60fa8f7f7a2,1,9e61f47367a7a1d6cafa44817f88f8db,4371b634e0efc0e22b09b52907d9d469,2017-08-07 15:35:41,10.0,7.78
b2f3774fcd52e817b5f0e8b459e1db17,1,a4aa7c1427c31344e5f7cc3d839fe562,66922902710d126a0e7d26b0e3805106,2018-05-23 01:17:40,88.0,18.17
b2f92b2f7047cd8b35580d629d7b3bfb,1,8f1e43e0e3374ed8c84df748034d6179,ecccfa2bb93b34a3bf033cc5d1dcdc69,2016-10-21 16:27:28,59.9,11.31
b335cf4d393acc627b82e83b3b3711fe,1,f8d86453c62a01cc2920531c0bdf194d,7ad41305e96a6cab8294cd65891e9a86,2018-06-19 02:32:22,60.0,23.22
b34d8ec665f905d3c7583b291f54b605,1,9dbf7eb5228b2070008a2e331b114512,85d9eb9ddc5d00ca9336a2219c97bb13,2017-02-03 13:34:56,26.9,18.0
b35a771164a9defa3b4767f1b66918b1,1,7afdd65f79f63819ff5bee328843fa37,ed8cb7b190ceb6067227478e48cf8dde,2018-07-31 02:50:18,21.52,8.9
b362e77722405d304dc6fb5947ea3bea,1,fb783e3e545937820b57fe539b2c5a6c,da8622b14eb17ae2831f4ac5b9dab84a,2017-09-12 21:55:13,99.9,17.95
b3656ff96573b07910d0f54a4505454b,1,c6f208a57dcc1f0a7bd262cd2e604194,ce27a3cc3c8cc1ea79d11e561e9bebb6,2017-07-14 10:05:21,120.0,15.59
b365b927da19a3d58a252e1c5695c86c,1,69a6db5384c989b74cfe3f82ac932da7,cb3dd9ce66268c7a3ca7241ac70ab58c,2018-01-30 09:19:29,89.9,11.83
b37ae92c72d3335c241ea5be05dbc077,1,9879169b145e0626f5e30e5b5ef9f938,537eb890efff034a88679788b647c564,2018-01-17 20:47:55,42.9,14.1
b38c1ea8a0202a0c367fa61b498b1749,1,6e6752783a53e4832b969f1417ca34cf,4b1eaadf791bdbbad8c4a35b65236d52,2017-03-29 19:35:08,349.9,13.06
b3abe697965039908d3203cd063a2ce6,1,8b50a72d52d7a91fb19d19fbe069e2f2,9f505651f4a6abe901a56cdc21508025,2018-08-02 15:31:41,49.99,7.61
b3e6486207807fc3780f9c802e5bbbc2,1,d8aa9936fd75e2d1cac692da307ff48a,e333046ce6517bd8bb510291d44f0130,2018-05-10 16:15:18,129.0,18.78
b3e86749e6dd7b4df4f345abbd329912,1,1332f9dadde087afb818a88c72db05f1,6a8b085f816a1f75f92dbac6eb545f8f,2018-03-15 14:31:57,19.9,46.82
b3e86749e6dd7b4df4f345abbd329912,2,c8a4ec6d4201d92e157eafb89eab932b,5d0363b33554b373851fc1622e4d5f3c,2018-03-15 14:31:57,50.9,46.83
b3ef4de1762699288ca5c55a1e574a12,1,08574b074924071f4e201e151b152b4e,001cca7ae9ae17fb1caed9dfb1094831,2017-07-12 20:15:26,89.0,37.92
b3ef4de1762699288ca5c55a1e574a12,2,08574b074924071f4e201e151b152b4e,001cca7ae9ae17fb1caed9dfb1094831,2017-07-12 20:15:26,89.0,37.92
b3f3f413f89e281887189ce9f68f4ff9,1,060cb19345d90064d1015407193c233d,8581055ce74af1daba164fdbd55a40de,2017-08-07 10:43:48,147.9,15.79
b3f3f413f89e281887189ce9f68f4ff9,2,060cb19345d90064d1015407193c233d,8581055ce74af1daba164fdbd55a40de,2017-08-07 10:43:48,147.9,15.79
b41c58f1cdb089998bf02e8fae313c90,1,57a0cb306bbd11620b9bbb927748b043,891071be6ba827b591264c90c2ae8a63,2018-02-22 16:35:29,189.99,22.13
b44d71edad65f41824d2e177470ef8f6,1,8b39be5bbb8a4585ed19cacbf4162c27,9c3c24eca51c52b91c1de727d2a2ae06,2016-10-14 16:04:50,49.9,11.74
b45d11b61c2a68756bbbd7665d67e812,1,2b4609f8948be18874494203496bc318,cc419e0650a3c5ba77189a1882b7556a,2017-10-23 16:56:25,89.99,16.39
b45e33527c11959b80ea6d7c471a34cf,1,eac691ff8062bb3ed4f465466245accd,b4f8921fcc4ff77b66bea6dda43dcd51,2018-07-02 13:37:27,654.99,78.54
b46dae9e3868b50ceafa02001dd5a1e0,1,4428f48461e892ef845849d4086d8d3f,db4350fd57ae30082dec7acbaacc17f9,2017-12-18 03:50:24,21.99,17.63
b48b2c58981c8d7d31ec325569338e78,1,629e019a6f298a83aeecc7877964f935,c003204e1ab016dfa150abc119207b24,2018-05-17 05:14:56,108.9,24.35
b48cb919226eab68275c008f1c5057b8,1,e5eadf9be70a4a9fa514019542fc330a,4559697a8f7e637227c2eeaed843baff,2018-03-15 20:30:30,69.9,23.07
b497a58303bca7160ad663bd22cea268,1,7acc602a5598de7992eb7d3b4e080b7d,d03698c2efd04a549382afa6623e27fb,2017-06-15 14:30:16,385.26,31.1
b49fb5d1cf86975cf5a295431c278a33,1,d8cabd83757ecf48a7d2628dee9135c1,fe2032dab1a61af8794248c8196565c9,2018-06-14 18:31:39,189.0,14.9
b49fb5d1cf86975cf5a295431c278a33,2,d8cabd83757ecf48a7d2628dee9135c1,fe2032dab1a61af8794248c8196565c9,2018-06-14 18:31:39,189.0,14.9
b4b047bd2b601010cf106a8d20437c2e,1,65f42db0d3e2d8f4fe41b6c3eb0f6561,d9a84e1403de8da0c3aa531d6d108ba6,2018-05-21 05:15:17,56.9,17.11
b4b74b67e8e09c1539e6f838e5eb8fa4,1,7e6850f360e60da72b7d3b1b37f42312,4324dd16853115efb0fd9d0d131ba6f4,2018-02-12 03:35:37,79.0,16.31
b4b74b67e8e09c1539e6f838e5eb8fa4,2,7e6850f360e60da72b7d3b1b37f42312,4324dd16853115efb0fd9d0d131ba6f4,2018-02-12 03:35:37,79.0,16.31
b4b9e15f3787253b781c561f2d8f7eb7,1,407729653f67fdfa6e588c6b0853edd7,ef506c96320abeedfb894c34db06f478,2017-10-17 22:07:13,25.99,15.1
b4c86abf900a8e53f4b9622532c87ea4,1,3085b422a5fd43e691b42df75c8a63ba,eb72802c83dc7547529c9546d1a9b8ef,2018-06-27 10:22:44,259.99,10.33
b4cc15026eee314f397bdfe9767a0a9e,1,df3a9e7f7f59298a2bf47cc0917dae1d,bcc9dd23e2a8bd8267cf92b19304a1b9,2018-01-24 23:38:30,56.99,16.16
b4cfd92086298b1af6fd30b2625583c8,1,2ea92fab7565c4fe9f91a5e4e1756258,3d871de0142ce09b7081e2b9d1733cb1,2017-12-12 17:13:09,79.0,17.8
b4d02f5e2416f97c4879e0585170855e,1,e7a6e03b3e02c37299f6ea8398a08629,6a8b085f816a1f75f92dbac6eb545f8f,2017-08-22 19:05:10,54.9,15.13
b511f786475cb429361d4d269c1bbef9,1,10f2ada0cff82206dc9afa52ebac690b,1bb2bdb95f4841f1bba2c0d2cd83d3c9,2018-08-21 22:10:11,19.95,15.24
b513b10ef81dc22d15e850789a8a96b1,1,f8b624d4e475bb8d1bddf1b65c6a64f6,b410bdd36d5db7a65dcd42b7ead933b8,2018-03-06 03:50:48,179.0,18.53
b5199c66306c07a949f9a9069f7fda57,1,bb50f2e236e5eea0100680137654686c,f7ba60f8c3f99e7ee4042fdef03b70c4,2017-09-07 21:05:40,325.0,17.02
b58cbfb87064005d62cb9fccbc720966,1,a5341e3f8155dbb3e62323d3ea289729,ff063b022a9a0aab91bad2c9088760b7,2017-04-20 12:33:28,79.5,20.64
b5b362ec945720b946181f08eb7bdd04,1,8ebd584f33b5fdca6428a5130d6e17d2,7722b1df1b0e383e000397b2c11e3e19,2017-03-21 00:17:58,45.9,10.96
b5c5a6fb605260058c01713e1fb97aba,1,53759a2ecddad2bb87a079a1f1519f73,1f50f920176fa81dab994f9023523100,2017-10-04 23:29:05,59.9,13.44
b605af5fb88eb77cc70df27f2df3a883,1,87b92e06b320e803d334ac23966c80b1,7a241947449cc45dbfda4f9d0798d9d0,2017-09-19 02:30:18,109.0,35.82
b624512c534133dd5a23c9a1acb8e2b0,1,2632e16b0014b5afd885ac27e0042358,17e34d8224d27a541263c4c64b11a56b,2017-10-16 21:49:42,103.49,13.74
b6369b16620510273273fe0d6be68744,1,02a93c4e95263ca545e9f46ca2b59833,3d871de0142ce09b7081e2b9d1733cb1,2017-06-19 06:35:20,199.0,18.64
b643582fcd5b151f498b5383a0195f33,1,6875b883a18364bf04f16698a335df55,3d871de0142ce09b7081e2b9d1733cb1,2017-03-23 18:17:53,69.0,11.87
b66045a5fb8e241a3a6ed1b80d90a456,1,7b32b1b87594b60dced8abb4531d2986,c9c7905cffc4ef9ff9f113554423e671,2018-02-01 20:12:22,119.99,8.09
b6659c7944e48c1be78a188b4d51dbeb,1,2cfec57b3d2ea171bceca7aef38d044a,77dcbb67ccb3659bd58eaf5661560a30,2017-02-05 23:33:26,24.0,16.05
b674e463ea07d8a8fac9951be50283f1,1,55403fdc84a027ae6565b360af50e1ee,fe2032dab1a61af8794248c8196565c9,2018-03-08 21:50:28,229.9,16.36
b675c85f6d0f5171914694e00382548d,1,c20a3f598c16d77249da67e81caa8317,955fee9216a65b617aa5c0531780ce60,2018-03-21 19:15:50,33.0,8.88
b69bd58058e7fc58b745d22ad1c62eb6,1,caacfe6fb59d88b766dda4c46f8be6be,ea4e9ce63a2134743b4a92777437fcdd,2018-08-24 03:45:15,49.9,14.0
b69bd58058e7fc58b745d22ad1c62eb6,2,caacfe6fb59d88b766dda4c46f8be6be,ea4e9ce63a2134743b4a92777437fcdd,2018-08-24 03:45:15,49.9,14.0
b6b8305352b7f21764d7a8e573f1e8aa,1,9969f7caa71f4ddb8127440e8d5890e8,5145090ab595c0d0b8557199f5701fbf,2018-06-13 22:19:08,449.9,126.66
b6bcb5bd5e05b11cfde23235152ebc56,1,ea5774e69135147e6f0e1eb593d9b105,3d2531eccfbde1d7c8db7a3a12fb267a,2018-07-02 09:54:46,349.9,17.55
b6d51ca2b26deb9b9bc37e6b3ea34244,1,f8b5807c6dfdce709e2872a820c1c7b1,6d66611d7c44cc30ce351abc49a68421,2017-02-17 23:24:18,65.9,26.72
b6f999c6eccbf4df9af77d67c77a8e52,1,ecb092c44590e3c5867a4b8bb4f08ce5,542917da124346b47ea1ac79a93ce454,2017-08-14 04:32:27,38.0,15.11
b719af721da8bc41ee0636c4ca0d7960,1,4177b72d13340189543215377d48f3c3,4e7c18b98d84e05cbae3ff0ff03846c2,2017-11-28 03:16:24,178.0,28.63
b73183cb490ec16839818660ffc3d832,1,1fb344134cd7164d32dea4d87ba3ec5a,23c38debaffe4a25a30fdbd9b586a13f,2018-05-18 11:15:27,127.27,15.58
b73b19c4bb2d3aded7b9714199bb83eb,1,ab52c2c44ec8bebc9559a03ec12c8eec,3d871de0142ce09b7081e2b9d1733cb1,2018-01-04 14:26:35,79.0,13.57
b75335994c32baf97dc6ab68ecc64e4f,1,02f5620577c231921c3b01678005d2ba,de23c3b98a88888289c6f5cc1209054a,2017-12-25 23:51:34,120.0,15.6
b76e1e63723d846f3382683973908122,1,0a8bc1a07183eceacf95ae5cb4cbd076,6061155addc1e54b4cfb51c1c2a32ad8,2018-07-26 05:05:14,128.0,19.0
b79fa3320d9e28aa6994cd6864da40ba,1,764292b2b0f73f77a0272be03fdd45f3,bd23da7354813347129d751591d1a6e2,2018-01-11 14:07:03,99.9,11.9
b7a194de2e14ca9f41580f8c6eb13660,1,67cee25aae565b8f1182ea8c37440103,391fc6631aebcf3004804e51b40bcf1e,2017-03-23 14:31:01,49.7,12.93
b7a35c9ba09e4651caf5b9b0e9fadd21,1,ad47aff134f11264c92d7ff1299163b1,3935fe5fe0f82787a9dcb8deb62be09d,2018-05-10 13:50:42,92.5,20.87
b7daca2d24a93ab9351485e0bdcbb7e6,1,3fc00af0f0a8d4ac2933d3900416c977,7a241947449cc45dbfda4f9d0798d9d0,2018-07-30 09:03:37,99.0,18.74
b7e23b7efc57795b6806ef873f1e5ab0,1,210a8305d79b2f5719cbafb2c026797f,f8db351d8c4c4c22c6835c19a46f01b0,2017-08-11 10:50:20,36.9,9.94
b7fe42fc0d57642abd6b868ce754865c,1,50d77758742285ff49f340ebdf0df5a7,d91fb3b7d041e83b64a00a3edfb37e4f,2017-06-22 03:32:55,26.0,16.11
b80a30ad4fad5c35fbc7904d46cb25e6,1,b973581b7ad538c460edbf9378b173ad,7315baebc0572ff220d226283dc66728,2017-07-04 10:05:25,23.9,11.85
b8197dddd8d9e9a9789a8573d6f84d7e,1,3a48c5b0b294fbbc416b0939e69f6f09,fa1c13f2614d7b5c4749cbc52fecda94,2018-06-27 12:13:42,699.0,19.99
b84a1e6e6311e6c40724fee7551a915b,1,2b86ffeae831b59e4fb849565cdc28ca,42bde9fef835393bb8a8849cb6b7f245,2017-10-19 13:45:19,69.0,12.57
b84a1e6e6311e6c40724fee7551a915b,2,a72209f6ea270769cecf0ed4168d3893,42bde9fef835393bb8a8849cb6b7f245,2017-10-19 13:45:19,59.0,12.57
b84b9f8e6380570cdabdb0af246d6b9c,1,1c0b635cee597371e54d222a1d8e0386,fa1c13f2614d7b5c4749cbc52fecda94,2017-04-27 14:01:12,229.9,19.04
b8572787e40305c2a619dba4a1d78820,1,bb48c8fda6bcf73c9a0178fd1a1a366d,da8622b14eb17ae2831f4ac5b9dab84a,2018-04-25 14:31:55,44.9,8.64
b866af202be0692766081310cd4085e1,1,0561435e3af107a3bd2104466ad5985a,41b39e28db005d9731d9d485a83b4c38,2017-02-15 14:59:17,34.9,3.39
b866af202be0692766081310cd4085e1,2,63cbf4066cf395d6634831160ddacbbd,0b09101900100c0e9d312861fad5a1b9,2017-02-25 13:59:17,153.75,14.61
b87287b5e32f2ab2319f41ce30055288,1,8ce5f222608f6e18ea3b7acb84313c6b,41b39e28db005d9731d9d485a83b4c38,2017-11-01 10:49:21,84.9,15.34
b87c9466fb7a6b04a632222b07c1922d,1,5ac9d9e379c606e36a8094a6046f75dc,633ecdf879b94b5337cca303328e4a25,2017-09-21 12:10:17,109.9,15.52
b898480abf81ccc16670a2642a0f3173,1,9ad4fb75641c9a71f995a06d0386a6f9,5d0363b33554b373851fc1622e4d5f3c,2018-07-24 14:50:20,62.0,16.7
b8b6924f004e191923963e8ab1655ed9,1,e0d64dcfaa3b6db5c54ca298ae101d05,4869f7a5dfa277a7dca6462dcf3b52b2,2017-11-29 13:48:26,170.0,21.68
b8e8b6e0bd1954b4dd4559fb2e7665ef,1,a0b7d5a992ccda646f2d34e418fff5a0,95f83f51203c626648c875dd41874c7f,2018-03-07 13:35:34,69.9,18.0
b8fdf0a70040d5461adca8f95ba4171a,1,f2f411f86bd5bd427e28e2a30771761f,da8622b14eb17ae2831f4ac5b9dab84a,2017-12-12 02:38:25,89.9,17.88
b9189dcba2f5219bc348356dce47d124,1,8c591ab0ca519558779df02023177f44,a1043bafd471dff536d0c462352beb48,2017-12-14 10:10:43,89.99,64.05
b9499283a775ccfa9da92e6e75e9b4b9,1,70bf4f61950297cf24e18a9b84c3208a,6d988d6174a2c27441597174f8905515,2018-06-06 22:17:28,18.95,18.23
b956b417947842f743b0ca3d0c3fb1fa,1,f3bdb4d3d673cd7bb48636be1d431c0f,a2e874074c877c5a05abae80ad6e488f,2018-02-02 12:50:39,686.21,24.77
b96a0998be02fcdd701b834f5d66f235,1,191c65cf8988d6fab9bde989aef39d61,6bb0724edf0b62fb91ac404873a97241,2017-08-16 03:25:41,138.0,28.33
b97ba48cd74f9ae244f54338636046b3,1,0d1d0db051b49daf3c58068768d8fd2d,2c9e548be18521d1c43cde1c582c6de8,2018-03-16 00:28:28,59.9,18.3
b98a5e1f2c386eb67df00a633c98848e,1,6daadc7e6029cf01762f941e488caa1b,46dc3b2cc0980fb8ec44634e21d2718e,2017-10-16 17:14:19,294.99,14.9
b9964fe824ef79f3fe90110b41e048b2,1,63d6e7ab30f482382c9dfbbccae7da54,b2a6d334e2833acea353624840e25a0e,2017-10-31 13:49:22,68.7,12.82
b9de8e8832759dcda0d6543a57db6715,1,6410668313e664e438837bf86363fcb9,0ea22c1cfbdc755f86b9b54b39c16043,2017-11-03 02:55:20,34.9,12.48
b9eb8b76c59fb1d0c2bd45104f5a9cba,1,b4a47c0cbd9405faf99bd341602a206a,fedf2c1386e137f296b3bbf3b635e69d,2018-03-07 02:49:14,12.95,15.1
b9eb8b76c59fb1d0c2bd45104f5a9cba,2,b4a47c0cbd9405faf99bd341602a206a,fedf2c1386e137f296b3bbf3b635e69d,2018-03-07 02:49:14,12.95,15.1
ba242a1dd9c9df31f97af85c25e0e1bf,1,b80921007ed3f68cf6e536e6daf08610,ea8482cd71df3c1969d7b9473ff13abc,2018-01-03 04:12:12,29.99,7.78
ba4f4ffc1063e52435824b76fc7933a6,1,191bd142a00d0d95fa54118635886d9e,7142540dd4c91e2237acb7e911c4eba2,2017-09-29 13:25:49,84.9,17.84
ba637aace31b817e0f186405ae78ccca,1,268a2d46f49d8d1007f0381bc8c1edcc,dee656f0f566ed1aa85bd137c943f08f,2018-04-02 14:48:00,42.9,12.79
ba874dd7cf834e16c5bbf9c2c1b4eee7,1,144fc7abb16b6f6d92d2c9f34d3c3452,e9d99831abad74458942f21e16f33f92,2018-02-27 11:31:28,35.99,15.1
ba8d16a572292d042403094d3c0fc354,1,999f8a403c25d68c828a6915e13e89d9,2138ccb85b11a4ec1e37afbd1c8eda1f,2017-08-02 21:15:08,26.99,16.79
baa3ed04931dc1b84c68896bc5cfeffb,1,8e070d077d43019c6ab43765f69d8401,1a3df491d1c4f1589fc2b934ada68bf2,2018-03-07 14:49:42,69.0,18.05
baa95b09efafaa994da8b394b11f8814,1,d239ed6ed6dabbcbfd8a3b776e1ca50c,729f06993dac8e860d4f02d7088ca48a,2017-11-24 19:39:22,389.9,148.94
bab38c27fa5095e8c2d70c3973cc78cd,1,4c2394abfbac7ff59ec7a420918562fa,cc419e0650a3c5ba77189a1882b7556a,2018-01-08 02:09:34,84.99,15.35
bab4c3b7d9e904b2e991490cd65ccae7,1,bc055ae94989497c0d66bfa4263ccf61,1c68394e931a64f90ea236c5ea590300,2018-02-20 21:08:55,70.9,15.25
bacd96c90a381b246902e1882c0fb7d1,1,c19d5ba108c34b8255cf9a524da92bc4,4e922959ae960d389249c378d1c939f5,2017-07-10 11:23:41,75.0,15.28
badb0dd3be1e47b016f7ce9a3a7168b8,1,b206760d97dbc76527bb07029a6179cb,85d9eb9ddc5d00ca9336a2219c97bb13,2018-01-31 03:38:42,38.9,15.1
bb0254422b24df86bddb238203a16aa4,1,9d12e90dff96cfce78ad02405d6467f4,b17b679f4f5ce2e03ce6968c62648246,2018-03-15 22:30:43,67.9,19.45
bb0d948ef00e3ece9ae9b9e80264efe9,1,4025ee582ef6b8c478af3b44cf89054b,da8622b14eb17ae2831f4ac5b9dab84a,2018-02-12 06:49:20,24.9,9.09
bb13fa2703eaccdcb1e263eab3be6de4,1,e251ebd2858be1aa7d9b2087a6992580,001cca7ae9ae17fb1caed9dfb1094831,2017-09-14 20:30:23,129.0,36.98
bb1cb0653f2664a83f30a4bc0b483f94,1,ae083e4a334a4210ae0ef7323f1584c5,0df3984f9dfb3d49ac6366acbd3bbb85,2017-10-02 03:28:30,239.9,15.43
bb63df7449a5caa0edc362d01cf54f36,1,df3ad3f81d16c72bccc160c5c81e40d3,7d76b645482be4a332374e8223836592,2018-08-10 18:44:39,19.9,7.4
bb68ace3e06362eec8e986719378ba29,1,a62e25e09e05e6faf31d90c6ec1aa3d1,634964b17796e64304cadf1ad3050fb7,2018-08-13 09:35:16,105.0,62.99
bb780bb5301c5109cb6eb07d06f3bd14,1,ec2d43cc59763ec91694573b31f1c29a,1c129092bf23f28a5930387c980c0dfc,2017-12-29 16:31:22,45.9,26.89
bb7ae981de452cd0404838ff44ffdc79,1,6ac3978babf6ca76087369391bb6ce5a,4c18691b6037662be2df78a765d98ab5,2018-04-17 15:12:19,68.0,46.92
bb87d6748da724f69c5e62274dc7aae6,1,4a78f5e17416dcfec28c101279235838,e9779976487b77c6d4ac45f75ec7afe9,2018-05-17 17:09:29,99.9,18.58
bb8feb5c5a3d07a1e5e2ae3670a27910,1,15b3d4c8373cd64166af5504b49d289d,0c8380b62e38e8a1e6adbeba7eb9688c,2017-10-30 06:34:09,49.9,28.75
bb937ae1ca42e99347c215a7b0d05847,1,20ee98f10c16f05a43db060ab1cbfd7e,827f8f69dfa529c561901c4f2e0f332f,2017-09-22 11:10:17,29.9,15.79
bb9e31e54af342d8e3f32fc1cb2d8804,1,36d2ea35ee407975d70fcef78e16e3a8,17a053fcb14bd219540cbde0df490be0,2018-06-19 02:32:37,279.9,30.39
bba6a2e9b906e6d432207b56db6b1452,1,777d2e438a1b645f3aec9bd57e92672c,4a3ca9315b744ce9f8e9374361493884,2018-01-22 18:51:15,69.9,17.74
bbab2e9b3ccc0a66fa711c81e21821f1,1,a5bbc554f75cf4afa2cd56791015ec27,955fee9216a65b617aa5c0531780ce60,2018-06-29 19:30:24,70.0,9.24
bbab597cf5357b95cfff24d3ce830088,1,bb7181410b4e02f93f3697f765db53c7,855668e0971d4dfd7bef1b6a4133b41b,2018-02-01 00:07:46,135.0,27.39
bbb8f308ef79e2783aa8714a4fa7e2a8,1,b044bbed524dc39f8465f2d1b5b620f8,e9779976487b77c6d4ac45f75ec7afe9,2018-04-09 05:28:26,299.9,10.39
bbc2ceb7904160da9ea4967f93a1a087,1,439d0c278b77ddc4b1488de210c8df35,259f7b5e6e482c230e5bfaa670b6bb8f,2018-01-25 17:50:16,54.9,19.87
bbdcda6bc4c7d4051fb9d26422a602ea,1,70275b3042e4c4b6f18637720387bc0c,a416b6a846a11724393025641d4edd5e,2018-03-06 09:31:07,185.6,10.11
bc1e260c14566150f353c716e61215e4,1,5dcceb4689c06ac693117bc4296986ef,609e1a9a6c2539919b8205cf7c4e6ff0,2018-03-01 14:30:28,59.9,16.18
bc1e260c14566150f353c716e61215e4,2,f35013cb05a9538a4428fa6161b2c96b,609e1a9a6c2539919b8205cf7c4e6ff0,2018-03-01 14:30:28,59.9,16.18
bc2851f553a887920c83a1367a23dded,1,23ab7bb9eac81e85ec43ed71064cf7ce,1835b56ce799e6a4dc4eddc053f04066,2018-04-18 15:30:09,29.99,18.23
bc2851f553a887920c83a1367a23dded,2,ae7fbf136a49b58f2d38fafb2f3205b8,1835b56ce799e6a4dc4eddc053f04066,2018-04-18 15:30:09,29.99,18.23
bc2851f553a887920c83a1367a23dded,3,946344697156947d846d27fe0d503033,1835b56ce799e6a4dc4eddc053f04066,2018-04-18 15:30:09,29.99,18.23
bc2851f553a887920c83a1367a23dded,4,ad0a798e7941f3a5a2fb8139cb62ad78,1835b56ce799e6a4dc4eddc053f04066,2018-04-18 15:30:09,29.99,18.23
bc2e4d7ad808e01f4e639fc4c447966a,1,caa41bf17e27022341da028e79152c4c,f84a00e60c73a49e7e851c9bdca3a5bb,2018-01-19 13:10:41,46.4,16.11
bc31e8bedc7ea2cb76e1cb0e913ffa40,1,7037ab6505f028103214580cac828445,1025f0e2d44d7041d6cf58b6550e0bfa,2018-05-23 23:37:59,150.0,15.95
bc3b36d86572b02655327f69e10504d2,1,525947dbe3304ac32bf51602f9557c12,da8622b14eb17ae2831f4ac5b9dab84a,2017-06-06 17:55:14,99.9,17.95
bc60b588a732fb42a8145a501c6a61d2,1,6050226662d4986e159f6649567b357d,b499c00f28f4b7069ff6550af8c1348a,2018-09-05 14:24:32,49.99,12.45
bc60b588a732fb42a8145a501c6a61d2,2,f25bb6afe10215e774d598f4f79d74e8,2ff97219cb8622eaf3cd89b7d9c09824,2018-08-28 14:24:32,32.9,12.45
bc6f0d20151b72e478b552a053707ec6,1,1dec4c88c685d5a07bf01dcb0f8bf9f8,712e6ed8aa4aa1fa65dab41fed5737e4,2017-12-27 19:31:13,559.0,41.43
bcbc8a3ecee336fb4246953d88479a9a,1,00878d953636afec00d3e85d55a12e7f,955fee9216a65b617aa5c0531780ce60,2018-05-07 02:38:23,100.0,21.78
bcdad86f44c780bf1aaf24b66dd97753,1,38c7e0727a11964ebc52a23bead7d4f5,73b8eb4a9a729d4019b24ed1be748cbf,2018-08-09 04:04:24,123.51,18.97
bce2a9ffe2e596e54d92ad2a47a10a36,1,15fdd6032f35d4add5066fb90be28630,6560211a19b47992c3666cc44a7e94c0,2017-11-10 17:15:42,89.0,17.19
bd3458e3df5a23eb95e6d526dc86bf2c,1,672e757f331900b9deea127a2a7b79fd,e59aa562b9f8076dd550fcddf0e73491,2017-11-23 04:15:47,398.0,32.2
bd3458e3df5a23eb95e6d526dc86bf2c,2,672e757f331900b9deea127a2a7b79fd,e59aa562b9f8076dd550fcddf0e73491,2017-11-23 04:15:47,398.0,32.2
bd54f9327a96271651655fe63b50ec1c,1,293ee8ac0a45f559cdeba37b938fdb66,4a3ca9315b744ce9f8e9374361493884,2017-12-01 12:36:33,55.6,16.15
bd859dd7a6a1b8c1df9fcb75c3604eaf,1,e5196a46c6c0e0874d6e41ed149dcf20,d2374cbcbb3ca4ab1086534108cc3ab7,2018-03-27 20:28:06,15.9,12.79
bd8de0e9e67e7b99e86ed5f18b600577,1,cef9d587c2c31442c9b95eef617db1f4,822bad9bc42b51213ba522fe87b7ab5d,2018-02-22 16:10:51,219.0,43.56
bda5db8afd8df3d2537a32c2a35169c4,1,6f11a80f755a253700b454b4c6ac1cd5,512d298ac2a96d1931b6bd30aa21f61d,2018-01-24 02:11:33,29.99,15.1
bdb92d2b88b1514aebc54ba49ed0c20d,1,0bbf093ffaa05565b79b64ee97f917cb,7c67e1448b00f6e969d365cea6b010ab,2018-03-23 03:49:28,146.99,21.07
bdd42e997b3dafd18ddcc233ad9c5195,1,b92a7304ebad1ca5b393b53b2de5c70a,7c67e1448b00f6e969d365cea6b010ab,2017-11-01 02:49:28,139.99,21.63
bdf0dff2c16a74482f5ffce31586700e,1,fd9222f5293048868b832e5179fa3ec5,a3a38f4affed601eb87a97788c949667,2017-04-13 18:01:58,49.9,22.28
be00cfaf4e0d5de6b164815a10ca0ad3,1,22dd24a9dd84994cf260ad173576d1d5,951e8cef368f09bb3f3d03c00ca4702c,2018-07-13 13:04:52,99.99,71.78
be28f879f9c5e345df9e5b5fb441e6de,1,bd94ffbca2eff2c87f0ef59c000db3f6,994f04b3718c2bab35c2adfa8afecd2a,2018-01-10 13:29:06,119.9,8.09
be382a9e1ed25128148b97d6bfdb21af,1,6dde44b4172999f35f08654d06bad633,7c67e1448b00f6e969d365cea6b010ab,2017-11-21 16:30:47,194.99,59.91
be382a9e1ed25128148b97d6bfdb21af,2,6dde44b4172999f35f08654d06bad633,7c67e1448b00f6e969d365cea6b010ab,2017-11-21 16:30:47,194.99,59.91
be382a9e1ed25128148b97d6bfdb21af,3,6dde44b4172999f35f08654d06bad633,7c67e1448b00f6e969d365cea6b010ab,2017-11-21 16:30:47,194.99,59.91
be382a9e1ed25128148b97d6bfdb21af,4,6dde44b4172999f35f08654d06bad633,7c67e1448b00f6e969d365cea6b010ab,2017-11-21 16:30:47,194.99,59.91
be382a9e1ed25128148b97d6bfdb21af,5,6dde44b4172999f35f08654d06bad633,7c67e1448b00f6e969d365cea6b010ab,2017-11-21 16:30:47,194.99,59.91
be382a9e1ed25128148b97d6bfdb21af,6,6dde44b4172999f35f08654d06bad633,7c67e1448b00f6e969d365cea6b010ab,2017-11-21 16:30:47,194.99,59.91
be382a9e1ed25128148b97d6bfdb21af,7,6dde44b4172999f35f08654d06bad633,7c67e1448b00f6e969d365cea6b010ab,2017-11-21 16:30:47,194.99,59.91
be382a9e1ed25128148b97d6bfdb21af,8,6dde44b4172999f35f08654d06bad633,7c67e1448b00f6e969d365cea6b010ab,2017-11-21 16:30:47,194.99,59.91
be3b8d058b8100d8a2539ce0b2c6ec0b,1,20332c1e41e427864b3561a657caaf0d,fa1c13f2614d7b5c4749cbc52fecda94,2017-07-26 14:45:19,1199.9,23.16
be59e03672bb8d48da16e07a0fb660a8,1,e2e426d1332240070b0a836a854d057b,cce6ab8d1682639fe45ab70234f1665f,2017-12-05 21:27:46,40.0,19.59
be6229f5b2e1673b034fe6de9141b667,1,dbb67791e405873b259e4656bf971246,6973a06f484aacf400ece213dbf3d946,2018-01-30 20:39:28,81.99,8.32
be69ded8b4b06a199c55fa74d7de978e,1,e71ce72b19b83080d97cf4f06c90d096,376a891762bbdecbc02b4b6adec3fdda,2018-02-20 19:55:48,72.0,9.09
bea1d77e861b4f44276f02d599d25705,1,5a3320037d5922a7708647c81ecc1f15,b6d44737c043328708f6749c2dbe50bd,2017-05-26 14:30:11,75.0,21.02
bea8e045e01a9594d652427ef4ae7236,1,5f88f5e2b16a63a297be961b7f4f2e68,6edacfd9f9074789dad6d62ba7950b9c,2017-09-06 02:50:45,89.9,16.39
bec3652605143e5f7e0265d993793eba,1,e06506f28cebdffaab496680a2ed3a3e,43b2c864251aa0ce4030c746984e088a,2018-08-27 13:24:57,59.9,17.35
bf00ad2335cd5715823f0f1980a8e8ab,1,c19d5ba108c34b8255cf9a524da92bc4,4e922959ae960d389249c378d1c939f5,2018-03-20 17:55:40,120.0,18.72
bf0d67707bc87fa3fe2cf74a1c2c693f,1,f889fb87b505b73de10c18b93352469f,c70c1b0d8ca86052f45a432a38b73958,2018-07-23 14:50:28,110.32,15.87
bf593abe2928b23b60cee1ff3471a4dd,1,6e40985ec667ded54668d2b70a7aa0a2,95e03ca3d4146e4011985981aeb959b9,2017-06-19 23:25:16,39.9,14.1
bfbd0f9bdef84302105ad712db648a6c,1,5a6b04657a4c5ee34285d1e4619a96b4,ecccfa2bb93b34a3bf033cc5d1dcdc69,2016-09-19 23:11:33,44.99,2.83
bfbd0f9bdef84302105ad712db648a6c,2,5a6b04657a4c5ee34285d1e4619a96b4,ecccfa2bb93b34a3bf033cc5d1dcdc69,2016-09-19 23:11:33,44.99,2.83
bfbd0f9bdef84302105ad712db648a6c,3,5a6b04657a4c5ee34285d1e4619a96b4,ecccfa2bb93b34a3bf033cc5d1dcdc69,2016-09-19 23:11:33,44.99,2.83
bfcc7c29cd728eb97a04e55544a978bd,1,a44f1df44a1ab489c5e635885e91c9ed,f46490624488d3ff7ce78613913a7711,2018-08-21 09:43:58,32.9,46.89
bfcf79aaae774aa4030a0d2e2046c525,1,c982dbea53b864f4d27c1d36f14b6053,1caf283236cd69af44cbc09a0a1e7d32,2017-08-16 14:04:02,31.99,16.11
bfd53bc941fd49984cc67168afbbd531,1,1d1d29cb3e67f3a4d7eb040b5a13d361,7c67e1448b00f6e969d365cea6b010ab,2017-02-12 17:16:41,176.99,53.79
bfdc8cc8e1e3a146d1adb471208f0a72,1,e30a07181e238b29af319577b9bb22fe,d566c37fa119d5e66c4e9052e83ee4ea,2018-08-07 23:10:13,56.9,11.42
c02bcd4d35c9e36597256b02d86d33cd,1,2b4609f8948be18874494203496bc318,cc419e0650a3c5ba77189a1882b7556a,2017-03-19 23:55:22,89.99,14.8
c03c0621cf2e7845908985db3355f9e0,1,826a5fa766c1c7241ffe63a2f3774d0b,70eea00b476a314817cefde4aad4f89a,2018-02-19 13:32:28,168.99,15.93
c03ece81b9b15ca2f4fae4b061076d49,1,19421075ae0b585f2dc13ff149e2119d,4c2b230173bb36f9b240f2b8ac11786e,2017-11-28 02:56:29,45.9,68.13
c046afaf1c43c061d5347d5ac3c6ff5e,1,db1e6fed56643b852af3132d255d9ddc,da8622b14eb17ae2831f4ac5b9dab84a,2017-08-03 12:23:13,249.9,28.07
c046afaf1c43c061d5347d5ac3c6ff5e,2,db1e6fed56643b852af3132d255d9ddc,da8622b14eb17ae2831f4ac5b9dab84a,2017-08-03 12:23:13,249.9,28.07
c04ccf5367e419a74f5589f156a0b8e1,1,6a1a04054158fe995e1688d8f79605b2,9616352088dcf83a7c06637f4ebf1c80,2017-10-09 20:14:23,59.9,13.44
c0585e6e7446a97905280a732d27ac4a,1,2136c70bbe723d338fab53da3c03e6dc,6560211a19b47992c3666cc44a7e94c0,2017-11-10 14:46:50,29.0,7.78
c083067a0c4c5dc8446fb1a11b345cb4,1,c2a1ff8408a1c857c8730e4d12da714e,95e03ca3d4146e4011985981aeb959b9,2017-05-26 02:15:30,69.9,7.94
c08a3a0b0a729cc378e7a36ebf5e9a95,1,4ae6bbbe40edd8689f356e7d822c6dd3,ffa6adafb71b807dc13159e26431354c,2018-06-29 03:32:02,350.0,75.04
c0ac92509aa6420f0f3d6f78748793e1,1,ecf60cb41ee36163755ee427f85ef680,1b8356dabde1d35e17cef975c3f82730,2017-08-28 00:50:17,18.99,15.1
c0e57db4a4a6ef32aa28911d1c07df81,1,c43e56cd1eb509cca120446a61579ec0,53e4c6e0f4312d4d2107a8c9cddf45cd,2018-06-04 18:57:58,36.0,12.79
c0e97734cd5f14ad83087abe8d29073b,1,1d2ead71bc1ce7734db8e8a241fd1f1e,0ffa40d54288e4f3499b8780dd0f144f,2018-02-02 20:51:34,144.0,15.76
c0f5eb23b8443f0945a621152bb6bd62,1,7fb04722aba7a2b632bac8f9819796f3,f3b80352b986ab4d1057a4b724be19d0,2017-08-22 00:04:19,79.0,17.8
c101853f695b94e64c34f41941ff1048,1,f71f42e2381752836563b70beb542f80,85d9eb9ddc5d00ca9336a2219c97bb13,2017-08-03 08:30:21,31.9,16.79
c12f6da2e568142b38a24c3c2bcf13a2,1,717c660fd7ed52fdaa650d509dda7912,4be6b962d83299498bae2190f95d6566,2018-03-13 18:15:47,32.9,12.79
c13bcd05a0786cade9dec7974f1b5cc1,1,2c1cc48126c2bdca9e59a300ade4f1c8,850f4f8af5ea87287ac68de36e29107f,2018-03-05 04:41:26,69.0,14.23
c13f7e0f6e68493d056654349be6c15b,1,17ad136b7421ea8690fded631b651158,6560211a19b47992c3666cc44a7e94c0,2017-09-13 22:03:53,55.0,7.78
c157dbddbf8cf9a086acf9ef8eb8cf92,1,6803077179d24889430188e03fafd31a,128639473a139ac0f3e5f5ade55873a5,2017-10-09 12:28:19,19.9,16.79
c15a3ce7617aeffb3bfed1f6340d66e7,1,1107055c5c960ef6e183e781260aeafd,ea8482cd71df3c1969d7b9473ff13abc,2018-04-12 19:30:11,24.99,7.39
c17789b6bce81222eaa468ad01dcc9db,1,39c1ee864a1e202ce16e57becca2f68a,213b25e6f54661939f11710a6fddb871,2018-04-11 08:50:14,39.9,18.23
c17789b6bce81222eaa468ad01dcc9db,2,39c1ee864a1e202ce16e57becca2f68a,213b25e6f54661939f11710a6fddb871,2018-04-11 08:50:14,39.9,18.23
c1b6e4f2ff6555773a6764c3a3286101,1,a0f73bcb4e1fcfb056cfdc6ca7222249,7d76b645482be4a332374e8223836592,2017-08-22 20:30:22,28.99,11.85
c1ecc15bc30548ecad160437f07df801,1,be29276f7c3781b418ca51f707255455,06a2c3af7b3aee5d69171b0e14f0ee87,2018-05-02 17:52:39,64.99,19.14
c1f7501bdc05e68361a9d1c71ef75dcc,1,281bbfe70848e0b304bef88fc2caf2c3,4b9750c8ad28220fe6702d4ecb7c898f,2018-08-02 03:44:35,48.9,9.09
c1f81880aca45c52130764058999025e,1,e357a8646a17191f03fd9f833a0fa29b,bd23da7354813347129d751591d1a6e2,2017-11-30 15:14:34,99.9,11.9
c2036cc87daa31d91f63b204717a9602,1,f4fb1fcc46bdd61b314fe0292175e5db,12b9676b00f60f3b700e83af21824c0e,2018-01-18 02:35:30,199.0,18.96
c24a00c414738de9ee6121f179ebba9c,1,dbb4ce89c8ed5fb6fd901e2e51093179,91f848e9f4be368f4318775aac733370,2017-05-30 02:55:28,89.99,17.88
c264a40f0928de690a343e0f86c8e320,1,08574b074924071f4e201e151b152b4e,001cca7ae9ae17fb1caed9dfb1094831,2017-08-07 16:08:43,89.0,37.92
c26761f0a70b2b7e0bb437aef502ffc1,1,00a8c742ae1da97e9064205459977e6c,9f505651f4a6abe901a56cdc21508025,2017-12-29 02:17:36,14.99,14.1
c26c0e4d81f8dabd04bd61f7545ece54,1,b9ce067d067a7390e6c3bf2700bf233d,ea8482cd71df3c1969d7b9473ff13abc,2018-02-28 15:50:13,21.99,14.1
c2792ecd230f2d8f50741f6b37649fb1,1,15fdd6032f35d4add5066fb90be28630,6560211a19b47992c3666cc44a7e94c0,2017-04-18 04:02:06,89.0,8.99
c2899525db44fcc73342e7713b932dea,1,4927206e432eb9e2cb9f4d182a16c7d5,dee656f0f566ed1aa85bd137c943f08f,2017-12-05 08:33:23,39.99,11.85
c29713133e5e33937af1a6e1e1370552,1,73ae8d8ca7df19a982c92fc1265d9e46,da8622b14eb17ae2831f4ac5b9dab84a,2018-06-05 17:35:09,79.9,23.14
c2a6e9e49e5282ea4882c738f6137303,1,1b90a8c5fe7ad2ec9351f03282b30075,dfa0c4c6229ab200a4a1336b4d7128ff,2018-06-14 02:56:02,29.9,18.23
c2d9d0e0c3a188dd8c70809844767fa5,1,3e442d09f9dfef002aadf31960869f65,85d9eb9ddc5d00ca9336a2219c97bb13,2018-07-18 14:25:04,28.9,22.13
c2eddb0c2651699e1839ee701627449f,1,8f19c4fa78ba4a8d037bc977eef22927,fb89df7f89fd1b8f03fa2acca1ba7364,2018-07-25 08:02:41,180.0,24.41
c2efd7dd7ea9e5bad9dffbb89653491d,1,cd82271424be9568801391194697361c,062ce95fa2ad4dfaedfc79260130565f,2017-05-19 17:55:17,41.9,25.63
c2f195a14dc5e3a2f1f0fef011fa7273,1,6a869de4b940e2bb63a0f869754a9c34,e70053bf73d1b5863932e53a9fa47496,2018-04-20 11:11:20,266.0,20.83
c33d265d1050e0a3ddf9796301141a81,1,1e618d311a1b7f88a9d96ec50aa85582,d94a40fd42351c259927028d163af842,2017-12-18 12:32:01,129.0,25.74
c36fe9947bce36c97cd3eb1a5c9303aa,1,ad88641611c35ebd59ecda07a9f17099,c826c40d7b19f62a09e2d7c5e7295ee2,2018-01-17 02:48:30,157.77,9.3
c370da0f0fd81902eafd8ed8fbc86804,1,0fb4287d451ca41ec9311a82fd9599a3,7ad32824caee82087b3e2e5f33b1bf32,2018-05-22 13:05:34,75.0,13.89
c378d1766ed412f14e38a4fd8547f9e9,1,51250f90d798d377a1928e8a4e2e9ae1,3c7c4a49ec3c6550809089c6a2ca9370,2017-10-11 12:07:19,13.99,7.78
c37d41945512f0cfbcdd0f085bbd04d8,1,e7ab5dc415d1ef9ab700f49ce67adbdb,b67d6c666e8dce1d078c882825e12704,2018-07-25 04:32:27,109.77,15.77
c37d41945512f0cfbcdd0f085bbd04d8,2,2e104fe380a40d60654e7b36c7cf0fbf,b67d6c666e8dce1d078c882825e12704,2018-07-25 04:32:27,80.77,15.77
c38813ffe793f98e9c552fdd4f0a21ee,1,b6075e028451d1426b276da0441684d3,b499c00f28f4b7069ff6550af8c1348a,2017-09-14 10:30:22,54.99,15.13
c393997142861148ab156520bb0ed1fb,1,e0d64dcfaa3b6db5c54ca298ae101d05,7d13fca15225358621be4086e1eb0964,2018-08-17 11:55:14,146.01,22.95
c39ffdd77f5ddda482650795f30f7aac,1,fc4d6bb8b2fba6297e0bd65aaa38624a,0ea22c1cfbdc755f86b9b54b39c16043,2018-08-06 13:15:26,34.9,15.34
c3aa096e341a72813ecfb834df16b91e,1,b520bae2a8c9790cac40196cb2025283,b499c00f28f4b7069ff6550af8c1348a,2018-06-20 02:31:20,44.99,18.42
c3aa096e341a72813ecfb834df16b91e,2,b520bae2a8c9790cac40196cb2025283,b499c00f28f4b7069ff6550af8c1348a,2018-06-20 02:31:20,44.99,18.42
c3c8037bfac88b34744bb96cfed9c7f7,1,ac0bb4405e9661957160dd5ee9d5585c,dee656f0f566ed1aa85bd137c943f08f,2018-08-10 03:15:15,149.99,23.85
c3d9e402b6a0fbe2a5f7fc5b41117c38,1,817e1c2d22418c36386406ccacfa53e8,624f4ece8da4aafb77699233d480f8ef,2016-10-08 10:45:33,189.0,48.45
c40c104dd1bde11aba73864c16a42f21,1,bc4cd4da98dd128c39bf0b8c2674032f,53243585a1d6dc2643021fd1853d8905,2017-09-04 13:45:13,1200.0,32.85
c4449cba74f34a08a7c57edd66351427,1,dd841bf589f05e0948ddb0c8d2c749ab,77530e9772f57a62c906e1c21538ab82,2018-04-26 22:31:43,119.0,18.41
c45c354aed442407610326035c6c44d6,1,81c891c541361f1108fe9e2a645324d9,5dceca129747e92ff8ef7a997dc4f8ca,2017-02-01 21:22:15,869.0,24.0
c4b41c36dd589e901f6879f25a74ec1d,1,9e93b2c4cb5eea05e75a481c129b104d,ce27a3cc3c8cc1ea79d11e561e9bebb6,2016-10-08 13:26:12,9.9,8.72
c4dad201936ed30eef3c94fafa59ed6e,1,779dd392d4fbe5ca656bf3ceabecbf0b,1a932caad4f9d804097d7f8e615baed1,2018-05-30 12:59:13,119.0,14.83
c4dad201936ed30eef3c94fafa59ed6e,2,779dd392d4fbe5ca656bf3ceabecbf0b,1a932caad4f9d804097d7f8e615baed1,2018-05-30 12:59:13,119.0,14.83
c4ee82a6c0873cfdbe96e41596698248,1,f8fd8cb547c24b155448d09bfc478059,8b9d6eec4a7eb7d0f9d579ce0b38324d,2018-08-07 12:44:04,99.0,30.49
c4f5504eb498132dfe82275f26005459,1,aa5889064ca9c81e3a9dc65dd018187c,2e13c71026e1a39ba5cc1b86dcb679aa,2018-03-23 17:09:48,152.0,27.79
c531cb50fa0506125473379b2d74356b,1,a177ae30ef17394975b58f6d5883a56f,57a834594e1e9e9219603bfec184eadc,2018-06-11 14:35:23,139.0,27.05
c5334d330e36d2a810a7a13c72e135ee,1,1d3f55c00acdb29bd959f2760abc8b7d,8581055ce74af1daba164fdbd55a40de,2018-03-01 09:20:21,168.05,15.93
c568b098d9dd03c22f387c2f0eb4be8e,1,8229312bb3ac903dda978c5f6a7206bd,7040e82f899a04d1b434b795a43b4617,2018-07-05 15:10:14,59.9,18.57
c58478c0a746d4188108e2ec71001110,1,0cf41187284d7f099adc8415a743ebbd,bbad7e518d7af88a0897397ffdca1979,2018-06-15 10:58:06,35.9,15.23
c58bd581144192869f091dd6fbabceea,1,dd5a5e7b2b76089d6415070e8d6d5456,9baf5cb77970f539089d09a38bcec5c3,2018-02-16 14:31:29,225.99,12.79
c596d8640962b115481b374c7b881f6a,1,d1c427060a0f73f6b889a5c7c61f2ac4,a1043bafd471dff536d0c462352beb48,2018-04-09 12:09:38,139.0,23.83
c5b8cd8bc7a66f7e451018f7eb332b76,1,e4262d799e5dd6ed9c4b7937eb3be56f,0747d5bb69f0586cc869d8af4c50f93e,2017-02-21 09:07:07,58.9,16.11
c5f0b9e8bd23e3d37855d76739573355,1,de1eee6c50298db6028af08bd88a702a,994f04b3718c2bab35c2adfa8afecd2a,2018-02-09 18:50:35,59.9,16.18
c5f72d97d28261afcce1192481123758,1,564d0015be20622253aee5b6e875bea8,ef506c96320abeedfb894c34db06f478,2017-11-27 12:50:29,29.99,11.85
c6122e6a623a45c8dfc876f10733682f,1,27415b11da7e8c4e6f14892108bdf02a,8f119a0aee85c0c8fc534629734e94fd,2018-05-23 19:54:36,24.5,7.39
c6122e6a623a45c8dfc876f10733682f,2,27415b11da7e8c4e6f14892108bdf02a,8f119a0aee85c0c8fc534629734e94fd,2018-05-23 19:54:36,24.5,7.39
c6735c93a3773ffe872b4184ccfdad09,1,60ee9861f35c13d4a3a2bc10e86bb05b,bd4431c1a8dfa744b59e1e2a8bc99b9e,2018-05-02 10:12:55,139.9,15.86
c67c6e7178cff9848b2d6556d1670fd8,1,1220978a08a6b29a202bc015b18250e9,ed8cb7b190ceb6067227478e48cf8dde,2018-07-27 09:19:02,20.09,11.16
c67e1765730119d92f4b8f54cd71a8e7,1,e9a69340883a438c3f91739d14d3a56d,1b4c3a6f53068f0b6944d2d005c9fc89,2018-05-22 04:54:44,159.49,17.32
c67e5216a65692a116a99fa61da0294e,1,bdcf6a834e8faa30dac3886c7a58e92e,2a84855fd20af891be03bc5924d2b453,2018-06-28 04:59:20,35.9,27.2
c6a9e39db5f61068d017ee903b277478,1,2b4609f8948be18874494203496bc318,cc419e0650a3c5ba77189a1882b7556a,2017-08-17 10:35:13,89.99,12.13
c6bd73c66f32639f81a7e47304535c96,1,89427567da9c9b075c9dca131535104d,3d871de0142ce09b7081e2b9d1733cb1,2018-05-17 03:10:48,29.0,13.71
c6c76014b61dcf511dd9db142760ae34,1,06edb72f1e0c64b14c5b79353f7abea3,391fc6631aebcf3004804e51b40bcf1e,2018-01-23 18:49:46,39.99,15.1
c6df71a18bb2d9e7d88ee3e4d7080982,1,500870614ddcf5bd84f7d26861026c8a,92eb0f42c21942b6552362b9b114707d,2018-08-31 10:55:23,11.97,7.39
c6ee046b85d59deed2e71242e970d437,1,5e26cbd45b83e411e82e3a8cafa8d951,c6bda72e4dbf5c5866b13cb1810c6d03,2018-02-23 17:47:29,109.9,9.58
c6f52d94c1f44ee12e0fecf4b347bdc6,1,165f86fe8b799a708a20ee4ba125c289,7ddcbb64b5bc1ef36ca8c151f6ec77df,2017-11-10 14:26:55,146.99,20.52
c729462935fadd2c85ec76f13e0421f2,1,6b7d060ef0837471c9790f413517a26e,5d0363b33554b373851fc1622e4d5f3c,2018-04-13 18:10:14,45.9,14.29
c73711f15f170e7cd7717f6cca7c32c2,1,82a61259a621866c4ba63743da29a342,4d6d651bd7684af3fffabd5f08d12e5a,2018-03-08 23:09:16,119.8,18.73
c760cdc6e5179c774d347aced5107555,1,f699b297070aa38aaf3de9639302506a,c3867b4666c7d76867627c2f7fb22e21,2018-03-02 13:29:55,125.0,20.11
c776863a93dc0740c6e7d78104b21413,1,ddc50b859563aa0b3d663559f3696690,a7f13822ceb966b076af67121f87b063,2016-10-29 09:43:55,176.97,87.11
c78c4581ef415a62752949676aee4b2c,1,4720b3e7d949046722aaa29eb7c29d9f,4830e40640734fc1c52cd21127c341d4,2018-03-22 14:49:49,49.99,15.23
c79387fbdb009010c07a17127bd21f0d,1,43f88c8353708451babf9bcdd1fda92a,cab85505710c7cb9b720bceb52b01cee,2017-11-29 22:11:42,64.9,7.78
c7d894c7be2eb461fb04d81e82f0814d,1,b5aebb467d9a92162173cbd234e00d99,d9e8c084b68fe958861d8f2c21202e6b,2018-03-06 20:20:48,35.0,15.11
c7d894c7be2eb461fb04d81e82f0814d,2,b5aebb467d9a92162173cbd234e00d99,d9e8c084b68fe958861d8f2c21202e6b,2018-03-06 20:20:48,35.0,15.11
c7dd54b6015ecbd1bb94612862927514,1,fdc86b2fc0a185e4044ef057bb75a977,70a12e78e608ac31179aea7f8422044b,2017-08-16 08:05:15,76.0,15.28
c7e1e46af92704b1c2e1924de96e7479,1,e0d64dcfaa3b6db5c54ca298ae101d05,2eb70248d66e0e3ef83659f71b244378,2018-05-30 04:14:31,124.9,7.74
c811b2b32820eb21f261701e61e863c5,1,044de1dc695094f06e9eca6c19921f20,391fc6631aebcf3004804e51b40bcf1e,2018-04-12 03:28:23,44.35,14.44
c811b2b32820eb21f261701e61e863c5,2,044de1dc695094f06e9eca6c19921f20,391fc6631aebcf3004804e51b40bcf1e,2018-04-12 03:28:23,44.35,14.44
c8223ab24b18df53e6a37eae1fd69d48,1,af8215adef2df1e9e66642f159e81e55,7d13fca15225358621be4086e1eb0964,2018-08-09 15:50:10,510.99,16.24
c82430e4a84f03b67cc2a82fecd873f0,1,35d6a7880150d5dacc9ad0c9a9cfb233,7b0df942f46435babab05d49b744b2c4,2017-11-13 04:06:20,283.02,17.74
c854a1f42d7cddb25891587ddd91caa6,1,a710be5818329b097a82bb26b480f5fa,54a1852d1b8f10312c55e906355666ee,2017-11-03 09:35:24,59.99,18.96
c887c09a3acf3b6fe0ba319d68d385a8,1,99a4788cb24856965c36a24e339b6058,4a3ca9315b744ce9f8e9374361493884,2017-08-02 12:15:17,89.9,8.81
c887c09a3acf3b6fe0ba319d68d385a8,2,f2e53dd1670f3c376518263b3f71424d,4a3ca9315b744ce9f8e9374361493884,2017-08-02 12:15:17,109.9,17.61
c887c09a3acf3b6fe0ba319d68d385a8,3,35afc973633aaeb6b877ff57b2793310,4a3ca9315b744ce9f8e9374361493884,2017-08-02 12:15:17,89.9,17.62
c887c09a3acf3b6fe0ba319d68d385a8,4,35afc973633aaeb6b877ff57b2793310,4a3ca9315b744ce9f8e9374361493884,2017-08-02 12:15:17,89.9,17.62
c88fd0ebff880ffd57fe7f6528f8dc6d,1,223d34a3d9334039f5ff9511dc044bbb,53243585a1d6dc2643021fd1853d8905,2017-11-09 11:55:19,246.62,20.27
c8e8f8ab00ec5d13a1d93718f5af9e4a,1,913dfadde395f6049127173cfbb96121,85d9eb9ddc5d00ca9336a2219c97bb13,2018-08-29 17:10:16,24.9,15.27
c8f63be082f4089d15558376d18c77e7,1,12a6286d3f2b371cc37370f3aa324b96,093805f8f2aeb63881444571e1f48f30,2017-11-29 02:47:38,44.0,12.69
c8ff0e33e2f8df953767f28065a3a6e0,1,20531b0644a0719b8d506c4db3c56609,ce7d1888639e6fb06b2749cbfdac1ff7,2018-06-17 22:16:20,138.0,59.98
c91255e49926cfb63353034df59a25d5,1,cce679660c66e6fbd5c8091dfd29e9cd,d2374cbcbb3ca4ab1086534108cc3ab7,2018-08-06 16:24:46,17.9,12.79
c915c070ee2f91af30208cd30cd0dee0,1,7b717060aa783eb7f23a747a3a733dd7,c0563dd588b775f2e37747ef6ad6c92c,2017-04-17 13:10:19,139.9,12.37
c919ace1499c5ef88133bf33307ba863,1,2a5806f10d0f00e5ad032dd2e3c8806e,7c67e1448b00f6e969d365cea6b010ab,2018-05-17 12:54:44,159.99,67.74
c91bb9b296c26b316c8acead6501905a,1,69f58c765fe75f61f1b098a6d0b0943e,8931a84a914b3fe9b1ddaa4d704947ca,2017-05-23 03:55:27,69.9,14.24
c94206a6d6698d5852b7e9e14bdc2e79,1,b12f82804a690dfabd840ce47db63c40,a7d0f8dd44f57ef6de7f7f02e3d82630,2018-06-29 12:15:25,29.89,7.47
c9af854c75c421e3b6f3de0336c7fe65,1,fc1d8637c0268af3db482c14b7ef8e75,da8622b14eb17ae2831f4ac5b9dab84a,2018-06-21 11:32:11,149.9,12.54
c9c25c5398564d49b8e1db3c3e620d4d,1,1a080577618e7fe4d9ddd8fb2b47a964,7d13fca15225358621be4086e1eb0964,2018-04-09 14:30:14,550.0,21.73
c9c382f83e175303a797ca7de7240679,1,42a2efd39155b59e16bac90081495285,7d13fca15225358621be4086e1eb0964,2018-08-22 10:10:12,157.0,13.76
c9cf1b341e0a14fb94022101fa6c4604,1,fb5dcf669bb92534be46c2fef1131651,f27e33c6d29b5138fa9967bcd445b6d5,2018-05-21 11:15:29,129.0,18.48
c9fddd8d2730610e00bbcda3e79fdcca,1,d4a4ff95f641981ed47802cce0ea5c88,1f1bb1f0859883505541bdd6606193e5,2017-12-01 01:12:24,149.99,16.81
ca1533a4041a98501d0c3250c7dff345,1,6bda3bc4a9032dc7f18b635e051d0c72,acf974e4d5950ad143a247471b831eb9,2017-03-16 16:38:43,32.6,24.84
ca1533a4041a98501d0c3250c7dff345,2,6bda3bc4a9032dc7f18b635e051d0c72,acf974e4d5950ad143a247471b831eb9,2017-03-16 16:38:43,32.6,24.84
ca3b8093576a51bea61c9782c7771f62,1,1178e5819b87e4a8846d636e39df026b,bd4ff04377f974574f7f0bf9d6ce7dde,2016-10-21 16:33:31,49.99,10.96
ca46dc3fa4fe36c0a82c9e69bcb94fb6,1,81dafd5731170e9cee4d7cc2d0be605c,1025f0e2d44d7041d6cf58b6550e0bfa,2018-05-17 02:53:33,510.0,21.45
ca51acb0ea778cd548d56dadc66f014f,1,9933cfae62cc657f0eab6238a56b0750,96493fab2fbb13a14d0c0e8772eef5c3,2017-07-18 21:05:24,349.0,20.98
ca56cc083a7aeed15fdfd437874cd0e3,1,adb5b8ee8b86e86930bc333c182bbead,e9bc59e7b60fc3063eb2290deda4cced,2018-08-24 17:50:24,95.5,14.97
ca7296a83aa279afb28c2388a4f48891,1,2b4609f8948be18874494203496bc318,cc419e0650a3c5ba77189a1882b7556a,2018-02-15 10:10:17,89.99,12.97
ca7c7cc82b6d5531b6ff87a7e232357c,1,d21bf4652c855ccafcf94116891cc7ce,aaed1309374718fdd995ee4c58c9dfcd,2017-10-18 15:49:22,147.5,16.79
cad42b09c7b0a54df0097a65da14d324,1,192f2d6f10ae35f57a57be5fc1ae7d56,25e6ffe976bd75618accfe16cefcbd0d,2017-05-11 19:22:20,78.75,15.11
cae1cef56202db2581379f836268bfda,1,cc2232dbef2c9fca23f4c7f6a19a42e3,198c7ea11960a9844b544d9bcdca860c,2017-07-25 06:43:00,16.99,15.1
cb0bbf1c3c3c44727e7374c8ec944154,1,c9c6fde711572c1ad99ca12728c6af00,562fc2f2c2863ab7e79a9e4388a58a14,2018-05-04 02:35:15,29.99,7.39
cb183ad1472c27844f8e8a96ba2afcc5,1,e2fcaac49de7a3a90f0dc74d7b1e9f10,2528513dd95219a6013d4d05176e391a,2018-06-12 12:10:38,219.0,75.8
cb503219f1a73d8a4dfe8561be373c99,1,e97c75fa6d2e8a1b94aeb56327b25493,54965bbe3e4f07ae045b90b0b8541f52,2017-11-30 11:31:27,139.9,21.47
cb5b7fb63c0add7098c025cb737df02e,1,2b7aa376a6e728560bddb5558cc48e89,7c67e1448b00f6e969d365cea6b010ab,2018-03-13 03:51:50,116.99,17.26
cb71bd92e29c501f67b650fa19bee739,1,1042c4a6f451ec0825e8accbd9486349,5343d0649eca2a983820bfe93fc4d17e,2018-04-24 23:20:33,158.0,20.08
cb891a8a4daa2130941d2458f013b1b1,1,cb319c5e10eb5b7a23ded617e71fbd92,3b15288545f8928d3e65a8f949a28291,2018-02-08 17:35:31,119.99,16.47
cb9dbf05ec6c88696a808bd2ec55f31a,1,12087840651e83b48206b82c213b76fd,5b925e1d006e9476d738aa200751b73b,2017-12-25 23:15:18,189.0,21.86
cbcffd62e7d1e6d26d3a6657731cb96a,1,111a3ef82d77e13260a73fbf58c41da5,dee656f0f566ed1aa85bd137c943f08f,2018-03-02 09:55:50,38.9,15.1
cbd1b65ad17e5be3c2c8dd66d0e581a2,1,35afc973633aaeb6b877ff57b2793310,4a3ca9315b744ce9f8e9374361493884,2017-06-07 10:03:22,89.9,15.38
cbe19a86b0486bc9bfe295be1a564ff9,1,368c6c730842d78016ad823897a372db,1f50f920176fa81dab994f9023523100,2017-12-04 03:24:43,49.0,37.97
cc5e9d025a1ae5c0918b83318788f125,1,fad534edb8f35664713c4b766fa473d4,da8622b14eb17ae2831f4ac5b9dab84a,2018-02-01 11:01:14,44.9,9.09
cc61a8a634ed495116b2ce1fc8d1a1e1,1,bac84fdf85ec2c85fa86f522f4423114,c1f12f926d0ba950578b4fa41115cbb6,2018-03-01 12:15:30,89.9,14.38
cc80e8ed42d1d4ac3dbe8e800672d01c,1,119addecf70b398c86bec023de4b8786,9add47bf45ce8e8c7db6b9cf670b1e09,2017-06-12 15:15:18,59.9,21.26
cc90dde77b3316b9877c87637a6f87d3,1,f1fe595ee7ef768b41bd9b246d13432d,81a1104df0f08b59c68aa5b03cfe398e,2017-11-03 02:55:26,99.9,16.95
cc92b6f226e07df00f790972584285da,1,9257d3f01cd400076c63470f92434c7e,768de2a4fc06aacecb9a586ccc30746a,2018-02-06 10:52:23,34.9,17.63
ccb44718a5b5b8bde31b24e888d56d09,1,10714d6a49c0af9ccdab2d806887c5f5,9616352088dcf83a7c06637f4ebf1c80,2017-11-03 19:07:05,59.9,16.86
ccd8c28b87350369cecbd3d56662c116,1,b38b25d838ae0b8385e8cc68b9017644,fad44952713764836814be105382aee5,2018-04-03 21:07:39,180.0,22.1
ccf6899464ad94a5d61964bafc6a4f0a,1,283dc451ad3918badb976d56ff887289,da8622b14eb17ae2831f4ac5b9dab84a,2017-11-03 21:28:10,89.9,13.65
cd1709e97dc100d3eea6e801ca6f3a29,1,8317b177579dd27ff068b83205e2169b,4869f7a5dfa277a7dca6462dcf3b52b2,2018-06-11 22:30:48,157.0,18.98
cd1d0fcb30750e22b9aa142cefdd532c,1,3c93c9bcf16515a2c279990471744198,d6b1ce66b035a475f00c017792ff9769,2018-05-17 12:31:41,96.0,18.55
cd3d84e6743d5f2e14233c017e9bd10a,1,cf8c83ef74f69705d1bec196473b1b45,520b493b57809f446cb0a233bb3e25c7,2017-06-13 21:55:17,20.0,9.94
cd3e9759dc483946db2133168746fddf,1,64f905cf518f84bfe0fbcc33bf6f0e9a,7b07b3c7487f0ea825fc6df75abd658b,2017-07-04 11:05:15,159.9,25.67
cd3f1c4c9d4aaf1ea8940fbb22adced5,1,4048d207d5f97fb47be6486952d641aa,b4a476fbd28de64b1e347abf9089366a,2017-05-25 11:42:56,430.0,81.18
cd44314b084629fc21d3a0dca3147f7d,1,2cd4861a56a6f98288e0281e47f4b1d5,4a3ca9315b744ce9f8e9374361493884,2018-04-27 11:31:27,422.0,43.27
cd466631c2bd74fbc4e744b131819ea5,1,2c42bf0cba650bd08bfeac2412b06ef6,2d50d6282f8aa2257819a77bfaa0efe0,2017-10-26 08:45:59,49.0,9.94
cd5b7d5b405a2cee7a15972eaa47f1d3,1,ffc9caf33e2d1e9f44e3e06da19085f7,d06d019f72a04e5497a0b64190af170c,2018-06-01 12:31:45,224.0,9.92
cd623324c25a5749845117a6d628b994,1,a8cd3c264c6b406a06a23ace0b16fd9a,77530e9772f57a62c906e1c21538ab82,2018-02-08 02:54:06,148.0,17.29
cd81fccdeffb11e33de701e2c53c85c6,1,368c6c730842d78016ad823897a372db,1f50f920176fa81dab994f9023523100,2018-05-03 22:55:14,53.9,29.71
cd919470d4038db47af0ae7904777f68,1,8fdbacf2ec7e78916268d1d11d544038,9140bd1d9de28b197dce077bdd687438,2018-07-11 16:32:31,299.99,81.33
cd9d1d8f26cd28414908863fd4538ef6,1,1bfe62f326ac7bec0f5a83c10cfff228,3d871de0142ce09b7081e2b9d1733cb1,2017-07-17 04:04:07,45.0,12.69
cda07ad4f2f777317f2d6b2e3621a5cd,1,5a42f73d92034010a4e00360fb0df099,373ee4a3a775a733770ca3f790b8b9ac,2017-10-02 03:24:49,41.58,8.9
cdaa3fb8ca6c3e104eb00fe8a33c88f6,1,dd0dcee76f9c12fff4bc0eb641d57c7f,8b321bb669392f5163d04c59e235e066,2017-12-07 08:52:23,23.7,16.79
cdc0800fdbf7580a26201f0a1529ee1f,1,53759a2ecddad2bb87a079a1f1519f73,1f50f920176fa81dab994f9023523100,2018-01-03 19:48:16,49.9,28.81
ce06972fe7c25dca520903409efcb744,1,cfe9e8e1f0400c8cc665d41722f34086,1025f0e2d44d7041d6cf58b6550e0bfa,2018-04-19 13:14:30,300.0,26.21
ce243573aa83a8e70bb99ca6133a210e,1,d3796e73f7d260e45f5d5b9dc1c5a7a1,41b39e28db005d9731d9d485a83b4c38,2017-05-29 16:23:09,139.9,25.82
ceb22e0ea85b325aeee259c87e85fde6,1,6c6c606fb5adb58ab9ef88a8d96ddd09,be7a093e5b4d147b36b72bb1f9e415e5,2018-07-12 13:25:50,60.9,22.36
ceb58b0818e117cb6dc6c1030b89d8ab,1,f7dd5959f7e2832eb2acbfd9c2e2af19,a1544b9ea0b2390e020537d4daa89049,2018-06-15 12:38:37,121.9,15.73
ceb9cfd5bb1caf536006196e9469e396,1,fca62108387e25005784da2f551466a1,31344c16881c08a8a72c6d2eb29918c1,2018-02-22 15:50:30,249.9,41.53
cecf84099dc3067ec87149ddac39105a,1,437c05a395e9e47f9762e677a7068ce7,7f7b8245c336066a1f9933c359f11d77,2018-05-14 00:12:56,49.99,8.64
ced9efa04f0d7b0543fa0d8ab9472a6c,1,8e26479962cb257aba82c608c10469e5,1ca7077d890b907f89be8c954a02686a,2017-11-13 04:15:48,45.0,11.85
ced9efa04f0d7b0543fa0d8ab9472a6c,2,1ccef988a8dd457a93b0b4833b8f0724,1ca7077d890b907f89be8c954a02686a,2017-11-13 04:15:48,35.0,11.84
ced9efa04f0d7b0543fa0d8ab9472a6c,3,d3ce671d83f4434fbe5a05ff93427ef0,1ca7077d890b907f89be8c954a02686a,2017-11-13 04:15:48,35.0,11.85
cedce2be74a9e660cec99d6f9c6674f3,1,07c055536ebf10dfbb6c6db6dbfc36e5,cca3071e3e9bb7d12640c9fbe2301306,2017-05-29 19:02:38,45.9,11.85
cee919bd7163243ec1de9cab6b7b7bc8,1,ad5cd855e1bda6a67dfa8f3366ea6481,8ae520247981aa06bc94abddf5f46d34,2018-05-15 15:22:21,569.0,54.48
ceebdce96388304b96726edf9115e1f3,1,84f5c4f480ad6c9998d6a6860f1a2e41,282f23a9769b2690c5dda22e316f9941,2018-08-28 19:25:13,44.06,18.11
cf307f492c4cc991cceb55f6c2a2370f,1,3b0f7951038b105522c2d566b54421f7,562fc2f2c2863ab7e79a9e4388a58a14,2018-02-20 15:30:41,29.99,14.1
cf47ad2fb60cae3f74b943646f685c94,1,fb01a5fc09b9b9563c2ee41a22f07d54,522620dcb18a6b31cd7bdf73665113a9,2016-10-10 15:44:37,629.9,31.85
cf49bdb4bd3a57ea5f439199c69d5911,1,bc055ae94989497c0d66bfa4263ccf61,1c68394e931a64f90ea236c5ea590300,2017-12-07 15:19:14,57.52,21.15
cf49bdb4bd3a57ea5f439199c69d5911,2,bc055ae94989497c0d66bfa4263ccf61,1c68394e931a64f90ea236c5ea590300,2017-12-07 15:19:14,57.52,21.15
cf49bdb4bd3a57ea5f439199c69d5911,3,bc055ae94989497c0d66bfa4263ccf61,1c68394e931a64f90ea236c5ea590300,2017-12-07 15:19:14,57.52,21.15
cf49bdb4bd3a57ea5f439199c69d5911,4,e3b5a4c3f8512fe1315f05564e461ff4,1c68394e931a64f90ea236c5ea590300,2017-12-07 15:19:14,127.42,0.09
cf49bdb4bd3a57ea5f439199c69d5911,5,e3b5a4c3f8512fe1315f05564e461ff4,1c68394e931a64f90ea236c5ea590300,2017-12-07 15:19:14,127.42,0.09
cfb5c71374e62ce7dfd7688c5adcd0a9,1,165f86fe8b799a708a20ee4ba125c289,7ddcbb64b5bc1ef36ca8c151f6ec77df,2018-01-11 16:12:29,166.99,30.21
cff314344e536186940328c1c6ceec96,1,909b87db6cb3a7ab26bd03cc59860136,de722cd6dad950a92b7d4f82673f8833,2018-02-01 14:59:05,40.0,8.11
d0c4a5b064e0ec72eca6b1c01ade0181,1,990d135e28e075648cb7d83198fdccf4,d9bd94811c3338dceb4181f3dbc0c73e,2018-06-28 19:20:07,80.38,8.72
d0d6f28c88378bb68aaed959896a43f5,1,154e7e31ebfa092203795c972e5804a6,cc419e0650a3c5ba77189a1882b7556a,2017-06-05 01:25:27,19.99,7.78
d0e7c11999696d6e68df274547d2bd99,1,c92f0e7b9d49a9543558d6532772441b,5dceca129747e92ff8ef7a997dc4f8ca,2017-05-25 15:40:06,139.9,23.56
d10d073e94c144befb776edab73b84b8,1,f88585b513695493f26dbffb34c01e75,575df70bde3f9f2b30bf8d2e9910d725,2017-06-21 15:42:23,8.85,9.34
d11fc5b9e5bf7a0c4ce41b04a59f0154,1,1b7b45fba5ad23e8117914f8b36e6772,70eea00b476a314817cefde4aad4f89a,2017-12-21 10:51:29,159.9,16.75
d11fc5b9e5bf7a0c4ce41b04a59f0154,2,1b7b45fba5ad23e8117914f8b36e6772,70eea00b476a314817cefde4aad4f89a,2017-12-21 10:51:29,159.9,16.75
d12cad0b8ea6cca0ee8d2d4f4105cee1,1,4c2394abfbac7ff59ec7a420918562fa,cc419e0650a3c5ba77189a1882b7556a,2018-06-13 11:31:14,84.99,23.52
d147001bf6f7a4295040343db205d9c1,1,b46df49597c48fda458171cd058059c4,ffc470761de7d0232558ba5e786e57b7,2018-08-06 05:15:19,119.88,17.03
d16387aa75d92aec2dbfa45f9510ec65,1,ae52b85c8712696950e9287398316251,83b08de96980757220871b31bf6cffca,2017-10-26 16:21:18,74.69,11.98
d16f8ec8edbb1c3652f142cc60042a86,1,a1507b98cd821fad51fcfa3e9a95e94e,d1b65fc7debc3361ea86b5f14c68d2e2,2017-06-01 12:10:05,1197.9,75.26
d17f9e855544f741648a953891e93288,1,3bdc89e963c6651b8af38ede485cc82b,fffd5413c0700ac820c7069d66d98c89,2018-02-08 14:56:11,262.5,206.45
d185b3d0bd26a99d5c96601c1fcd2fc7,1,a50acd33ba7a8da8e9db65094fa990a4,8581055ce74af1daba164fdbd55a40de,2017-10-24 10:34:30,117.3,14.43
d18a9528e8077026b951849741ab227b,1,380b4664ba5bb18cc9db78ee6bac3558,6560211a19b47992c3666cc44a7e94c0,2018-01-26 14:17:54,29.0,14.1
d18a9528e8077026b951849741ab227b,2,9c7ce59c96e74dfdfc51f13a4a6c3869,6560211a19b47992c3666cc44a7e94c0,2018-01-26 14:17:54,29.0,14.1
d1906aaa99334bb372ca6bb31b8ae5d5,1,4c05be00027392c898ab59a94fad2151,5f1dc28029d2c244352a68107ec2b542,2017-11-24 10:55:32,50.9,8.72
d194fbbc2e37d685b6adbf21897ed49d,1,1f2bcc5a21172c008ccbcc28afb8bced,11305281b50fff20ae8bb473f8e11876,2017-04-25 22:25:18,79.9,18.84
d1b501557cbea543fbaeba346ba6ca8d,1,85d8ae64b3b59814a1136254a96f5693,d57e18d5f73c7ccb7f7339b61166898d,2018-01-03 04:07:45,25.9,8.72
d1bca6bd89a51ad2a0753b608c06f469,1,e9cf370eb883adbdcb4b8738057a9d8b,014d9a685fd57276679edd00e07089e5,2018-03-27 11:55:43,59.99,13.54
d21d7411b251f35ead1b210dc946ca70,1,f18333439cbbfd0ae30acf09ae09c0f0,004c9cd9d87a3c30c522c48c4fc07416,2018-01-23 23:10:45,248.9,28.0
d22f0b06e1519065d7eddb2ba6b79b63,1,422879e10f46682990de24d770e7f83d,1f50f920176fa81dab994f9023523100,2017-11-29 22:54:33,49.0,17.64
d2d67121a09535b3a7b6a000e58d8625,1,7cd29da0653abeb444703cc5a957f479,620c87c171fb2a6dd6e8bb4dec959fc6,2016-10-10 16:00:43,49.9,15.56
d2dd28b2a74faaeb77da8d3e53a9bd75,1,abcadf3aeced9a5dd2c23cb61ca09a4c,5bffbafbb22daf6d3bfc216a46db8708,2017-03-16 11:26:08,69.99,14.66
d347a4ddae83c0b8a9438522ecb7dfb6,1,6803077179d24889430188e03fafd31a,128639473a139ac0f3e5f5ade55873a5,2018-02-01 20:53:15,19.9,16.79
d347f2967d904f9f8657e9919366545c,1,dfb1a850d59b126de9fa01dcde19b43d,71039d19d4303bf9054d69e9a9236699,2017-11-13 04:31:56,19.9,14.1
d35703faec55cda0ceeb4f50a4d584ae,1,4444290d1f0ec9579d5b21dc589251c0,4ce6e5f6c52515177e18c1c9361d8677,2018-07-22 22:20:45,226.6,25.67
d367a93b215e8828942054fc3799c834,1,060cb19345d90064d1015407193c233d,8581055ce74af1daba164fdbd55a40de,2017-05-25 19:25:23,147.9,15.79
d37a4faa7cb8cd88246d73aee035a327,1,f8b624d4e475bb8d1bddf1b65c6a64f6,b410bdd36d5db7a65dcd42b7ead933b8,2018-06-13 12:15:57,179.0,47.69
d392709d59adcaff2d80dee55da91748,1,ee2568e85817bc2c070154cec07135ac,3d871de0142ce09b7081e2b9d1733cb1,2018-02-16 09:48:43,35.9,16.11
d395475d71e6042e654407cef55e3c47,1,f107bcdf49e25fab8c0b66fbabb97fc1,6860153b69cc696d5dcfe1cdaaafcf62,2018-01-29 16:17:14,19.17,15.1
d3a3e3dd365abc6013aa6321b0c12c79,1,b1e7e283a4b6203aa8adbafe09c2a521,76d5af76d0271110f9af36c92573f765,2017-01-30 11:18:28,369.0,60.19
d3e8a13414ab6f219caf1745f1384b48,1,5a848e4ab52fd5445cdc07aab1c40e48,c826c40d7b19f62a09e2d7c5e7295ee2,2018-03-09 12:10:24,122.99,9.06
d41ebe858c1aa2cef4e728fee0b07230,1,c7843df62cbb199241a00e90a988aac2,dc4a0fc896dc34b0d5bfec8438291c80,2018-06-29 03:18:30,59.9,18.52
d433f15d756ab14939321574177af37f,1,62644f19deb898e43ebdcd29ff3d9361,dd55f1bb788714a40e7954c3be6df745,2017-11-22 03:55:29,243.89,10.52
d43f72571877365b197ee657196d8d30,1,45d53108adfd3c40a54c578f431c45cc,70a12e78e608ac31179aea7f8422044b,2017-08-14 23:10:37,79.95,17.81
d465c10f1f89099cfd6c57cd84249f6f,1,97017430754804328eb9597b7f85da03,ea8482cd71df3c1969d7b9473ff13abc,2018-01-12 20:59:32,27.99,7.78
d4bf023e837c3f54ebf5a9abe045fb93,1,52e5fdcb5e51164483d584c75bd3a478,92eb0f42c21942b6552362b9b114707d,2018-02-27 23:30:27,29.87,7.78
d4c1356b86dcc8a86c603174ba27d9bc,1,aca2eb7d00ea1a7b8ebd4e68314663af,955fee9216a65b617aa5c0531780ce60,2018-01-11 22:27:42,69.9,16.12
d4cb1c0045dd65ebfe15e14c4d083281,1,a92930c327948861c015c919a0bcb4a8,6560211a19b47992c3666cc44a7e94c0,2018-06-19 21:53:38,78.0,15.65
d4d7c1beb2c6dc87bb984a3179558ac4,1,517d4955ffcf9fbd2bb0beb193c81a42,48436dade18ac8b2bce089ec2a041202,2017-05-10 21:10:13,118.9,24.55
d4d7c1beb2c6dc87bb984a3179558ac4,2,517d4955ffcf9fbd2bb0beb193c81a42,48436dade18ac8b2bce089ec2a041202,2017-05-10 21:10:13,118.9,24.55
d4daa9ee1fe28458773297759dbfe2bc,1,b2855c4e42b8a50f359904c6763eeddc,17a053fcb14bd219540cbde0df490be0,2018-05-17 02:57:14,369.9,35.36
d4daa9ee1fe28458773297759dbfe2bc,2,b2855c4e42b8a50f359904c6763eeddc,17a053fcb14bd219540cbde0df490be0,2018-05-17 02:57:14,369.9,35.36
d52140bee663636aa4f6057e50bc06a3,1,fe75529a267b76ac6e96f0c322a899a4,620c87c171fb2a6dd6e8bb4dec959fc6,2018-03-09 20:49:07,119.9,27.38
d54bea5ba90238aa83323565749538a1,1,cda8b19a05af621d957a97a979b6fa9a,c510bc1718f0f2961eaa42a23330681a,2018-04-26 18:30:53,2110.0,154.9
d56cf7e9548584ea9583339b170f8314,1,03bb06cda40712fb8473f7962fb7d198,da8622b14eb17ae2831f4ac5b9dab84a,2017-07-26 22:55:12,139.9,16.61
d572cde58d2fd1fcd7d019dae26cd911,1,ee406bf28024d97771c4b1e8b7e8e219,7a67c85e85bb2ce8582c35f2203ad736,2018-02-27 03:31:32,144.99,12.22
d578a6c1bb288c7f9a25b8cfbc3ab962,1,a85fa7ea0b6ca7f780ad3034bf943070,dbc22125167c298ef99da25668e1011f,2017-07-03 18:23:34,102.9,29.12
d59d424384cb6fa0956cec1af3f179ac,1,cfd652b39b87b4e06cf4ea106a32db47,7a67c85e85bb2ce8582c35f2203ad736,2017-04-27 13:41:47,119.99,11.02
d5b1124327e83f25ce12d9c48c9ecfe3,1,ad148e862f7210012a3126ff066f56ec,5c243662ce92d84573bfaff24c3e3700,2017-07-13 09:43:27,99.99,20.05
d5b836c3e4d3591c11cfbc0d8a32948e,1,3ceb44c75e6981ff0987bb90c95694c0,30a2f535bb48308f991d0b9ad4a8c4bb,2018-01-29 03:37:29,49.9,8.72
d5bd0af0e37b739b88fa363a30301220,1,595fac2a385ac33a80bd5114aec74eb8,ef0ace09169ac090589d85746e3e036f,2017-11-21 16:46:15,109.9,14.52
d5d5a70a76401ecc139ee16c5299df4d,1,6d30e5e702df2b8719d9c6be1bdf425b,c6bda72e4dbf5c5866b13cb1810c6d03,2018-05-28 20:57:21,649.0,44.59
d5e9734f54e05a41246389d38b732a51,1,2fea0f2cec6b6324a277d4a61c2ed2c6,beadbee30901a7f61d031b6b686095ad,2018-06-20 16:18:59,35.0,18.35
d5f471ea9cffc82fb64e8b07d247cb3f,1,156929d95f2ef8373a04db2cb82bc3e1,20d83f3ef0e6925fd74bfd59170babf7,2017-10-18 15:45:35,59.9,7.78
d62ce432bb1d1056c58fc8b58d30d260,1,d3a8b40808854363a045f0f4131b0894,218d46b86c1881d022bce9c68a7d4b15,2018-02-15 01:15:31,113.0,18.04
d62ce432bb1d1056c58fc8b58d30d260,2,d3a8b40808854363a045f0f4131b0894,218d46b86c1881d022bce9c68a7d4b15,2018-02-15 01:15:31,113.0,18.04
d62ce432bb1d1056c58fc8b58d30d260,3,d3a8b40808854363a045f0f4131b0894,218d46b86c1881d022bce9c68a7d4b15,2018-02-15 01:15:31,113.0,18.04
d66702922aef0a934935edfba929e95a,1,c075b8e131353552218860f1c421e4ef,f80edd2c5aaa505cc4b0a3b219abf4b8,2017-05-24 13:10:17,48.9,46.88
d6735b4006968f903a39b74f740dac04,1,54fa56379393bc8cba2e5cbf558aa2fc,9dd59e43f0c9f0553244e8f9c2fb247e,2017-12-14 19:30:36,36.0,15.1
d694c1f3e3e0bd20d4673555d43c875a,1,3b60d513e90300a4e9833e5cda1f1d61,c826c40d7b19f62a09e2d7c5e7295ee2,2018-03-15 03:50:34,159.77,20.09
d6c486ebb46b4882e3ea353fcff04ff6,1,0c71252f37443403376d2008034a7240,70c27847eca8195c983ed7e798c56743,2018-04-30 17:32:28,104.99,15.61
d6d22504739cdf3c8ebce460d0a08199,1,505bdfe93e66810bd2dfd42bcc61976b,3d290fe363c60a77498c1126fd3fb8d3,2017-04-20 02:45:56,159.0,16.32
d6e3732aea036f7d71b44db75163e2f4,1,5418df20cd587e12212d54c1d5d990fb,45ba18c210d42734ec52c0c1c574e9ee,2018-07-09 10:31:06,169.89,12.92
d6e4899000744aee28d41363a581e3c2,1,5a7cd5a522f29bef101933fea87a1a1a,8def3db7f272735afb2ecd03aeca09a7,2018-08-10 19:24:36,98.0,14.85
d70611b8e23ca3e2ad56889d3144c086,1,9749139e09929de55d37e68e64b89706,cbd996ad3c1b7dc71fd0e5f5df9087e2,2018-01-29 10:15:38,59.7,11.92
d712c9d57be3d48a79c033437994908b,1,29b85c2f1ec5f4d02b03737a8fd3698b,44073f8b7e41514de3b7815dd0237f4f,2017-03-14 02:45:19,188.0,16.62
d719d2c72e0dfc9d994ee85c1d594861,1,b10eba910a974df70b8a12d0665cdb9e,a3e9a2c700480d9bb01fba070ba80a0e,2017-11-30 13:34:00,38.0,16.11
d719d2c72e0dfc9d994ee85c1d594861,2,b10eba910a974df70b8a12d0665cdb9e,a3e9a2c700480d9bb01fba070ba80a0e,2017-11-30 13:34:00,38.0,16.11
d7361a834a2dd8db2f6f133ce291ab6b,1,23384f296aa1bf6461d22912093a9847,891071be6ba827b591264c90c2ae8a63,2017-03-03 02:30:12,20.0,8.72
d74e29bbba41049b6c17603fd9fabc58,1,93c902b021a9e594f658ab1b0351602a,2e90cb1677d35cfe24eef47d441b7c87,2018-04-25 19:51:05,103.9,21.67
d75cb3755738c4ae466303358f97bc55,1,474bb6b54fc608ca71059a6c4f7ecda3,8b321bb669392f5163d04c59e235e066,2018-01-30 02:53:17,21.9,15.79
d77031d6a3c8a52f019764e68f211c69,1,02a79d79e818ad0be36cfc843a6af7ad,cb3dd9ce66268c7a3ca7241ac70ab58c,2017-02-25 10:04:19,28.99,10.96
d79b6cf112bad1936bd72b03f20909ce,1,3c2f792f1041177a81913a977431a99e,6ee85be3693ed79a8e80718743d80655,2017-05-03 19:42:27,29.5,24.84
d7ae3c10c3a4c7a721e64ba401ee745b,1,5ed9eaf534f6936b51d0b6c5e4d5c2e9,8cbac7e12637ed9cffa18c7875207478,2018-02-26 15:10:43,25.0,12.53
d7ae3c10c3a4c7a721e64ba401ee745b,2,0105b5323d24fc655f73052694dbbb3a,2138ccb85b11a4ec1e37afbd1c8eda1f,2018-02-26 15:10:43,129.99,20.04
d7ae451c4d63fe188ba2e8787a3852bc,1,41fbde40144efcd09db07250981d7b93,5d0363b33554b373851fc1622e4d5f3c,2018-08-23 12:10:36,60.9,16.7
d7b6d0af984b10e088f7420344115d2c,1,dd841bf589f05e0948ddb0c8d2c749ab,77530e9772f57a62c906e1c21538ab82,2018-03-12 10:09:22,119.0,15.68
d7c3a90ab28bbb07e47e1fccdbae401c,1,25e2023ed83352bde98dc1490d14c3d8,de23c3b98a88888289c6f5cc1209054a,2017-12-19 14:13:38,119.99,12.04
d7db188906a24b4ae6a02dc37693752c,1,f992bc38a69c993979545475f05ba50f,fa74b2f3287d296e9fbd2cc80f2d1cf1,2017-12-22 02:50:38,448.89,14.64
d824a4f31c8c8abaf5c415c8dd473a59,1,1f180c96859564dd5857185f5914d2c7,4a3ca9315b744ce9f8e9374361493884,2017-10-02 21:04:51,270.0,14.23
d83706c29baf36eedf5e8adfb0da304e,1,0bed2811f66d80c67e51d3d9a5127233,818d28f936e791926d33bcb6ee94ef79,2017-03-24 11:36:11,27.9,16.05
d83d899f5a20b2d05342270eab088987,1,9069c427ca36847bc3907c09712f6cf8,7b1222c3624aa89b9558b50a2594188c,2017-07-19 02:50:16,699.9,17.92
d865bc459503b9c8a19382a7634ed5d5,1,4b271b76eed185fd46be2bf42e1d02f3,710e3548e02bc1d2831dfc4f1b5b14d4,2017-08-14 15:15:23,59.99,17.99
d8be7210368c4e44be491b1e395b293e,1,da97969972a524bca894f97ea6bcff90,d2374cbcbb3ca4ab1086534108cc3ab7,2018-08-24 12:50:44,29.9,12.87
d8d875126ddbeec8b736ffd7f0b1a4c0,1,86ecc269de40ba13205e7beeee12f26f,b76dba6c951ab00dc4edf0a1aa88037e,2018-08-02 21:31:44,29.99,17.14
d8f68e0ae10289264edb3f3bf8cac054,1,db5efde3ad0cc579b130d71c4b2db522,4869f7a5dfa277a7dca6462dcf3b52b2,2018-03-20 22:50:07,173.0,19.09
d94600e5b855ffe8db3b9bc06e21b1bd,1,6fd83eb3e0799b775e4f946bd66657c0,ed8cb7b190ceb6067227478e48cf8dde,2018-08-02 03:35:16,17.53,11.15
d94600e5b855ffe8db3b9bc06e21b1bd,2,6fd83eb3e0799b775e4f946bd66657c0,ed8cb7b190ceb6067227478e48cf8dde,2018-08-02 03:35:16,17.53,11.15
d9650d5b64446b09351a038e66c19467,1,4c505e52bedf9651c08793647c925e65,1835b56ce799e6a4dc4eddc053f04066,2018-05-11 17:56:45,39.0,18.23
d9985b5e60fcad79a6e2eed78bafedf4,1,28b4eced95a52d9c437a4caf9d311b95,77530e9772f57a62c906e1c21538ab82,2018-01-05 15:05:24,59.9,16.99
d99b88619176350e49d910a4e548b951,1,9c66292a0367d1a85842e4b302acca69,f8db351d8c4c4c22c6835c19a46f01b0,2017-06-14 11:30:18,49.9,16.11
d9ba89fb1ef0cec7d158b8a2679186f7,1,7d3297b1d734f63d40632fcf8e1a2cec,ea8482cd71df3c1969d7b9473ff13abc,2018-02-13 10:35:34,24.99,15.1
d9f8510c453819ec4a9eb91851ea5fc4,1,3dd2a17168ec895c781a9191c1e95ad7,de722cd6dad950a92b7d4f82673f8833,2018-02-15 02:50:41,149.9,36.37
da02757374a4765efdc08488ec40e778,1,ffedbd68fa6f44e788ff6c2db8094715,89de2d6f23e9746ff309705b23581faa,2018-07-25 08:22:39,40.0,22.21
da0571dd2e59b32cca46279a02bfb40e,1,7721582bb750762d81850267d19881c1,0c8380b62e38e8a1e6adbeba7eb9688c,2017-01-23 19:02:48,59.5,13.0
da095f1f4d7e0e3111772d51a08ad079,1,781afe929e3016a667f5f439afd55fce,08633c14ef2db992c11f840f04fad4cd,2018-05-24 17:14:45,109.9,9.12
da1a0dd3bf29adb14c8a77fca7388c11,1,a92930c327948861c015c919a0bcb4a8,6560211a19b47992c3666cc44a7e94c0,2018-08-01 22:30:15,78.0,13.21
dab23a46abb860b6b4816df41eacd610,1,af893b2efa430418d774a852e7870601,8a432f4e5b471f8da497d7dc517666e2,2018-08-10 15:55:11,69.0,14.79
dacd9ea86285f197d0b7495e8af14781,1,fa87bc5ccdd8ea6e54117916e485cb48,1900267e848ceeba8fa32d80c1a5f5a8,2018-04-24 21:11:15,44.99,19.32
dadeb032c1f01467182f4f0716bdd141,1,6c712952b8ef62f8d06a0314917400c8,620c87c171fb2a6dd6e8bb4dec959fc6,2018-08-10 14:50:16,69.9,23.29
daed0f3aefd193de33c31e21b16a3b3a,1,34bf36c866a9166fa14dda71be4fb95c,e333046ce6517bd8bb510291d44f0130,2018-04-04 11:35:16,39.0,26.43
daf0e5a480cf841aaad91caf8783080e,1,b114bf337c0626166abe574eee9e3f32,7c67e1448b00f6e969d365cea6b010ab,2018-05-07 19:31:09,156.94,27.96
db048ddab46bdb6a29c27f08073e29b2,1,5ae2f57d379f89f995f9444cdb6d5c60,d594982fd877af63ace38ea1fca27c76,2018-08-27 11:31:02,27.19,7.45
db274d549125d73b0e1052886af9422e,1,cb5df9426d14898cd286c3c5ac0b8cea,5d0363b33554b373851fc1622e4d5f3c,2018-07-31 09:44:32,69.0,16.75
db2e05029f564b8953ddf3766e3b99f5,1,e3de19106e36f3981c320553135a6610,218d46b86c1881d022bce9c68a7d4b15,2018-02-22 06:50:44,39.0,12.69
db46ef9887e9ac7aec3ad2f66978d632,1,5a848e4ab52fd5445cdc07aab1c40e48,c826c40d7b19f62a09e2d7c5e7295ee2,2018-03-07 22:55:33,122.99,14.61
db7b88e881d8890d4ea491444d0e43ed,1,fa381a4a9af65ea5fc8f3829214045f9,70eea00b476a314817cefde4aad4f89a,2018-04-04 17:15:13,269.9,18.57
db92c37a984bfe99f6cc7cda7839c86b,1,87db1d6af39ede804084ef2f8e6b9b46,a673821011d0cec28146ea42f5ab767f,2017-11-30 15:13:50,39.9,15.11
db9f2956d5aa9406afedc858c51c2f5f,1,2ffdf10e724b958c0f7ea69e97d32f64,4869f7a5dfa277a7dca6462dcf3b52b2,2018-03-18 21:48:12,224.0,19.45
dbd1cbc05d31e4c71790b63eb1fc870f,1,f1c7f353075ce59d8a6f3cf58f419c9c,37be5a7c751166fbc5f8ccba4119e043,2017-08-23 17:25:48,200.0,26.24
dbf8b161073da5d187b1b739a7dc9b86,1,aca2eb7d00ea1a7b8ebd4e68314663af,955fee9216a65b617aa5c0531780ce60,2018-04-08 22:55:27,69.9,12.43
dbf8b161073da5d187b1b739a7dc9b86,2,aca2eb7d00ea1a7b8ebd4e68314663af,955fee9216a65b617aa5c0531780ce60,2018-04-08 22:55:27,69.9,12.43
dbf8b161073da5d187b1b739a7dc9b86,3,aca2eb7d00ea1a7b8ebd4e68314663af,955fee9216a65b617aa5c0531780ce60,2018-04-08 22:55:27,69.9,12.43
dc18a044b56ed174037ca164cdf2e921,1,faa268ecc8a8434cb4ebee091b3222d6,f0563bacf40c311f1c4d3d6b67b8a7a7,2016-10-21 16:18:52,1199.0,28.78
dc282855b102a2d5cffe41332d73c196,1,75d6b6963340c6063f7f4cfcccfe6a30,cc419e0650a3c5ba77189a1882b7556a,2017-07-11 12:10:17,56.99,14.15
dc34d61bf65f9f7362aafd4fdc35d21a,1,5ac4f7986643a944501c66a2257bdd73,3df020b72d3d44b3af9d110fa3940b65,2018-02-28 06:30:21,49.9,12.69
dc34d61bf65f9f7362aafd4fdc35d21a,2,5ac4f7986643a944501c66a2257bdd73,3df020b72d3d44b3af9d110fa3940b65,2018-02-28 06:30:21,49.9,12.69
dce5d8be76c73098306a8f74b197fb6f,1,6c8b2975a4a05d1f36948b20753b29ca,955fee9216a65b617aa5c0531780ce60,2018-04-19 13:30:38,50.0,14.44
dcef4484357754fc205095e165e01504,1,256c61261c818dab727fa2a60d8964ca,7c67e1448b00f6e969d365cea6b010ab,2018-03-12 22:08:44,116.94,20.79
dd0488bddbf592ba7d9855279f65af62,1,fd1e94b07608d8b4a74b0c81dd4fe10e,46dc3b2cc0980fb8ec44634e21d2718e,2017-05-11 22:02:34,379.99,21.25
dd24afdeaec4b19f1252b69021aa4ab8,1,3630657a252ca88c694edfa53f2ad9f2,2aa3443d7bf9d9bb11133f420d75e083,2018-08-17 01:30:16,29.9,7.63
dd2f898dab99df4fea7aeb02b77fcd25,1,c224f464aeeb2c6af33f0682a181efa7,53e4c6e0f4312d4d2107a8c9cddf45cd,2017-12-27 18:34:29,106.0,25.26
dd691e4f12c592067339680ffc3dd443,1,e4ca5b20cfe1a020e15e36fe14e880ee,128639473a139ac0f3e5f5ade55873a5,2018-01-10 22:13:30,19.9,15.1
dd787ad9c97e5504d6ea0bd294906902,1,ddf1b126559b4800f031240ceda06a89,cac4c8e7b1ca6252d8f20b2fc1a2e4af,2018-08-22 17:15:32,39.99,18.58
dd8b565021d8781e5b1a93e85ec5aba4,1,939ca4eeb18f951c099e1178bc50772c,f45122a9ab94eb4f3f8953578bc0c560,2017-06-26 15:45:11,99.99,13.72
ddbc0e193a190c97a92bdb12aed510b8,1,2772d1e494d431a05b7bcc95b02163b6,d4910f1cdcfdabd48d6b316e395d4a23,2018-08-20 04:10:18,95.28,12.13
ddbcecddeac25c47d0e7fe54d81640fd,1,2fea0f2cec6b6324a277d4a61c2ed2c6,beadbee30901a7f61d031b6b686095ad,2018-06-21 19:31:49,35.0,15.35
ddcc0f4f6de9d30500e9e39e2127046d,1,779dd392d4fbe5ca656bf3ceabecbf0b,1a932caad4f9d804097d7f8e615baed1,2018-07-05 11:30:21,118.0,27.81
dde5f036dff77c8687173aee04967268,1,3e442d09f9dfef002aadf31960869f65,85d9eb9ddc5d00ca9336a2219c97bb13,2017-03-10 18:15:16,20.9,14.52
de396a46ff91b76a683f05d1f1f9b2c1,1,363218ba55c610b750224f90bdd34be1,fdb9095204a334cd8872252ffec6f2db,2017-08-09 23:03:24,87.0,15.37
de60de4b79d5011e2b037dec761a4876,1,c0704b7b41d23540e8576c5e84484dcb,729b2d09b2a0bdab221076327f13d050,2018-01-26 13:52:32,32.9,11.85
de8f4a82099fe4fa6bcb8952ca51420f,1,f27f3e8b4b3836e4d6cd756dfb83e750,80e6699fe29150b372a0c8a1ebf7dcc8,2016-10-14 16:43:19,39.99,24.84
de9df170e0b97a46f12f9bc8eca0e0b7,1,95c40b993a22463c83beb5c51a03d46c,85d9eb9ddc5d00ca9336a2219c97bb13,2017-02-15 11:17:16,20.9,14.52
deab869c61051ea9df4fcc0daf282c0f,1,e3f7b3cbb0ccf1f1e361e6974b22e346,1835b56ce799e6a4dc4eddc053f04066,2017-11-30 11:55:29,41.0,12.69
dec147b0fad4d41a208b7873dd7900e6,1,666b4be3c007e9e960642dd6e0d88b17,b76dba6c951ab00dc4edf0a1aa88037e,2018-06-11 03:31:04,18.9,12.79
dec16dbd1d355316783dfd6844e61a2f,1,20856303113ea417297aa919436cf183,d1ef48b38baca7e831711c4a0aeb398f,2018-06-20 23:31:52,169.99,68.33
dec5c8b31036f767ced1d8a698be9a8e,1,85fd14e978b92176dd210c046abc3540,4d6d651bd7684af3fffabd5f08d12e5a,2018-04-18 17:55:27,109.0,15.51
dec6267e55fe1ef26725cbd4c28d9a90,1,c20a3f598c16d77249da67e81caa8317,955fee9216a65b617aa5c0531780ce60,2018-05-11 09:15:24,33.0,19.32
dec6267e55fe1ef26725cbd4c28d9a90,2,c20a3f598c16d77249da67e81caa8317,955fee9216a65b617aa5c0531780ce60,2018-05-11 09:15:24,33.0,19.32
dec6267e55fe1ef26725cbd4c28d9a90,3,c20a3f598c16d77249da67e81caa8317,955fee9216a65b617aa5c0531780ce60,2018-05-11 09:15:24,33.0,19.32
dec6267e55fe1ef26725cbd4c28d9a90,4,c20a3f598c16d77249da67e81caa8317,955fee9216a65b617aa5c0531780ce60,2018-05-11 09:15:24,33.0,19.32
dec95374a1bf2366249bf770e0568a85,1,f7c758899e1679f82c7e9f006866674d,17e34d8224d27a541263c4c64b11a56b,2017-08-11 20:55:08,65.63,12.48
ded094084602b9a58f2615372fd3a99b,1,7dffa5a576c3022da3db58e3b829f886,86ccac0b835037332a596a33b6949ee1,2017-08-02 10:35:12,26.69,26.89
defab1e640d2aed0c5c98b1465ceb7b7,1,1b363f393faf61f11af873b840645eb9,da8622b14eb17ae2831f4ac5b9dab84a,2018-07-11 17:45:15,99.9,12.19
df2a380947167bc1d9d863cf7247713d,1,ca8b9b8192b5fd79de43cf6480c6cdeb,0691148aee60ca47977c187804f935ae,2018-07-23 18:30:20,35.9,50.97
df2bdc45d6c56cd6dce35aea5c391f4e,1,389d119b48cf3043d311335e499d9c6b,1f50f920176fa81dab994f9023523100,2018-05-04 00:35:15,53.9,16.07
df6378bbbc39d69ba74b22e63d3bbeae,1,ba52dec9207d2066d783571524614078,7299e27ed73d2ad986de7f7c77d919fa,2017-12-03 22:32:23,180.0,17.02
df7e2759236fdf704508c65069fb6dbf,1,b702f87f77d8feeade7ecf7598730aea,d91fb3b7d041e83b64a00a3edfb37e4f,2018-07-31 10:05:11,31.0,18.32
df9cda79de3c1e888f839780ae7b2706,1,6d7a4492be45dfb8e38e762efe6614a4,ea8482cd71df3c1969d7b9473ff13abc,2018-02-26 19:05:35,27.99,15.1
dfc5bd74d2e77292cdd66e032ac3cae2,1,af893b2efa430418d774a852e7870601,8a432f4e5b471f8da497d7dc517666e2,2018-08-23 17:55:19,79.0,23.35
e001ff2589d23a48871d224d2a54e187,1,3f3695c50cf443bfc1058ce0c8ab6a46,8b321bb669392f5163d04c59e235e066,2018-05-07 02:30:47,13.3,7.39
e01d0329ac61c8582a1c115d9af33530,1,41ddd4c8779d0943ee7706c384eeee8f,5cf13accae3222c70a9cac40818ae839,2018-03-09 12:00:34,89.7,16.39
e04cfa713960b9fe50d64e5082155c8b,1,4308439e0d80d5fe03f17ba83b57c493,59fb871bf6f4522a87ba567b42dafecf,2017-07-21 12:15:16,189.99,9.52
e0656680044e57cdeb0d3ec00c152a39,1,42eb5329dd0ee3d76d135ce04c84451b,282f23a9769b2690c5dda22e316f9941,2018-04-26 02:32:02,29.7,19.32
e079ed774a2fadd1906622fb9dc89f87,1,c73628b1c3144b2e0c9c88072f21a213,3f995f07c49d0d55a99d5c54957f7d81,2017-08-14 04:04:50,109.0,18.01
e0aee1eb2d57773753d8744277ddf472,1,401b5632c06c51319df083f1245a96ca,5656537e588803a555b8eb41f07a944b,2017-12-21 21:53:24,76.89,21.34
e0bb8d950282b26db2d1090b296244fe,1,b2c4be88b59f29df2e70ade6bbd04ba0,7d76b645482be4a332374e8223836592,2017-09-21 18:10:16,16.9,15.1
e0e56ee9a26b56fbc06c26bdfd061f2b,1,0437850bd55b9b2b9cf104b59a611666,5cbbd5a299cab112b7bf23862255e43e,2018-08-21 03:09:44,24.8,13.51
e0e56ee9a26b56fbc06c26bdfd061f2b,2,0437850bd55b9b2b9cf104b59a611666,5cbbd5a299cab112b7bf23862255e43e,2018-08-21 03:09:44,24.8,13.51
e0f95c3628b0822fc14e8e2436f0da4b,1,770c257cdfc072fb50ebf2bbd6696fe1,f3da5b2ff499efb8d4a6d371d175d7dd,2018-02-22 20:26:59,69.9,8.72
e0fc6abd74320ea468f697164f069f8d,1,65266b2da20d04dbe00c5c2d3bb7859e,2c9e548be18521d1c43cde1c582c6de8,2018-04-11 15:10:17,19.9,19.04
e0fc6abd74320ea468f697164f069f8d,2,65266b2da20d04dbe00c5c2d3bb7859e,2c9e548be18521d1c43cde1c582c6de8,2018-04-11 15:10:17,19.9,19.04
e0fc6abd74320ea468f697164f069f8d,3,65266b2da20d04dbe00c5c2d3bb7859e,2c9e548be18521d1c43cde1c582c6de8,2018-04-11 15:10:17,19.9,19.04
e0fc6abd74320ea468f697164f069f8d,4,65266b2da20d04dbe00c5c2d3bb7859e,2c9e548be18521d1c43cde1c582c6de8,2018-04-11 15:10:17,19.9,19.04
e0ff8fbdba29b1192269bb50ef72245e,1,cb9cc307a215ac435ec87b0f799e8dab,f680f85bee2d253556ac91be391d2c82,2018-02-08 21:15:32,199.9,26.15
e11780f33e850a77d1b3c2fa13ed5d4b,1,fc1d8637c0268af3db482c14b7ef8e75,da8622b14eb17ae2831f4ac5b9dab84a,2018-05-14 04:31:18,164.9,10.67
e1215367814d0d82c496bf4c6b2ba6f7,1,67c3a22492bcb6677d6ee56b8516f537,6cd68b3ed6d59aaa9fece558ad360c0a,2017-04-19 20:22:03,118.9,15.0
e13d1b8079da63aa71fa8ad68b3c3586,1,a4d44eb9f68b301db3a15c9a346f395c,bfd27a966d91cfaafdb25d076585f0da,2017-06-12 10:55:12,229.0,16.35
e13fd2b405c7a3685ff6214f38b86e79,1,736c8680c4a1ce8fc7ed08c9df0431ab,34056b8b55c1775a22af2331670a799c,2018-07-31 02:05:14,58.9,34.17
e1410714b40ecb7735ebc3f823d60745,1,80c8ac047ca651a5672b8a7973085640,c8025364abeecb115431bf95c11a747f,2018-08-16 19:50:21,599.0,28.54
e156c06e2ceacafe7263782d2115fca8,1,65ae1951caecbb80c7d5e2e662ddb0dc,955fee9216a65b617aa5c0531780ce60,2018-06-05 00:29:32,63.0,17.35
e156efe18c91ba079f1b2d16ee45b4a0,1,00ab8a8b9fe219511dc3f178c6d79698,1b8356dabde1d35e17cef975c3f82730,2017-04-18 13:05:56,89.99,36.86
e15b3513c9d37fdf4a36b88911a5c515,1,94cff684a6f115a32507988ff6541801,8648b1e89e9b349e32d3741b30ec737e,2018-05-22 11:51:00,78.5,7.89
e19abb91d2afddbb8df6f4cffe899579,1,5176d8670222d50ebbe4d4c5dfba2b49,128639473a139ac0f3e5f5ade55873a5,2018-01-10 03:31:47,18.9,12.48
e19dd6039c472289bc42c1f39c693dd4,1,b40ec43bdfc6d6fdd65e882066a5c895,897060da8b9a21f655304d50fd935913,2017-02-20 17:51:55,177.0,16.45
e1a2c11d0c4c0ecbced319c04d688255,1,aca2eb7d00ea1a7b8ebd4e68314663af,955fee9216a65b617aa5c0531780ce60,2018-02-02 03:16:07,69.9,20.98
e1d1213b6608018866541300bc7e095c,1,ac99022a225e4eada5377fc101a4f68c,82e0a475a88cc9595229d8029273f045,2017-09-22 12:30:20,198.0,18.64
e1d1213b6608018866541300bc7e095c,2,ac99022a225e4eada5377fc101a4f68c,82e0a475a88cc9595229d8029273f045,2017-09-22 12:30:20,198.0,18.64
e1d639704794372882078d60df591264,1,6adab229374835b551f6402e0dc53267,f8db351d8c4c4c22c6835c19a46f01b0,2018-07-24 10:35:17,49.9,23.15
e1d6a83cd8b98c4eb29f2bb0f5a07138,1,cf6020146772dc8cdcd583c1651170a1,3d871de0142ce09b7081e2b9d1733cb1,2018-01-18 17:17:39,89.0,13.64
e1df61c61699c690427a33fc1b6b540c,1,76bb142328fba1ac3a1e2ba033171d94,05ff92fedb5be47920fea08e501238b9,2017-02-13 11:24:15,21.5,17.78
e1e5a84a3748808d3ff0dcb4b58ac5dd,1,89f59eee27a6a49b9f0d887136c71cd4,edb1ef5e36e0c8cd84eb3c9b003e486d,2018-05-22 00:23:31,1299.65,17.39
e1ebf9d9fbf1f356179a8f969dc8c4c5,1,687d4a56a1f4ac70dd11db114d47076c,2138ccb85b11a4ec1e37afbd1c8eda1f,2018-06-04 17:30:30,18.99,15.23
e257fe6c043babc3b737247f4f2a88c9,1,4293865e4ead3d446609086b4cfedb4f,da8622b14eb17ae2831f4ac5b9dab84a,2017-12-13 22:37:22,119.9,13.86
e2747b7f8ef2d891fc5c127dc44c68b5,1,c56400aa5823575d5a92a8f98077490a,7c67e1448b00f6e969d365cea6b010ab,2017-08-08 22:55:19,142.99,18.72
e28b309a54ca704f4ef3c6fa95da3fb5,1,190d9562bfbe9d3ed876c2ac6f2f5894,0ac4201fda2c68ebc0e47cb9423cf3c9,2017-06-26 08:30:20,39.99,15.79
e2af4ae300d48b96b78846e01a26c034,1,3fc5135bc733379e511defc64c61738d,72146da5774cabf2632faedcae097a76,2018-03-14 02:30:50,69.99,18.37
e2b99663c1c172f743e86cd9b29b96fc,1,1cc61b32763a4d816212b3507b6b6c59,527801b552d0077ffd170872eb49683b,2018-05-03 03:51:42,524.9,60.22
e2bdd50123225ac6e08ff517b00fd06c,1,1020b67af447026e34fadc5a08f786b1,7142540dd4c91e2237acb7e911c4eba2,2018-04-05 23:10:15,429.9,25.59
e2cdcd4c94e29518c33449c5afe27583,1,dfec64aac9b864b2807a7be33222b75f,1e8b33f18b4f7598d87f5cbee2282cc2,2018-08-22 19:50:11,84.9,16.78
e2d21f16357e9da293db665a9d8a646e,1,2136c70bbe723d338fab53da3c03e6dc,6560211a19b47992c3666cc44a7e94c0,2017-08-22 14:55:22,29.0,7.78
e2f9342700902ec06e33f82cf4d279d8,1,44ce1d7bd584edde67a1d743349829f2,41b39e28db005d9731d9d485a83b4c38,2017-03-21 08:50:18,129.9,17.13
e326a262b6e44dcbb1df6b74f9aea574,1,ffaaddefb271481c66d4bd79844ecdae,813348c996469b40f2e028d5429d3495,2017-10-31 13:06:25,13.31,8.72
e352178ae3b81e3d7d67ee7edd973a43,1,bd6e6fce9ada76ea2db0f1912e8e478f,1835b56ce799e6a4dc4eddc053f04066,2017-10-05 02:54:17,56.99,12.74
e35528176e3374bcb21842931b5a3e8a,1,e8316a4667e5870c85e906b1f062bde1,7c67e1448b00f6e969d365cea6b010ab,2017-12-18 02:35:46,78.99,39.82
e36361f00e1c093432050d4a52860c8f,1,2423252b2432f1803e4f29e0974c6cf7,48436dade18ac8b2bce089ec2a041202,2017-10-05 09:24:37,139.9,18.23
e36821475008c5656ee16e2433f91133,1,93c902b021a9e594f658ab1b0351602a,2e90cb1677d35cfe24eef47d441b7c87,2017-12-04 00:38:42,88.9,18.86
e3770527e77ed1a6d8b5992c286dc4ea,1,b1d207586fca400a2370d50a9ba1da98,1ca7077d890b907f89be8c954a02686a,2018-01-03 21:07:05,149.0,8.3
e387acf12982c1b307ea89d69c292345,1,fdd6cd13962a20732851bc7cefd37549,e21a1e8be4715b0fcfd5385643bc49c4,2017-06-08 13:05:37,49.9,25.63
e3e1d2fe1c3f816ace8a772a4dff8a1d,1,2a2d22ae30e026f1893083c8405ca522,1a3df491d1c4f1589fc2b934ada68bf2,2018-01-19 16:48:34,148.9,17.69
e40ab8f901bb919f04246d31ab76970c,1,6bd248f93425ceeb625a8a97e2404112,dbc22125167c298ef99da25668e1011f,2018-01-08 17:50:26,59.9,10.65
e40ab8f901bb919f04246d31ab76970c,2,fb55982be901439613a95940feefd9ee,3d871de0142ce09b7081e2b9d1733cb1,2018-01-08 17:50:26,79.0,21.3
e41c6da781772f030e857c2b427a917a,1,bb50f2e236e5eea0100680137654686c,f7ba60f8c3f99e7ee4042fdef03b70c4,2018-05-14 15:31:47,330.0,10.07
e44bc38d6b4a533a8bdf31db140f2d01,1,3a221f8b6066d77649602c0ea9ec8922,23a0ffca143a15b9b5bbdb7d552f626a,2018-07-10 07:51:20,920.0,84.52
e460c3e09735ad9e71e6e6b84d5cd085,1,2ef3d8599453e1d96a0adc55fa90ba91,fa1a9dec3a9940c072684a46728bf1fc,2017-12-04 03:24:41,99.9,18.27
e4792daf8d9ddb74de6985c5d6980409,1,b03f486273ee4263286c00383ef34f37,656591be56071d4c9ef4e5fee78a578a,2017-05-08 23:32:29,95.0,34.04
e49a1046c2917c7dd73d6f9ae9a94afb,1,8296481ad888f93f5dafcd25d65b09b8,a5cba26a62b8b4d0145b68b841e62e7f,2017-10-30 21:28:26,427.0,45.02
e49e382e440b76f65be6ce311948835c,1,fdad06d08341796c0a7975fcaaba7a2e,b33aaadd1a8891d2dfef0c4c3bdf0371,2018-06-12 19:38:14,55.0,19.36
e49e382e440b76f65be6ce311948835c,2,fdad06d08341796c0a7975fcaaba7a2e,b33aaadd1a8891d2dfef0c4c3bdf0371,2018-06-12 19:38:14,55.0,19.36
e4a9d5a37203129914a3e9371fd5af07,1,52e5fdcb5e51164483d584c75bd3a478,92eb0f42c21942b6552362b9b114707d,2018-03-19 04:31:10,33.87,18.23
e4aac63ea6f6b75b6d91ead05207fb43,1,0105b5323d24fc655f73052694dbbb3a,2138ccb85b11a4ec1e37afbd1c8eda1f,2017-05-31 13:05:42,129.99,8.16
e4b40fda48f1528f2b88921fa069b2ac,1,0e2d365a247d105fefc31b17ab8706d9,289cdb325fb7e7f891c38608bf9e0962,2018-04-16 00:12:22,118.0,17.54
e4c2e14a7b74c353045f9b611e4e87f7,1,7bcc0cf24eb0ae336943a57e67f6ab82,7142540dd4c91e2237acb7e911c4eba2,2018-01-02 02:16:34,84.9,13.61
e4cbb88fcf9a02837b22b1f6f812a9ed,1,19ee3f358951bb4ffb50cfc4f3780449,ececbfcff9804a2d6b40f589df8eef2b,2018-07-31 11:04:25,84.5,22.52
e4d8efa70d39268e478a400cd60f6e05,1,5ab836116525006a1a417c5c24091e2f,dbc22125167c298ef99da25668e1011f,2018-03-08 14:30:48,75.4,13.55
e4fa46e65ad5c0c84cffc9dcd3176c66,1,146eb6d2e5e311d926d672b5b25d3f4a,392e0502231ae2f8b29994ef6398cd77,2018-03-08 13:55:35,109.9,21.26
e53550183258c1680dd24b5923d44e7e,1,820e8f306dc9ffcf6d0957516084cca1,7aa4334be125fcdd2ba64b3180029f14,2017-10-13 08:06:57,38.89,13.37
e55b46bf1f7b0739a890db6c07478c9e,1,b5425c2d45ee77117cf4c0305b97048d,ca3bd7cd9f149df75950150d010fe4a2,2017-04-20 13:25:08,18.25,10.53
e56eaa15f5d9c288f33592ab67c02692,1,73326828aa5efe1ba096223de496f596,d13e50eaa47b4cbe9eb81465865d8cfc,2018-08-12 22:44:33,82.49,8.74
e5733d96d53e3a8a13f59a0fe4c38d74,1,09b069a1846b0e666a398952c8ba1605,7e1fb0a3ebfb01ffb3a7dae98bf3238d,2018-04-12 15:50:07,168.0,22.89
e576bdc500f0c1c9a1b2a3ccce7000fb,1,e435ceb7ced9b8446defd858630454ed,620c87c171fb2a6dd6e8bb4dec959fc6,2017-12-28 13:16:26,27.75,25.63
e583169435fd3724212034fc16805ee0,1,f177b434709ecb652dbee4f4b19aef2f,d98eec89afa3380e14463da2aabaea72,2017-08-15 21:05:18,29.99,15.1
e5ab716f8e12b45fff646161c4c83ed0,1,740867136b4bf7605e36c5913b91eb99,9a03a4e9eb0b947652fae4f6121a3f5e,2018-03-22 15:49:39,187.0,13.75
e5b56ce7a1b3dd73d7425145a4319df5,1,0705b33fb285827a578fce4899f1b921,318f287a62ab7ac10b703ac37435a231,2018-04-27 03:31:32,22.5,13.43
e5c32f239371faa3bdade23da46b2921,1,75bc0bb91f61a5baa249e4db903eb504,082e0bf4cb865a6533b1e8e498cc0255,2017-12-14 14:19:29,71.3,20.99
e5c32f239371faa3bdade23da46b2921,2,75bc0bb91f61a5baa249e4db903eb504,082e0bf4cb865a6533b1e8e498cc0255,2017-12-14 14:19:29,71.3,20.99
e5d30ef739b1ed6f89f11ff5fd9e285a,1,c1d14f1a3879495b9df24a6c48880642,d06d019f72a04e5497a0b64190af170c,2018-05-11 08:32:01,76.99,16.51
e5da8f29d47b6f0f3ef8ab33a013a0b3,1,9bc7d25a36d620cf449cfdebe3de132f,01fdefa7697d26ad920e9e0346d4bd1b,2017-11-27 23:06:22,57.99,16.17
e5df40271cc99ceb080a6681f786bf7a,1,59f09deeea7c839a9212a19f3416b892,729f06993dac8e860d4f02d7088ca48a,2018-01-12 21:08:30,379.9,63.61
e5f0df20f3f036b329b93eb2fde29a61,1,9545d45c37449ccbc376de3a04c66e71,431af27f296bc6519d890aa5a05fdb11,2018-03-05 03:35:42,135.9,13.97
e601f404ef484e156f2242dc5ebd5554,1,9ecadb84c81da840dbf3564378b586e9,1025f0e2d44d7041d6cf58b6550e0bfa,2017-12-01 19:16:33,32.99,15.11
e601f404ef484e156f2242dc5ebd5554,2,9ecadb84c81da840dbf3564378b586e9,1025f0e2d44d7041d6cf58b6550e0bfa,2017-12-01 19:16:33,32.99,15.11
e601f404ef484e156f2242dc5ebd5554,3,9ecadb84c81da840dbf3564378b586e9,1025f0e2d44d7041d6cf58b6550e0bfa,2017-12-01 19:16:33,32.99,15.11
e60892b75a62acf30d28e0423f8ba80c,1,42f25a7251d847a86c1849731bf166ff,7178f9f4dd81dcef02f62acdf8151e01,2017-12-18 18:11:20,179.0,17.01
e62d530c9b5d79b0b222e5a4542d71be,1,641a45900528e8324c4848dda4e0a3fa,4830e40640734fc1c52cd21127c341d4,2018-06-13 15:39:08,25.99,7.44
e63b37ab1f91c70300e77e21b27ad11f,1,76914818a87f9b6b320e136e17e6ae06,cfa5ab0e4d3fc212fd0b3410e7081c62,2018-03-23 12:15:30,309.99,49.44
e64219e0a4f33d57e6dbb217dfa73564,1,e20be15ef3888b958c8a76a2f0edfc25,91f848e9f4be368f4318775aac733370,2017-07-17 20:05:15,34.99,11.85
e6657617ef1f4cc4cc2413cb0a6630ae,1,99a4788cb24856965c36a24e339b6058,4a3ca9315b744ce9f8e9374361493884,2018-02-07 03:13:28,86.9,16.24
e684d169c6ce5450a7cf6af58dfeb900,1,3db75f31b76375c502f64d550dcd1166,85d9eb9ddc5d00ca9336a2219c97bb13,2017-10-10 16:10:16,31.9,14.1
e6ac453a32e67906ab8b3f79608341c3,1,b3cd6ea8ef75cbcb2856861b31eb9bc0,966cb4760537b1404caedd472cc610a5,2018-05-10 10:30:20,599.99,12.55
e6b545944786339d4e5205e99554e8aa,1,083178fd17a5d863811733e46fc529ef,0be8ff43f22e456b4e0371b2245e4d01,2017-12-13 00:30:55,59.9,7.78
e6b62f5711fd308616f3db4e2061673c,1,53759a2ecddad2bb87a079a1f1519f73,1f50f920176fa81dab994f9023523100,2017-10-26 00:34:24,59.9,13.44
e6eea6fed0b356b11cf7e35f76320b03,1,2b4042dfabc3fe9d3f16951a8e1a3b70,3d8fa2f5b647373c8620330c4e077a9f,2018-08-14 12:30:15,69.99,8.29
e6eea6fed0b356b11cf7e35f76320b03,2,11dcc970f7a5581e1bf777b6da3f7096,06579cb253ecd5a3a12a9e6eb6bf8f47,2018-08-10 12:30:15,68.9,12.44
e6fad28cb7f01e461467af959930ae8a,1,29427de7f8a9ee983d9dbc51cec569b4,7a67c85e85bb2ce8582c35f2203ad736,2018-04-26 07:30:45,82.99,18.52
e6fd05b126cb5c89f360d14068a14e78,1,b95ce147ff20af1909bd69a2901e39b2,5c243662ce92d84573bfaff24c3e3700,2017-03-19 22:32:20,219.9,16.3
e706d614326b76f48f24d82f86c0b2ed,1,56d7faef0f7d847eea91b3302698bcc4,da8622b14eb17ae2831f4ac5b9dab84a,2017-02-22 17:12:12,219.9,16.65
e706d614326b76f48f24d82f86c0b2ed,2,56d7faef0f7d847eea91b3302698bcc4,da8622b14eb17ae2831f4ac5b9dab84a,2017-02-22 17:12:12,219.9,16.65
e747b099854432937d27178c640102bf,1,186fe07c8b8005ec6a498587ffbc1352,6560211a19b47992c3666cc44a7e94c0,2017-10-04 03:34:20,29.0,7.78
e78008ab9ec891077c0b9e1bb4cc9f29,1,99903e1e018dd80869032e7e79802059,2c9e548be18521d1c43cde1c582c6de8,2017-10-23 03:45:47,14.99,8.72
e7b2fd1afe0ea1687d1766b2b4f2d197,1,f95d9369ebf76f811194c72bd22ff244,c31eff8334d6b3047ed34bebd4d62c36,2018-05-21 14:51:20,129.9,18.09
e80d57705140f5094ac949c1c982fe70,1,0368744ea61d6163219e3bcbbbac3680,a416b6a846a11724393025641d4edd5e,2017-07-27 15:23:17,209.89,18.72
e82c65a674b5f012420311da34ece20c,1,f6ce2f79a280fa3c1ddc114d34ab273d,4e7c18b98d84e05cbae3ff0ff03846c2,2017-11-03 00:28:09,68.0,18.0
e893f8f38397c526df32b5b1add8fda5,1,d285360f29ac7fd97640bf0baef03de0,7d13fca15225358621be4086e1eb0964,2018-05-14 20:54:58,278.0,14.39
e8aa9a21409da6ead91fa2b68f7408b8,1,92144cc00a16129494387f172aa54198,6b243f80ed07b10f0e8aa0f21a205f3c,2018-05-23 10:31:22,124.9,11.97
e8c8d04eb8aefee37534cee9af6cefa9,1,b99e4f4fa3f421e0ffbd512d9f152dec,128639473a139ac0f3e5f5ade55873a5,2018-03-05 11:55:31,19.9,12.48
e8ea9d1180aed78c71b3a9361bcdb9cb,1,30ac6df06dc59ad72cf2f158fc2d904c,0dd184061fb0eaa7ca37932c68ab91c5,2018-03-15 23:55:30,120.0,34.83
e90e7c747cb478cb9b973c929c0994e5,1,06649da52cbfbb4e9b6cfc332d56c119,ce248b21cb2adc36282ede306b7660e5,2018-06-14 15:54:21,79.9,18.44
e91a3bc14b8d125d82f0334371c39926,1,2715967684d6991f7501693bfe08c08b,0eaa7e33d73809f1f925f7d07c506cbd,2018-08-29 17:10:27,45.0,8.48
e9412fef2accbb245c4232829673c90c,1,632fe3d92c45b5c83f4102fadd94ee92,0dd184061fb0eaa7ca37932c68ab91c5,2018-02-27 12:27:59,138.0,14.57
e9435c6647559b99f3fd1fb54fb566eb,1,ef0e165d773ec293c5aeb5470a08b183,7ddcbb64b5bc1ef36ca8c151f6ec77df,2017-08-15 19:43:40,134.99,19.48
e94de4ac53c1d7b914bf6cdb13fd9ce0,1,cac9e5692471a0700418aa3400b9b2b1,7ea5bfa6c340f58f8e71fc1f0412b0d6,2018-05-04 19:31:43,99.49,8.81
e94de4ac53c1d7b914bf6cdb13fd9ce0,2,cac9e5692471a0700418aa3400b9b2b1,7ea5bfa6c340f58f8e71fc1f0412b0d6,2018-05-04 19:31:43,99.49,8.81
e9541359c8913cd9c5a99703b92f84fc,1,03826ede2cac52b3011b58cfd58c84f9,32b8764b4ef628b53608fc34011fcc13,2018-04-26 17:31:10,119.0,50.9
e99d985e66dc0f62859946b86b5beaff,1,381f27465b52fd5f9fe3b668e53c1eb7,9674754b5a0cb32b638cec001178f799,2017-08-10 18:03:28,38.0,9.34
e9cd104dfc8837e084c067292c013b0a,1,0a6cf067b01351046739940c8cb7f60f,25e6ffe976bd75618accfe16cefcbd0d,2017-01-30 21:33:43,36.75,10.96
ea4379fe06f33b88de9ffd4fcdddd6ba,1,b1d207586fca400a2370d50a9ba1da98,1ca7077d890b907f89be8c954a02686a,2018-01-09 04:12:37,149.0,8.3
ea452bd7da485c9376c3112226d21b25,1,ec2d43cc59763ec91694573b31f1c29a,1c129092bf23f28a5930387c980c0dfc,2018-02-21 10:35:32,45.9,9.34
ea452bd7da485c9376c3112226d21b25,2,ec2d43cc59763ec91694573b31f1c29a,1c129092bf23f28a5930387c980c0dfc,2018-02-21 10:35:32,45.9,9.34
ea452bd7da485c9376c3112226d21b25,3,ec2d43cc59763ec91694573b31f1c29a,1c129092bf23f28a5930387c980c0dfc,2018-02-21 10:35:32,45.9,9.34
ea452bd7da485c9376c3112226d21b25,4,ec2d43cc59763ec91694573b31f1c29a,1c129092bf23f28a5930387c980c0dfc,2018-02-21 10:35:32,45.9,9.34
ea452bd7da485c9376c3112226d21b25,5,ec2d43cc59763ec91694573b31f1c29a,1c129092bf23f28a5930387c980c0dfc,2018-02-21 10:35:32,45.9,9.34
ea63d003e45a23a57429b135d4595111,1,44dcb08478450d530b70de0c5c7c5f4a,b6e1504972665f739dec4facb9943775,2017-11-13 04:31:40,103.9,12.43
ea72383cf738914448322568a400d37c,1,5a848e4ab52fd5445cdc07aab1c40e48,c826c40d7b19f62a09e2d7c5e7295ee2,2018-02-21 03:11:05,122.99,9.06
ea884b5a25f86e605e1750bd936e0122,1,88e84a987b4681434dedc0bc9e00826b,0dd184061fb0eaa7ca37932c68ab91c5,2018-05-17 03:37:43,110.0,43.35
ea884b5a25f86e605e1750bd936e0122,2,88e84a987b4681434dedc0bc9e00826b,0dd184061fb0eaa7ca37932c68ab91c5,2018-05-17 03:37:43,110.0,43.35
ea884b5a25f86e605e1750bd936e0122,3,88e84a987b4681434dedc0bc9e00826b,0dd184061fb0eaa7ca37932c68ab91c5,2018-05-17 03:37:43,110.0,43.35
ea88ef80cceb79ad79ed25ed33d0b7d9,1,b3716b1e3576d3f2f246139d80c67d6a,4a3ca9315b744ce9f8e9374361493884,2018-05-15 10:57:05,41.8,12.79
eaa862b99d06a963cff6699021d83f09,1,aa8d88eb4b9cb38894e33fa624c4287f,6560211a19b47992c3666cc44a7e94c0,2018-06-26 00:30:45,55.0,7.65
eaad68bfbcd87a733cc317cf18af4bd2,1,19ac4a7de40be5bd72347162024983f2,e5a3438891c0bfdb9394643f95273d8e,2018-01-18 11:49:19,30.1,8.11
eabb26aeb1ce1147b26952c40f719f0f,1,7cb5b984262835ef46a1ed83d04d0d44,e9779976487b77c6d4ac45f75ec7afe9,2017-12-06 18:50:51,45.0,9.27
eabfb81cf01d772d65405ff27c793ddb,1,6cdd53843498f92890544667809f1595,ccc4bbb5f32a6ab2b7066a4130f114e3,2017-01-30 16:57:22,349.9,24.38
eaf654ecfd0270019b5a997aad141e80,1,8be155e42d9bde2616787ea27963ca71,25e6ffe976bd75618accfe16cefcbd0d,2017-08-17 19:15:16,15.0,14.1
eafa53108733896f6f18e2f8daca6f37,1,7bb6d6699f4f2ff3315e4df8419d4584,b2ba3715d723d245138f291a6fe42594,2018-08-08 22:45:11,159.9,15.43
eb0aa3dd66fc926068964d23504f8426,1,4afba85a48ad3d91d79215ba93ddb023,0be8ff43f22e456b4e0371b2245e4d01,2018-07-06 20:10:19,24.9,8.18
eb0aa3dd66fc926068964d23504f8426,2,b7c82520f8817fc72f7f5ac962035260,0be8ff43f22e456b4e0371b2245e4d01,2018-07-06 20:10:19,24.9,8.17
eb55f59a44f8ca8558eb570394b598da,1,44b4230f8020e880f0a7d9113a2af369,60562ab00b8054280520d390c8c0045c,2018-07-02 21:50:37,256.0,24.59
eb6c151662d92e0f9c6b1c3f30122348,1,801f0a5ea1ac28df44d65195cf4e2620,834f8533b2ecb6598dd004ff3de7203a,2018-01-03 15:39:25,77.7,11.75
eb994ff501ea0ee354f36776225f3fb5,1,a02d0123079f4ae96001ba2010d1a2df,1025f0e2d44d7041d6cf58b6550e0bfa,2017-08-11 13:04:21,360.0,41.45
eba1872af76af0cd06f3a63bdef90a37,1,e6659901062c8258ead0161dec94ec0e,1025f0e2d44d7041d6cf58b6550e0bfa,2018-08-07 04:10:17,67.0,18.27
ebb2e4c3a4ed0d36a88cb8656e6a113d,1,cfebc59cb2b67aa6a8c005c53c875616,41b39e28db005d9731d9d485a83b4c38,2018-01-04 02:22:12,184.9,41.28
ebc94658c583ab37ad4f8e9091c4bef2,1,fbb4594a7d9aff5d02ae898ee494b935,276677b5d08786d5dce7c2149dcce48b,2018-04-30 18:04:31,54.9,9.26
ebca4856d6b3b849437fe99d11633d25,1,ec268f069320a08af47861967e4d7bee,3fd1e727ba94cfe122d165e176ce7967,2018-04-05 22:10:32,114.9,23.73
ebf908ba5d7c097d2839701fb3366412,1,3dd2a17168ec895c781a9191c1e95ad7,de722cd6dad950a92b7d4f82673f8833,2018-05-09 03:35:10,149.9,25.18
ec02fec9423ae39b2f91ff964bdfd87c,1,727a46f0b58a9ef165af9f7ebcfebfa9,e9779976487b77c6d4ac45f75ec7afe9,2018-05-24 23:31:18,19.49,7.87
ec5073f5584f047f32a6375d38a66f9e,1,820e8f306dc9ffcf6d0957516084cca1,7aa4334be125fcdd2ba64b3180029f14,2017-11-03 18:44:51,38.89,17.6
ec5a5d1ef3b5144148279ec0141de946,1,62d8daeee0db3a60c234c2d1bfd10651,d2374cbcbb3ca4ab1086534108cc3ab7,2018-06-21 15:31:36,30.9,12.88
ec72b3cb886591a30fe474f7474720c8,1,4a5b6d3c24ac5f9eb93d07463ef04dba,cb3dd9ce66268c7a3ca7241ac70ab58c,2017-02-18 15:12:14,58.7,8.72
ec88ef2191b5e44c70cd7fc05d9b5e95,1,e7cc48a9daff5436f63d3aad9426f28b,53243585a1d6dc2643021fd1853d8905,2018-08-06 20:04:09,170.0,39.46
ec8e9a10b613682c45e614fd392bb666,1,76ad24d8518857df0f3dc45b2f5faf2d,44073f8b7e41514de3b7815dd0237f4f,2017-05-19 11:10:18,64.0,20.9
ecc5a7a6cd9df305db7d2781708d6599,1,7f8b42a3cbe617b6112e0623f0d32fa2,c878515173c84a492ebe50d6b493230b,2017-03-20 14:28:41,189.0,23.61
ed04a2b3c21cbcd90c2071a22a8cbda2,1,7745fa765a4fbc559058c4ad0e5485aa,e5a3438891c0bfdb9394643f95273d8e,2018-04-13 20:29:56,34.3,18.23
ed0b6f8c8617370e53735a5d963bb5b6,1,1269d60fc5efbcf03e7eea49213091c6,4200ddf1967c5e41e48db62bc6d4b5ac,2017-09-22 19:05:23,16.9,5.18
ed0b6f8c8617370e53735a5d963bb5b6,2,55363f487ca324087a49ddfcfb91b971,4200ddf1967c5e41e48db62bc6d4b5ac,2017-09-22 19:05:23,16.9,5.19
ed0b6f8c8617370e53735a5d963bb5b6,3,7b49e585ac8c80b14c9b2815d4db465f,4200ddf1967c5e41e48db62bc6d4b5ac,2017-09-22 19:05:23,16.9,10.38
ed0b6f8c8617370e53735a5d963bb5b6,4,7b49e585ac8c80b14c9b2815d4db465f,4200ddf1967c5e41e48db62bc6d4b5ac,2017-09-22 19:05:23,16.9,10.38
ed212234a6a31d41245df34b141e1830,1,33f17ed3c6906f7a7ae17a0843536db4,ea8482cd71df3c1969d7b9473ff13abc,2017-11-23 13:10:54,27.99,7.78
ed36a885373249eb36b298e9907b5ac3,1,86b22a03cb72239dd53996a67df35c63,001cca7ae9ae17fb1caed9dfb1094831,2017-11-30 10:59:26,99.0,38.53
ed5c580433cad6ca57016a2c8a3f4d60,1,53c2dce98e95822ca42cb5cac7352d8c,aac29b1b99776be73c3049939652091d,2017-05-11 02:23:07,69.0,26.95
ed75cc8989121918832e0dcd3de3b3a7,1,ad52cb93ae060c9bdd776831a915e94d,2f09f7d37a97956d11cc1a7cadd5262b,2017-08-17 02:45:40,65.0,18.3
ed75cc8989121918832e0dcd3de3b3a7,2,c6aeb159daefcd63e4caed10bf47ef0b,dd533b429f380718b70ad9922c294bae,2017-08-17 02:45:40,179.9,27.45
ed836a8fccba401754e0b283c9b32f09,1,ab169b33d13e5041b9b9d4a2fafce9d9,ea8482cd71df3c1969d7b9473ff13abc,2017-11-17 17:30:34,24.99,14.1
ed83f6065ae47112c8cfbd22e231b6d8,1,bcb4f6803e8889a70dc5ed14c2f5f785,897060da8b9a21f655304d50fd935913,2016-10-12 13:24:51,64.8,11.13
ed90ba41c41da31da8e891ff43a584d1,1,9d86a51639004c70d7b6037f43ecc070,f67efa3f0b6761102a7f8c6b7b571f5d,2016-10-11 15:59:10,139.99,16.23
edc0fe108d350a1a98a62888287bc6f2,1,36f60d45225e60c7da4558b070ce4b60,88460e8ebdecbfecb5f9601833981930,2018-02-16 17:47:57,67.9,12.61
edce2b8ca0cd95e95e9fdd2367beb2e3,1,781afe929e3016a667f5f439afd55fce,08633c14ef2db992c11f840f04fad4cd,2018-03-05 03:32:32,106.9,17.19
eddf1b58726e1b53c010f681422195fc,1,76de7235ba0ddd12de1d998e1a5a1722,6c177e38df6d3f34182b1f1d427231bf,2017-08-14 15:30:17,80.0,16.0
ee0ceef4f6b0b57613eedaf1568bff02,1,b7514da5a1afd83af30e0a524b561d3a,5a8e7d5003a1f221f9e1d6e411de7c23,2017-09-28 11:55:23,59.9,9.74
ee0ceef4f6b0b57613eedaf1568bff02,2,b7514da5a1afd83af30e0a524b561d3a,5a8e7d5003a1f221f9e1d6e411de7c23,2017-09-28 11:55:23,59.9,9.74
ee0ceef4f6b0b57613eedaf1568bff02,3,b7514da5a1afd83af30e0a524b561d3a,5a8e7d5003a1f221f9e1d6e411de7c23,2017-09-28 11:55:23,59.9,9.74
ee21a244d02c03d23adaa14fe3049b88,1,26a4f62a409a78816adb31e0d729a163,b45d7ebfb7378630f1bcd74b6ff86ff7,2017-10-13 15:35:15,299.9,22.01
ee6059ea51c2fe6fa582bfee8d1a725e,1,71540d636652fc682032d3b3c0a180c1,213b25e6f54661939f11710a6fddb871,2018-07-25 00:24:01,119.85,15.15
eeb03bd554e175a6c6ae5cdc2e86d841,1,ffd4bf4306745865e5692f69bd237893,d98eec89afa3380e14463da2aabaea72,2017-10-13 18:30:36,29.99,12.48
eed0820e183311e6ae0d016436318b19,1,758acc685222455688ff4b46d5f5dfd6,4e7c18b98d84e05cbae3ff0ff03846c2,2017-02-13 21:43:32,178.0,22.16
ef02392a4753ae9d3777f16b5feca9c7,1,72d68b642dd7c1a360b571d247989e25,16090f2ca825584b5a147ab24aa30c86,2017-09-19 03:36:19,295.49,16.82
ef0bfeea98c53b5b6fc4d39a7eeae081,1,41ca153cf03e7b597a7b872ac78cad69,ea8482cd71df3c1969d7b9473ff13abc,2018-03-27 20:28:35,24.99,7.39
ef21cb9d3fa728f51493d679143b7834,1,ef8856db4e302ad33dc4d91e40f7593c,dbc22125167c298ef99da25668e1011f,2017-12-06 13:31:28,94.9,14.39
ef2ecde1a76f9bcc15c632e7970aca8d,1,d48bacc1dcd9c86bf1ed4ed2a303336c,406822777a0b9eb5c50e442dd4cd3ec5,2018-07-11 18:45:13,49.0,14.65
ef519547cb72d3ac42ff707948fdb963,1,7724d1e2711ecb5f0b7678257e1a1cc6,7ad32824caee82087b3e2e5f33b1bf32,2018-04-06 18:09:53,299.0,19.97
ef61fdf80c9616f588668f63379461bf,1,a0253d43394dd4da9a5d7b1f546f1a32,48162d548f5b1b11b9d29d1e01f75a61,2018-01-17 19:45:31,208.0,17.22
ef99f25a4dd935f92a388af905f868d1,1,22c5ddc22ea8cae84fc9917def682dc6,cc419e0650a3c5ba77189a1882b7556a,2017-11-10 20:46:01,56.99,14.15
efacca5eaae8bd32666ea169089f3e59,1,84b07ca699022a5dde105eddb4aac42c,44073f8b7e41514de3b7815dd0237f4f,2017-05-02 20:05:16,166.0,21.48
efba1a196f39b8f3451fa4a5804928e0,1,12b2d0d0afbc40130f01e2f2f591444c,213b25e6f54661939f11710a6fddb871,2018-06-15 13:31:59,79.9,19.53
f00c74caaa25430b1fa361c158e8996a,1,fb10a064e6f5151ebfffc589e166c917,20b54c376b794ed028df09a3cd88e8dc,2018-05-15 19:35:32,137.2,25.09
f01221bdbf37c9c792b4cc3e78dc5dc8,1,bb50f2e236e5eea0100680137654686c,f7ba60f8c3f99e7ee4042fdef03b70c4,2018-08-23 16:30:43,330.0,20.41
f05357e2049ed23ef3cd55f90ab5f714,1,a9b9032e79635ad9618808cfdd644c77,0be8ff43f22e456b4e0371b2245e4d01,2017-10-17 15:30:05,24.9,15.1
f05357e2049ed23ef3cd55f90ab5f714,2,a9b9032e79635ad9618808cfdd644c77,0be8ff43f22e456b4e0371b2245e4d01,2017-10-17 15:30:05,24.9,15.1
f05357e2049ed23ef3cd55f90ab5f714,3,a9b9032e79635ad9618808cfdd644c77,0be8ff43f22e456b4e0371b2245e4d01,2017-10-17 15:30:05,24.9,15.1
f0a35c83ab3251347b674f0f3e0d01f1,1,c47d256557f7fa30144ecea5722eebc2,3d871de0142ce09b7081e2b9d1733cb1,2017-08-21 11:55:21,89.0,17.84
f0b3358d0acb067d9c09d3fb376a5e0d,1,39aa98469aa7460a9764311b3f8efb12,391fc6631aebcf3004804e51b40bcf1e,2018-01-11 13:49:26,45.95,11.85
f0b3358d0acb067d9c09d3fb376a5e0d,2,06edb72f1e0c64b14c5b79353f7abea3,391fc6631aebcf3004804e51b40bcf1e,2018-01-11 13:49:26,39.99,11.85
f0b47dadd5f372c41ae2cab6c72877da,1,a9e0a3a894f4bf7844830c090853c3e1,8b321bb669392f5163d04c59e235e066,2018-05-14 04:54:53,15.9,7.39
f0b47dadd5f372c41ae2cab6c72877da,2,a9e0a3a894f4bf7844830c090853c3e1,8b321bb669392f5163d04c59e235e066,2018-05-14 04:54:53,15.9,7.39
f0c8fa435e06ab4c026e78d690a6948d,1,9fc98e39f04be8e382d8aa5e259f5489,d2374cbcbb3ca4ab1086534108cc3ab7,2017-10-19 15:56:08,44.9,16.86
f0c8fa435e06ab4c026e78d690a6948d,2,c403e106353e1aa40efe783ecb39ed7a,d2374cbcbb3ca4ab1086534108cc3ab7,2017-10-19 15:56:08,38.9,16.85
f0d7cf07c69af0fc5220aa73b44efa81,1,9007d9a8a0d332c61d9dd611fa341f4b,2c9e548be18521d1c43cde1c582c6de8,2017-12-22 11:31:27,7.9,8.72
f0d7cf07c69af0fc5220aa73b44efa81,2,9007d9a8a0d332c61d9dd611fa341f4b,2c9e548be18521d1c43cde1c582c6de8,2017-12-22 11:31:27,7.9,8.72
f0dabde4fd77bc24990f7107e4c46474,1,0603179793e4bf68b9dbdb4ba238a3b7,8a432f4e5b471f8da497d7dc517666e2,2018-08-07 17:30:52,59.0,14.72
f0df1737153829ba66d5269909e929a9,1,dab2413ead0edda9967edbc9bda2a64e,ea8482cd71df3c1969d7b9473ff13abc,2018-02-13 23:35:39,29.98,14.1
f0ef4a7e953d49418b658852e46ae239,1,ea0342e49437a3633a3a35c326aa1e46,7ad32824caee82087b3e2e5f33b1bf32,2018-08-10 19:15:15,89.0,14.93
f0efbfe7e1091577a93ddcf0d02e6119,1,60567eaf5cdf794639e94508ec387a82,f4db9b37944bcb8873e6b456ee190bbf,2017-07-20 12:05:14,169.99,26.03
f10d89887008fbf26e4ac9027716360f,1,9fe0fae81aacd72bbec601b9ceb9c25e,17e34d8224d27a541263c4c64b11a56b,2017-07-24 02:03:48,10.16,15.1
f14cabd169ba0d0ecb7433e55c72aca2,1,5a57a59c44429be19e1ce8e69e15c473,729f06993dac8e860d4f02d7088ca48a,2018-06-11 14:35:15,120.0,47.67
f162504b437717036cc81bdd9a02c4ba,1,74104f4d2a450d95d04f0bed142b082c,53e4c6e0f4312d4d2107a8c9cddf45cd,2018-08-23 14:55:10,179.0,27.99
f16290559c863b848c56bd040fe3831c,1,2052b3c5e08893e567c2fb7778476c75,be8e909810184b9b19e886129149d8e5,2018-02-23 10:27:27,44.99,16.11
f186d03d544280e8b47474d4ca836ac5,1,7a6aebc4c1205818e64f9275475a73e9,8bd0f31cf0a614c658f6763bd02dea69,2017-05-18 15:45:41,199.99,37.49
f186d03d544280e8b47474d4ca836ac5,2,7a6aebc4c1205818e64f9275475a73e9,8bd0f31cf0a614c658f6763bd02dea69,2017-05-18 15:45:41,199.99,37.49
f18c6aa6a5d583e8ec36beaabb81d9a0,1,d1833b7b959fa2d25e6d970bda08f59e,45213867cefbf2cd4c6177e10216a951,2017-03-23 11:37:13,322.75,40.89
f199cd14cb3f15b4b30dd5b94dcb7cc1,1,3385a47f5a1309eb44c03904a027faf2,7a67c85e85bb2ce8582c35f2203ad736,2017-05-18 13:11:02,219.99,21.94
f1a96431843abf74cfdda6b6307971fa,1,91b08d34d0ba4db44da2dc382867ba49,b76dba6c951ab00dc4edf0a1aa88037e,2017-04-09 22:50:17,10.99,10.96
f1c86903d3391692abff1d2cbdb642ad,1,356260965b761056864ff939baeb4b22,dd7ddc04e1b6c2c614352b383efe2d36,2018-05-11 18:50:13,39.99,11.15
f1d18fb87d755ecddcf4c37e141aa4f0,1,b532349fe46b38fbc7bb3914c1bdae07,1025f0e2d44d7041d6cf58b6550e0bfa,2018-07-11 11:31:58,35.0,38.52
f1f707a756579d773b3c1a28d213e85e,1,4310ea4cadd7d41398ba376aa7383f82,6338ea67c41078a46ad99cc009654956,2017-07-25 20:45:18,60.09,17.99
f204f70875d6c6b3ef8858487847fec4,1,382c2f734ff9d09b3cc73d86f618dbd6,391fc6631aebcf3004804e51b40bcf1e,2017-06-08 17:05:09,98.7,21.18
f205336be829af209878b6339cf02c7e,1,33ec1056063990a554e2e2cd85219de5,cca3071e3e9bb7d12640c9fbe2301306,2016-10-21 16:33:59,59.9,14.69
f20ad794a21ea34c982e74ec18f7aaec,1,d8de812ed5d981fc6a3984f4caa2aa05,54a1852d1b8f10312c55e906355666ee,2018-02-15 02:09:08,59.99,15.18
f2194f10572bc6bfabc99465a6d3f55d,1,62d8daeee0db3a60c234c2d1bfd10651,d2374cbcbb3ca4ab1086534108cc3ab7,2018-04-12 03:10:30,30.9,12.79
f2793cd4b64bd3a177d4a367a3cf40bd,1,5cb27eb7202ae6c53809618eb8549007,bacb1f0ed56ad24198f5810d2b3fe9a5,2017-07-03 04:23:11,113.9,18.05
f280a33d2c98180e655aaca0e9b48cfe,1,fe6a9515d655fa7936b8a7c841039f34,dc317f341ab0e22f39acbd9dbf9b4a1f,2017-08-03 02:23:25,249.9,69.21
f28e549e51f383974493cf9dbdce5d46,1,e2c3ed9aaddfd2312a6a5fe9b3ddadd3,46dc3b2cc0980fb8ec44634e21d2718e,2017-10-18 16:28:43,94.99,17.1
f2ff6d86273f7dcc14a4ce28d03b3b12,1,7ce94ab189134e2d3c05f496d635419c,8b321bb669392f5163d04c59e235e066,2018-03-27 13:48:15,13.65,7.39
f31100a2f631a83441d0fcd3de9bb098,1,2fea0f2cec6b6324a277d4a61c2ed2c6,beadbee30901a7f61d031b6b686095ad,2018-06-26 19:39:58,35.0,18.35
f313336cf2b038a3ef433d8e48aec4d5,1,6e6bc9eb53618579e6184f84ae04dba9,c70c1b0d8ca86052f45a432a38b73958,2018-05-24 03:12:54,110.32,7.64
f313be47c42e07616027ad6d6ac3034c,1,e3ffa5b25f4a372e7ccf597b6ceb6c90,5a8e7d5003a1f221f9e1d6e411de7c23,2017-01-16 13:11:45,59.9,14.59
f31dd475a9e762d3b7b023b77d03a8e1,1,2b4609f8948be18874494203496bc318,cc419e0650a3c5ba77189a1882b7556a,2017-05-15 19:10:06,89.99,10.96
f32506d911d029d9aa31e074798f2c2f,1,293ee8ac0a45f559cdeba37b938fdb66,4a3ca9315b744ce9f8e9374361493884,2017-11-03 20:05:48,55.6,12.73
f387eb734dc3346d68ecfdaf4f0ab0ee,1,621dce691c2ff3f99e21c21057ddc0ba,6fd52c528dcb38be2eea044946b811f8,2018-04-16 15:29:51,129.89,9.26
f391902a7436d24842c938f2e5b1bc34,1,47a3fbd41bb53db64dacc4562ba3aa52,cce6ab8d1682639fe45ab70234f1665f,2017-08-28 02:05:19,40.0,16.6
f396e1280028fa9c8c83111abee5f2e9,1,6cdd53843498f92890544667809f1595,ccc4bbb5f32a6ab2b7066a4130f114e3,2018-07-19 04:31:53,364.0,36.9
f396e1280028fa9c8c83111abee5f2e9,2,9b1954fdd0f9b4ef4ee2d267ac9de4bd,f7ba60f8c3f99e7ee4042fdef03b70c4,2018-07-20 04:31:53,53.0,1.48
f3b592ea0db671d3d1977e043d2a1b10,1,a4d44eb9f68b301db3a15c9a346f395c,bfd27a966d91cfaafdb25d076585f0da,2017-11-22 22:50:50,229.0,38.74
f3b7643e42ed973c3f506f7ba18a6723,1,8dcd68068a61eed3028761a74238dd1e,822166ed1e47908f7cfb49946d03c726,2017-09-14 17:04:32,59.99,14.01
f3c19ec2622d12aafeb4c32621b951b2,1,821a07e1e2a0382df1f3761ae3cd435c,da8622b14eb17ae2831f4ac5b9dab84a,2017-12-19 13:12:06,119.9,18.09
f3c973baad2d145cc17da5473621e0db,1,fbd4031ddbc3d02b95834b62769d3ad0,ce7d1888639e6fb06b2749cbfdac1ff7,2018-06-06 10:30:34,138.0,27.05
f4293a053b040f6515c5b48808a282be,1,c9d1849f97b6fe404378805a105d64ec,7722b1df1b0e383e000397b2c11e3e19,2017-12-04 20:56:58,89.9,15.39
f42d66ddca55a1f750b6797c4269cb30,1,6b80b94c131c21e8a80f8139fa458329,4e7c18b98d84e05cbae3ff0ff03846c2,2017-07-26 21:15:11,109.0,38.51
f44845a8eeec9bf829093ad92c846c09,1,d169836257fb54117a84c70913117d6f,17e34d8224d27a541263c4c64b11a56b,2018-07-23 13:50:22,39.45,22.21
f4644597165c84bebe72a057c53a0698,1,36efd30e7c14e8ed3a6557e9104112b3,96804ea39d96eb908e7c3afdb671bb9e,2017-10-23 19:35:13,49.95,25.63
f4644597165c84bebe72a057c53a0698,2,36efd30e7c14e8ed3a6557e9104112b3,96804ea39d96eb908e7c3afdb671bb9e,2017-10-23 19:35:13,49.95,25.63
f4644597165c84bebe72a057c53a0698,3,36efd30e7c14e8ed3a6557e9104112b3,96804ea39d96eb908e7c3afdb671bb9e,2017-10-23 19:35:13,49.95,25.63
f47e4063d6bc1a7b8ae44e93faa70fc1,1,580ac70ff46f836dcc769fa584f85273,6c177e38df6d3f34182b1f1d427231bf,2017-09-13 18:50:25,129.0,16.34
f4929b75acb29f2ae641fdf4848b8ec2,1,0d5837a2580f92e18e2d1b5f7fa70c2d,729f06993dac8e860d4f02d7088ca48a,2018-08-14 19:45:20,399.9,93.61
f495bbbd2a26c02d0518dec2f10251fe,1,67b0d38a61d8e4c1c1df7d56276302aa,0ea22c1cfbdc755f86b9b54b39c16043,2017-08-24 11:55:19,59.9,9.74
f4a0d0b492776bcd3baab5d1f826b131,1,fad9c24cf8c042a01ea0f381957f9ea5,7238f877570096ae403c51898fa64566,2018-06-06 15:59:02,400.0,11.16
f4cf1adfbef386f1559758ebe5db01b1,1,9c31382f02ac001fe1a33a466471d98c,08084d990eb3f53af056ccbc1730c8a7,2018-08-01 10:45:19,29.1,12.5
f5194ba2a4560ffa0e87746852c61fc1,1,644e4cb8dd45b65f85f267f66e551c94,3d871de0142ce09b7081e2b9d1733cb1,2017-12-13 09:50:07,19.9,11.85
f51c9940410ef77422e4efbca407c161,1,020a80cb704bf65f38761fcedf2af192,ef2fbc2b607d8492bcffe657a4645434,2018-08-22 03:30:17,49.9,19.54
f52ec1996d054ab03ddef4968ff41fa5,1,8aa87bc5f3053b4df2b05a2d3059790b,9aa388272ee334b6ae07bc73706e254a,2018-08-14 15:25:19,84.0,23.39
f53fa17609006c9c6669b5371ce08044,1,592ff96534d1910c18025cee34d5c8de,e9d99831abad74458942f21e16f33f92,2018-09-02 21:10:28,18.99,7.39
f545c6d66e2fa494386ccbdd3e6762cd,1,06edb72f1e0c64b14c5b79353f7abea3,391fc6631aebcf3004804e51b40bcf1e,2017-08-01 16:10:16,45.95,15.1
f55dcacbda42aa97458735683d9fbb76,1,2ff995aead9c63a1f37a07b3664ead37,8b9d6eec4a7eb7d0f9d579ce0b38324d,2018-08-09 15:10:23,74.99,44.33
f561e528dd0491e6fd42ba9b07958979,1,e09b95d6c02bf2a7831c8edc25c57843,59fb871bf6f4522a87ba567b42dafecf,2017-05-31 02:50:16,127.99,9.71
f589bd1ff18deb4e471366b1aa443c84,1,db7f3f42ccab32fa6328b3063b278bcc,7299e27ed73d2ad986de7f7c77d919fa,2017-11-02 22:46:03,38.0,15.1
f5bdbbff47c740c2cca90305841220a8,1,d1c427060a0f73f6b889a5c7c61f2ac4,a1043bafd471dff536d0c462352beb48,2018-02-20 14:08:23,149.0,40.37
f5d54f3d6cc2c7125dc1de8888ce8975,1,bfd4d65a528678737bcb523e5a3c5f58,d50d79cb34e38265a8649c383dcffd48,2017-01-24 19:18:03,105.99,15.85
f6284b20e702b2576ee9a3531fde571d,1,6edc9b56c4c39bdb01f497fa86554003,7299e27ed73d2ad986de7f7c77d919fa,2018-07-24 09:03:24,89.99,22.56
f6661fe3177a741fbfd91547b86a00e9,1,a12ece3f747b6aae747ca17176611aa2,e06f09ec0a4aca210779cf1cfc63cf19,2017-11-30 02:16:36,65.0,23.11
f68b600a2c44fc312a68d5dce8f95803,1,e8c389b93037dc27ba9eb2b1270ad55c,688756f717c462a206ad854c5027a64a,2018-04-20 14:31:23,55.0,26.94
f6ab013773ba1820dc3239e7388ab5f1,1,4907ffcd08e217fc8e169a8e9584abc4,25cf099de44674fde97473224f9d59ab,2018-02-02 02:42:26,15.0,15.1
f6b737b2892803a060990f8483c2f014,1,ae52eeb8383b94455f0a08b1f88ad002,8e6d7754bc7e0f22c96d255ebda59eba,2018-03-01 02:30:53,69.9,16.25
f6f4658567da4b739eacf70531b041df,1,35582ccc8dcd2cc9841d257c0506b641,4d6d651bd7684af3fffabd5f08d12e5a,2018-01-11 02:08:20,119.8,18.73
f6f5da11ef603df65572d4a9444e1030,1,07f40f14df320969f0bb8cfc5cff5d3b,0ebd97a106433a45a4aebe57c1799778,2017-09-13 18:50:18,129.9,14.66
f70a0aff17df5a6cdd9a7196128bd354,1,cafd558df4c3c9d1c338ba6930ea9a62,5dceca129747e92ff8ef7a997dc4f8ca,2017-08-17 02:45:24,279.0,34.19
f76887473f528c398659936663331251,1,67b0d38a61d8e4c1c1df7d56276302aa,0ea22c1cfbdc755f86b9b54b39c16043,2017-11-09 20:15:24,59.9,13.44
f77d6449700df86a91049fdf2bb2e7f5,1,990d135e28e075648cb7d83198fdccf4,d9bd94811c3338dceb4181f3dbc0c73e,2018-06-07 00:30:17,77.98,8.9
f77d6449700df86a91049fdf2bb2e7f5,2,990d135e28e075648cb7d83198fdccf4,d9bd94811c3338dceb4181f3dbc0c73e,2018-06-07 00:30:17,77.98,8.9
f77d6449700df86a91049fdf2bb2e7f5,3,990d135e28e075648cb7d83198fdccf4,d9bd94811c3338dceb4181f3dbc0c73e,2018-06-07 00:30:17,77.98,8.9
f77d6449700df86a91049fdf2bb2e7f5,4,990d135e28e075648cb7d83198fdccf4,d9bd94811c3338dceb4181f3dbc0c73e,2018-06-07 00:30:17,77.98,8.9
f77e96b95a568b64ae8fbf7a413c3c4e,1,74cee16411adfa1d4d9a343d75aa6177,1dfe5347016252a7884b694d4f10f5c4,2017-12-11 20:16:23,61.0,16.19
f791078f5bc7c09db8f76d26f0db4588,1,9b1954fdd0f9b4ef4ee2d267ac9de4bd,f7ba60f8c3f99e7ee4042fdef03b70c4,2018-01-26 13:54:58,53.0,17.65
f7a0b8c521ea81bf3536ad4ef99fd376,1,78f29023586e374cdc3773ce0af6bd2c,960945e1a9535cbc0cd6ddd35fbe7ae8,2018-08-28 10:24:05,130.0,13.21
f7a7709b479c021664777ee929ab3ee4,1,d982791b03ad95faaa03fc746ad04672,f08a5b9dd6767129688d001acafc21e5,2018-01-22 09:30:09,999.0,31.83
f7a8ec3f633e448f2e6a8e76622eeb9f,1,687578da8cc5f5b3da7d328a5aebadf7,c8b0e2b0a7095e5d8219575d5e7e1181,2018-08-16 11:44:12,145.99,27.97
f803879e0bfd93a6599c19a3f2b4b74b,1,1528d0673079ce2d79d29753b800d76e,01fdefa7697d26ad920e9e0346d4bd1b,2017-06-20 15:50:19,59.9,13.44
f80896ddec0878ff2475719a8784d53c,1,c7b8e643fca22f6d8ec5f4b76b72e65f,cb810bd318f51b3dc3c753944d61a1fa,2018-08-23 15:09:48,1750.0,39.02
f83c68e578bac1175f2406be22ffa402,1,0db4869ac8a908414823d44d742f5ba3,7c67e1448b00f6e969d365cea6b010ab,2018-03-23 11:10:33,192.99,133.81
f84c351f8ea512e04301c11470be273b,1,31a2f42a87890f87d77daebdfabc182e,4c03b9dd4c11ee2cb35c96c49efc9420,2017-07-21 15:05:07,149.0,18.29
f84cf1b66945f7dd5a8f3d20d06a875c,1,9749139e09929de55d37e68e64b89706,cbd996ad3c1b7dc71fd0e5f5df9087e2,2018-02-12 10:29:55,59.7,11.92
f86b96a15afabfbffbfe7fcad56b8ff9,1,6aa640325da3a535ae4266a0252105bc,6fd52c528dcb38be2eea044946b811f8,2018-02-27 12:40:29,58.67,8.72
f888aadfaf9861131a6b24882e4c5ee4,1,11fcf75cb0f15b4e28842db20b062850,d20b021d3efdf267a402c402a48ea64b,2017-07-13 18:30:12,79.99,13.58
f8b13ccfc06fd1baa3b0b9a9f1d368de,1,d5b703c271f43f9c588a6f512a00f77e,fa40cc5b934574b62717c68f3d678b6d,2017-02-19 13:47:09,34.9,14.52
f8b625b1a8ae63614f1c171fb18c7a49,1,b39f078aea47425a6a27417828a011a2,70a12e78e608ac31179aea7f8422044b,2017-11-27 18:34:22,220.0,16.29
f8dcf163964a98422b218dd41bd47a7a,1,620f37abb44d006ced91c81d81db0412,06e5eefc71ec47ae763c5c6f8db7064f,2018-06-13 01:30:28,289.98,19.91
f8dfc821045ffbcaa7a319a3320f7258,1,684083941cd33ec781a319a518f6ab96,f7720c4fa8e3aba4546301ab80ea1f1b,2017-06-22 11:45:36,18.95,10.51
f8dfc821045ffbcaa7a319a3320f7258,2,90f2ead613083f79ff1beeb9a0139aef,2be17df1c49978426251562096c3cc09,2017-06-22 11:45:36,59.0,42.06
f8f28698e5ebccf86845a38726e56ada,1,c8cfa622661e047ea2499f8bce4731a5,4b9750c8ad28220fe6702d4ecb7c898f,2018-05-23 13:06:35,134.9,14.3
f8f39c04af57100b2067941cddcb9376,1,23b3e6e0aafa806f323de78534212b67,f80edd2c5aaa505cc4b0a3b219abf4b8,2018-03-22 16:45:35,139.9,20.52
f91ebd94de8a3da272808b5187316a7a,1,b914a18d4547eff292fedeccc82faec6,7e93a43ef30c4f03f38b393420bc753a,2017-10-30 15:32:48,699.99,19.66
f92cfbd80ead6ae168b77674a374b196,1,87ac501420e10a4e559d1094f172eb63,0bfd0b434243adc5c2e1aa6baf19c6aa,2018-01-04 22:52:27,97.5,14.43
f974be4f3b9bbfd12587321f437e77b4,1,164979bae3a9db1859e725b3a793f4d2,1838dd9b8977065acf51d95e0053ea7a,2018-06-27 23:18:27,79.9,15.66
f97ceada945c2f47998a4005f87f475d,1,82c3ea364e5480f335f6743ee725a921,70a12e78e608ac31179aea7f8422044b,2018-02-09 12:27:16,49.0,15.1
f98a633c73840753516ca92e24128574,1,407bc2771e1ae0911576de1560d3adcc,1ce3ae5a399804d1a87e706f8a813c3e,2017-09-05 21:45:38,69.9,15.24
f9938fc84bc7f6ce7d868a41dace1777,1,64b99eed898c1b99a94d93cbf5873690,4a3ca9315b744ce9f8e9374361493884,2017-08-17 10:04:25,99.9,12.2
f99b507d95cd5bfaee408ab6cd51070d,1,3354a4e684f5e7199f9407db70ccd92b,7a67c85e85bb2ce8582c35f2203ad736,2018-08-14 03:15:17,85.99,11.62
f9a4431b06162517b2bc2fbaf8f9645a,1,60b84165fc418389757838f274b728e6,b19f3ca2ea475913750f25a5c37c8d8f,2018-06-11 11:15:16,69.9,40.0
f9a4431b06162517b2bc2fbaf8f9645a,2,2b25ef4ad1788c0699dff628cdbbfbd0,1f867308a0ce13133a4e639ff4de0c02,2018-06-11 11:15:16,27.5,14.0
f9a84fc50b50973cb20ce6494f8e7eb5,1,85fa36e792c259f4f0022c6966c50c1c,218f991754f360af9c2daa5e0b8e990c,2018-04-19 13:14:14,199.9,9.16
f9b7d4be1a26d7a0017957e6a6f26e01,1,cb81df0e3ccece253557f2a07df4727e,669ae81880e08f269a64487cfb287169,2018-04-16 03:35:27,45.0,18.23
f9b80bc225fe1efa4384db3fdb46c2e4,1,5f0bdec2fb222061ed8fe52586a5957d,92eb0f42c21942b6552362b9b114707d,2018-02-12 10:50:21,13.99,15.1
f9c47932f5342ee9c86d3492bc4e50f5,1,b623b7cb05ee3248fbe4a6ecbeed79a4,7aa4334be125fcdd2ba64b3180029f14,2017-12-14 02:36:41,70.97,17.75
f9d5bfb53147f381e81b89a848e26b16,1,d696750e550fd0f733979dd7e5dff921,9de4643a8dbde634fe55621059d92273,2017-06-09 14:25:19,167.99,27.72
f9f15e02ed74cf8a21b8266a55498942,1,2b4609f8948be18874494203496bc318,cc419e0650a3c5ba77189a1882b7556a,2017-10-22 22:56:20,89.99,22.95
f9f9db702438563b3248048f436bf2a0,1,ac55865c931b6e828892c10b73887af4,f5a590cf36251cf1162ea35bef76fe84,2018-01-18 23:31:30,269.0,15.49
fa014da3aa5b1fd99b79a24c7a17d778,1,7d351c4e73f90af8f1e092a95bf57a3c,54965bbe3e4f07ae045b90b0b8541f52,2017-11-09 13:06:50,60.0,8.09
fa014da3aa5b1fd99b79a24c7a17d778,2,7d351c4e73f90af8f1e092a95bf57a3c,54965bbe3e4f07ae045b90b0b8541f52,2017-11-09 13:06:50,60.0,8.09
fa0516e60526f3547106618fe2482801,1,1b8ee158f59c098470fad33f39660964,1554a68530182680ad5c8b042c3ab563,2017-07-07 11:55:10,139.9,20.89
fa09bf06f137e4496f69f730fd93dcaf,1,6ba4d9e6b21481dcc4646250fa189ac1,72c38a04bd6a1c3dbc5298425a0db86d,2018-06-18 19:27:31,92.0,22.57
fa2211e05a1ebb8eedfa015e5d6d7957,1,36e11e6e23d31fb19391c75b1ed80a9a,65febd49fd28ec955651299159b1f527,2018-05-30 02:18:31,99.99,25.28
fa3b973e0d6218a2905cf9808c158794,1,c5d8b84a90f73bd09c30e71e76caaa11,6039e27294dc75811c0d8a39069f52c0,2017-05-04 23:05:15,79.9,20.64
fa4e39af0cabdc0f91adcba174a63b69,1,d6d73c1fe2e8c0e3e90e2421ffa4b963,01c97ebb5cdac52891c0ed1c37ba0012,2017-04-20 00:44:01,29.4,22.28
fa501c06e7a60e98b43e678fd5205c37,1,fbce4c4cb307679d89a3bf3d3bb353b9,c33847515fa6305ce6feb1e818569f13,2018-08-07 13:24:12,149.0,51.33
fa534840c9b5b3a7052a37a863ea1790,1,60c93709754c1b56d6fcc7187a4810f3,53e4c6e0f4312d4d2107a8c9cddf45cd,2018-02-05 02:41:28,85.0,11.8
fa67f37b0eb6114117c4c0412aeaaf2d,1,c8f7df520102efbaf9927f5acf21b928,a3a38f4affed601eb87a97788c949667,2017-04-11 22:30:17,84.99,18.02
fa89b2c9bc90956a517714880dfeb6ac,1,53b36df67ebb7c41585e8d54d6772e08,7d13fca15225358621be4086e1eb0964,2018-04-24 19:12:45,110.0,0.0
faf87806481a087a5380b61974971f90,1,880be32f4db1d9f6e2bec38fb6ac23ab,fa40cc5b934574b62717c68f3d678b6d,2017-05-10 23:15:09,42.99,14.1
fb11780dd534a4af0611d27c007b88b0,1,f1c7f353075ce59d8a6f3cf58f419c9c,37be5a7c751166fbc5f8ccba4119e043,2017-07-25 15:34:39,205.0,38.57
fb1d06cccaa9f157355d83d52634c957,1,54d9ac713e253fa1fae9c8003b011c2a,955fee9216a65b617aa5c0531780ce60,2018-03-28 15:31:20,35.0,12.43
fb2e0a2eb0a7cd9fc655c3fdda628acc,1,5ec9cc4e1217d387b9fedfa362b7bc24,40db9e9aa57f7bb151bcda6b0f9bdbb7,2018-08-06 10:10:10,1788.0,33.82
fb66a068381c1be27f5ad0a25309d424,1,b67902c15de1b4c26b61f79e0535b41f,0ea22c1cfbdc755f86b9b54b39c16043,2017-06-08 19:45:20,29.9,21.15
fb73306df41afb7ed9222b25f9ebdfb4,1,dbb67791e405873b259e4656bf971246,e9bc59e7b60fc3063eb2290deda4cced,2018-08-14 21:35:21,61.4,22.36
fb7df543b6622d01dba2c9340a23bb30,1,aff39c649de8c4e36d325880de8f4338,3ade81dab5a172b88e1871c28ae05260,2018-08-14 20:10:21,179.0,48.33
fb7df543b6622d01dba2c9340a23bb30,2,aff39c649de8c4e36d325880de8f4338,3ade81dab5a172b88e1871c28ae05260,2018-08-14 20:10:21,179.0,48.33
fbab2f1499ada7711dc92e28e8e2cee9,1,06f442515f5159d999a684dfdb881917,66922902710d126a0e7d26b0e3805106,2018-02-22 11:30:27,105.0,30.57
fbacb2717f779ec85691cc7fcec4f1d7,1,bffdb7d6bdb994823039ac983d6d30ec,70c27847eca8195c983ed7e798c56743,2018-08-14 22:25:16,238.99,16.77
fbd3f15f34958b4aa4d193afa4a7278b,1,cadb69af336c16aba5c5223599821245,8b321bb669392f5163d04c59e235e066,2018-01-23 15:48:37,13.65,8.72
fc10f44eba425f75f88abffef84186e8,1,ed46d1fbd7bf78ce79910c09fb892abb,0be8ff43f22e456b4e0371b2245e4d01,2018-01-24 02:11:51,109.0,12.26
fc4de496aefe84390ddbb5471ace9a8c,1,96a77357ef9245d263e1edc51efb22e3,57e632711dec9ec14ca7546769483e7e,2018-07-24 09:43:42,89.5,22.56
fc4de496aefe84390ddbb5471ace9a8c,2,96a77357ef9245d263e1edc51efb22e3,57e632711dec9ec14ca7546769483e7e,2018-07-24 09:43:42,89.5,22.56
fc5701b47c62ca3a3f7c2514cd5edc56,1,b3527dfb6edff14e475198b5c8bdf85e,5160d23075764e18e07c1f4a87fad743,2017-10-31 12:28:13,75.0,7.78
fc62afb57b86ee5363aee2b7c04421c0,1,ccadfeab525a9eb1569983b66e5075c4,33576ec5412fb5905d876f12f33bfde6,2017-12-20 17:34:23,89.0,17.9
fc6fa7fa7977262db8df0b27a56474d8,1,c92f0e7b9d49a9543558d6532772441b,5dceca129747e92ff8ef7a997dc4f8ca,2018-03-15 02:10:17,149.9,75.48
fc6fa7fa7977262db8df0b27a56474d8,2,c92f0e7b9d49a9543558d6532772441b,5dceca129747e92ff8ef7a997dc4f8ca,2018-03-15 02:10:17,149.9,75.48
fc79d61f2a305370fd69ee2c8048d5af,1,b1b787a4d7563b9e375ee8af5bee4a74,ebd2d60905fb58271facef5596b620d3,2017-06-09 19:02:26,74.9,21.01
fc9a5afd96050ceb0d9f12a4f8c5d9f0,1,bd6e6fce9ada76ea2db0f1912e8e478f,1835b56ce799e6a4dc4eddc053f04066,2018-08-06 05:15:10,56.99,13.98
fcc13f1fc01aacaf59da3b5bbc2e1b9e,1,49c8221f68acec04f84cc22c58be6c5a,f8db351d8c4c4c22c6835c19a46f01b0,2018-05-14 12:31:25,45.9,19.32
fcd0f8a6842216f0d6d5a217883eb711,1,fb29f48bfea41db52e349454f433340e,897060da8b9a21f655304d50fd935913,2017-06-22 03:15:53,22.0,15.1
fcd0f8a6842216f0d6d5a217883eb711,2,fb29f48bfea41db52e349454f433340e,897060da8b9a21f655304d50fd935913,2017-06-22 03:15:53,22.0,15.1
fce11c1012b2c4e62437daaf24cf96a7,1,759d6e247dae636cc8e135f50052865e,7c67e1448b00f6e969d365cea6b010ab,2018-03-15 23:55:31,149.99,45.51
fce3aaaad786e05cb7386b9274f5aa17,1,f0354861ab19941a53209c2acbb1b604,5a425cc503b39b262a847fd6212bf53b,2018-06-14 01:13:20,94.9,13.78
fcfb164cd88eaf05a44e1cb84c5153e6,1,145978af3e89b318be0b717a0953649a,18e694e0e48ed6f7aa3f24aade5fd697,2018-08-13 08:25:11,20.9,18.25
fcfd2d9dca1b759a8838eac01a9ce2eb,1,3fbc0ef745950c7932d5f2a446189725,06a2c3af7b3aee5d69171b0e14f0ee87,2018-08-20 21:15:27,66.99,23.19
fd083ca236fb56074a653948afcacd8e,1,12e3d9b67368b8d1563127a8b3407f79,cee48807215b30a12ca2ca10ffb5f250,2018-02-19 15:10:29,198.8,21.88
fd1272ba40a94a5fbc6e9548a8486867,1,f343690217692891e7a092d5c1e5eef7,7178f9f4dd81dcef02f62acdf8151e01,2017-11-21 15:15:38,28.9,8.4
fd1272ba40a94a5fbc6e9548a8486867,2,f343690217692891e7a092d5c1e5eef7,7178f9f4dd81dcef02f62acdf8151e01,2017-11-21 15:15:38,28.9,8.4
fd4907109f6bac23f07064af84bec02d,1,7a10781637204d8d10485c71a6108a2e,4869f7a5dfa277a7dca6462dcf3b52b2,2018-04-30 11:31:32,219.0,0.0
fd4b04818375a4ba579a80c8d37f1b24,1,34239894e175b17d8c84edc6c73b4dad,827f8f69dfa529c561901c4f2e0f332f,2016-10-11 14:31:44,27.9,14.52
fd54537438233bc798bd3fdac32bcfd9,1,6139fa69b55f0d2940a87602dd20892d,6a8b085f816a1f75f92dbac6eb545f8f,2018-08-08 12:55:25,58.5,18.51
fd54537438233bc798bd3fdac32bcfd9,2,6139fa69b55f0d2940a87602dd20892d,6a8b085f816a1f75f92dbac6eb545f8f,2018-08-08 12:55:25,58.5,18.51
fd58bdbb6cc5d7519e063c3ceb7e951b,1,6d68112743e7ed2de3932554b033f544,0d33a55da925bbf1ff02af5f6059fc7f,2018-05-02 13:15:26,28.0,52.48
fd6519b24982de9aec35784b4bc78d2b,1,0b0172eb0fd18479d29c3bc122c058c2,5656537e588803a555b8eb41f07a944b,2017-12-21 02:15:59,24.89,17.63
fd84aa1fc4c825c367cbb777d82e5a2a,1,52d7a7207b9646509bdc754fed3a0cef,26e2c91ef821e1ff8985f408788fe35b,2018-02-28 23:30:22,57.5,16.84
fd910e1bec44f27b8680a01c7a5e377c,1,53759a2ecddad2bb87a079a1f1519f73,1f50f920176fa81dab994f9023523100,2017-08-28 04:32:06,59.9,17.67
fd9cab205c6b8e485793804e2fdab6fc,1,38ad86e536a0e27c5a4d2dc30964259d,ea8482cd71df3c1969d7b9473ff13abc,2018-03-30 10:27:21,24.99,12.79
fda9a222267a9db0d0831209bfe668e7,1,0c9439abe84dc40a64fc164365c4d064,c394e193cda3b4225ff2094d32184849,2018-05-24 10:17:14,284.99,14.0
fdaa819b4c4dba8f7ed72e2d1102971c,1,913dfadde395f6049127173cfbb96121,85d9eb9ddc5d00ca9336a2219c97bb13,2018-06-27 15:40:46,28.9,18.3
fdd2049f954806e2fe0d0bb830563035,1,0f1734abf5ee5d3b99353b7ccb117426,08d2d642cf72b622b14dde1d2f5eb2f5,2017-04-06 17:35:13,17.9,10.96
fdde45331586a2e1145f846f3787feef,1,35bc6c77029697004675d3a2ce505916,9c0e69c7bf2619675bbadf47b43f655a,2018-01-15 14:32:15,155.0,27.63
fdde45331586a2e1145f846f3787feef,2,35bc6c77029697004675d3a2ce505916,9c0e69c7bf2619675bbadf47b43f655a,2018-01-15 14:32:15,155.0,27.63
fdeb8e2ed51d3a12a9d6c27a2f70e255,1,b36f3c918c91478c4559160022d3f14e,1ca7077d890b907f89be8c954a02686a,2018-01-26 14:03:23,150.0,8.3
fe2893f4e6b71e79a7aec9c777744a16,1,7736ea239e147291f6adb766c992beb1,d2374cbcbb3ca4ab1086534108cc3ab7,2017-03-30 16:05:44,15.9,10.96
fe2893f4e6b71e79a7aec9c777744a16,2,642a40d4d73b4b2604968937de13634a,d2374cbcbb3ca4ab1086534108cc3ab7,2017-03-30 16:05:44,12.9,10.96
fe437c0788b9f47d5ec164c87988cbae,1,89cea55405dd7811b48e500d9f263e43,8d956fec2e4337affcb520f56fd8cbfd,2018-07-25 09:18:38,113.1,15.89
fe456fd2155744fb9a7180989d61c30d,1,947d8cb9d15cf25fff1d6116e0c09730,1025f0e2d44d7041d6cf58b6550e0bfa,2018-06-28 01:30:32,90.0,67.22
fe784ed3dfc728fd4de44fa9918fe1eb,1,9ac1378f05cd222b3fb34a3cccc626c7,f46490624488d3ff7ce78613913a7711,2018-08-09 03:05:19,39.9,18.08
fe991211acd078df41a8c85aceadfb66,1,189c49b159a847050e52afe5ec8d42c5,0c8380b62e38e8a1e6adbeba7eb9688c,2017-04-24 14:02:00,213.9,18.24
fec76d3c7d37a989bdd3a22911340c75,1,d6b4d1a0d7b4224aa86e3ceff1d78217,bb7a14e229b1c95156719c3d9552eeee,2018-01-25 15:22:02,429.9,41.94
fecc4ea5a3e06ce3192ae2f05b7a8439,1,70adb75b3b2e86cffbb697c90867c3f3,4e2627090e6e5b9fabba883a37897683,2018-01-21 22:09:08,39.9,14.1
fecc4ea5a3e06ce3192ae2f05b7a8439,2,70adb75b3b2e86cffbb697c90867c3f3,4e2627090e6e5b9fabba883a37897683,2018-01-21 22:09:08,39.9,14.1
fecc4ea5a3e06ce3192ae2f05b7a8439,3,70adb75b3b2e86cffbb697c90867c3f3,4e2627090e6e5b9fabba883a37897683,2018-01-21 22:09:08,39.9,14.1
fecc4ea5a3e06ce3192ae2f05b7a8439,4,70adb75b3b2e86cffbb697c90867c3f3,4e2627090e6e5b9fabba883a37897683,2018-01-21 22:09:08,39.9,14.1
ff229c2bb720b61c11d51e0249799aba,1,4413a608a42bd21bbf9d5abbd58c249a,7ddcbb64b5bc1ef36ca8c151f6ec77df,2017-11-03 21:10:07,146.99,43.44
ff2ac13b0f36dffb6af9699f59b18377,1,fb8c11da2e1b1634e879d1c3c6762dc2,53243585a1d6dc2643021fd1853d8905,2017-09-11 14:35:25,850.0,35.36
ff3a45ee744a7c1f8096d2e72c1a23e4,1,b61d1388a17e3f547d2bc218df02335b,07017df32dc5f2f1d2801e579548d620,2017-05-10 10:15:19,139.0,21.42
ff6373dfa00603bd092cb8f6eef3349a,1,3d82497d58f46e57e5fdb6cd68a03a2b,8b28d096634035667e8263d57ba3368c,2017-08-22 01:15:20,59.8,15.17
ff6ab7a209609f6d415e5465e903bbe0,1,ff29d8cb1cd0cd5ea37b80dac9939e1c,8b321bb669392f5163d04c59e235e066,2017-11-07 11:06:19,18.9,7.78
ff978de32e717acd3b5abe1fb069d2b6,1,0829c25b4a3efca7651f07cd4b8e05bc,9f505651f4a6abe901a56cdc21508025,2017-12-18 09:57:24,27.99,21.15
ffa39020fe7c8a3e907320e1bec4b985,1,9e0e152552a1323f7e5dcf63d50cdae3,cc419e0650a3c5ba77189a1882b7556a,2017-11-10 18:55:13,56.99,14.15
ffd6f08f294bfa573e0eeb88d6afb17b,1,2a11460730aaa623c8897e343fe38cb3,70a12e78e608ac31179aea7f8422044b,2017-11-30 13:46:45,352.0,14.8
ffe2b9e50ccbd9695f42c906f6d9010c,1,3488d2ce36e718097c1509444289ef7f,26d8a1c7c75d513045798992ead43aa2,2018-03-22 12:15:33,185.99,15.38
