order_id,customer_id,order_status,order_purchase_timestamp,order_approved_at,order_delivered_carrier_date,order_delivered_customer_date,order_estimated_delivery_date
bfbd0f9bdef84302105ad712db648a6c,86dc2ffce2dfff336de2f386a786e574,delivered,2016-09-15 12:16:38,2016-09-15 12:16:38,2016-11-07 17:11:53,2016-11-09 07:47:38,2016-10-04 00:00:00
c3d9e402b6a0fbe2a5f7fc5b41117c38,5720a15d022c09d2634c71c80c8d4102,delivered,2016-10-04 10:16:04,2016-10-04 10:45:33,2016-10-28 15:34:00,2016-11-08 10:41:54,2016-12-08 00:00:00
620b0acb9258b51defbc51804c5298d5,9012f48ac2c416c82819101da4e4b75e,canceled,2016-10-04 11:44:01,2016-10-05 08:45:09,,,2016-12-06 00:00:00
c4b41c36dd589e901f6879f25a74ec1d,4bb880cac21c7a9e1371ab1ebd601706,delivered,2016-10-04 12:53:17,2016-10-04 13:26:11,2016-11-07 16:21:26,2016-11-09 13:37:38,2016-11-24 00:00:00
3f72d2b757e725cd48a4726f831c7789,e0de521fbb397bd7e83d079fe66357b5,delivered,2016-10-04 13:15:46,2016-10-04 13:47:04,2016-10-10 16:45:50,2016-10-17 11:25:59,2016-11-28 00:00:00
711b9be9c346d9ecdb9d38a5e1e7e39b,81e4aed5ab4253757305267b80712689,invoiced,2016-10-04 13:38:37,2016-10-04 14:08:38,,,2016-11-24 00:00:00
83812118bb682267a9880ea1b261ac4b,6b4acd0818e5852c5271cb061ccbb493,delivered,2016-10-04 15:07:21,2016-10-07 10:12:10,2016-10-11 10:12:10,2016-10-31 21:57:07,2016-12-08 00:00:00
985db56d4cabd2577d0960194dd2cd5a,93b0959b3704e65ceaf6cd4bcdfea834,delivered,2016-10-04 15:35:35,2016-10-06 15:57:13,2016-10-21 16:33:54,2016-10-28 15:03:48,2016-11-30 00:00:00
88130f20a472f28fcca9dd5d50358820,8eff66e5b7c425dfbbe9a2cbf0f3883f,delivered,2016-10-04 21:35:54,2016-10-06 15:44:28,2016-10-15 10:29:52,2016-10-18 22:57:42,2016-11-28 00:00:00
d2d67121a09535b3a7b6a000e58d8625,a17dc8aaea9743dbccaca067b5ac3b43,delivered,2016-10-04 22:15:11,2016-10-06 16:00:41,2016-10-10 16:00:43,2016-10-13 16:00:43,2016-11-24 00:00:00
7a7d2c889e27d93b2005462a8788e168,88927ff4f54b497957d9947e926ec6fe,delivered,2016-10-05 00:32:31,2016-10-06 15:57:05,2016-10-30 14:03:48,2016-10-31 14:03:48,2016-11-25 00:00:00
b2f92b2f7047cd8b35580d629d7b3bfb,1cbeb91a58bd89ee2df1bc32f3311209,delivered,2016-10-05 08:04:21,2016-10-06 15:57:10,2016-11-11 07:31:31,2016-11-17 16:23:47,2016-11-25 00:00:00
98750f114ae6088d04ea0d3cfe3f137f,01fc05160cf790b9ed54ec795ff07688,delivered,2016-10-05 11:44:41,2016-10-06 03:07:51,2016-10-10 03:07:51,2016-10-28 12:23:43,2016-11-29 00:00:00
e04f1da1f48bf2bbffcf57b9824f76e1,0d00d77134cae4c58695086ad8d85100,invoiced,2016-10-05 13:22:20,2016-10-06 15:51:38,,,2016-11-29 00:00:00
dc18a044b56ed174037ca164cdf2e921,4a06381959b6670756de02e07b83815f,unavailable,2016-10-05 14:16:28,2016-10-06 15:56:49,,,2016-11-29 00:00:00
ca3b8093576a51bea61c9782c7771f62,4ab07666a1b8ff428bda51600a94f753,delivered,2016-10-05 17:14:27,2016-10-06 16:02:42,2016-10-21 16:33:31,2016-10-24 16:33:31,2016-11-25 00:00:00
1612081119e8f23745698ad3367cc14b,20d32833d8983a835cafcd54099631a0,unavailable,2016-10-05 18:06:48,2017-04-11 15:17:38,,,2016-11-17 00:00:00
14b01335f19b97fce1437168032ae388,10d74e1a3adaeada0d8da4a2b2891cc3,delivered,2016-10-05 19:09:33,2016-10-06 15:59:18,2016-10-15 12:26:22,2016-10-18 20:37:33,2016-11-29 00:00:00
cf47ad2fb60cae3f74b943646f685c94,053716fea805d6b29d6f8b6113fefe4d,delivered,2016-10-05 20:09:05,2016-10-06 15:44:36,2016-10-15 12:40:42,2016-10-24 18:11:32,2016-12-09 00:00:00
62246c16a32a0866943f17d7b42db940,6443519fe0538b895632d5d7817aaff3,delivered,2016-10-06 00:06:17,2016-10-06 15:58:16,2016-10-21 16:30:18,2016-10-31 09:45:54,2016-12-02 00:00:00
f205336be829af209878b6339cf02c7e,bea482168e59ee99ecadacecb808d058,delivered,2016-10-06 09:59:13,2016-10-06 15:56:43,2016-10-21 11:36:05,2016-10-27 17:55:56,2016-11-30 00:00:00
262118ce178bb3e4590a3adcf6d62e6b,2a69da30b726b7f3db7f1059af5d4304,delivered,2016-10-06 14:59:56,2016-10-07 12:13:49,2016-11-17 08:27:59,2016-11-17 16:23:46,2016-11-30 00:00:00
10d1e90a86d2be981a52b6a927c97dc5,6b3ed42b480bc5831a094f35dc11b668,delivered,2016-10-06 15:19:40,2016-10-07 10:11:30,2016-10-26 14:11:25,2016-11-07 16:26:10,2016-12-12 00:00:00
4eca6c2d172953276c75dd0e1bedce25,8f3419df1806ae4718c94209d5fed4ea,delivered,2016-10-06 16:13:30,2016-10-06 16:51:46,2016-10-10 16:51:46,2016-10-13 16:51:46,2016-11-28 00:00:00
ed90ba41c41da31da8e891ff43a584d1,51d9009f107df3256dcb608b5cb40a7c,delivered,2016-10-06 16:43:26,2016-10-07 15:59:09,2016-10-11 15:59:10,2016-10-14 15:59:10,2016-11-28 00:00:00
0d9664d8da1dc4337269071b39e19423,64c17343b6c53ee761fd232e84384848,delivered,2016-10-06 22:00:27,2016-10-06 22:37:21,2016-10-10 22:37:21,2016-10-27 13:36:27,2016-11-30 00:00:00
7d7bf3ee337c36ce012762da5f28f53a,75435919ec1c2171f20033e15cbaf004,invoiced,2016-10-07 10:46:03,2016-10-07 12:14:45,,,2016-12-01 00:00:00
fd4b04818375a4ba579a80c8d37f1b24,9ebd9edc6854d388eb4a9d1283acdf96,delivered,2016-10-07 14:15:50,2016-10-07 14:31:43,2016-10-15 10:31:37,2016-10-19 00:47:36,2016-12-01 00:00:00
ed83f6065ae47112c8cfbd22e231b6d8,39f51cf31b3d2266b99005da1b5d5b79,invoiced,2016-10-08 11:47:15,2016-10-08 13:24:51,,,2016-11-30 00:00:00
123e27a1a4d0b2481d8618ac3dff7d4e,1fe4c3902c5bd6510a869b3d4fd3843b,canceled,2016-10-08 12:44:32,2016-10-18 15:19:08,,,2016-11-18 00:00:00
67418605ab8f9414a2e238bbcdde1312,bbd6d73964cf368d685856fc8cb04534,delivered,2016-10-08 14:48:08,2016-10-08 18:34:07,2016-10-12 18:34:07,2016-10-15 18:34:07,2016-11-30 00:00:00
8c78d01de3a9009e23d6877a7cc9be20,6cd7106899e59a1fbd0622d5f1efedf4,delivered,2016-10-08 15:36:50,2016-10-08 18:13:44,2016-10-26 11:41:53,2016-10-25 17:51:46,2016-11-30 00:00:00
4723d255a158f5b6c5a872264e3529c5,9c44588abb2a5c2b5bbd40184e3ac0b3,delivered,2016-10-08 20:16:05,2016-10-09 14:55:15,2016-10-13 14:55:15,2016-10-16 15:55:15,2016-12-06 00:00:00
7e2dddf174cc4d2768bf39c43ab2bd7a,accfbaa1f092fdf6db1d8fcdad351b50,delivered,2016-10-09 15:10:41,2016-10-10 05:54:51,2016-11-03 07:43:55,2016-11-10 09:27:42,2016-12-02 00:00:00
5f834cc4ee109c58dff88c60b8ba5ecf,1124aa987445b3d3f42412a375522a89,delivered,2016-10-10 11:22:36,2016-10-10 12:03:12,2016-10-21 16:35:18,2016-10-24 16:35:18,2016-12-06 00:00:00
59f26737bbeea8142a7e982cfce13e7a,e64d63f1e2d292e774d451d7b55f711d,delivered,2016-10-10 12:39:06,2016-10-10 13:01:33,2016-10-14 13:01:34,2016-10-17 14:01:34,2016-12-14 00:00:00
c776863a93dc0740c6e7d78104b21413,1710b798ebdc5db6665c815b90a64999,delivered,2016-10-10 15:01:27,2016-10-10 15:44:46,2016-11-14 07:41:23,2016-12-14 08:03:48,2016-12-14 00:00:00
b44d71edad65f41824d2e177470ef8f6,ad29d9bb283d87e61e190d40bc7bc15b,delivered,2016-10-10 15:23:51,2016-10-10 16:02:57,2016-10-21 18:02:55,2016-10-24 18:02:55,2016-11-30 00:00:00
de8f4a82099fe4fa6bcb8952ca51420f,13db9c37d449305364a897e44f479406,delivered,2016-10-10 16:00:30,2016-10-10 16:43:18,2016-10-14 16:43:19,2016-10-17 17:43:19,2016-12-14 00:00:00
9a3e437ab219133c20a7033be9087edf,3c03fed2df425b8291c5913c52b51b84,delivered,2017-01-07 20:45:31,2017-01-07 20:55:10,2017-01-10 13:46:14,2017-01-17 11:38:10,2017-02-07 00:00:00
765442de6466c0bb079c22b8b20e0eab,2b3dc71b4cce6a5cb97f6ebf5d6ede5f,delivered,2017-01-09 17:50:06,2017-01-09 18:05:45,2017-01-10 10:53:44,2017-01-13 08:53:45,2017-02-17 00:00:00
f313be47c42e07616027ad6d6ac3034c,1df2dcecdf59a9ec5bbd2f877821219e,delivered,2017-01-12 13:11:45,2017-01-12 13:24:45,2017-01-13 15:52:27,2017-01-26 14:03:59,2017-02-22 00:00:00
92580e7039e427da2884d35809a95996,883bce2f3694717d0403432a07768b05,delivered,2017-01-13 23:24:59,2017-01-13 23:35:14,2017-01-17 15:10:17,2017-01-24 18:28:34,2017-02-23 00:00:00
3027797ce35841bf74917c0b0ea1a38d,64e2e80c6c053f95af9f072968fc8196,delivered,2017-01-15 12:37:26,2017-01-15 13:05:44,2017-01-16 08:50:39,2017-01-23 16:14:21,2017-02-24 00:00:00
2e84d66424ec0ddb081078d1411fb1db,8d668ebf82d5e30bfd13822db8b51d59,delivered,2017-01-19 16:17:57,2017-01-20 02:05:28,2017-01-20 14:11:32,2017-01-27 16:07:50,2017-03-01 00:00:00
da0571dd2e59b32cca46279a02bfb40e,76a5a351fffbceba0b0767a5bba5cc6d,delivered,2017-01-19 19:02:48,2017-01-19 19:15:11,2017-01-20 14:12:27,2017-01-23 20:23:42,2017-02-27 00:00:00
f5d54f3d6cc2c7125dc1de8888ce8975,7f18a55ab36bb9522b71a169132b049a,delivered,2017-01-20 19:18:03,2017-01-24 03:45:39,2017-01-24 15:02:13,2017-01-30 11:51:55,2017-02-28 00:00:00
7853cfd26dee49109295b3e604567180,45cdfac600e3e044e7d986b3639ac8f3,delivered,2017-01-22 15:41:21,2017-01-24 03:45:43,2017-01-24 08:28:01,2017-02-03 14:22:55,2017-03-02 00:00:00
72c1d87887d0b9a3965557013e74f543,4161d3785c2c4c6517a57143ecb0c466,delivered,2017-01-23 13:55:30,2017-01-23 14:05:22,2017-01-23 14:11:03,2017-02-07 13:12:39,2017-03-03 00:00:00
eabfb81cf01d772d65405ff27c793ddb,e44d9a10a0978d6c21403879bf8076d0,delivered,2017-01-23 16:57:22,2017-01-24 06:50:18,2017-01-25 10:56:42,2017-02-02 10:25:07,2017-03-20 00:00:00
d3a3e3dd365abc6013aa6321b0c12c79,185f6a4579e6c10122c789bc38ba3337,delivered,2017-01-26 11:18:28,2017-01-28 11:31:20,2017-01-31 10:41:19,2017-02-08 13:53:56,2017-03-06 00:00:00
8d9a9808c4a5546adb15d524d6ab2e91,3bb0f1d5881cfaf2de8eacdbe88b2d58,delivered,2017-01-26 16:44:35,2017-01-26 17:02:23,2017-02-20 13:52:07,2017-02-21 10:48:42,2017-02-24 00:00:00
e9cd104dfc8837e084c067292c013b0a,c75e4def2f3ec80fc03a535c4f9b37a2,delivered,2017-01-26 21:33:43,2017-01-26 21:45:16,2017-01-28 07:28:57,2017-02-02 13:22:23,2017-03-02 00:00:00
3440f090efa1949bc4e9ebd0b89b2b6c,2acac3dfe4fa0e75b07461873a67e7e6,delivered,2017-01-27 00:34:10,2017-01-28 04:34:44,2017-01-30 09:57:31,2017-02-10 18:43:38,2017-03-09 00:00:00
3ff04db80f0b2c359e8e47fdb913d826,8a861c441f42b3297875a0eb3bf98b5f,delivered,2017-01-27 13:37:09,2017-01-27 14:31:27,2017-01-27 15:20:47,2017-02-07 10:11:26,2017-03-08 00:00:00
b866af202be0692766081310cd4085e1,d1800078046ed2e5ae1b0792b695c56e,delivered,2017-01-27 14:59:17,2017-01-27 15:30:46,2017-02-20 02:32:08,2017-02-15 03:53:46,2017-04-17 00:00:00
c45c354aed442407610326035c6c44d6,98153d5b1cde47994c69ad02de498d26,delivered,2017-01-28 21:22:15,2017-01-28 21:31:40,2017-01-30 13:14:59,2017-02-13 08:08:59,2017-03-09 00:00:00
b34d8ec665f905d3c7583b291f54b605,70da82df80a3f1ca6fb62b41b08c7c53,delivered,2017-01-29 13:34:56,2017-01-31 04:34:03,2017-01-31 13:41:04,2017-02-06 18:23:27,2017-03-21 00:00:00
85f8ad45e067abd694b627859fa57453,1d088dea8732788ec35dd4ee6dd76112,delivered,2017-01-29 21:40:02,2017-01-30 22:32:20,2017-02-02 05:04:58,2017-02-07 10:46:00,2017-03-08 00:00:00
204afbf2adcafc867358369a658ea7aa,876d6b3d97349e7c61c8d30a28a94c03,delivered,2017-02-01 20:22:04,2017-02-01 20:35:13,2017-02-02 11:41:27,2017-03-01 05:46:00,2017-02-24 00:00:00
b6659c7944e48c1be78a188b4d51dbeb,8d6ec338278e48b954ed3892ff838f4f,processing,2017-02-01 23:33:26,2017-02-01 23:45:16,,,2017-03-14 00:00:00
8a15d9098e2b9a4a791e07691801bd9f,07226545d056696fc5946dab0f0f2a7c,delivered,2017-02-02 13:32:21,2017-02-02 13:41:34,2017-02-06 17:04:29,2017-02-08 15:32:48,2017-03-01 00:00:00
5d389775a013b9eb8fcdab4cdc1eae1d,1004ffe8679b2e76e70417c5224b71ee,delivered,2017-02-03 16:25:13,2017-02-03 16:35:17,2017-02-06 13:27:11,2017-02-10 10:51:54,2017-03-14 00:00:00
bfd53bc941fd49984cc67168afbbd531,addb846a89c635c622bc369a2b6bdf8b,delivered,2017-02-03 17:16:41,2017-02-03 17:25:17,2017-02-09 07:37:26,2017-02-13 10:21:27,2017-03-07 00:00:00
00042b26cf59d7ce69dfabb4e55b4fd9,58dbd0b2d70206bf40e62cd34e84d795,delivered,2017-02-04 13:57:51,2017-02-04 14:10:13,2017-02-16 09:46:09,2017-03-01 16:42:31,2017-03-17 00:00:00
96e4e8d7578138ee620bd65cced420db,da6adc0743aa6dc5915ce78d75e15f5d,delivered,2017-02-05 21:20:34,2017-02-06 21:25:14,2017-02-07 09:46:21,2017-02-23 16:05:40,2017-03-29 00:00:00
5b1ff9c294ce6149733c6912262c60f9,1cee7be2a8055eeac71626608c2360b9,delivered,2017-02-08 10:18:09,2017-02-10 03:03:16,2017-02-10 08:12:35,2017-02-23 10:51:16,2017-03-17 00:00:00
e1df61c61699c690427a33fc1b6b540c,4c44865a36098a8b24dba15c90f01511,delivered,2017-02-09 11:24:15,2017-02-09 11:35:21,2017-02-10 08:34:09,2017-02-20 11:51:52,2017-03-16 00:00:00
eed0820e183311e6ae0d016436318b19,ce706e81decc274e0a5a183d1690385f,delivered,2017-02-09 21:43:32,2017-02-09 21:55:11,2017-02-11 07:55:50,2017-02-16 10:04:45,2017-03-08 00:00:00
1c72f6c4fb7c7f004287761dd7fa32aa,17b0e9829728899569d2b8bee6a124d8,delivered,2017-02-09 21:56:57,2017-02-09 22:05:23,2017-02-10 11:24:22,2017-02-16 09:28:41,2017-03-10 00:00:00
a89e14734d926ba4f06da4c653abf873,d884f544da907f4cc6ffc6504f6a27c5,delivered,2017-02-10 10:02:07,2017-02-10 10:15:17,2017-02-10 10:32:46,2017-02-20 14:46:02,2017-03-20 00:00:00
de9df170e0b97a46f12f9bc8eca0e0b7,c4d22f031c3697072e4d9186b454d5fd,delivered,2017-02-10 11:17:16,2017-02-10 11:25:10,2017-02-10 13:46:02,2017-02-16 10:22:16,2017-03-14 00:00:00
121bf0ddd1c3d94dd344d3f0e81de607,76151a775ac037b2e2acea0033ad43e4,delivered,2017-02-10 12:01:25,2017-02-11 06:50:19,2017-02-20 03:54:56,2017-02-23 11:23:29,2017-03-16 00:00:00
9f26d6e7d343f91817f608ab2cb56cdd,ab2e069dc0a781952e8a2447efda4bdb,delivered,2017-02-10 15:43:45,2017-02-10 15:55:16,2017-02-15 12:54:49,2017-03-02 18:49:08,2017-03-13 00:00:00
3237c01ca83d6c17feee532d5b7e6b72,ef965f89f325a77c2b3c7e1de2b897ba,delivered,2017-02-10 17:43:20,2017-02-10 17:55:21,2017-02-13 13:10:52,2017-02-17 11:43:53,2017-03-09 00:00:00
3c2a7cc75899d6a06e8735da9b7fa302,3dfd713792fd5ddc4ffedb9ea5fd9318,delivered,2017-02-10 22:12:39,2017-02-10 22:25:12,2017-02-13 08:32:21,2017-02-17 08:16:37,2017-03-10 00:00:00
ec72b3cb886591a30fe474f7474720c8,87b01be0c7f4ec17eafabf5f1588c306,delivered,2017-02-11 15:12:14,2017-02-11 15:22:48,2017-02-14 09:55:45,2017-02-17 10:35:48,2017-03-15 00:00:00
54b74eb9e20b816d9cc07605650b592c,fdb6ee42f69dd8ef339d4eb246cd8b58,delivered,2017-02-12 14:11:06,2017-02-12 14:22:50,2017-02-13 11:38:17,2017-03-01 11:26:02,2017-03-14 00:00:00
178955fdb788182bcd71cb34542b1067,18af9e4b5bd9da0a9c658e1226e621cd,delivered,2017-02-13 15:30:37,2017-02-14 04:10:33,2017-02-14 15:57:20,2017-02-23 10:47:47,2017-03-16 00:00:00
b6d51ca2b26deb9b9bc37e6b3ea34244,96f63dc8d7bbb192d25213b41a5b2b08,delivered,2017-02-13 23:24:18,2017-02-13 23:35:20,2017-02-17 10:30:39,2017-03-01 10:13:52,2017-03-24 00:00:00
e706d614326b76f48f24d82f86c0b2ed,6fd87c3e71f1826c38e560951b6f459c,delivered,2017-02-14 18:12:12,2017-02-14 18:25:13,2017-02-17 14:18:53,2017-03-03 14:03:32,2017-03-23 00:00:00
7c6b6a9c3d77dcb56f9d216b3edbb1a9,6d85a3ac7c668a1b826400ae9879c06e,delivered,2017-02-15 09:34:07,2017-02-15 09:45:14,2017-02-15 14:18:31,2017-02-24 10:28:59,2017-03-16 00:00:00
e2f9342700902ec06e33f82cf4d279d8,f2c6bafb2b716742adc5f365bd7b94e7,delivered,2017-02-15 09:50:18,2017-02-15 10:03:30,2017-02-22 07:51:48,2017-02-24 14:36:18,2017-04-27 00:00:00
f8b13ccfc06fd1baa3b0b9a9f1d368de,f85e2cc1f55bd805121094b06905af7f,delivered,2017-02-15 14:47:09,2017-02-17 02:23:35,2017-02-17 14:45:40,2017-02-24 14:26:02,2017-03-16 00:00:00
4aec55e14c04fce6d0faa0e1bebe3126,0b5b5dbba2cc3894c03bea1a9d74a5e8,delivered,2017-02-16 08:43:14,2017-02-16 08:50:18,2017-02-17 08:26:23,2017-03-01 15:52:06,2017-03-17 00:00:00
e19dd6039c472289bc42c1f39c693dd4,5630883ca2aac86a5b62bc57aacd1e5a,delivered,2017-02-16 18:51:55,2017-02-16 19:05:15,2017-02-24 11:55:04,2017-03-07 16:54:08,2017-03-17 00:00:00
1b73fc583f45c471c55fd8d81945db74,b44dcc9a20f605a02ba9ffecffe022bc,delivered,2017-02-16 20:02:19,2017-02-16 20:10:22,2017-02-20 13:40:49,2017-03-14 11:25:47,2017-03-21 00:00:00
c5b8cd8bc7a66f7e451018f7eb332b76,3601b1ee444b7e4f6d26c1223d613418,delivered,2017-02-17 10:07:07,2017-02-17 10:23:20,2017-02-23 15:45:28,2017-03-03 15:59:03,2017-03-22 00:00:00
d77031d6a3c8a52f019764e68f211c69,0bf35cac6cc7327065da879e2d90fae8,delivered,2017-02-18 11:04:19,,2017-02-23 07:23:36,2017-03-02 16:15:23,2017-03-22 00:00:00
8b1be6fcc4f86f65c9f71a73ed439f05,3137742bf8a6ba694c23bab756b52683,delivered,2017-02-20 16:18:50,2017-02-20 16:30:13,2017-02-21 15:54:26,2017-03-14 14:18:10,2017-04-04 00:00:00
44851597b52d19f80a0b05ff48be5530,825e0702a45298fb469296d1ef110eaa,delivered,2017-02-23 14:23:00,2017-02-23 14:35:09,2017-02-24 08:15:58,2017-03-07 12:24:01,2017-03-20 00:00:00
686c017e3f991d5b96cc80cfb89d7d4f,cb81c00a40f9a727ec1962ef6b18a495,delivered,2017-02-23 17:14:36,2017-02-24 17:25:09,2017-03-03 13:51:29,2017-03-06 15:18:27,2017-03-24 00:00:00
d7361a834a2dd8db2f6f133ce291ab6b,6e75444d6824648342ef94be68a6ee94,delivered,2017-02-27 02:20:06,2017-02-27 02:30:12,2017-03-01 12:19:49,2017-03-03 13:23:05,2017-03-30 00:00:00
a762b5e99e0962bc51711998c7be8280,363133bedba50bf6ad398ce661dec61a,delivered,2017-02-28 12:10:29,2017-02-28 12:21:49,2017-03-02 09:14:57,2017-03-08 14:54:05,2017-03-22 00:00:00
a7e81b5cf4f8a13c638129228f4696fb,d436a01cbfaa1bc15ecd84318b408a01,delivered,2017-02-28 22:48:02,2017-03-01 15:35:12,2017-03-02 15:03:59,2017-03-16 09:51:06,2017-04-03 00:00:00
04d93c61c57f9d6d4886adce5a64a9b0,606b9b7f9b4d451c3824adc8386d0557,delivered,2017-03-01 08:28:57,2017-03-01 16:35:18,2017-03-02 13:01:40,2017-03-07 07:53:41,2017-03-20 00:00:00
5039c86e0392fa512d40a377555e64c3,48b660b079942ad4f15f884ef1a16871,delivered,2017-03-03 00:14:01,2017-03-07 04:15:31,2017-03-07 09:51:26,2017-03-20 09:48:49,2017-03-22 00:00:00
dde5f036dff77c8687173aee04967268,6fbe0377694f4ac9fd265961072bf0c7,delivered,2017-03-04 18:03:03,2017-03-04 18:15:16,2017-03-07 08:37:56,2017-03-10 06:56:32,2017-03-28 00:00:00
af79884abd4a25e4ed96f94bc7db48b3,b24c41e081cb6023a4248685dde92ed0,delivered,2017-03-04 18:13:30,2017-03-04 18:23:57,2017-03-06 08:59:16,2017-03-14 10:17:39,2017-04-12 00:00:00
9bad44921c98e1f220a667504bcffb9e,c5de7db594b246f428940ced283125bd,delivered,2017-03-05 14:28:33,2017-03-06 14:35:20,2017-03-10 06:11:38,2017-03-27 14:28:53,2017-04-06 00:00:00
a5da284831a584245b8ab3cbce6eea11,2101819c6afb989af1f32457282298aa,delivered,2017-03-06 09:46:46,2017-03-06 10:02:51,2017-03-06 13:47:37,2017-03-25 09:55:41,2017-03-27 00:00:00
d712c9d57be3d48a79c033437994908b,60166efb07b460c5feb03639c9ffc462,delivered,2017-03-06 10:50:50,2017-03-08 02:45:19,2017-03-08 17:22:57,2017-03-15 16:04:58,2017-03-29 00:00:00
72bee274b97b852ee7741bfa0b924105,5fcc9e5618e149a1a40c31da01602529,delivered,2017-03-07 13:58:07,2017-03-07 14:10:09,2017-03-07 14:32:43,2017-03-21 08:15:34,2017-04-05 00:00:00
880835c91a5227560bdb8d0f45c60579,410a24845e470f3c52bb78f084d359b5,processing,2017-03-08 09:10:55,2017-03-09 03:33:21,,,2017-04-04 00:00:00
682c57bc2cd98a0a198ef4e82e7c806d,1b4855e0e8c7bcbe7235c4486514ea80,delivered,2017-03-08 09:41:50,2017-03-08 09:50:19,2017-03-10 07:43:56,2017-03-20 09:47:40,2017-03-27 00:00:00
2fb597c2f772eca01b1f5c561bf6cc7b,217906bc11a32c1e470eb7e08584894b,delivered,2017-03-08 18:09:02,2017-03-08 18:09:02,2017-03-13 08:54:02,2017-09-19 14:33:17,2017-04-17 00:00:00
b0b0d3285e59abf2f6c9d7e1bf761323,3a4e4932f3e6976dd966f1d3c044d49e,delivered,2017-03-08 18:51:06,2017-03-08 18:51:06,2017-03-13 12:02:03,2017-03-24 17:08:46,2017-03-31 00:00:00
4068a5daf06244e4aa1a85a67983cc62,a955b91ca219905e5cbca783a0801f21,delivered,2017-03-08 21:05:01,2017-03-08 21:05:01,2017-03-09 09:18:54,2017-03-16 06:47:58,2017-03-27 00:00:00
3522a71840bea6bd1cd78ae529622ff4,62accea67b06839b7e2f1cb694952ed6,delivered,2017-03-09 19:34:45,2017-03-09 19:34:45,2017-03-15 10:33:44,2017-03-21 12:33:03,2017-04-04 00:00:00
b38c1ea8a0202a0c367fa61b498b1749,36bfbbbe0a074d32bec3c08cb9111384,processing,2017-03-09 19:35:08,2017-03-09 19:35:08,,,2017-04-11 00:00:00
a0c3da7d3585f46a33508178a1c205c8,b269c8577df73e1a6385198208cb5ad7,delivered,2017-03-09 21:05:58,2017-03-09 21:05:58,2017-03-10 10:22:07,2017-03-17 14:07:50,2017-04-03 00:00:00
661d0bde7291e9a8761e0769cf4d954c,318c507609f1e34e3fbaa0d012e0a3e8,delivered,2017-03-09 22:11:37,2017-03-09 22:11:37,2017-03-14 13:56:05,2017-03-24 16:57:48,2017-04-11 00:00:00
c02bcd4d35c9e36597256b02d86d33cd,6b506512ab0a47b1b878bdc698865247,delivered,2017-03-09 23:55:22,2017-03-09 23:55:22,2017-03-14 13:07:43,2017-03-20 11:45:00,2017-04-04 00:00:00
d2dd28b2a74faaeb77da8d3e53a9bd75,5fb09de922cb071effc0c1c12ab94f78,delivered,2017-03-10 11:26:08,2017-03-10 11:26:08,2017-03-13 14:57:12,2017-03-16 09:25:53,2017-03-31 00:00:00
a11cd01ac67beef7e8bf09740d8a35c1,51438ab3adcedb8f8c5b9e860f6d57f6,delivered,2017-03-10 18:29:46,2017-03-10 18:29:46,2017-03-20 14:22:06,2017-03-22 09:06:14,2017-03-29 00:00:00
a811f33c743a891f34de752bba733292,2ca947be2dbb0219314e655f888bd799,delivered,2017-03-10 18:34:44,2017-03-10 18:34:44,2017-03-13 09:56:01,2017-03-20 12:40:47,2017-03-31 00:00:00
1e9bf802b8192eb97af61fd92b586471,9b393f101c2a58389bc8c804e560b284,delivered,2017-03-10 21:44:39,2017-03-10 21:44:39,2017-03-14 10:33:09,2017-03-23 13:27:54,2017-04-07 00:00:00
0ee0bf166bf18f991a111ecfe817c951,0c74ae4dc7cfc64d2850f5c612bf9411,delivered,2017-03-11 07:26:17,2017-03-11 07:26:17,2017-03-13 09:35:05,2017-03-20 10:58:28,2017-04-03 00:00:00
fe2893f4e6b71e79a7aec9c777744a16,17bf46f1da4feb965bb6ece7dd8bd95c,delivered,2017-03-11 16:05:44,2017-03-11 16:05:44,2017-03-22 05:47:50,2017-03-22 15:26:27,2017-05-02 00:00:00
ca1533a4041a98501d0c3250c7dff345,9c0d40a2af948e31d03e583dddb57fd3,delivered,2017-03-12 16:38:43,2017-03-12 16:38:43,2017-03-14 10:33:22,2017-03-28 15:08:54,2017-04-13 00:00:00
304d007435759582067e51e9f3c44cc1,345ccfecbdd9036787e7e52aaf2eeed3,delivered,2017-03-12 18:58:04,2017-03-12 18:58:04,2017-03-16 11:32:25,2017-03-21 05:52:22,2017-04-06 00:00:00
e6fd05b126cb5c89f360d14068a14e78,f2ed9261ec0fab7ba0245fadee48d2d0,delivered,2017-03-12 22:32:20,2017-03-12 22:32:20,2017-03-15 16:01:03,2017-03-20 16:12:15,2017-04-04 00:00:00
d83706c29baf36eedf5e8adfb0da304e,26545a1a15e77138e98380c49a76053a,delivered,2017-03-13 11:36:11,2017-03-13 11:36:11,2017-03-17 15:12:16,2017-03-27 14:12:27,2017-04-12 00:00:00
ecc5a7a6cd9df305db7d2781708d6599,d7f854e5ec6cd17195dbd7b3ae40cca2,delivered,2017-03-13 14:28:41,2017-03-13 14:28:41,2017-03-15 14:10:35,2017-03-21 08:35:44,2017-04-06 00:00:00
3e84398caa2b0be876731343bab75b06,92710a995cc113c830f287b62883189c,delivered,2017-03-13 18:14:02,2017-03-13 18:14:02,2017-03-14 06:33:13,2017-03-20 12:51:33,2017-03-31 00:00:00
4de6fae240d7acb7e1a830665d941ae2,f9abf42c35fd606941b375dd45637434,delivered,2017-03-13 19:11:34,2017-03-13 19:11:34,2017-03-15 07:32:09,2017-03-23 11:27:42,2017-04-06 00:00:00
6bfc71c2f11f45fc225b1e1476d0b6cd,b42cd76ddf2e92d35d9814fa55cc8dee,delivered,2017-03-14 23:07:45,2017-03-14 23:07:45,2017-03-20 08:48:52,2017-03-27 15:26:47,2017-04-04 00:00:00
b5b362ec945720b946181f08eb7bdd04,d60157b6edc4c62efe9bda6b47cadf5d,delivered,2017-03-15 00:17:58,2017-03-15 00:17:58,2017-03-15 15:57:12,2017-03-20 06:03:50,2017-04-03 00:00:00
28b33b3ff1e1ef5e83ff16ade701d262,152f7f1e31c841edcb2e9d218b90e2af,delivered,2017-03-15 20:31:34,2017-03-15 20:31:34,2017-03-16 06:39:06,2017-03-23 16:52:23,2017-04-04 00:00:00
21fffc2b5c2da5c102a2faec84d352b8,4e3a88c13c2cbbeef7ed8a4876ca3289,delivered,2017-03-16 19:40:13,2017-03-16 19:40:13,2017-03-23 11:34:29,2017-03-29 13:43:09,2017-04-04 00:00:00
85f8ffb0071e850ecba540ba938f32a9,f388da80d7f9a29735dd482be3995dc2,delivered,2017-03-16 20:04:07,2017-03-16 20:04:07,2017-03-17 09:15:30,2017-03-22 19:48:52,2017-04-06 00:00:00
4d483bf690ca21bdc005df9b623673c7,80a6a8b570864a52a54462d82b6fb51f,delivered,2017-03-16 21:16:46,2017-03-16 21:16:46,2017-03-17 13:12:29,2017-03-20 10:32:31,2017-04-04 00:00:00
f18c6aa6a5d583e8ec36beaabb81d9a0,fa7ec8b2b45b5b6517357a5c5e82740d,delivered,2017-03-17 11:37:13,2017-03-17 11:37:13,2017-03-23 08:03:28,2017-04-03 09:34:26,2017-04-18 00:00:00
b7a194de2e14ca9f41580f8c6eb13660,b5e81700ea500023efd45a6f5683c230,delivered,2017-03-17 14:31:01,2017-03-17 14:31:01,2017-03-21 10:58:53,2017-04-05 10:20:08,2017-04-05 00:00:00
3ef3c976c86d9ea7e4758728a87732f0,43420e2e2af1b2b21dbaaea745dced95,delivered,2017-03-17 15:13:04,2017-03-17 15:13:04,2017-03-27 11:57:12,2017-03-30 12:33:27,2017-04-11 00:00:00
29124c072d8e7d7681a0bebfe267c67a,bc44c4c170767755c0321dc6aa1aa05b,delivered,2017-03-18 12:00:57,2017-03-18 12:00:57,2017-03-23 16:09:07,2017-03-30 14:37:29,2017-04-10 00:00:00
a994e6b51de39d9a263918e2b37c859e,31c11dc04a7d1ebdedc4cdb2571b289c,delivered,2017-03-18 15:15:05,2017-03-18 15:15:05,2017-03-20 09:06:14,2017-03-27 16:00:16,2017-04-10 00:00:00
b643582fcd5b151f498b5383a0195f33,84e743e64c00de51fbca1961b407c3e1,delivered,2017-03-19 18:17:53,2017-03-19 18:17:53,2017-03-21 15:31:40,2017-03-27 08:42:28,2017-04-13 00:00:00
2dafb4132a26189c56b5443762cba44e,83d4314403a6ecbafa4bb78d58299b94,delivered,2017-03-19 23:57:08,2017-03-19 23:57:08,2017-03-24 10:12:17,2017-03-29 12:48:33,2017-04-10 00:00:00
05cb67bde9e73ef4ed72519d1497e006,18b70c2620ae375bc887c4a472178764,delivered,2017-03-20 09:54:19,2017-03-20 09:54:19,2017-03-20 11:29:05,2017-03-24 10:21:37,2017-04-17 00:00:00
3a17fd4120bf394dc3968c52f703fe07,50d9df43bba18bb39591db6e0002a916,delivered,2017-03-20 11:01:19,2017-03-20 11:01:19,2017-03-22 11:54:41,2017-03-29 14:27:34,2017-04-10 00:00:00
99b504380657b5d582c36a7748f77842,84315a49a363c4a59cd3008559516696,shipped,2017-03-20 13:10:20,2017-03-20 13:10:20,2017-03-20 15:18:49,,2017-04-12 00:00:00
43e4d5ff99bd1ca2d1cecbbf81067f4d,23fd1057f419241e5e9307e2ce4b0b28,delivered,2017-03-20 19:49:13,2017-03-20 19:49:13,2017-03-22 09:53:06,2017-03-28 14:28:02,2017-04-06 00:00:00
b0cc2434ee3727e682222a0f745a5948,1a00c0fbcc12796d898b5b4a368ea94a,delivered,2017-03-21 11:30:09,2017-03-21 11:30:09,2017-03-29 09:19:27,2017-04-03 14:05:33,2017-04-20 00:00:00
20c2a60238ac437bd325af95c7148e06,65ae89abc9ee5d0923cc160953ac86ee,delivered,2017-03-21 11:39:45,2017-03-21 11:39:45,2017-03-22 16:14:23,2017-03-28 10:05:42,2017-04-20 00:00:00
b22d306e18b3b665d49f2ce7d060742e,2abf58739c3d54ee365a1e45045d593e,delivered,2017-03-22 17:33:15,2017-03-22 17:33:15,2017-03-27 12:07:47,2017-03-31 12:27:17,2017-04-19 00:00:00
33c011fdacf02b14181fcd81f4b5ece0,0c5ce79848f718f81dec0ee02829d074,delivered,2017-03-22 21:08:57,2017-03-22 21:08:57,2017-03-24 10:08:16,2017-03-30 12:28:05,2017-04-10 00:00:00
a0f9594b2c2253769e88d55a77a469c6,cb8ad7d435f596c86710e3a5ec531294,delivered,2017-03-23 20:06:13,2017-03-23 20:22:31,2017-03-24 12:25:30,2017-03-31 13:49:46,2017-04-20 00:00:00
1d03ab3055cbeb857235ddc26b6fc88a,efcff0dedc5aad0606ae815bbb9ccad7,delivered,2017-03-24 12:20:28,2017-03-24 13:07:25,2017-03-27 15:33:42,2017-03-31 11:44:46,2017-04-25 00:00:00
9b95554e4a79777fcb0168932c4a9522,84cf1452a953df8b88613e6faab1b40b,unavailable,2017-03-24 15:27:47,2017-03-25 06:42:54,,,2017-05-04 00:00:00
8219ae90c37589227838ee62848266ca,54b10e6a0f0385f3d3dd3e6f126043da,delivered,2017-03-25 16:27:41,2017-03-25 16:42:37,2017-03-28 11:36:20,2017-03-30 12:49:57,2017-04-20 00:00:00
9ae2615288bae316687074b5dfadaf46,66bedeedb8b2f83e37860634125050c7,shipped,2017-03-25 17:51:57,2017-03-25 18:05:08,2017-04-06 09:38:11,,2017-05-24 00:00:00
a17fec30c4ce5a766edee3f4c7701c0f,6b5ab683c44fe7723cc4dd9ad28ce19e,delivered,2017-03-25 19:13:03,2017-03-25 19:25:18,2017-03-31 14:42:20,2017-04-06 12:38:15,2017-04-20 00:00:00
afc1e4183307b101e5e2dbdd876a213f,16acc3d65525c4dbd79a188f57c821f0,delivered,2017-03-26 02:46:47,2017-03-28 03:43:41,2017-03-28 12:24:59,2017-04-19 15:53:25,2017-04-18 00:00:00
3da82f366802e4512789763543d67ee2,4beadf262af38001f057649e9438d9ac,delivered,2017-03-26 20:09:34,2017-03-26 20:22:29,2017-03-29 13:55:33,2017-04-07 12:42:27,2017-04-18 00:00:00
64a6930359fc275c86dcadea2086895c,01de8fdab9ccb256665253dab73c1509,delivered,2017-03-27 19:22:16,2017-03-27 19:35:23,2017-03-28 14:35:32,2017-04-07 14:25:35,2017-04-26 00:00:00
a434cfda13115168ed9fbb287031eff1,928d05fd0700122729f23765e85bbca2,delivered,2017-03-28 07:28:47,2017-03-28 07:42:31,2017-03-28 18:39:47,2017-04-20 08:58:23,2017-04-19 00:00:00
953a453190f96f0f32ea10b03af65a08,73736dc7e92f2dda66762d655cd24462,delivered,2017-03-29 09:17:02,2017-03-31 02:15:28,2017-04-03 16:09:11,2017-04-11 10:07:13,2017-04-25 00:00:00
a3bb66c7c27c79c21aeb788254e52626,8fbfb62a0a5abcb4573835d146b77c49,delivered,2017-03-29 17:44:04,2017-03-29 17:55:20,2017-03-31 06:10:13,2017-04-04 15:24:01,2017-04-18 00:00:00
64214eee33528e79cda8311c1a40d259,ad8e61b43475be715767337d38f95196,delivered,2017-03-31 10:21:22,2017-03-31 10:35:20,2017-04-03 15:38:50,2017-04-20 08:52:10,2017-05-03 00:00:00
16aaefde5d48ac55cb13be6353f9d415,c616dbff41c008fb0d5f5e7bb8e742ba,delivered,2017-03-31 19:14:54,2017-03-31 19:25:07,2017-04-03 14:55:06,2017-04-07 11:52:11,2017-04-25 00:00:00
9da02db988be4c6560597e90391a4cdc,b51ef2f9b84214cc18a0c1b6e2860a7d,delivered,2017-04-01 13:40:12,2017-04-01 13:50:17,2017-04-05 08:58:00,2017-04-10 17:55:15,2017-04-24 00:00:00
fdd2049f954806e2fe0d0bb830563035,d601c3396c4ce0fb5d5fa73400ab8c0b,delivered,2017-04-01 17:24:25,2017-04-01 17:35:13,2017-04-06 12:28:14,2017-04-11 15:32:55,2017-04-24 00:00:00
9e677b4bbd5d55506d4d8f1e5182dcb9,e5e2913c105c1f443f9f999e975900bd,delivered,2017-04-01 17:24:26,2017-04-01 17:35:11,2017-05-12 08:29:32,2017-05-13 09:44:45,2017-05-30 00:00:00
a5fec99e63565d20d4b127479d9947d4,f0a83115db332c34b1c6de134a47e025,delivered,2017-04-03 12:24:17,2017-04-03 12:35:36,2017-04-10 11:38:54,2017-04-17 11:48:16,2017-05-03 00:00:00
81939d40c8467167b0946455d61ca8a7,282e51b682bb8fb8064457522df17882,delivered,2017-04-03 15:58:35,2017-04-03 16:05:25,2017-04-06 10:47:48,2017-04-20 13:27:01,2017-04-27 00:00:00
4f26458e3155ac93aa479a6d3ab6f909,d4fd1b1267b39e94b38a282c2d80e7ae,delivered,2017-04-03 20:47:44,2017-04-04 05:45:26,2017-04-05 14:57:37,2017-04-10 15:05:05,2017-04-27 00:00:00
f1a96431843abf74cfdda6b6307971fa,6a670a778bea4407bae72f8e5c4e7ffd,delivered,2017-04-03 22:37:55,2017-04-03 22:50:17,2017-04-04 13:52:56,2017-04-06 15:33:07,2017-04-24 00:00:00
fa67f37b0eb6114117c4c0412aeaaf2d,93bbd148ee409937dec05943e6c27573,delivered,2017-04-05 22:18:04,2017-04-05 22:30:17,2017-04-06 08:48:05,2017-04-17 17:42:46,2017-05-05 00:00:00
934803b43ca04b1cd088ae5e65a5ae76,74b48a0bdefc8bedbfb04470914c9dce,delivered,2017-04-05 23:43:38,2017-04-06 01:10:13,2017-04-07 14:06:12,2017-04-18 16:38:07,2017-04-28 00:00:00
34fefcb94e75fb1b7a0cd863796ce6e5,04d00072237ea49b7decdfe6d22f98af,delivered,2017-04-06 10:25:15,2017-04-06 10:35:39,2017-04-07 16:15:53,2017-04-15 09:22:32,2017-05-02 00:00:00
5df11955c9e776e57bf66071651f6db7,28f6ea6858cfdf1b45f4a3623a6955e6,delivered,2017-04-06 10:54:02,2017-04-06 11:05:18,2017-04-06 15:43:05,2017-04-07 16:43:28,2017-04-27 00:00:00
e55b46bf1f7b0739a890db6c07478c9e,44d195c70ddbb47f1a0a3efa789b76d4,delivered,2017-04-06 13:13:35,2017-04-06 13:25:08,2017-04-11 12:27:58,2017-04-13 17:04:53,2017-05-08 00:00:00
a7144d3b7979d21c288cab0a459f7bf0,6250c0be552393dae4324dff902a56a0,delivered,2017-04-07 18:41:20,2017-04-07 18:50:17,2017-04-12 08:05:25,2017-04-19 12:53:40,2017-05-08 00:00:00
c2792ecd230f2d8f50741f6b37649fb1,6882c809bf72dedcfb767969eaf59ba6,delivered,2017-04-07 21:39:30,2017-04-11 04:02:06,2017-04-12 10:57:35,2017-04-18 13:04:51,2017-05-02 00:00:00
3a391869ded1afe6a2b03e4205aa9a2c,2b9ce46a222ca88284736ce346d405e7,delivered,2017-04-08 16:15:42,2017-04-08 16:30:11,2017-04-11 10:51:53,2017-04-17 09:40:12,2017-05-04 00:00:00
55314fbf301db20ce06d233511d4fdbd,bdd1272c1c37b3cce03f2c69d68448b0,delivered,2017-04-08 18:01:28,2017-04-08 18:10:18,2017-04-10 11:18:16,2017-04-22 09:47:12,2017-05-02 00:00:00
913677abacbcdc2b2f18b3ec362a0cdd,621c4375f33e843ba4111a6fc493fd0d,canceled,2017-04-09 11:42:18,2017-04-11 03:45:22,,,2017-05-16 00:00:00
bdf0dff2c16a74482f5ffce31586700e,ab98d2da5363a55f4c3fac106aa2ab8f,shipped,2017-04-09 17:51:22,2017-04-09 18:01:58,2017-04-10 08:04:44,,2017-05-12 00:00:00
e156efe18c91ba079f1b2d16ee45b4a0,e40062f086a32b25380806237e2d433f,delivered,2017-04-10 12:48:15,2017-04-11 13:05:56,2017-04-12 17:05:42,2017-05-06 11:42:10,2017-05-17 00:00:00
c915c070ee2f91af30208cd30cd0dee0,2ff074b1dbce2bc816bf81c3c820ba5c,delivered,2017-04-11 12:59:03,2017-04-11 13:10:19,2017-04-11 17:19:00,2017-04-19 13:22:46,2017-05-03 00:00:00
efacca5eaae8bd32666ea169089f3e59,35cc12371670f472b711f691ed7f6edf,delivered,2017-04-11 15:06:33,2017-04-13 20:05:16,2017-04-20 09:07:39,2017-05-09 15:17:30,2017-05-18 00:00:00
18af086e1527bd81145db05cf74a0188,d0dca9fa8ba474fb83bff280931f0bd1,delivered,2017-04-11 21:07:00,2017-04-11 21:22:24,2017-04-17 16:08:10,2017-04-20 14:27:26,2017-05-03 00:00:00
6dab6db52d5bc33fff997ca478ef2f5c,b83ce55fac1144714d63a72e62ed51e7,delivered,2017-04-12 11:02:29,2017-04-13 02:45:33,2017-04-13 16:49:05,2017-05-09 06:35:53,2017-05-16 00:00:00
d6d22504739cdf3c8ebce460d0a08199,c16e0e88c09984e5956c444275f35f67,delivered,2017-04-12 14:59:43,2017-04-14 02:45:56,2017-04-17 14:36:33,2017-04-19 15:30:16,2017-05-08 00:00:00
55e1aea2308e1c019ef7ea60766c5f7c,ee38123eeeb0786f8e6b186158a7b080,delivered,2017-04-12 15:36:54,2017-04-12 15:50:16,2017-04-13 11:51:29,2017-04-20 16:26:57,2017-05-04 00:00:00
72ef7195413663ba7dbe40abbdf02617,c2fde72b6ea882174c3b30c61bd65ebd,delivered,2017-04-12 18:02:52,2017-04-12 18:15:09,2017-04-17 14:47:12,2017-04-20 12:36:55,2017-05-04 00:00:00
a3a81e0b3771258744b5002e1ab03ee6,67755478d1f76b7e573bf3e70aaad22b,delivered,2017-04-13 00:27:41,2017-04-13 01:03:11,2017-04-13 14:56:40,2017-04-19 12:40:12,2017-05-09 00:00:00
e1215367814d0d82c496bf4c6b2ba6f7,fc39afc06082ea33d82e5c4b4c6e94d5,delivered,2017-04-13 20:08:10,2017-04-13 20:22:03,2017-04-17 10:50:46,2017-04-20 15:54:00,2017-05-09 00:00:00
fa4e39af0cabdc0f91adcba174a63b69,5fa845339b9bf6edcdf1e4bf4140cb8e,delivered,2017-04-13 23:47:01,2017-04-14 00:44:01,2017-04-18 14:48:53,2017-05-11 14:03:48,2017-05-17 00:00:00
b58cbfb87064005d62cb9fccbc720966,454cb2e166521abd12850178f0fbc238,delivered,2017-04-14 12:14:23,2017-04-14 13:05:18,2017-04-17 09:59:35,2017-05-07 13:46:51,2017-05-10 00:00:00
3e92efabf5eaa46e4ab7f20a10864785,4562a2d3bf681fef8f12d7c1c77a416d,delivered,2017-04-14 15:39:25,2017-04-14 15:50:14,2017-04-17 12:23:58,2017-04-21 11:19:10,2017-05-08 00:00:00
2053554187588f29cdeb57a88d331e83,64f9de1f6705de234abc7f84976a1a35,delivered,2017-04-15 23:00:32,2017-04-15 23:10:14,2017-04-18 11:24:49,2017-04-20 15:06:36,2017-05-08 00:00:00
a1b0796198555011b19eb375a001b2c4,650fc77c61193bcb71fa5d86793522f3,delivered,2017-04-16 10:47:39,2017-04-18 04:02:59,2017-04-24 07:04:20,2017-05-03 17:15:34,2017-05-18 00:00:00
20b99bf1ea8fdeca4e8f4872c584d0ec,537f48efc6a44c3400bb053ce4101847,delivered,2017-04-17 12:31:06,2017-04-18 12:44:01,2017-04-25 07:15:53,2017-05-11 10:42:25,2017-05-10 00:00:00
fe991211acd078df41a8c85aceadfb66,d75c87c0d73d2c58a72b8ae383404540,delivered,2017-04-17 13:52:21,2017-04-17 14:02:00,2017-04-20 09:33:13,2017-04-28 11:26:09,2017-05-10 00:00:00
94f94ebc2e26aeea2aa9e8945cb9fb0c,e00a5ec8d72cb3c5ed58f50fb1a55cbf,delivered,2017-04-17 14:31:24,2017-04-17 14:45:30,2017-04-19 13:53:09,2017-05-04 15:18:33,2017-05-10 00:00:00
7f3a98ba983d8671d25c8cbcae5e9ee1,fa26a55a2ee9fa2fd44b421a6e41e153,delivered,2017-04-17 19:55:27,2017-04-17 20:10:15,2017-04-20 11:04:10,2017-05-08 08:04:04,2017-05-17 00:00:00
d194fbbc2e37d685b6adbf21897ed49d,171345b7d45c10d2ff1a8cfc52c163db,delivered,2017-04-17 22:17:24,2017-04-18 22:25:18,2017-04-19 15:40:16,2017-04-27 14:51:43,2017-05-10 00:00:00
b25640291e5a59b69aa7a1e7096925bf,d10e34f0b33060cb2d99f93170da292b,delivered,2017-04-18 23:03:14,2017-04-18 23:10:20,2017-04-24 05:59:30,2017-05-03 13:22:32,2017-05-10 00:00:00
90a2ae3a8c450a4b8baba2fc8eb0fa59,f6b5c1255d74840ea920104295a66d0a,delivered,2017-04-19 11:32:09,2017-04-19 11:45:07,2017-04-27 10:33:46,2017-05-04 14:33:58,2017-05-23 00:00:00
a9b8ca11d1c4f895787b4503f3772706,1fef69d2c1caa29efde6334f753dc41a,delivered,2017-04-20 12:22:59,2017-04-20 13:06:13,2017-04-20 14:31:21,2017-05-02 17:45:05,2017-05-12 00:00:00
a04e5564f7cbcf78fee1ccaab8d3b0f2,3f83e6393c2e518068d45d536424ccba,delivered,2017-04-20 12:22:59,2017-04-20 13:06:24,2017-05-22 08:38:57,2017-05-24 11:12:30,2017-05-10 00:00:00
1017e188d93cee2c3292c71a98dbec38,861728f9a0d9bfa588e238e30a20e278,delivered,2017-04-20 17:17:29,2017-04-22 14:41:15,2017-04-24 14:43:10,2017-05-03 12:36:30,2017-05-16 00:00:00
d59d424384cb6fa0956cec1af3f179ac,26f4715ada42676902af0e22a0b091b8,delivered,2017-04-21 13:25:21,2017-04-21 13:41:47,2017-04-24 12:09:19,2017-05-06 10:44:04,2017-05-11 00:00:00
95cf53396116b5dd518b5ba1c11a0bb5,3b2e666d92ce663a2f35ba3a6bb5df6a,delivered,2017-04-21 19:31:13,2017-04-21 19:45:10,2017-04-25 13:08:20,2017-05-04 16:46:54,2017-05-19 00:00:00
1b797eb66e743460a6dd5afa1ad3c6f6,978add3f01a3dc2ded9cbf778d5e6109,delivered,2017-04-21 20:25:02,2017-04-21 20:41:34,2017-04-25 09:56:33,2017-05-02 14:17:47,2017-05-16 00:00:00
b84b9f8e6380570cdabdb0af246d6b9c,ef2632671769cd78a10d1deeca649078,delivered,2017-04-22 13:44:23,2017-04-22 14:01:12,2017-04-25 11:35:36,2017-06-12 14:39:40,2017-05-19 00:00:00
822430c455b49b1714466db2a15f4322,ba9624c6778d41f67dc8e228df61247e,delivered,2017-04-23 00:01:25,2017-04-24 00:45:24,2017-04-24 13:28:18,2017-05-09 14:15:12,2017-05-15 00:00:00
6605d4026bc07926d30228dc4de3f89c,cce86266bfd092e3938fe969666f1534,delivered,2017-04-23 12:21:06,2017-04-23 12:30:23,2017-04-24 08:46:41,2017-05-11 13:04:49,2017-05-23 00:00:00
d79b6cf112bad1936bd72b03f20909ce,d38521b8c94b38e74554395115ca5c2f,delivered,2017-04-23 19:31:30,2017-04-23 19:42:27,2017-05-04 14:22:19,2017-05-11 10:05:01,2017-05-30 00:00:00
a977d2aee8b0f8204693983195733cf9,fa807c8cddc512419cdf33e56c888386,delivered,2017-04-24 13:29:52,2017-04-24 13:45:08,2017-04-25 11:35:32,2017-05-15 14:51:30,2017-05-25 00:00:00
048d699adf41881d80ac3ed5f632a3aa,40b3bac8fe032b2ae6fa23cb2d614a89,delivered,2017-04-24 18:35:48,2017-04-24 18:50:19,2017-04-27 08:13:55,2017-05-08 10:26:04,2017-06-23 00:00:00
4821d5af4c2ac98b0f70e47c5d845520,ae1f2f01f136f0172bbceffa5d31613c,delivered,2017-04-24 19:57:30,2017-04-24 20:40:05,2017-04-25 11:08:27,2017-05-02 18:11:33,2017-05-15 00:00:00
715645f32042763c55a177d5460e0c38,0ff311b8f13804a95afa54e23c1cfb02,delivered,2017-04-24 20:41:52,2017-04-25 20:50:19,2017-04-27 08:04:34,2017-05-15 14:14:25,2017-05-17 00:00:00
a1d7522558e6fc188998886235fbf164,ca12a8820b7c20dead023c6604cd8f00,delivered,2017-04-24 22:28:44,2017-04-24 22:42:34,2017-04-25 19:05:06,2017-05-04 15:10:05,2017-05-15 00:00:00
0af646de6e8d7191b1020ec0a5defcee,084c12a2c5354ee5059c02f470e22aec,delivered,2017-04-25 15:34:13,2017-04-25 15:45:20,2017-04-26 19:46:03,2017-05-02 18:18:32,2017-05-12 00:00:00
9a87b7f9b871b4725233e41e08811caa,560c13ab2e56044eec5b75a29e759272,delivered,2017-04-25 16:36:37,2017-04-25 16:45:18,2017-04-27 06:46:52,2017-05-11 16:54:35,2017-06-02 00:00:00
4f13ee1d03583de54e86a2e4f640d0f2,dc6bbafb06f7a0beb4595125d0ea75ff,delivered,2017-04-26 08:14:58,2017-04-27 13:34:55,2017-04-27 12:55:54,2017-05-12 09:37:43,2017-05-17 00:00:00
56682efd6be4b8aaa662d4536084b09b,1562d6268e88c62bc715fb76f73c7b9a,delivered,2017-04-26 11:31:41,2017-04-26 11:42:42,2017-04-27 08:06:41,2017-05-02 17:56:37,2017-05-23 00:00:00
ae270175ffc265c84f5ce6a63c3a56aa,6bb04633db5504037783390c2aac8a37,delivered,2017-04-26 15:50:54,2017-04-27 10:03:08,2017-04-27 12:29:03,2017-05-05 17:06:32,2017-05-17 00:00:00
83f24bbc4f76a2730ba9c9cfa32e6d07,d49bac4ac7d77b956f2b185ab700fbf1,delivered,2017-04-27 09:09:44,2017-04-27 09:25:08,2017-04-27 13:47:44,2017-05-04 13:20:07,2017-06-06 00:00:00
298ee6136c29ce0b78bb3cc68591404a,99907fb65062e52496e146648f921649,delivered,2017-04-27 10:29:07,2017-04-28 11:45:43,2017-05-02 10:52:14,2017-05-06 06:42:13,2017-05-30 00:00:00
e4792daf8d9ddb74de6985c5d6980409,f26ab0f57449753ea2109ca8b35d1034,delivered,2017-04-27 14:00:44,2017-05-02 23:32:29,2017-05-05 12:23:45,2017-05-15 09:07:51,2017-05-29 00:00:00
104d1e3a6ba2bf9d8856a54af9c6c681,b4cabef1eab077e32afbd42629185a7d,delivered,2017-04-28 16:08:55,2017-04-28 16:22:48,2017-05-02 14:23:24,2017-05-09 18:10:09,2017-05-24 00:00:00
3516e5d5f67c23496363aa89756c4cba,bca98cba3540b3b6f3f3a9ea5aa3f62d,delivered,2017-04-29 12:09:43,2017-04-29 13:03:41,2017-05-04 14:50:46,2017-05-26 07:04:44,2017-05-25 00:00:00
fa3b973e0d6218a2905cf9808c158794,ded41dd5d45a3f9b3d2d5bd45d0e9854,delivered,2017-04-29 22:56:36,2017-04-29 23:05:15,2017-05-02 14:11:44,2017-05-18 16:33:19,2017-05-25 00:00:00
57e89dc6246f64c869d73f264a6e505b,c61835842a958b8362ddbc1051a0c0e6,delivered,2017-04-30 16:26:09,2017-05-03 11:43:06,2017-05-04 15:46:03,2017-05-17 16:22:05,2017-05-24 00:00:00
0cf2af331f55382bd5698864658e73f0,bceaf8b12a79028075da3b7a36f1d6e7,delivered,2017-05-01 14:19:12,2017-05-03 11:43:07,2017-05-03 13:34:35,2017-05-20 09:02:28,2017-06-02 00:00:00
4d43556083ebb5d85e8a49e87730add6,f0a88549dc79279163f18562c41ce81f,delivered,2017-05-02 06:49:31,2017-05-04 11:42:49,2017-05-04 18:47:49,2017-05-12 13:44:24,2017-05-25 00:00:00
76c077c302894d52a9cecbb6bc322b24,563e9c2a3c5061cdbdf8cb6f828cd165,delivered,2017-05-02 15:56:35,2017-05-03 11:50:18,2017-05-03 13:22:51,2017-05-08 07:37:51,2017-05-23 00:00:00
ff3a45ee744a7c1f8096d2e72c1a23e4,bb308532dc44f5973cd2caf17d15bd8c,delivered,2017-05-03 07:08:50,2017-05-04 10:15:19,2017-05-05 10:34:52,2017-05-15 10:13:46,2017-06-05 00:00:00
98b59311f54a330a4abb1037b2a1449e,a68c9c1280d2f3b3ba772e0efe9d1468,delivered,2017-05-03 16:47:54,2017-05-03 17:02:31,2017-05-09 15:58:09,2017-05-20 11:48:05,2017-05-26 00:00:00
ed5c580433cad6ca57016a2c8a3f4d60,4fb53ef162c5f695374c349151f164e9,delivered,2017-05-03 23:09:29,2017-05-05 02:23:07,2017-05-05 14:48:03,2017-05-15 16:47:35,2017-06-05 00:00:00
0dfc5762a0ff5c737811e18023883a86,02735ed0fa102eb7d85ff54982e7905a,delivered,2017-05-04 08:38:54,2017-05-04 08:45:23,2017-05-05 11:27:56,2017-05-17 10:27:32,2017-06-09 00:00:00
ec8e9a10b613682c45e614fd392bb666,2986e0dcdf8b36c8fb8a591504ddb0aa,delivered,2017-05-04 11:01:02,2017-05-04 11:10:18,2017-05-04 11:49:26,2017-05-16 08:33:55,2017-06-16 00:00:00
3befd8331efa9255d2e09585a7042fc3,ba782bf15a4782b63af55d710f1864e6,delivered,2017-05-04 13:49:23,2017-05-06 02:22:50,2017-05-10 10:04:30,2017-05-24 14:27:59,2017-06-13 00:00:00
dd0488bddbf592ba7d9855279f65af62,0994f4004d043a6b92949b75744e0e52,delivered,2017-05-04 19:15:42,2017-05-05 22:02:34,2017-05-09 07:52:10,2017-05-18 17:17:44,2017-06-01 00:00:00
f31dd475a9e762d3b7b023b77d03a8e1,878bf7754a5b3f732a8b6c3d5621e2ff,delivered,2017-05-05 18:54:54,2017-05-05 19:10:06,2017-05-10 09:54:39,2017-05-16 09:32:35,2017-05-30 00:00:00
cad42b09c7b0a54df0097a65da14d324,516034d1679bb8a6ea490edb5343c0e4,delivered,2017-05-05 19:06:14,2017-05-05 19:22:20,2017-05-08 11:42:11,2017-05-13 12:12:21,2017-05-30 00:00:00
d4d7c1beb2c6dc87bb984a3179558ac4,e47110abdbd56729270e9c2a8c552a72,delivered,2017-05-05 20:59:41,2017-05-05 21:10:13,2017-05-09 12:12:09,2017-05-18 09:46:39,2017-06-07 00:00:00
9b11f3c4f8e84ce1374d64914b6a00b0,a9c0084d26d27e5606169d2ba260bba3,delivered,2017-05-05 21:07:46,2017-05-05 21:22:22,2017-05-08 11:44:14,2017-05-13 11:21:59,2017-05-30 00:00:00
1ab73bf6573a454e2ea4a88dea0ba430,62df31b53c3ec1fe05062ef34e35f2f4,delivered,2017-05-06 11:54:20,2017-05-06 13:01:19,2017-05-09 07:25:55,2017-05-22 13:42:28,2017-06-05 00:00:00
5fb669725665771911c8ecc187870553,6be3dedf61ef41f55430dc20f3d64899,delivered,2017-05-06 17:35:28,2017-05-06 17:45:15,2017-05-09 09:36:09,2017-05-16 09:04:34,2017-07-07 00:00:00
faf87806481a087a5380b61974971f90,f0de8fe1922665df9ea965006387a423,delivered,2017-05-06 23:03:32,2017-05-06 23:15:09,2017-05-09 12:17:23,2017-05-16 15:13:53,2017-05-31 00:00:00
b12e5d725658a4566286153c51727af2,2312b7bbf7f097b43ba5e3feb3429f59,delivered,2017-05-07 13:05:13,2017-05-07 13:15:17,2017-05-10 14:51:01,2017-05-17 15:17:51,2017-05-29 00:00:00
65dd9664feba93680da24da77168ad7b,226152ac481f0b29cd416d4028f64224,delivered,2017-05-07 17:42:39,2017-05-07 17:50:21,2017-05-12 10:18:08,2017-05-29 08:03:25,2017-06-21 00:00:00
ad9a8214948a5bbd4fa03af2ea598a20,921e7175793c295e163d9bd7c8b1c1ee,unavailable,2017-05-07 21:27:38,2017-05-07 21:42:10,,,2017-05-31 00:00:00
6ed97d236b7eb297787b4002f3efee17,d6d256a476e32cfc2b4b0bb56142c7df,delivered,2017-05-09 08:08:31,2017-05-09 08:22:06,2017-05-09 10:07:36,2017-05-12 15:22:57,2017-06-01 00:00:00
b2a04f1e9c3932855c266b1c8ba7b7c5,2c08cc5dfb684e0bb4d3846b3171f81b,delivered,2017-05-09 08:42:15,2017-05-09 08:55:14,2017-05-10 17:31:09,2017-05-19 10:55:52,2017-05-30 00:00:00
419c1fa500ceff6a8d5ee78cf19d2a6d,97aa9c5cc26befddd36f8a548e8ba0f0,delivered,2017-05-09 15:22:24,2017-05-09 15:30:24,2017-05-09 15:58:15,2017-05-16 23:57:18,2017-05-29 00:00:00
814f83a0c457db5d3220e5e7367a944d,0d45bdea2b7f24d31d6d7da7a8c12d0d,delivered,2017-05-09 17:54:17,2017-05-09 18:10:09,2017-05-11 12:28:34,2017-05-17 06:51:59,2017-05-29 00:00:00
0e3ec3c17b64c6cc7bc01bba21e7afdf,493bfba5a986ce7c846f7c2b5a308ed4,delivered,2017-05-10 16:20:36,2017-05-10 16:30:12,2017-05-17 10:03:46,2017-06-08 05:47:38,2017-05-26 00:00:00
544238f04f24765a69670a0195dc23c5,51b96673c2c4c07c3290326bcc6d2fb7,delivered,2017-05-10 22:44:43,2017-05-10 22:55:16,2017-05-11 21:17:44,2017-05-19 14:48:09,2017-05-30 00:00:00
a8ff452116db2ff4a2963f490afe5471,b3867c14ee9a7d0daecb27c1bba54db3,delivered,2017-05-10 22:45:48,2017-05-11 03:50:20,2017-05-11 13:17:59,2017-05-16 09:23:36,2017-05-30 00:00:00
782d3bc431fb7dfe50633f53fff4ac62,896989a5e9110fb3c1301a9f5ae7ee93,delivered,2017-05-11 11:03:40,2017-05-11 11:15:18,2017-05-17 12:36:40,2017-05-18 11:47:50,2017-05-19 00:00:00
8a5631237c1d8626971f2867b25c076e,3e6ed5c2c1fc1db541037c7d9577d675,delivered,2017-05-11 14:52:11,2017-05-12 15:02:41,2017-05-15 13:58:22,2017-05-23 11:47:56,2017-05-31 00:00:00
5b564ae719f89063362d24f1729d7ca2,7ee5f19c7369b67e6b814185b1051b53,delivered,2017-05-11 18:05:18,2017-05-13 12:14:52,2017-05-16 11:36:20,2017-05-17 09:12:45,2017-06-02 00:00:00
f199cd14cb3f15b4b30dd5b94dcb7cc1,f5db449b110e71d49c2d70fafdb26f36,delivered,2017-05-12 12:50:18,2017-05-12 13:11:02,2017-05-16 08:47:30,2017-05-22 12:03:03,2017-06-13 00:00:00
10cba0be7bc27288b512d87a719b97e5,5e7f31c7eb308dde013b9cd6f31ac8bb,delivered,2017-05-12 15:01:20,2017-05-12 15:10:17,2017-05-15 14:39:40,2017-05-16 18:21:37,2017-05-22 00:00:00
f186d03d544280e8b47474d4ca836ac5,e9834259b7af39831ea294e02ea07a54,delivered,2017-05-12 15:34:02,2017-05-12 16:02:40,2017-05-15 11:53:57,2017-05-18 09:11:41,2017-05-22 00:00:00
6053546de45b3aa8422ee0020b1a2da4,a0321a8ae1027f1f4740410953baf258,delivered,2017-05-12 20:44:21,2017-05-12 21:25:18,2017-05-15 13:10:22,2017-05-25 08:25:56,2017-06-01 00:00:00
0168a7f186c1f066748d15d8c51f489a,ace839d3162a61fdbd51b08fc3e60a39,delivered,2017-05-13 18:14:49,2017-05-16 03:25:21,2017-05-17 11:51:01,2017-05-18 10:18:07,2017-05-24 00:00:00
5010ab6b12449f4912c2aa83c16bf2bc,3a11b365f9dc63f1bb29092b36b9add1,delivered,2017-05-13 22:01:22,2017-05-13 22:15:10,2017-05-17 11:50:01,2017-05-23 10:34:59,2017-06-05 00:00:00
24d9966e0448b19c57091951a299c0c4,f8cefb56f4cda0d4bb72f22a1c3e0961,delivered,2017-05-14 21:17:41,2017-05-14 21:25:18,2017-05-16 12:16:59,2017-05-22 12:46:10,2017-06-02 00:00:00
ed1acc924e85e293849485a9d5dc3498,64b4f796f321357d2ce61f511da7f73a,unavailable,2017-05-15 10:54:23,2017-05-17 03:45:23,,,2017-06-02 00:00:00
c2efd7dd7ea9e5bad9dffbb89653491d,30f0b55f10d0ee3b0b63d9111350e27c,delivered,2017-05-15 17:41:58,2017-05-15 17:55:17,2017-05-18 12:12:43,2017-06-06 21:34:28,2017-06-12 00:00:00
a8f5a2b22f55e0af45b300929d1fdc7d,6e359a57a91f84095cc64e1b351aef8c,delivered,2017-05-15 17:58:25,2017-05-15 18:10:18,2017-05-16 15:41:37,2017-05-19 11:10:11,2017-06-06 00:00:00
cedce2be74a9e660cec99d6f9c6674f3,664ef02a3eab1689df1c0c19eb1e4859,delivered,2017-05-15 18:46:53,2017-05-15 19:02:38,2017-05-17 16:15:22,2017-05-24 11:50:00,2017-06-12 00:00:00
c91bb9b296c26b316c8acead6501905a,c4fde97f6e821ddc92b2c39c7c77b95e,delivered,2017-05-15 19:27:13,2017-05-17 03:55:27,2017-05-19 11:22:27,2017-05-31 14:55:47,2017-06-06 00:00:00
27da527c266684c5bfb86fc601060406,950dfc01056942c9da37e17fe1ab71e1,delivered,2017-05-16 00:42:03,2017-05-16 01:02:32,2017-05-16 10:19:12,2017-05-22 09:45:58,2017-06-06 00:00:00
c083067a0c4c5dc8446fb1a11b345cb4,45b8f5bfe9e0fab4b062dcebb91615ec,delivered,2017-05-16 16:37:16,2017-05-18 02:15:30,2017-05-18 15:15:57,2017-05-24 11:47:48,2017-05-31 00:00:00
3ed44f394dcafefbeb7377f0450ba269,7fddcb57b072d265db33f4c805bbfbc2,delivered,2017-05-16 17:21:14,2017-05-17 04:05:25,2017-05-18 08:14:47,2017-05-24 08:03:55,2017-06-07 00:00:00
358001862da7e31fc81214650e2f134a,2b103a43381968b2d869df1c7da16dde,delivered,2017-05-16 17:53:26,2017-05-16 18:05:20,2017-05-17 08:51:03,2017-05-22 11:25:07,2017-06-07 00:00:00
505d775eb158590af72d04189474e23c,45acf97b168ec16f75b8e504e62451a4,invoiced,2017-05-16 20:36:18,2017-05-16 20:50:13,,,2017-06-09 00:00:00
809c4ebcc270057a021dc813195717e3,b619645cc9bbb180e825d6416202e380,delivered,2017-05-16 21:37:14,2017-05-18 02:30:31,2017-05-23 09:21:25,2017-05-25 10:09:42,2017-06-08 00:00:00
4c7c07c668cc6ddf5697998d547e6d41,2f872f096da0cb0bd7ac1d63e3bdcf03,delivered,2017-05-17 11:44:15,2017-05-17 11:55:11,2017-05-22 04:17:52,2017-06-05 12:23:45,2017-06-21 00:00:00
7ab64f42a8f9ab290e920eed320d7e60,0e8a675c17fd0098a9ba9cf466d8012b,delivered,2017-05-18 09:20:28,2017-05-19 02:35:18,2017-05-19 09:12:21,2017-05-26 07:49:06,2017-06-09 00:00:00
d66702922aef0a934935edfba929e95a,1664bcafea1725d052fef88e918bf61a,delivered,2017-05-18 12:30:37,2017-05-18 13:10:17,2017-05-24 09:59:54,2017-06-06 09:05:09,2017-06-22 00:00:00
7f8627b25121727150b46207617a168a,a47974ac6596398820508728a779e2df,delivered,2017-05-18 22:42:50,2017-05-18 22:55:18,2017-05-22 13:09:26,2017-06-02 13:51:29,2017-06-09 00:00:00
cd3f1c4c9d4aaf1ea8940fbb22adced5,3921e420e5646a7e636ac3c2b6334136,shipped,2017-05-19 11:30:48,2017-05-19 11:42:56,2017-05-19 12:59:26,,2017-06-14 00:00:00
943eaec3487658de2dc5291e9c051e51,71cb151e6607a5f3d56935c7c2e5f4ed,delivered,2017-05-19 11:43:01,2017-05-19 11:55:23,2017-05-19 13:20:50,2017-05-24 10:34:16,2017-06-12 00:00:00
d367a93b215e8828942054fc3799c834,0b990a3550b758bda642b10c7ff76cf0,delivered,2017-05-19 19:04:14,2017-05-19 19:25:23,2017-05-23 12:35:32,2017-05-24 06:51:23,2017-06-01 00:00:00
204c3a076103a93b98207df2faeb6b4c,c908a3e881a6b1e45aba3336b478f445,delivered,2017-05-21 08:00:00,2017-05-21 09:10:28,2017-05-23 15:53:43,2017-06-07 12:44:59,2017-06-21 00:00:00
148988b3acaa4d165fe1b3cfeff74a1f,8e7acd795f393bba117941db9fbbe18d,delivered,2017-05-21 08:00:06,2017-05-22 10:42:04,2017-05-23 12:34:14,2017-05-30 08:11:54,2017-06-13 00:00:00
d0e7c11999696d6e68df274547d2bd99,47c285be8b7e2871b65807d42e6827df,delivered,2017-05-21 15:02:39,2017-05-21 15:40:06,2017-05-23 14:42:07,2017-05-24 08:25:34,2017-06-02 00:00:00
bc3b36d86572b02655327f69e10504d2,1f70a80f868007f831cc34cb92c7791b,delivered,2017-05-21 17:43:10,2017-05-21 17:55:14,2017-05-22 10:06:34,2017-05-25 08:59:57,2017-06-26 00:00:00
bea1d77e861b4f44276f02d599d25705,7ea4dc55434223bffb2bb27163c60d80,delivered,2017-05-22 14:21:42,2017-05-22 14:30:11,2017-05-23 08:45:25,2017-05-29 07:49:37,2017-06-21 00:00:00
30eefcc39df18702a6f28ff1a98a0a61,673f9007d15b360bf5b259a7dd9057c7,delivered,2017-05-22 15:46:17,2017-05-22 15:55:19,2017-05-23 13:36:54,2017-05-31 15:29:49,2017-06-22 00:00:00
24bfe29693d0dbabd5e08b3b3bf1064c,c015a1e9dfe7e60a802b1e3bdc882e08,delivered,2017-05-22 20:40:26,2017-05-24 10:30:13,2017-05-24 11:45:56,2017-05-29 08:36:02,2017-06-22 00:00:00
c24a00c414738de9ee6121f179ebba9c,1c40682a425bf050f6d2d827d4bf2c3a,delivered,2017-05-22 21:16:37,2017-05-24 02:55:28,2017-05-25 13:56:28,2017-06-01 10:33:44,2017-06-20 00:00:00
06eda05597492635e3b91e00aa434332,0d50609a16197a4158052601ce51d830,delivered,2017-05-22 23:20:39,2017-05-24 03:05:27,2017-05-24 10:07:21,2017-06-01 12:51:31,2017-06-13 00:00:00
04211073930bd30b88b8170431a071ed,2f79ca5a979f66eb36747f4b354be942,delivered,2017-05-23 08:19:35,2017-05-25 02:55:16,2017-05-25 09:31:02,2017-06-02 15:54:50,2017-06-14 00:00:00
ce243573aa83a8e70bb99ca6133a210e,bea5d4b394a04f4303917b761d701115,delivered,2017-05-23 16:12:26,2017-05-23 16:23:09,2017-05-25 08:39:27,2017-05-30 11:23:56,2017-06-14 00:00:00
f561e528dd0491e6fd42ba9b07958979,72533a8487a20d8d6528e7a12c46841b,delivered,2017-05-24 19:14:25,2017-05-25 02:50:16,2017-05-25 08:55:55,2017-05-26 13:08:44,2017-06-06 00:00:00
6defcba2f5df4f21c16be676addd3ce7,301bb7f7306732397e9e0a1c614b397e,delivered,2017-05-24 22:42:55,2017-05-24 22:55:11,2017-05-26 10:35:16,2017-06-14 10:34:23,2017-06-13 00:00:00
d0d6f28c88378bb68aaed959896a43f5,2b9c116002450946e5c8989cca3b6353,delivered,2017-05-24 23:57:42,2017-05-25 01:25:27,2017-05-26 09:58:28,2017-05-29 14:32:24,2017-06-09 00:00:00
28583c5f21217c9d51f9578b37a4b224,de7e11286b6aa5ad93fc02addbb32387,delivered,2017-05-25 09:46:06,2017-05-25 10:03:00,2017-05-31 16:00:28,2017-06-14 15:16:06,2017-06-19 00:00:00
d16f8ec8edbb1c3652f142cc60042a86,ccab16a93f386fab2c64bdaf71cbe1e2,delivered,2017-05-25 11:52:24,2017-05-25 12:10:05,2017-06-06 12:10:51,2017-06-07 15:22:27,2017-06-16 00:00:00
e4aac63ea6f6b75b6d91ead05207fb43,9aa2c4bac83761140a8703ebdf9e49bd,delivered,2017-05-25 12:51:37,2017-05-25 13:05:42,2017-05-31 11:35:26,2017-06-02 09:44:29,2017-06-07 00:00:00
282798d3d9e90c0c2c02697bdb07b839,03ae9ed4f94758b2d7b66356b797add4,delivered,2017-05-25 18:50:08,2017-05-25 19:02:24,2017-05-26 10:30:12,2017-06-05 17:32:11,2017-06-23 00:00:00
94a4b177f8c0189f23514b5390fb396f,b8951e5d16903e6458ab37f71d9fba0e,delivered,2017-05-25 21:25:09,2017-05-25 21:35:17,2017-05-26 10:22:13,2017-06-01 16:53:54,2017-06-19 00:00:00
2f246ee329fce6932458bc7a10625d2a,45f9053fc8b24a6d5afa05b6d1b330ab,delivered,2017-05-26 18:35:51,2017-05-26 18:45:10,2017-05-29 09:37:28,2017-06-09 08:26:30,2017-06-28 00:00:00
4f61042cd85285c68606c18b44a1b13a,c2c28bc5d6302d53fa45f5e2c69aac3f,delivered,2017-05-27 10:14:17,2017-05-30 04:30:36,2017-05-31 12:04:00,2017-06-02 14:48:02,2017-06-23 00:00:00
a5f8439f1e560659a492608e370ecde2,e548277911829ffe81aac2b4407de701,delivered,2017-05-27 14:03:20,2017-05-27 14:15:16,2017-05-29 09:30:43,2017-06-03 09:20:19,2017-06-21 00:00:00
0ccb884361ec00003176dab0ea647f59,98a2d594a64eb5fea6f4eba1a5fd7041,delivered,2017-05-28 11:13:23,2017-05-28 11:25:11,2017-05-29 16:38:47,2017-06-01 11:43:48,2017-06-19 00:00:00
2f4f4e713ba94c2880bd26d5adb142e1,5f95660fe02859083a84e50cc6a23f48,delivered,2017-05-30 09:53:32,2017-05-30 10:05:20,2017-06-06 05:49:35,2017-06-16 15:17:36,2017-07-07 00:00:00
2b7c0e3fb7de6dc7f388783e33800777,8106b3528fbf066b77aaed82346c0d32,delivered,2017-05-30 19:25:56,2017-05-30 19:50:07,2017-05-31 13:35:21,2017-06-12 14:59:45,2017-06-30 00:00:00
ecae73914f65a01db35cc609281364ef,d19ac15829280ea8c8f870d7e2d49fb1,unavailable,2017-05-31 09:52:11,2017-05-31 10:03:24,,,2017-06-26 00:00:00
cbd1b65ad17e5be3c2c8dd66d0e581a2,bfe79f9f71b7875319f353101fa53a3e,shipped,2017-05-31 09:52:22,2017-05-31 10:03:22,2017-05-31 15:56:57,,2017-06-26 00:00:00
1e43fdb774abdae4d882174e2f08e495,aa3786278a1e9d945489c70d6fbe39ff,delivered,2017-05-31 17:28:35,2017-05-31 17:42:41,2017-06-01 14:42:24,2017-06-07 16:16:46,2017-06-21 00:00:00
af1c0dc1f2cdfc4a74069019fe837717,1ef032b4ed8ab648ae7f436aa2c3216d,delivered,2017-05-31 17:36:48,2017-05-31 17:45:14,2017-06-02 11:15:50,2017-06-12 14:46:44,2017-06-29 00:00:00
5edee244fe02fdbeb9a2d97a4e8cf17c,115c455ac3a2dc3e5c81ea3da5659c33,delivered,2017-05-31 21:53:32,2017-06-02 04:33:46,2017-06-06 14:21:10,2017-06-13 16:22:10,2017-06-27 00:00:00
e13d1b8079da63aa71fa8ad68b3c3586,5ee4cc1b4dedc9348f723426dc534c3f,delivered,2017-06-01 10:40:20,2017-06-01 10:55:12,2017-06-02 11:43:42,2017-06-08 12:37:49,2017-06-29 00:00:00
0a8f8c393d9dbc5901daf7d157afc427,0389344fcfa1b39110fe6943f8abcfad,delivered,2017-06-01 16:10:28,2017-06-01 16:25:28,2017-06-05 13:21:41,2017-06-14 11:43:20,2017-06-28 00:00:00
4ff17917a5050a11678d9af3fb12ef57,9a38416b70621c73c76690a5cde38c0b,delivered,2017-06-01 17:05:44,2017-06-02 04:23:13,2017-06-02 14:33:24,2017-06-25 10:36:23,2017-07-05 00:00:00
98f75acaf1c9b0c2424f3b0fc6a22bdc,30f82c0ee854f242de987b4f2390aa95,delivered,2017-06-02 10:26:34,2017-06-02 10:35:11,2017-06-02 15:14:00,2017-06-13 12:52:15,2017-06-27 00:00:00
6f4452481a003461b40a81ffa3605ac6,35da1bb3d702118ffa90db700d531c35,delivered,2017-06-02 13:31:49,2017-06-03 02:30:20,2017-06-05 14:45:29,2017-06-07 17:36:17,2017-06-20 00:00:00
08e5962f7b156426e52078f8504e9b9e,5a4b54cb9d4df46629f60281d0d001ef,delivered,2017-06-02 17:12:42,2017-06-02 17:25:07,2017-06-03 08:03:06,2017-06-17 10:12:17,2017-06-30 00:00:00
fb66a068381c1be27f5ad0a25309d424,9ee3468ed569fbaa40a3a3102f1e8a51,delivered,2017-06-02 19:34:55,2017-06-02 19:45:20,2017-06-05 19:17:03,2017-06-21 17:42:18,2017-07-17 00:00:00
8553cd91f67faa93fd2aa45148bcc3c8,f882aaf28af48842b1ca318f520f443c,delivered,2017-06-03 10:47:56,2017-06-03 11:02:59,2017-06-06 17:45:22,2017-06-12 15:22:27,2017-06-26 00:00:00
e387acf12982c1b307ea89d69c292345,82d27dfab5d50815436721c1fa587182,delivered,2017-06-03 12:37:02,2017-06-03 13:05:37,2017-06-08 15:41:36,2017-06-19 18:37:49,2017-07-04 00:00:00
8b888647a2115442e3a034d649699df7,fd23695e0d517c34af14f966b662f25e,delivered,2017-06-03 14:27:54,2017-06-03 14:42:21,2017-06-05 14:46:30,2017-06-14 15:26:55,2017-06-28 00:00:00
6478538d03095a03a2562a4fa6a658f6,2205062cf6fcb1d20614d865945329da,delivered,2017-06-03 15:43:37,2017-06-03 15:55:20,2017-06-05 16:10:11,2017-06-07 14:26:58,2017-06-19 00:00:00
0dfb6682877b58ca5105919c6cd2b741,97d3d42d95f911ec3a7bce4937ad5832,delivered,2017-06-04 14:38:36,2017-06-04 14:50:15,2017-06-05 12:56:19,2017-06-16 15:33:10,2017-07-04 00:00:00
f204f70875d6c6b3ef8858487847fec4,e8197f1806f51f75f725632fe03007fc,delivered,2017-06-04 15:51:15,2017-06-04 17:05:09,2017-06-05 13:45:27,2017-06-14 18:28:02,2017-06-28 00:00:00
f9d5bfb53147f381e81b89a848e26b16,a5f29fa52fe06844c85996c91c3f1d02,delivered,2017-06-05 14:15:53,2017-06-05 14:25:19,2017-06-06 11:38:40,2017-06-19 14:23:48,2017-07-04 00:00:00
2f336c3bd8fa1208e968bb0601eb8b92,d35b53d23b85638c39dd9d4e6a51f36a,delivered,2017-06-05 14:20:36,2017-06-05 14:35:20,2017-06-06 09:06:46,2017-06-07 16:26:24,2017-06-19 00:00:00
fc79d61f2a305370fd69ee2c8048d5af,0c838ef80e244083eebe4db0da227bb2,delivered,2017-06-05 18:47:22,2017-06-05 19:02:26,2017-06-06 15:28:29,2017-06-13 15:11:05,2017-06-30 00:00:00
a6401d6c8f6d0df7821a17a628c1f36a,d1fcef8497d8467278fbf8b1a4c980da,delivered,2017-06-05 21:10:43,2017-06-05 21:25:12,2017-06-07 16:16:35,2017-06-13 13:20:23,2017-06-26 00:00:00
64cc5ef24e102ee02c47f7a1967b8d27,9f0534f3d0fb02a05113bfdda441c899,delivered,2017-06-05 22:37:25,2017-06-07 02:45:30,2017-06-07 13:00:44,2017-06-14 11:20:02,2017-06-26 00:00:00
1593ad9516af3ed6b4bfa1769d77f0b0,1f2cf3515947f2028f8ba89c02499760,delivered,2017-06-05 23:26:27,2017-06-05 23:35:18,2017-06-06 15:04:25,2017-06-19 18:52:48,2017-06-28 00:00:00
5e3f975c4be17dfadd26987a66fd8061,964ebd7e857274053c42c942c13be832,delivered,2017-06-06 12:14:02,2017-06-07 09:55:16,2017-06-21 10:05:30,2017-07-04 14:45:49,2017-06-27 00:00:00
cc80e8ed42d1d4ac3dbe8e800672d01c,9553d51cd9913b2976ba7c1ccc4e4f09,delivered,2017-06-06 15:01:03,2017-06-06 15:15:18,2017-06-08 16:58:11,2017-06-14 13:55:00,2017-06-29 00:00:00
36beeab200d5cfc98103d1fe0b00669d,4832d444151b8c5bc742398ef2976be1,delivered,2017-06-07 09:34:22,2017-06-07 10:02:30,2017-06-13 07:45:52,2017-06-22 17:38:00,2017-07-12 00:00:00
fc55691eabf7bd6d38e8d49b4cdd8629,03a7ec15e921e602f51a834e5be50b4f,unavailable,2017-06-07 13:22:49,2017-06-07 13:35:13,,,2017-07-10 00:00:00
3ec2bc5de0fe81f5d14adb115df88e36,b879b2edd80f3988171c661574f0dd13,delivered,2017-06-07 14:11:58,2017-06-08 02:45:37,2017-06-08 13:34:01,2017-06-17 09:09:36,2017-06-21 00:00:00
d10d073e94c144befb776edab73b84b8,c660b4750bea299993849b1b8d388687,delivered,2017-06-07 15:29:14,2017-06-07 15:42:23,2017-06-08 13:06:22,2017-06-09 14:27:42,2017-06-29 00:00:00
071a4b7cb627e6acfcbde9c7ec233893,65e76b6196e163f93011170f498258b6,delivered,2017-06-07 16:32:26,2017-06-07 16:42:30,2017-06-08 15:47:47,2017-06-16 11:07:01,2017-06-30 00:00:00
cd3d84e6743d5f2e14233c017e9bd10a,3de7da4ef84ac238c26ed09b06c7e792,delivered,2017-06-07 21:40:50,2017-06-07 21:55:17,2017-06-08 17:33:14,2017-06-13 12:08:10,2017-06-21 00:00:00
d99b88619176350e49d910a4e548b951,fdcba9554f904055165fa9ab9058fd04,delivered,2017-06-08 11:09:37,2017-06-08 11:30:18,2017-06-08 13:19:30,2017-06-21 16:42:56,2017-07-05 00:00:00
5f9e345bd69028860ff1b6a72c26dc45,93168e8e25b26fa8eef878cc62adb380,delivered,2017-06-08 17:42:20,2017-06-08 19:20:21,2017-06-14 07:49:00,2017-06-22 11:37:55,2017-06-29 00:00:00
af42a8855a3f0b15c3878111efa19ba6,c631648416d171bac17536b0e588cc93,delivered,2017-06-08 18:45:48,2017-06-08 19:20:10,2017-06-09 12:34:16,2017-06-19 11:04:13,2017-07-03 00:00:00
96c4604cd628d2deeba98d012743a455,ce6b160f2d93188fdd18287c6f4d2aaf,delivered,2017-06-08 21:06:41,2017-06-09 23:33:48,2017-06-16 13:37:50,2017-07-04 16:11:21,2017-07-13 00:00:00
bf593abe2928b23b60cee1ff3471a4dd,9deff18f168c804c9ef00f47ccb2f6c4,delivered,2017-06-08 23:17:57,2017-06-08 23:25:16,2017-06-09 11:18:16,2017-06-16 12:51:59,2017-07-06 00:00:00
44440fdd29ac17b06eb5c690b95d19ed,a64419c8fdc7dd35d0a4464d48f70134,delivered,2017-06-09 13:14:16,2017-06-10 02:55:39,2017-06-14 12:52:10,2017-06-23 11:38:31,2017-07-04 00:00:00
b497a58303bca7160ad663bd22cea268,9f007da472be12e0c1b223a9320805f9,delivered,2017-06-09 13:25:52,2017-06-09 14:30:16,2017-06-12 13:08:20,2017-06-19 19:41:47,2017-07-10 00:00:00
9b32795311e821b3314911f55bb8a327,d9946163c70bfc5dccb45abf8786ef0d,delivered,2017-06-09 13:52:07,2017-06-10 02:50:38,2017-06-14 07:37:02,2017-06-19 11:53:36,2017-07-10 00:00:00
2629c961d080657de062559a9187b49b,cefb21b1a6f1db8d2c2af1eae9f92cd8,delivered,2017-06-10 08:48:52,2017-06-10 09:02:39,2017-06-12 13:52:23,2017-06-22 17:57:37,2017-07-05 00:00:00
3d1015779173f2ac043082581b12e826,d0ecf87664a643c8a15a7ef0089df407,delivered,2017-06-11 17:50:18,2017-06-12 06:42:30,2017-06-13 11:20:40,2017-06-21 16:47:52,2017-07-12 00:00:00
604970dd9342c16efde4207c42f38f2d,003e45472805afa1ee701d83284fa22b,delivered,2017-06-11 20:50:58,2017-06-13 04:02:47,2017-06-19 12:46:07,2017-06-22 15:38:17,2017-07-07 00:00:00
129752a77c2cbf91fc9892660f83dc79,9f14ce396b728e827742390ec2eca9e5,delivered,2017-06-12 09:33:55,2017-06-12 09:42:39,2017-06-12 17:10:55,2017-06-19 19:22:45,2017-07-17 00:00:00
82a914d5f7af95901a18ef83b388bd4f,769b843dc53cb1516dac72eb76678482,delivered,2017-06-12 13:20:22,2017-06-12 13:30:26,2017-06-19 16:23:06,2017-07-03 13:56:24,2017-07-14 00:00:00
b6369b16620510273273fe0d6be68744,8b37fefc7800774e24d316c4c9cf1deb,delivered,2017-06-12 13:30:45,2017-06-13 06:35:20,2017-06-13 08:46:03,2017-06-22 16:21:29,2017-07-05 00:00:00
4c3499a7df623b40778ee01a90811a2f,7422267f46a52991b0a78f0e10e1ca65,delivered,2017-06-12 13:49:41,2017-06-14 02:30:19,2017-06-16 14:58:43,2017-06-19 21:33:04,2017-07-05 00:00:00
3303ae257c7df7d22445570e801fbe6e,af103b3a9791e738f592b8fe4da31c40,delivered,2017-06-13 09:44:27,2017-06-13 09:55:15,2017-06-16 16:28:53,2017-06-27 14:19:09,2017-07-10 00:00:00
8d24e39cc7ee4017efd53c88a131b000,da6bee092c65d53d6a2a8a3b51d6cfd4,delivered,2017-06-13 11:34:47,2017-06-13 12:03:59,2017-06-13 16:17:08,2017-06-23 12:42:40,2017-07-06 00:00:00
84152c38452eb1dec5ddae4198266724,96cfe3ee50b07096ea541577e4b16e44,delivered,2017-06-14 08:58:49,2017-06-14 10:50:26,2017-06-20 19:16:11,2017-06-26 12:36:38,2017-07-07 00:00:00
1ac0eff2487c84f0181b8204a9bf6124,45cd1c128f672736618571f7b873ab73,delivered,2017-06-14 13:30:35,2017-06-14 13:42:28,2017-06-22 17:32:31,2017-07-05 18:44:10,2017-07-07 00:00:00
fcd0f8a6842216f0d6d5a217883eb711,d69a8c77693b6b01a1305ba425a1527d,delivered,2017-06-14 14:01:36,2017-06-17 03:15:53,2017-06-23 11:19:45,2017-06-30 13:56:34,2017-07-07 00:00:00
f803879e0bfd93a6599c19a3f2b4b74b,c6188332d03eda1612e7358123e012df,delivered,2017-06-14 15:41:44,2017-06-14 15:50:19,2017-06-16 15:23:30,2017-06-22 14:22:06,2017-07-05 00:00:00
b7fe42fc0d57642abd6b868ce754865c,a1cfb1c15ebf33417e65760e17dfce1f,delivered,2017-06-14 23:45:18,2017-06-17 03:48:14,2017-06-19 11:06:57,2017-06-22 13:21:46,2017-07-07 00:00:00
5dbd99a1d0b13836606e44c8efe79fa9,c2043136b06ed8ee03cfe2c801d8d145,delivered,2017-06-15 10:10:40,2017-06-17 03:44:28,2017-06-23 12:13:04,2017-06-28 16:15:07,2017-06-29 00:00:00
03dd7d68a345c4fb5061f35f29ad959a,d107a7ac2cb11a52b6e269d277c17652,delivered,2017-06-15 11:14:43,2017-06-15 11:30:14,2017-06-16 14:27:50,2017-06-22 14:16:52,2017-07-10 00:00:00
804e5ddab73def7d5e86b8ae6f27e83b,ae9d8bf13681f31ec761764094e6ab95,delivered,2017-06-15 14:51:11,2017-06-17 03:43:54,2017-06-19 20:32:38,2017-06-30 13:12:08,2017-07-20 00:00:00
0a3c7a080b1152884a662e6da68906e7,0a788c899a1caa2d6a12019e8828fa88,delivered,2017-06-16 16:51:28,2017-06-16 17:02:57,2017-06-19 19:19:58,2017-06-26 12:07:56,2017-07-06 00:00:00
f8dfc821045ffbcaa7a319a3320f7258,393c4212a4f6955961daf9fdece23deb,delivered,2017-06-17 11:07:08,2017-06-17 11:45:36,2017-06-19 17:14:00,2017-06-29 13:32:02,2017-07-17 00:00:00
67efc48800e617879edb36f04f815c59,6eac56572e999fbdb8f2dfef5403438f,delivered,2017-06-17 15:26:32,2017-06-17 15:42:41,2017-06-19 21:47:25,2017-06-24 08:31:30,2017-06-30 00:00:00
92e3bc2d87e3b3c8d2357a4525d5af8b,80a60347757d086ce3c1d8c375c7b44d,delivered,2017-06-17 18:33:32,2017-06-18 18:30:08,2017-06-19 19:59:21,2017-06-21 16:51:58,2017-07-07 00:00:00
6eccf2d285566975653dcf25ec2f21ed,9051b4ea0d87599f7f23ab2efb8cd5d2,delivered,2017-06-17 23:06:16,2017-06-17 23:22:21,2017-06-20 08:51:49,2017-06-26 12:05:04,2017-07-07 00:00:00
288ec48ad5ea4c98afe99ea53d523b78,fec424751aa87f5451286fc3d532fae4,delivered,2017-06-18 14:27:29,2017-06-20 10:43:46,2017-06-26 14:48:16,2017-06-29 17:09:46,2017-07-07 00:00:00
6e4136c5ace9e2c496768e5f6e97abe5,76e74ccff5d76c6405eb8bb84e38bf1b,delivered,2017-06-18 16:14:06,2017-06-20 11:25:31,2017-06-26 17:35:36,2017-07-10 15:16:50,2017-07-27 00:00:00
4a34792ebbc108e28a7d9cc2332ed0e1,e6f379f514cfc3a51e06e52c2948f070,delivered,2017-06-19 08:18:34,2017-06-20 08:30:19,2017-06-21 12:45:28,2017-07-12 20:09:31,2017-07-21 00:00:00
e28b309a54ca704f4ef3c6fa95da3fb5,8783747182004d9279315f7a1193ed63,delivered,2017-06-19 08:18:35,2017-06-20 08:30:20,2017-06-21 12:45:28,2017-07-12 20:32:11,2017-07-19 00:00:00
dd8b565021d8781e5b1a93e85ec5aba4,1bcef4aba3c60510ee22250ef9a6f2a2,delivered,2017-06-19 17:51:40,2017-06-20 15:45:11,2017-06-22 08:35:56,2017-06-27 22:17:27,2017-07-07 00:00:00
2688613ae3d2299ed6dfa709d64750b7,309a1beccf92e425e658cc2932b663ca,delivered,2017-06-19 19:37:52,2017-06-19 19:50:22,2017-06-23 11:15:56,2017-06-29 12:33:01,2017-07-13 00:00:00
92b8ad8746bdc2d63f544dd75b17d7b3,83ebc0404ed775bfa7b6a635edb0c08c,delivered,2017-06-19 21:31:19,2017-06-19 21:42:58,2017-06-27 09:04:55,2017-06-29 14:43:55,2017-07-07 00:00:00
2787b157e624680cffc26163900e2543,119053da640dded32c4fe454527f73dc,delivered,2017-06-20 09:16:50,2017-06-21 09:10:12,2017-06-21 21:03:47,2017-07-10 21:07:43,2017-07-20 00:00:00
50affbf242adb2cf23efc823a471d621,9b28334d56b62c44cb4c3caff94aff0c,delivered,2017-06-20 13:12:34,2017-06-21 02:25:21,2017-06-22 16:24:39,2017-07-05 12:25:46,2017-07-24 00:00:00
33bf2ecd9c887519e7c11288384fa270,840833b0bf68bad85ab152ef87024316,delivered,2017-06-20 14:02:23,2017-06-20 14:15:14,2017-06-23 10:43:54,2017-06-26 13:57:58,2017-07-04 00:00:00
898a3c6ae100548e40cb528dd26df687,1003176bbc6539b4cf4931fe0228a69b,delivered,2017-06-21 09:59:02,2017-06-21 10:10:15,2017-06-22 15:52:26,2017-06-23 13:19:24,2017-07-04 00:00:00
01c18108db50c163daf7dfe461093fb7,cee3e95e0b9944bf7c7c6881c286564b,delivered,2017-06-22 17:53:59,2017-06-22 18:05:15,2017-07-03 14:36:50,2017-07-06 17:12:55,2017-07-18 00:00:00
5cfaa2e60887ab4aed7d4e637efe2156,fd7b70ad4f8576a3c21f1c1bb304015d,delivered,2017-06-22 19:08:00,2017-06-22 19:30:19,2017-06-23 11:27:53,2017-07-04 14:03:13,2017-07-14 00:00:00
941eccbab1cd0aec1888e669e608e5bd,135366749a34710bc46eb15cb5db3531,delivered,2017-06-22 20:07:39,2017-06-22 20:22:41,2017-06-23 10:27:45,2017-07-21 15:28:01,2017-07-28 00:00:00
31a6cbe67abc9e5414688f0f59681ec0,6cacf8729fd44aeebced2d7663c0190f,delivered,2017-06-23 17:27:42,2017-06-24 17:43:11,2017-06-26 09:17:19,2017-07-07 16:06:47,2017-07-19 00:00:00
a5d049fb139be4e41df304569addeef7,326ea3c08b88fd580aca1f750690347a,delivered,2017-06-24 12:09:08,2017-06-24 12:59:59,2017-06-27 08:02:56,2017-07-08 14:29:34,2017-08-01 00:00:00
a7b5e82b294d8eac1109824b0194abb9,7ff290e59c82983e21d8337602e2ff6c,delivered,2017-06-25 11:42:38,2017-06-25 11:55:08,2017-06-29 08:04:45,2017-07-11 19:32:35,2017-07-19 00:00:00
f2793cd4b64bd3a177d4a367a3cf40bd,517fd134276aa9d129443e66a4ec12c5,delivered,2017-06-25 18:30:48,2017-06-27 04:23:11,2017-06-27 13:31:51,2017-07-12 18:52:03,2017-07-18 00:00:00
58199a8d18062ab7c3fee55f16366d45,b6b70c77dbd33d427f330cbd6296002d,delivered,2017-06-26 09:29:20,2017-06-26 10:34:21,2017-06-27 09:30:06,2017-07-04 16:05:37,2017-07-14 00:00:00
7e4465ad21a49af2c190e90895c3edd4,f87b62f70d096bb4fd99d14c020ba2a3,delivered,2017-06-27 11:26:40,2017-06-27 12:05:19,2017-06-28 16:20:26,2017-06-30 15:35:48,2017-07-17 00:00:00
689213e7743f18906e01c88ccd31e880,684081f8e0d6bbc105f7a210a8d80d3d,delivered,2017-06-27 12:44:13,2017-06-27 12:55:26,2017-06-27 14:36:12,2017-06-28 17:39:38,2017-07-10 00:00:00
68ba2f5321a125f8524a6e7b2fcbfd94,51d16c21b35029b39397b510e5021487,delivered,2017-06-27 17:01:45,2017-06-27 17:15:31,2017-07-03 14:37:48,2017-07-07 19:43:27,2017-07-28 00:00:00
d578a6c1bb288c7f9a25b8cfbc3ab962,184cf2d63cab844e956321da06369a1b,delivered,2017-06-27 18:13:21,2017-06-27 18:23:34,2017-06-28 16:42:47,2017-07-17 22:35:04,2017-07-27 00:00:00
b80a30ad4fad5c35fbc7904d46cb25e6,dec0327d097743b1b1f013842e6b7f8c,delivered,2017-06-28 09:51:56,2017-06-28 10:05:25,2017-06-29 11:19:50,2017-07-06 14:39:44,2017-07-18 00:00:00
cd3e9759dc483946db2133168746fddf,8ebee0cc741eb27e8501e4b4e3c6422d,delivered,2017-06-28 10:49:33,2017-06-28 11:05:15,2017-06-29 17:01:55,2017-07-07 23:36:56,2017-08-01 00:00:00
5f6a08ae6b18361b3f12fcc746567974,3fc6fa5ea095f77094429649a0b5ff87,delivered,2017-06-29 12:46:53,2017-06-29 13:04:11,2017-07-13 20:08:03,2017-07-24 18:43:51,2017-07-31 00:00:00
1a17c1925a4d5a18c4880b06b51c2b0f,d35b5587adfbd22e54b0c7e32762359a,delivered,2017-06-29 16:38:51,2017-06-29 16:50:07,2017-06-30 17:37:35,2017-07-05 15:54:35,2017-07-21 00:00:00
97f6c1beeb18315f25509f009a45b111,e7ea13209423cee1f34f8e8c7c8eeb23,delivered,2017-06-30 12:57:54,2017-07-04 04:15:26,2017-07-05 12:39:34,2017-07-10 13:49:48,2017-07-24 00:00:00
672b229b951f5c0e6a574808b406bd53,9c5e881d4f16a4163a6590eb6c34aee0,delivered,2017-07-01 10:59:35,2017-07-01 11:10:07,2017-07-04 13:17:58,2017-07-10 22:02:49,2017-07-21 00:00:00
2112e59b69d2f316f9fe16796ca0db5e,d5cca9a06792efce47d8a9aaf94446ec,delivered,2017-07-02 00:25:04,2017-07-02 00:35:15,2017-07-07 11:44:53,2017-07-10 16:15:53,2017-07-14 00:00:00
fa0516e60526f3547106618fe2482801,d77ebe747b95a93530d2b99f2b2922a6,delivered,2017-07-02 12:03:17,2017-07-03 11:55:10,2017-07-05 14:56:57,2017-07-12 18:36:39,2017-07-21 00:00:00
4069c489933782af79afcd3a0e4d693c,5d6ddc4e70e7d06e3b32e2ebd658de6c,delivered,2017-07-02 21:10:38,2017-07-02 21:25:15,2017-07-03 15:21:42,2017-07-13 19:19:52,2017-07-27 00:00:00
1f40ace91ba066aaaeb2a36066eb5391,a6cda32c8633809ee6f66fd93821005c,delivered,2017-07-02 21:49:22,2017-07-04 03:43:37,2017-07-04 16:03:56,2017-07-05 14:42:42,2017-07-14 00:00:00
96e78a16640bdff7370dd73cb821fc01,950212a2b67caa64e9628f68a58b3314,unavailable,2017-07-02 22:15:35,2017-07-04 03:50:25,,,2017-07-14 00:00:00
2d26f440845a3b31ac584864e2d1a82e,9e67b6474f7e8370b6340375aefe9692,delivered,2017-07-03 09:28:22,2017-07-05 02:55:20,2017-07-05 16:19:39,2017-07-10 18:43:43,2017-07-25 00:00:00
bacd96c90a381b246902e1882c0fb7d1,bbd8ca56992dfe0124e5903375484596,delivered,2017-07-03 11:08:06,2017-07-03 11:23:41,2017-07-03 16:40:50,2017-07-10 17:50:12,2017-07-28 00:00:00
4ecd4654955a39a165e7cde49b3ec0fb,057adf4557a4a3544a67ea4221b891c0,delivered,2017-07-04 07:20:18,2017-07-04 07:30:08,2017-07-13 23:12:20,2017-07-19 15:22:13,2017-07-21 00:00:00
dc282855b102a2d5cffe41332d73c196,b03e5dbf77ad3ea29b898e6b6a36d047,delivered,2017-07-04 11:56:02,2017-07-04 12:10:17,2017-07-06 10:21:30,2017-07-10 21:17:49,2017-07-27 00:00:00
d83d899f5a20b2d05342270eab088987,976b96fa83a29c78baa2ad3226e2dcc7,delivered,2017-07-04 13:56:15,2017-07-05 02:50:16,2017-07-12 20:17:57,2017-07-19 15:52:28,2017-08-01 00:00:00
24f926887373bfb98b4f309ecabab893,555b1e44ad963442f965bb44230728ac,delivered,2017-07-04 15:10:02,2017-07-05 06:44:23,2017-07-05 11:23:56,2017-07-10 19:43:32,2017-07-24 00:00:00
085bc46be56c7b3c4d5d805843d02e5e,bd80c756ce1d4487087d59f88ebb9ea7,delivered,2017-07-04 18:48:46,2017-07-05 17:43:39,2017-07-06 16:27:05,2017-07-10 19:12:06,2017-07-26 00:00:00
1facf0f943e2e863012876581d779f16,725d1fd5d4a73c89ec3b335a0cfe825a,delivered,2017-07-04 18:59:13,2017-07-06 03:25:52,2017-07-07 20:32:43,2017-07-12 17:28:02,2017-07-28 00:00:00
06b2c7035561ef12b16045ef4bf459e2,8bb9547aec97f493e91a078f66fa7ac5,delivered,2017-07-05 07:54:14,2017-07-05 17:38:29,2017-07-06 11:55:27,2017-07-12 17:53:56,2017-07-27 00:00:00
33f7f48fbeb5932ce834c34dd204a6d3,6d9372108eb7d38bea803ec71881c842,delivered,2017-07-05 14:18:47,2017-07-05 17:54:20,2017-07-07 21:05:21,2017-07-21 18:17:34,2017-08-04 00:00:00
474871bbd62988ab38f2d15c093f3233,73dc166bf11b159b151dfe72a96dace9,delivered,2017-07-05 14:38:05,2017-07-05 17:39:51,2017-07-07 15:11:25,2017-07-10 12:56:26,2017-07-18 00:00:00
7b2c820a0c74e5a87489ee2463ae2492,7dd7eaca9b852c556a104ef0778b80cc,delivered,2017-07-05 15:20:45,2017-07-05 17:38:20,2017-07-07 17:03:23,2017-07-18 20:02:50,2017-07-27 00:00:00
381d16906fcc904fe66028d7438ebc3c,26bae6c90b4b6d9a7260381fd825f8b2,delivered,2017-07-05 23:46:38,2017-07-07 02:44:19,2017-07-07 16:07:00,2017-07-11 19:25:37,2017-07-27 00:00:00
029863af4b968de1e5d6a82782e662f5,74179773f1f31f3af11c3b3b065115f1,delivered,2017-07-06 09:03:55,2017-07-06 09:15:11,2017-07-10 19:43:43,2017-07-13 20:42:36,2017-07-31 00:00:00
4a6309669545b27a89528e2afcf76b6e,676d6d9a4865e261e3df7dc505e3383b,delivered,2017-07-06 09:07:17,2017-07-08 03:30:44,2017-07-14 17:51:37,2017-07-26 19:13:29,2017-08-08 00:00:00
b3656ff96573b07910d0f54a4505454b,7791d0eaf5b8b96db289aef6ef2c2c38,delivered,2017-07-06 17:53:37,2017-07-08 10:05:21,2017-07-11 22:33:42,2017-07-20 18:19:21,2017-07-31 00:00:00
b3ef4de1762699288ca5c55a1e574a12,6f967a810363042cfb1dde2417d70324,delivered,2017-07-06 20:02:50,2017-07-06 20:15:26,2017-07-07 15:54:35,2017-07-13 21:44:50,2017-08-01 00:00:00
867323864f390e786132fb596893b398,365ea489aa1e81ee23c0a26c918cecb3,delivered,2017-07-06 20:55:38,2017-07-06 21:05:13,2017-07-10 16:47:57,2017-07-27 19:21:38,2017-08-01 00:00:00
25fe494885908cc898eceec3e6594d2f,d9f11742a0a75e0c515223b5d85625e6,delivered,2017-07-07 09:32:27,2017-07-08 03:25:23,2017-07-11 22:17:55,2017-07-14 17:14:01,2017-08-01 00:00:00
3b0dd50dc2aa331331704962064c8a8d,3c88b9a2b62754a92ad6715efb0f7ba6,delivered,2017-07-07 10:42:31,2017-07-07 10:55:24,2017-07-11 18:07:39,2017-07-14 19:47:52,2017-08-04 00:00:00
3aa0bcd95f24f4a91c0ca3f0a160ec9f,ef1b5dc620735876514e8778ade03323,delivered,2017-07-08 09:22:13,2017-07-09 06:42:58,2017-07-11 14:08:59,2017-07-13 20:34:22,2017-08-02 00:00:00
d5b1124327e83f25ce12d9c48c9ecfe3,c44dee37ceb2eba1a4c21adb28eec6a8,delivered,2017-07-08 09:26:51,2017-07-08 09:43:27,2017-07-13 20:23:52,2017-07-21 17:52:15,2017-08-01 00:00:00
f888aadfaf9861131a6b24882e4c5ee4,ead3600e85d8eb332081f04815d0f381,delivered,2017-07-08 15:38:35,2017-07-09 18:30:12,2017-07-11 18:47:48,2017-07-18 17:09:47,2017-07-28 00:00:00
cd9d1d8f26cd28414908863fd4538ef6,a2f67e0aee80c6169e09d448c35d379d,delivered,2017-07-09 12:44:54,2017-07-11 04:04:07,2017-07-11 16:46:52,2017-07-13 19:49:17,2017-07-28 00:00:00
050db8a61ea366db684e7d127082b5da,9bccf54464487719b6a4bd080a41090c,delivered,2017-07-09 18:49:58,2017-07-09 19:03:27,2017-07-11 20:09:33,2017-07-18 17:27:52,2017-07-28 00:00:00
94153bbf95f273c5b6c342d2acc6d017,05838d97b4a3948e120c9fb440374691,delivered,2017-07-10 12:19:09,2017-07-10 12:30:16,2017-07-12 18:09:04,2017-07-26 00:39:30,2017-08-04 00:00:00
8babefcbfff85cc907e0ec86e9f0ffd8,e80ac59e04eba2d24b276bce970bddf2,delivered,2017-07-10 14:06:13,2017-07-12 02:10:56,2017-07-13 10:53:58,2017-07-26 19:39:55,2017-08-10 00:00:00
b1a4d93b091b621c2080d96449ded73a,a0e5b74e20d78213c2ccbbde9637332f,delivered,2017-07-10 15:50:09,2017-07-11 04:15:14,2017-07-11 18:55:45,2017-07-21 19:42:55,2017-08-03 00:00:00
e64219e0a4f33d57e6dbb217dfa73564,4e83b4767a9e236160d15120d8972b5f,delivered,2017-07-10 19:54:59,2017-07-10 20:05:15,2017-07-11 17:13:37,2017-07-14 20:09:58,2017-07-31 00:00:00
53f4a393eb9126386cfc207f1aa6ac34,e2b04b6f3c6db2cc2233107af21b8b7b,delivered,2017-07-10 20:18:33,2017-07-11 20:35:10,2017-07-12 16:52:17,2017-07-20 19:07:27,2017-08-01 00:00:00
7ffcf0c67ae44cd430cf6dae850cb79b,a0000ce2fe61df5f6fbf6d47eecef0b4,delivered,2017-07-10 23:18:33,2017-07-10 23:30:13,2017-07-21 22:43:31,2017-08-02 20:54:32,2017-08-08 00:00:00
709c6595b82e501a8c6a767b30aaefbb,8e036358b5575b6c70773af8496ec5b4,delivered,2017-07-10 23:25:48,2017-07-10 23:43:19,2017-07-11 18:32:02,2017-07-25 22:48:03,2017-08-01 00:00:00
82d8553c3dd123ec5e37807edc69fc76,f1c9c06e1b19e18a14c43420d281d1c4,delivered,2017-07-11 09:34:40,2017-07-13 02:50:14,2017-07-13 14:45:46,2017-07-25 19:47:17,2017-08-04 00:00:00
369736d4fdf5f12b5b823fe2abb3e485,20f2452267f6c154ded2085fb3b55234,delivered,2017-07-11 11:28:45,2017-07-11 11:45:23,2017-07-11 18:43:38,2017-07-14 20:29:38,2017-07-31 00:00:00
8f5c0b7943a43043c30c4ed2cc43fda3,5591b3fe076ec3128473fa2a8e486aa0,delivered,2017-07-11 18:43:52,2017-07-11 18:55:20,2017-07-14 20:49:43,2017-07-20 13:15:43,2017-07-24 00:00:00
315525dbd71c2330c3f38a92d8fbba32,a6732693634250c33930da5ab192f75f,delivered,2017-07-11 20:32:24,2017-07-11 21:03:46,2017-07-14 20:49:43,2017-08-01 17:19:43,2017-08-02 00:00:00
5ddb2ce1958a158606319b7a9204fd8e,bbd3e2244f635630f312ec5015bd4635,delivered,2017-07-12 10:01:11,2017-07-12 10:10:22,2017-07-12 19:14:37,2017-07-25 18:47:55,2017-08-11 00:00:00
ca51acb0ea778cd548d56dadc66f014f,4bbdd92fc1be04b9a0bb33f02d20a85e,delivered,2017-07-12 20:54:25,2017-07-12 21:05:24,2017-07-19 20:51:58,2017-08-08 11:12:03,2017-08-15 00:00:00
3e7bc2221b2c46fafa06f741386784fc,f651fadf067034d6d5a186390b45289a,delivered,2017-07-12 22:10:05,2017-07-12 22:25:14,2017-07-18 16:57:53,2017-07-24 19:27:37,2017-08-03 00:00:00
3e28393f83efb34c56df093513721d60,72634020787e70502d6f4f43ce34f543,delivered,2017-07-13 12:17:56,2017-07-14 12:10:18,2017-07-14 19:14:02,2017-08-08 17:10:58,2017-08-16 00:00:00
465bf9fa1326d9215c7f699901a7b30a,0ebd6e76d10794d15132085db227253e,delivered,2017-07-13 19:47:14,2017-07-13 20:04:13,2017-07-14 16:55:51,2017-07-19 13:57:27,2017-08-09 00:00:00
f0efbfe7e1091577a93ddcf0d02e6119,4a302c694c98bc59cab354b78647fe32,delivered,2017-07-14 11:53:25,2017-07-14 12:05:14,2017-07-17 11:39:52,2017-07-27 20:47:56,2017-08-07 00:00:00
53892f0dd25da0289fbdb0053853bc34,aec95b447885dd28a6dd6bb4d8cb0aea,delivered,2017-07-14 13:12:09,2017-07-15 07:43:02,2017-07-17 18:53:06,2017-07-24 17:33:29,2017-08-03 00:00:00
851edd7bad3021e86dd7fa72e9a5688a,904c9a7f393dd1602377ebac952caf80,delivered,2017-07-14 14:34:28,2017-07-14 16:35:13,2017-07-18 19:03:23,2017-07-26 20:23:24,2017-08-11 00:00:00
ab6ccded40dba2056dfa826368b5adf3,cfd12c4e955089834710685baa29f08c,delivered,2017-07-15 11:10:18,2017-07-18 06:03:34,2017-07-24 20:05:35,2017-07-27 21:24:37,2017-08-04 00:00:00
2ef7655210817ffa67b86a61331b4c92,b0ab89eb69e28e62f5d721f0b38fc381,delivered,2017-07-15 18:05:13,2017-07-15 18:15:20,2017-07-17 19:44:33,2017-07-24 14:18:10,2017-08-08 00:00:00
06a6627d9cc91a04e9d146bf65fee0a2,61449fa1b8b8998c9c3f3a7f0ae954ef,delivered,2017-07-16 10:27:45,2017-07-16 10:35:14,2017-07-18 12:34:04,2017-07-21 19:59:36,2017-08-04 00:00:00
95e97906186d7174caa3a682de6d7653,2ef0049219fc82f93b6745d96514752f,delivered,2017-07-16 15:43:59,2017-07-16 15:55:11,2017-07-19 01:12:26,2017-07-24 19:13:53,2017-08-04 00:00:00
671d3f16cc641e15fb8b5df50be64cac,0fb62aa00ff179056ed520c3055e9b45,delivered,2017-07-17 10:36:43,2017-07-17 10:50:20,2017-07-18 19:03:23,2017-07-24 17:17:48,2017-08-09 00:00:00
e04cfa713960b9fe50d64e5082155c8b,4d0a03b3ef7107f0b0e15a2bb5872cdf,delivered,2017-07-17 12:02:42,2017-07-17 12:15:16,2017-07-18 13:03:46,2017-07-19 18:47:22,2017-07-28 00:00:00
fb11780dd534a4af0611d27c007b88b0,5ea35eba7b2c83a0625f234f47da985a,delivered,2017-07-17 13:57:21,2017-07-17 15:34:39,2017-07-20 17:31:56,2017-07-28 17:24:29,2017-08-22 00:00:00
f84c351f8ea512e04301c11470be273b,0bf752a3e1a9a91859d9760834a75acb,delivered,2017-07-17 14:53:22,2017-07-17 15:05:07,2017-07-18 19:43:39,2017-07-24 18:03:23,2017-08-10 00:00:00
2590e980b10a80b8a69f0120addc6590,63b69c94f2e6d9c7d3ffe290601c526c,delivered,2017-07-17 17:34:59,2017-07-17 17:45:16,2017-07-20 17:42:18,2017-07-27 22:26:38,2017-08-08 00:00:00
afd6fcb99a54aac6b88ff635b2e687ea,668575cd98bd30ace7a891f6085e3b0a,delivered,2017-07-17 19:40:32,2017-07-17 19:50:21,2017-07-18 18:45:52,2017-07-24 21:10:25,2017-08-17 00:00:00
617feb6ceb857d95ee0250e05f43e70e,6429359a6ecee86690028cf416a3b789,delivered,2017-07-17 21:36:30,2017-07-17 21:50:11,2017-07-20 17:09:26,2017-07-28 15:49:36,2017-08-14 00:00:00
294d70a37f9e32ceb08958fd03ee49fc,6543393dbd7da4c36d67ab82914d750c,delivered,2017-07-17 21:58:56,2017-07-17 22:10:18,2017-07-18 12:28:39,2017-07-19 16:57:37,2017-07-28 00:00:00
f10d89887008fbf26e4ac9027716360f,6840f754fa78d5ba067c03ea53ae8a30,delivered,2017-07-18 01:48:56,2017-07-18 02:04:18,2017-07-18 21:32:38,2017-08-04 13:34:56,2017-08-11 00:00:00
46c7c115d719ca780eebedf719fbd4e1,83cf611a2af4e118b43cf278a15fd5a6,delivered,2017-07-18 09:20:37,2017-07-18 09:30:23,2017-07-19 19:39:49,2017-07-21 17:43:35,2017-07-31 00:00:00
010b0f6bd323a9effd095a743e660f26,892522b67acfcb855f3feba4cff78050,delivered,2017-07-18 12:56:38,2017-07-19 07:32:04,2017-07-20 19:26:36,2017-07-26 13:57:49,2017-07-31 00:00:00
cae1cef56202db2581379f836268bfda,8be125989019bcf775e60ddb2a043fa9,delivered,2017-07-18 17:04:02,2017-07-19 06:43:00,2017-07-19 16:34:29,2017-08-02 16:13:17,2017-08-09 00:00:00
431e57fb445e35e908a2d4867bfc9b27,63a63a3d1eb4b42d80ed149ae626b831,delivered,2017-07-18 22:26:53,2017-07-18 22:43:13,2017-07-21 19:19:45,2017-07-26 22:49:51,2017-08-09 00:00:00
9a5e801a0c51ede9c94e91758554d57d,f5cf690ed01ec6a8b71913b8a5e179bb,delivered,2017-07-19 08:09:41,2017-07-20 02:23:53,2017-07-24 21:26:39,2017-07-31 21:45:43,2017-08-15 00:00:00
f1f707a756579d773b3c1a28d213e85e,b7e31bd3bba16127094ec65e98466c20,delivered,2017-07-19 20:35:37,2017-07-19 20:45:18,2017-07-21 18:32:49,2017-07-26 21:05:20,2017-08-14 00:00:00
799236014ffd7f07bb4ab4172f2f9a56,159ac2552bf49fe290890620c02d767a,delivered,2017-07-19 21:06:53,2017-07-19 21:15:28,2017-07-20 18:26:25,2017-07-26 13:36:43,2017-08-08 00:00:00
be3b8d058b8100d8a2539ce0b2c6ec0b,2cb9cd4d83c7018f46ff002953f95901,canceled,2017-07-20 14:32:34,2017-07-20 14:45:19,,,2017-08-11 00:00:00
4a0b498204bb56ab863db1f1acd84288,28c28a770c60db37d33d17a2823dcec6,delivered,2017-07-20 17:52:10,2017-07-20 18:05:23,2017-07-21 15:13:35,2017-08-07 19:22:05,2017-08-11 00:00:00
f42d66ddca55a1f750b6797c4269cb30,ae76f0fb2677aaf0d173213de80ec257,delivered,2017-07-20 21:06:38,2017-07-21 21:15:11,2017-07-22 11:14:48,2017-08-01 20:05:55,2017-08-09 00:00:00
d56cf7e9548584ea9583339b170f8314,9a764f8f1d863bedf08c8d9d8ec471d3,delivered,2017-07-20 22:39:34,2017-07-20 22:55:12,2017-07-21 12:39:28,2017-07-24 16:47:50,2017-08-09 00:00:00
054316a4a3afc149108b6b1431d11274,f22c368483fea4ae42665976c5e5bdd3,delivered,2017-07-21 08:50:38,2017-07-21 09:02:54,2017-07-26 15:53:49,2017-08-02 21:05:03,2017-08-14 00:00:00
b210c676cae65f95f7e08a49d195e1a1,44cb55a7202fc9fccf83f653373bb000,unavailable,2017-07-21 14:40:21,2017-07-21 14:55:15,,,2017-08-16 00:00:00
992820d1ce536d61c8eecb0352245944,b023177e6578e0db0921a55e11746091,delivered,2017-07-21 18:22:29,2017-07-21 18:30:17,2017-07-24 17:25:53,2017-07-28 16:16:40,2017-08-14 00:00:00
137e61abfdecd3bfc15f45999fbe8809,b3fdcbf8fa90f08580d581cc28f3d38c,delivered,2017-07-21 19:53:51,2017-07-21 20:10:12,2017-07-24 19:33:21,2017-07-31 16:42:03,2017-08-14 00:00:00
e80d57705140f5094ac949c1c982fe70,96d288e02fd830e85326526a2eccb935,delivered,2017-07-21 21:14:56,2017-07-22 15:23:17,2017-07-25 19:48:25,2017-08-02 14:52:08,2017-08-14 00:00:00
534100b99398bfa0b9ffbf40fc8c7757,777223bb800df171262ee66574f4ba7b,delivered,2017-07-21 21:47:09,2017-07-22 06:42:47,2017-07-24 19:05:00,2017-07-26 17:57:48,2017-08-04 00:00:00
032445a7ba9d6dc90dfc011a48e5c954,58c5a7e613f2142414070e137c7c7a6a,delivered,2017-07-21 22:37:42,2017-07-25 03:25:48,2017-07-25 19:43:56,2017-07-28 15:43:23,2017-08-10 00:00:00
6d182a625d3780efba31f2ad22cec6ba,adf24d4aa27fc5fdeffab3f921271ce2,delivered,2017-07-22 16:30:15,2017-07-22 16:43:27,2017-07-24 18:03:09,2017-08-02 17:31:06,2017-08-25 00:00:00
70644768ae200b063d8fc6d47cc85ce4,91cb042681811c00a96789bbee61ecc2,delivered,2017-07-22 19:13:58,2017-07-22 19:42:33,2017-07-27 18:17:50,2017-08-02 20:54:47,2017-08-15 00:00:00
81e59ee7e0269d15ff2b3c7dc8377f3e,76971e23f6d8aace3a2861c35e4ae4b0,delivered,2017-07-22 19:48:00,2017-07-22 20:03:09,2017-07-26 11:07:51,2017-08-01 20:29:37,2017-08-18 00:00:00
789be7af719fd7c9ac8ece69f76f876f,55883315bfdf93b29586555bf619e117,delivered,2017-07-23 15:34:47,2017-07-25 03:50:26,2017-07-26 03:11:13,2017-07-31 17:33:36,2017-08-29 00:00:00
f545c6d66e2fa494386ccbdd3e6762cd,5067d126bcdf8822347ae96bd0cf8a97,delivered,2017-07-23 15:56:36,2017-07-23 16:10:16,2017-07-24 20:16:34,2017-08-03 16:37:28,2017-08-18 00:00:00
5210b81b464dc0a92a977632cb6e8a6e,f3f1c09000ff5b8301e6b7918e4f2cbc,delivered,2017-07-23 15:56:36,2017-07-23 16:10:21,2017-07-26 11:21:41,2017-08-14 15:36:31,2017-08-29 00:00:00
2de291f751850e8d254b73ddae39bb91,16599d79f2e23502ad2b1d5ad017eb0d,delivered,2017-07-23 16:05:18,2017-07-23 16:15:16,2017-07-25 22:39:49,2017-08-03 18:42:24,2017-08-18 00:00:00
56ccc1571462d48192dc45fba66fb7d5,7d6a7b972385ef00c9b4bcaa9ce6e2b9,delivered,2017-07-23 21:11:24,2017-07-23 21:25:14,2017-07-26 00:56:41,2017-07-28 17:07:54,2017-08-11 00:00:00
02701a0103fedd7310a8d575f9a8d291,92e2508e660317ea7b5be007a5e38e7a,delivered,2017-07-24 16:08:06,2017-07-25 06:43:06,2017-07-26 11:07:54,2017-07-28 14:13:13,2017-08-11 00:00:00
321b1257cfaf6c0ca8a709d230158920,0f93ba90e798d14d87e136f1b9e56f9f,delivered,2017-07-25 13:34:33,2017-07-25 13:45:13,2017-07-28 17:17:53,2017-07-31 17:22:07,2017-08-09 00:00:00
3bf64404e90aaf774854f9d82327af00,6d7fda62de7cb7acf2894cb5ad071ad6,delivered,2017-07-25 19:04:39,2017-07-27 11:55:22,2017-07-28 10:53:27,2017-09-19 14:02:33,2017-08-22 00:00:00
30e476c243252bdf160c2490607bc3f0,153f9ed55da08a668c70699abfb30404,delivered,2017-07-26 14:55:58,2017-07-26 15:10:16,2017-07-27 20:53:42,2017-07-28 18:18:18,2017-08-08 00:00:00
ded094084602b9a58f2615372fd3a99b,374c2cd14b14f5f05c0f2cd304c12e75,delivered,2017-07-27 08:49:49,2017-07-27 10:35:12,2017-07-28 17:05:52,2017-08-08 19:42:34,2017-08-24 00:00:00
0c41f512e2783cc1d84227b9afee153d,975ba3a74e5c88391c411030324032c6,delivered,2017-07-27 11:31:24,2017-07-29 02:30:41,2017-07-31 17:59:52,2017-08-07 18:02:37,2017-08-18 00:00:00
c887c09a3acf3b6fe0ba319d68d385a8,12560c8fc6ef4609768854c0dec45c80,delivered,2017-07-27 12:04:47,2017-07-27 12:15:17,2017-07-27 20:10:02,2017-08-03 19:52:17,2017-08-18 00:00:00
89e2bc56c561f718d762250d9d6eb0bc,1f144031daea5ff030f43cbd0fa1a63d,delivered,2017-07-27 20:09:44,2017-07-27 20:25:20,2017-08-01 19:27:23,2017-08-09 21:17:45,2017-08-18 00:00:00
c101853f695b94e64c34f41941ff1048,15943304541965ce9e0c9ec3a9891818,delivered,2017-07-27 20:51:43,2017-07-28 08:30:21,2017-08-02 18:45:43,2017-08-10 20:08:33,2017-08-22 00:00:00
96fbb3c21966b51cc6e5176010070f2b,1601d0bf4dc5e44ceef3224280577bb9,delivered,2017-07-27 20:53:35,2017-07-28 21:03:33,2017-07-31 11:29:39,2017-08-02 20:23:07,2017-08-16 00:00:00
ba8d16a572292d042403094d3c0fc354,509b47b411bde663f6275c5fa083121f,delivered,2017-07-27 22:04:42,2017-07-28 21:15:08,2017-08-01 17:42:20,2017-08-10 22:07:59,2017-08-28 00:00:00
e2747b7f8ef2d891fc5c127dc44c68b5,36a49b54cbbe46996c20730dcc059f30,delivered,2017-07-27 22:41:07,2017-07-27 22:55:19,2017-08-04 20:13:58,2017-08-08 15:20:17,2017-08-15 00:00:00
04e289ce03d58b279959796d73dee219,e96eebd81a229dde6b3fb15b0936c2a0,delivered,2017-07-28 08:29:08,2017-07-28 08:45:33,2017-07-28 19:52:40,2017-08-02 19:39:59,2017-08-21 00:00:00
0e33e4ed66579e92794c46a5232e51dd,54b25e37167d27e20dfd4dddfbf49faf,delivered,2017-07-28 09:06:33,2017-07-29 02:30:47,2017-07-31 19:05:53,2017-08-07 20:58:31,2017-08-21 00:00:00
08b9d47b3be61595c61eddc50b42ee02,1453fb48451a18493f27e2e36cfb0962,delivered,2017-07-28 10:24:45,2017-08-02 08:35:26,2017-08-01 18:48:48,2017-08-07 13:14:01,2017-08-23 00:00:00
c046afaf1c43c061d5347d5ac3c6ff5e,20ef4d959f4aa0a75828646ea2dce34c,delivered,2017-07-28 12:08:31,2017-07-28 12:23:13,2017-08-01 19:28:56,2017-08-09 17:07:03,2017-08-21 00:00:00
f280a33d2c98180e655aaca0e9b48cfe,cba41b31b4bef692a351cce574603b5e,delivered,2017-07-28 14:01:29,2017-07-29 02:23:25,2017-07-31 15:03:08,2017-08-08 15:27:43,2017-08-23 00:00:00
7ca78299e5ac08885988b1cc259d16a9,a48212f00f6b51851a14efc283aedc28,delivered,2017-07-28 14:33:15,2017-08-02 08:34:02,2017-08-01 13:25:56,2017-08-16 22:29:40,2017-08-23 00:00:00
672d0085da7d96c6350cb54170e4b944,cf544342dbae7bd5aeec9184995191d5,delivered,2017-07-28 19:12:29,2017-07-28 19:25:13,2017-08-01 20:42:40,2017-08-02 18:33:57,2017-08-23 00:00:00
84ce3bfa332a0a5e57045f91f6dce21e,bbb9f5a943f8a29dfe08dfa1d45b1415,delivered,2017-07-29 00:23:27,2017-07-29 00:36:52,2017-08-02 19:17:45,2017-08-10 21:27:55,2017-08-21 00:00:00
12aef789cfc998f5f44ddf27c24e354d,2b7e2056564c3cf62c3a538efe74ba8e,delivered,2017-07-29 11:21:44,2017-07-29 11:35:16,2017-07-31 18:39:36,2017-08-12 03:27:50,2017-09-01 00:00:00
4ecdafc07882d357b5607a05e3a1a46f,e25c30386baad502153f382e3f8fd9de,delivered,2017-07-29 11:53:18,2017-07-29 12:05:31,2017-07-31 20:07:48,2017-08-04 19:24:53,2017-08-22 00:00:00
1057bf6391c17f9b6960dd996029e1dc,33b3ac58c257992bb9f0dff11643b8d0,canceled,2017-07-29 12:56:17,2017-07-29 13:05:18,,,2017-08-18 00:00:00
a5be0f3a1b2874d7a949d0234acd688f,b70bb1d21f3f4ee22748b82dde72b63f,delivered,2017-07-29 14:37:23,2017-07-29 14:50:19,2017-08-01 17:34:21,2017-08-15 12:28:40,2017-08-22 00:00:00
a9451e0c97199724d8edfc301ea8ca65,27c3972178e2db6a0a769e1aae07628b,delivered,2017-07-30 22:57:22,2017-07-30 23:40:15,2017-08-10 20:38:10,2017-08-14 13:16:47,2017-08-21 00:00:00
60b3fa9424e97cd3b6b95ca799d511c6,57e35c7eed060b1d17f1ab92d9c856df,delivered,2017-07-31 10:00:03,2017-07-31 10:15:09,2017-08-22 11:34:02,2017-08-22 11:34:03,2017-08-22 00:00:00
011105c3b5b8693eda1bfb1f152cec2a,63cff72cfb37670b3c826dedcaf32a6d,delivered,2017-07-31 13:45:07,2017-07-31 13:55:22,2017-07-31 21:03:27,2017-08-08 12:45:52,2017-09-01 00:00:00
4c004439e63485114caf4e97ed9befe1,c5e457320e81424e18d8d9f78256eedc,delivered,2017-07-31 18:39:50,2017-07-31 18:55:21,2017-08-01 13:06:00,2017-08-16 18:19:00,2017-09-04 00:00:00
6a5c14e6b9a898873a371e04d2e8f4d2,1c587d7f2e6a80b508b880020d1ad07d,delivered,2017-07-31 20:02:53,2017-07-31 20:10:19,2017-08-01 15:17:55,2017-08-11 19:24:31,2017-08-24 00:00:00
b3f3f413f89e281887189ce9f68f4ff9,959c13829307e48e177d8301a432c3fa,delivered,2017-08-01 10:29:11,2017-08-01 10:43:48,2017-08-03 13:42:12,2017-08-04 20:03:04,2017-08-14 00:00:00
3366858be589fddbcf6a199aab0058d4,ab69a150db2cbcf9c01a34e7e4f75545,delivered,2017-08-01 13:45:24,2017-08-02 03:04:10,2017-08-03 15:13:20,2017-08-04 21:19:54,2017-08-17 00:00:00
b2ad7cad7381ae63e968c60fa8f7f7a2,8ae4f6962420bf836509d9a57f4f81f7,delivered,2017-08-01 15:09:57,2017-08-01 15:35:41,2017-08-02 20:32:57,2017-08-03 18:13:49,2017-08-14 00:00:00
c264a40f0928de690a343e0f86c8e320,861b8e733eb985f26e20a1df9a03cc0c,delivered,2017-08-01 15:43:53,2017-08-01 16:08:43,2017-08-02 20:02:48,2017-08-09 20:16:46,2017-08-25 00:00:00
0d8a7787ec26d5fb6e97f946e95e2c89,7373e5b05a470e1485897bca95695256,delivered,2017-08-01 17:51:07,2017-08-01 18:05:11,2017-08-03 15:13:21,2017-08-04 21:43:11,2017-08-15 00:00:00
3db932725b90f4f388d2e361b0f1247e,fc34108ccfb5cd9c569ae7531fe9435c,delivered,2017-08-01 19:11:08,2017-08-01 19:53:53,2017-08-03 17:29:24,2017-08-14 18:16:09,2017-08-23 00:00:00
a9456d47156dc580a5421d6b0a12074b,e42a0192b918b437a37f3dbf12b49f4a,delivered,2017-08-02 13:00:21,2017-08-02 13:15:12,2017-08-04 20:27:28,2017-08-09 22:17:58,2017-08-24 00:00:00
eddf1b58726e1b53c010f681422195fc,9fff124c067a8e923fbcf6cdea20ea56,delivered,2017-08-03 14:17:03,2017-08-03 15:30:17,2017-08-09 21:27:36,2017-08-17 21:03:05,2017-09-01 00:00:00
48d007b3d7183bc54336d813b1380d26,a3bfe1551d298300aa31c837568a68a0,delivered,2017-08-03 18:35:24,2017-08-05 03:03:17,2017-08-07 19:32:58,2017-08-11 21:52:05,2017-08-25 00:00:00
de396a46ff91b76a683f05d1f1f9b2c1,27645e20a802dd1dfcff9851c39c5754,delivered,2017-08-03 22:47:48,2017-08-03 23:03:24,2017-08-04 20:05:51,2017-08-08 18:39:51,2017-08-25 00:00:00
246c8cf4ca9e3c50e4a172a4ba462a11,0541aa34358f8279116d1d183f1e4eec,delivered,2017-08-04 10:31:58,2017-08-04 10:50:22,2017-08-07 15:21:58,2017-08-28 19:22:38,2017-10-17 00:00:00
966816b575380366cf697b71679a90ae,3a62dd5cff90e249bf54a92b5c97f040,delivered,2017-08-04 11:19:02,2017-08-04 11:30:15,2017-08-04 21:42:17,2017-08-07 14:22:03,2017-08-17 00:00:00
566d9c868488d3e11feef9ec86a29357,bf719e8e0b81c3a7a2ce1eae9c7c8475,delivered,2017-08-04 16:27:37,2017-08-04 16:45:17,2017-08-09 21:17:43,2017-08-14 15:12:56,2017-08-24 00:00:00
e99d985e66dc0f62859946b86b5beaff,6124c09496fb12b9864ce0fa6673e6b2,delivered,2017-08-05 17:45:04,2017-08-05 18:03:28,2017-08-08 12:18:56,2017-08-09 19:28:11,2017-08-18 00:00:00
eb994ff501ea0ee354f36776225f3fb5,c9802360688432c3bdd2b2b29b3514d9,delivered,2017-08-06 12:27:22,2017-08-06 13:04:21,2017-08-10 19:33:18,2017-08-18 18:10:46,2017-08-30 00:00:00
0ee38d8cb24b76282ac30b971bc020ba,1d2ac5fe3c5d435969d1c325bc7c3885,delivered,2017-08-06 16:01:31,2017-08-06 16:15:19,2017-08-07 21:24:01,2017-08-10 20:03:11,2017-08-29 00:00:00
e079ed774a2fadd1906622fb9dc89f87,d73f48447385ba4ec637815532802b94,delivered,2017-08-06 22:03:28,2017-08-08 04:04:50,2017-08-10 19:57:43,2017-08-17 15:47:25,2017-08-29 00:00:00
1308401e91987ef9e69d495e612e7919,87d9d97eeb3bc6c5fbfa170798b72ee9,processing,2017-08-06 22:05:59,2017-08-06 22:25:07,,,2017-08-28 00:00:00
b7e23b7efc57795b6806ef873f1e5ab0,d270ca43fc5e983b710a3cf58d3fe85d,delivered,2017-08-07 10:38:27,2017-08-07 10:50:20,2017-08-08 13:43:54,2017-08-09 16:12:27,2017-08-22 00:00:00
9f101be6d0a10cb40cc622691e49714c,062ef9c4ca1960871896825b2c3a1f9a,delivered,2017-08-07 11:29:34,2017-08-07 12:03:20,2017-08-10 18:42:16,2017-08-14 14:56:38,2017-09-01 00:00:00
b6f999c6eccbf4df9af77d67c77a8e52,61fc851ac2ccfe9254c67b210b69ad7f,delivered,2017-08-07 14:14:22,2017-08-08 05:00:23,2017-08-08 19:56:43,2017-08-15 23:54:50,2017-08-29 00:00:00
451fbdf4d10b8d3d4da3f5d226bc5ae9,abd10efcba52884626c22cdca7dba539,delivered,2017-08-07 16:20:45,2017-08-07 16:43:45,2017-08-08 20:45:56,2017-08-17 18:25:28,2017-08-29 00:00:00
dec95374a1bf2366249bf770e0568a85,378d61367c6ec285314c674bb3398b4c,delivered,2017-08-07 20:16:06,2017-08-07 20:55:08,2017-08-08 22:10:07,2017-08-12 10:22:12,2017-08-18 00:00:00
724b19e5eca8ec552146bf7904b4cbeb,9e0773fb262bb0872dddbb606ccf3fb7,delivered,2017-08-08 09:02:22,2017-08-09 03:04:27,2017-08-21 22:41:11,2017-09-04 20:07:59,2017-09-26 00:00:00
b96a0998be02fcdd701b834f5d66f235,5747a693dfadf504e1d46b358e2a9bb6,delivered,2017-08-08 10:38:44,2017-08-10 03:25:41,2017-08-10 14:58:58,2017-08-18 18:19:02,2017-08-30 00:00:00
9ce48efca38264fece92fb03a3e33562,316fc9b91c893ccbb91c1d4e90b1f3d2,delivered,2017-08-08 10:53:44,2017-08-08 11:40:07,2017-08-10 13:51:56,2017-08-17 18:46:45,2017-08-31 00:00:00
d865bc459503b9c8a19382a7634ed5d5,4d602b320d7f2e55bb16a5d821004f65,delivered,2017-08-08 15:01:27,2017-08-08 15:15:23,2017-08-09 22:46:33,2017-08-22 20:35:37,2017-09-18 00:00:00
2d74fd323d42fddd4e9a4398d5c589c6,17089785734f497b2cd404fc39932fda,delivered,2017-08-08 17:18:06,2017-08-08 17:38:11,2017-08-09 18:32:53,2017-08-14 21:22:13,2017-08-21 00:00:00
6abcaedd175c7aa362cb758f3f728053,346564320ecd94d8ef5ba883774304b7,delivered,2017-08-08 18:35:02,2017-08-08 18:50:19,2017-08-09 19:15:11,2017-08-16 19:43:43,2017-09-01 00:00:00
d43f72571877365b197ee657196d8d30,dbbdd5da6d15f24d7d00b601170a15c0,delivered,2017-08-08 22:58:27,2017-08-08 23:10:37,2017-08-11 18:08:08,2017-08-22 20:09:48,2017-08-30 00:00:00
c6a9e39db5f61068d017ee903b277478,a44a037a63d6afc0e4e241e95abc4fc0,delivered,2017-08-09 10:22:04,2017-08-09 10:35:13,2017-08-11 13:36:55,2017-08-16 21:21:57,2017-08-31 00:00:00
e9435c6647559b99f3fd1fb54fb566eb,0cb626f6bb027482159790ab08643c1b,delivered,2017-08-09 19:27:45,2017-08-09 19:43:40,2017-08-11 13:47:39,2017-08-31 15:08:10,2017-09-13 00:00:00
e583169435fd3724212034fc16805ee0,db09d0bb5f4653a481b7b26f723d23ec,delivered,2017-08-09 20:53:41,2017-08-09 21:05:18,2017-08-10 22:44:02,2017-08-18 17:17:34,2017-08-31 00:00:00
c7dd54b6015ecbd1bb94612862927514,7db05161725ac1df6eb73ea54ee0008b,delivered,2017-08-10 07:51:41,2017-08-10 08:05:15,2017-08-14 15:14:09,2017-08-21 20:14:34,2017-09-01 00:00:00
a61af3cdf328f1d0a9f63286918c67bd,94dbe30a67add6d56beac4754e7bb500,delivered,2017-08-10 10:44:30,2017-08-10 11:04:08,2017-08-16 20:16:36,2017-09-11 20:35:45,2017-09-12 00:00:00
f70a0aff17df5a6cdd9a7196128bd354,456dc10730fbdba34615447ea195d643,delivered,2017-08-10 11:58:33,2017-08-12 02:45:24,2017-08-17 15:35:07,2017-08-18 14:28:02,2017-08-23 00:00:00
bfcf79aaae774aa4030a0d2e2046c525,a27429e671f53ed883053fd2c9e33f1f,delivered,2017-08-10 13:44:51,2017-08-10 14:04:02,2017-08-17 16:52:37,2017-08-23 18:03:16,2017-09-05 00:00:00
ed75cc8989121918832e0dcd3de3b3a7,928277e1b8ac8d887b866c84bc63b93c,delivered,2017-08-10 15:22:16,2017-08-12 02:45:40,2017-08-18 19:44:59,2017-08-23 19:52:52,2017-08-30 00:00:00
ad9ad462491a04f6673a43f6ec4a54d3,5bd0f7fc46098d240d44f74e5c4bbe48,delivered,2017-08-10 15:27:00,2017-08-10 15:43:41,2017-08-17 19:33:28,2017-08-29 20:22:06,2017-09-01 00:00:00
28c04306e978f12f75bf6d7a989a4ccf,4f861bc4afec13eba9ce1304a269e231,delivered,2017-08-10 16:14:21,2017-08-10 16:30:19,2017-08-11 21:22:05,2017-08-17 09:27:51,2017-09-05 00:00:00
3b7620f0a3652abfdf6bc1b145b9117c,bb0035159eb7f8b3caa5285dfd1eb1a5,delivered,2017-08-10 20:37:54,2017-08-10 20:55:17,2017-08-14 18:22:52,2017-08-24 16:06:43,2017-09-14 00:00:00
499db357fa1bac9b96c44bd42dd17718,9e2974fe836024cfbba8ed46b8baf767,delivered,2017-08-10 21:35:06,2017-08-11 04:15:19,2017-08-11 13:43:59,2017-08-14 16:59:50,2017-08-24 00:00:00
eaf654ecfd0270019b5a997aad141e80,70dad7a715809631b98b0a843ee18772,delivered,2017-08-10 21:55:16,2017-08-11 19:15:16,2017-08-14 17:07:11,2017-08-28 20:22:31,2017-09-05 00:00:00
f56dc9034c3962e36d49fb73baa12800,5c4795c07c0bd317adaf7406327bbfa9,unavailable,2017-08-10 22:20:51,2017-08-12 02:09:15,,,2017-09-14 00:00:00
f9938fc84bc7f6ce7d868a41dace1777,bc966495521575680633f5323eabd01d,delivered,2017-08-12 09:44:54,2017-08-12 10:04:25,2017-08-14 14:58:03,2017-08-17 18:00:32,2017-09-01 00:00:00
5dd757355fed8ec589b18d6d5c47e6a2,5403307de6fa27256a706e5fc1624531,delivered,2017-08-12 17:13:04,2017-08-12 17:25:11,2017-08-14 16:32:54,2017-08-15 19:06:47,2017-08-25 00:00:00
2197e55dca60ccd268157d328616d64e,84046645ab90d775e6cb9be687a30018,delivered,2017-08-13 16:19:23,2017-08-13 16:30:21,2017-08-15 17:35:19,2017-08-25 21:13:54,2017-09-05 00:00:00
4b4983c2c40d67af0bd3ec2ac12e0ffe,f0db52acbe2be4a0a5243b546ef95c32,delivered,2017-08-13 18:03:15,2017-08-13 18:15:15,2017-08-15 10:04:12,2017-08-21 19:50:00,2017-09-12 00:00:00
6be9be082a8d228c8d43056cfce0c147,6c63c9d3fce6af66977a6d38873edcdc,delivered,2017-08-14 12:32:24,2017-08-15 13:04:18,2017-08-16 19:27:55,2017-08-17 17:52:03,2017-08-25 00:00:00
416b0ed65ba7a348e1041689147debd1,5217eade2003b9612ac2aedf5fa1369e,delivered,2017-08-14 18:52:57,2017-08-15 03:55:23,2017-08-17 17:19:56,2017-08-22 16:14:16,2017-09-01 00:00:00
ad37eddb1c31a48b3a6677488593b984,b31acd57a019f00da1fa8b6dae5b740f,delivered,2017-08-14 20:09:08,2017-08-14 20:44:02,2017-08-16 17:12:46,2017-08-21 19:36:32,2017-09-05 00:00:00
f0a35c83ab3251347b674f0f3e0d01f1,514a9247d9012eb7ca73e4ecd5872bac,delivered,2017-08-15 11:32:47,2017-08-15 11:55:21,2017-08-16 17:37:00,2017-08-28 19:52:40,2017-09-06 00:00:00
dbd1cbc05d31e4c71790b63eb1fc870f,56db29d910656521640dd459604f55eb,delivered,2017-08-15 16:13:41,2017-08-15 17:25:48,2017-08-21 11:48:53,2017-08-29 20:38:01,2017-09-13 00:00:00
c0f5eb23b8443f0945a621152bb6bd62,358bcab53116b7f355527e475b2b6b1d,delivered,2017-08-15 20:28:42,2017-08-16 00:04:19,2017-08-16 17:07:20,2017-08-23 13:20:09,2017-09-06 00:00:00
1b2a8a35effe3c031684be53784ac90c,bace683427e40bae08e7af13660e1436,delivered,2017-08-15 21:29:06,2017-08-18 13:30:25,2017-08-21 14:51:53,2017-08-23 04:55:02,2017-08-28 00:00:00
f391902a7436d24842c938f2e5b1bc34,7119d3c62d0ed7d4c97aebe8bd6704ee,delivered,2017-08-15 22:52:30,2017-08-16 02:05:19,2017-08-23 19:06:51,2017-08-25 23:08:36,2017-09-13 00:00:00
ff6373dfa00603bd092cb8f6eef3349a,e4b19d0505e3d2d41745132438f0f31b,delivered,2017-08-15 22:55:20,2017-08-16 02:31:01,2017-08-17 17:18:39,2017-08-22 20:45:28,2017-09-11 00:00:00
2fb7dfe5fec51c8a96ee5349c1faf9c0,572791c601e0c0a2331c6a900425d3f1,delivered,2017-08-16 11:14:55,2017-08-16 11:45:14,2017-08-22 21:25:32,2017-08-25 18:41:40,2017-09-13 00:00:00
e2d21f16357e9da293db665a9d8a646e,b8b9976c697fc55f094b7ccf924c602b,delivered,2017-08-16 14:07:08,2017-08-16 14:55:22,2017-08-17 17:17:06,2017-08-22 20:50:51,2017-08-29 00:00:00
b4d02f5e2416f97c4879e0585170855e,f343a083755766c0409d920595a3dded,delivered,2017-08-16 17:37:32,2017-08-16 19:05:10,2017-08-17 13:14:55,2017-08-25 18:57:26,2017-09-12 00:00:00
c1b6e4f2ff6555773a6764c3a3286101,77c56cf8646cc6b1911f5a3108e8d468,delivered,2017-08-16 19:14:45,2017-08-16 20:30:22,2017-08-18 18:49:31,2017-08-23 18:29:02,2017-09-05 00:00:00
aa19638830b7cc5740500c18ace611f6,976a0029f13e785119cba9b7f3328a50,delivered,2017-08-17 09:28:42,2017-08-18 02:25:25,2017-08-21 21:27:37,2017-09-06 20:53:03,2017-09-15 00:00:00
6df5b7fa93966d4105dd318883a09a41,b71e8ee6c0e74054a65e43863cdf11cf,delivered,2017-08-17 14:48:18,2017-08-17 15:24:46,2017-08-22 20:42:39,2017-08-24 19:11:37,2017-09-01 00:00:00
2d0aa670db1b1678d2de5127f85c0729,fa64656cb999d63ec741f768ee6d8784,delivered,2017-08-17 17:25:39,2017-08-17 18:15:25,2017-08-22 20:44:44,2017-08-28 20:17:45,2017-09-06 00:00:00
4f0d4b217cab0b16c36d9bb7aa71b6f4,5aec93638fa57d3645cc7ba411caaf6f,delivered,2017-08-17 23:41:25,2017-08-18 00:25:11,2017-08-18 18:07:36,2017-08-29 21:37:35,2017-09-14 00:00:00
82d48f3eb08cf0beca3cead1f85f525a,e75fd5941b7930d6926f5420e3b6a4ea,delivered,2017-08-18 11:58:13,2017-08-18 12:10:15,2017-08-22 11:13:13,2017-09-05 20:18:00,2017-09-15 00:00:00
3e7433883ed362df81977e1b24e3d6ec,80f838e8b231f2fcb23b5208159d720d,delivered,2017-08-18 12:19:54,2017-08-18 13:30:09,2017-08-21 16:56:48,2017-08-24 19:16:44,2017-09-22 00:00:00
f495bbbd2a26c02d0518dec2f10251fe,7611d4f5e3714bfa6a91cbe006c4cb0d,delivered,2017-08-19 11:43:11,2017-08-19 11:55:19,2017-08-21 18:22:32,2017-08-23 16:37:46,2017-09-05 00:00:00
fd910e1bec44f27b8680a01c7a5e377c,860b1d9e8b261a7ec7cbe827d7cf3aa2,delivered,2017-08-19 12:17:36,2017-08-22 04:32:06,2017-08-25 20:32:43,2017-09-02 12:41:31,2017-09-20 00:00:00
27428009109805ea69e0638806aa97ef,b81d67e79a5c8f8960c71c26ff7763d0,delivered,2017-08-20 18:36:02,2017-08-20 18:50:15,2017-08-22 20:28:02,2017-08-23 19:50:04,2017-09-01 00:00:00
19a88878097106f2e1dc6f056cba940f,cfb4fa55f883a3e7ee496c5c57cf0d67,delivered,2017-08-20 21:00:34,2017-08-20 21:15:20,2017-08-21 18:44:32,2017-09-06 14:59:13,2017-09-11 00:00:00
c0ac92509aa6420f0f3d6f78748793e1,dc233f140b9e24d75d5a1eed74e21c2f,delivered,2017-08-21 00:16:35,2017-08-21 00:50:17,2017-08-22 01:12:40,2017-08-30 16:46:07,2017-09-18 00:00:00
248f977b0cbdc09f2c33465578b76873,e3927d011a411c732fa0a9037ceb8737,delivered,2017-08-21 12:42:00,2017-08-22 13:06:57,2017-08-29 21:42:58,2017-09-06 20:56:59,2017-09-19 00:00:00
a7a43f469c0d7bdb0a23a82db125aefa,d7c95dc1ece116c14188092ead3d0951,delivered,2017-08-21 13:00:05,2017-08-21 13:15:11,2017-08-22 20:43:40,2017-08-28 19:07:55,2017-09-18 00:00:00
4ff976f3269ceebad2dcd032489c9ec9,035cbd7a946d33043056a4fb2d685fb4,delivered,2017-08-21 14:50:46,2017-08-23 15:35:19,2017-08-24 19:11:55,2017-09-13 21:09:49,2017-09-18 00:00:00
94cbeb924291c55038f6d70ce58944d1,fa201b6b789affbeac2780ea9acf8c46,delivered,2017-08-21 14:57:34,2017-08-22 14:51:10,2017-08-30 19:41:35,2017-09-15 19:47:34,2017-09-29 00:00:00
90f6194c9f26e2f8d1f955c7bf4c5f5b,f55f4c4973760ee7f6e170381f993729,delivered,2017-08-21 18:42:30,2017-08-21 18:55:14,2017-08-22 12:40:00,2017-08-25 19:58:05,2017-09-11 00:00:00
30db3beab6efd31f72732fb15c2862dc,8edc930c2c557e6bd0f78fee64b9a527,delivered,2017-08-22 12:05:19,2017-08-22 12:15:21,2017-08-23 17:03:22,2017-08-31 20:06:48,2017-09-14 00:00:00
ab14fdcfbe524636d65ee38360e22ce8,bd5d39761aa56689a265d95d8d32b8be,delivered,2017-08-23 09:22:34,2017-08-24 14:30:23,2017-08-25 20:07:36,2017-09-02 12:13:03,2017-09-21 00:00:00
41d0050b0a103c674289659fdd6f602e,9a4e0069a7fcd20298ee1634f0b41a4e,delivered,2017-08-23 10:07:22,2017-08-23 10:15:55,2017-08-23 17:41:20,2017-08-24 21:23:09,2017-09-15 00:00:00
5f71bc83356f39cf9e9b8004f39a989a,3f979bbdedf57087a39ae7fed98ec7de,delivered,2017-08-23 14:29:48,2017-08-25 10:44:56,2017-08-31 20:04:30,2017-09-11 19:47:32,2017-09-25 00:00:00
1af38227c088980113da10c4e6d925cf,1ad3802505f427339707ee3d01e4b8e9,delivered,2017-08-24 15:43:58,2017-08-24 15:55:19,2017-08-28 13:07:44,2017-08-30 18:00:00,2017-09-06 00:00:00
3bdbd9f5f42278fb48aa879475fb33b4,6f6902e823f6258c17980cde1826c420,delivered,2017-08-24 15:47:18,2017-08-25 02:50:36,2017-08-25 19:22:20,2017-09-08 20:37:28,2017-09-27 00:00:00
71603031182fa8f497b5bae069bb9361,c2d6392933fe92da78c503e94c37c552,delivered,2017-08-24 18:12:37,2017-08-24 18:27:37,2017-09-01 19:30:05,2017-09-02 15:26:05,2017-09-14 00:00:00
709926b31b6288e322d926e2b93459b6,23ac779aa02fd8ec91b381549a60c4ca,delivered,2017-08-25 17:46:31,2017-08-25 18:08:17,2017-08-28 19:12:30,2017-09-04 16:28:48,2017-09-19 00:00:00
08935d5052c6414b1960eb67796d01f5,839eb6e08e4322eb2037bf9ab24348ae,delivered,2017-08-25 23:51:38,2017-08-26 00:05:55,2017-08-28 16:56:51,2017-09-04 19:09:41,2017-09-19 00:00:00
9d7f2c9f33008498700ffdc3162878fb,4d54bd3326ad77cbe4e1bd929a209106,delivered,2017-08-27 13:02:01,2017-08-27 13:15:16,2017-08-28 19:03:48,2017-08-31 21:00:31,2017-09-18 00:00:00
83c1379a015df1e13d02aae0204711ab,1aa71eb042121263aafbe80c1b562c9c,delivered,2017-08-27 14:46:43,2017-08-27 15:04:16,2017-08-28 20:52:26,2017-09-21 11:24:17,2017-09-27 00:00:00
1dbdc102b987762075cb2b4684ee141a,298c05691a9e47be24da23dd17c2a019,delivered,2017-08-27 15:36:37,2017-08-27 15:50:19,2017-08-28 19:07:51,2017-09-01 17:42:20,2017-09-15 00:00:00
57d2d40a9a06d20a610316800f82ace3,481ba8e132fb318b84d5fba3bc98021b,delivered,2017-08-27 19:11:55,2017-08-29 04:44:59,2017-08-30 12:17:46,2017-09-08 21:07:42,2017-09-22 00:00:00
a7087dc75317cad3db08ed7830b09723,b52571e9628f7136123230bf6d3ad7f1,delivered,2017-08-28 10:37:55,2017-08-29 05:32:02,2017-08-31 19:25:27,2017-09-05 17:51:59,2017-09-19 00:00:00
5f2a70479467ace7fca14db6d059eea1,979ab3ae715ce2f980394580ddaab197,delivered,2017-08-28 11:44:24,2017-08-28 11:55:14,2017-08-28 21:19:51,2017-08-31 22:41:51,2017-09-15 00:00:00
2304fd42f10881dd456928039a1ef576,a4780d661b345ac6e6d00d0acad24cc5,delivered,2017-08-28 13:13:06,2017-08-28 13:25:41,2017-08-30 17:24:04,2017-09-15 19:32:42,2017-09-19 00:00:00
4a74e1934860e224f8750db3cbc1e991,ade739c544405b3c2ddc9c52677be125,delivered,2017-08-28 14:01:06,2017-08-28 14:15:21,2017-08-29 19:38:02,2017-09-05 20:26:02,2017-09-18 00:00:00
268270567c35e07af0d2f8c8cc978410,4487ca94364334677a4a0d66975cb980,delivered,2017-08-28 22:13:47,2017-08-29 05:32:18,2017-08-29 20:20:06,2017-08-30 20:16:38,2017-09-11 00:00:00
c40c104dd1bde11aba73864c16a42f21,80cf55a439bbb373aea40a08515fb39b,delivered,2017-08-29 13:34:52,2017-08-29 13:45:13,2017-08-31 19:42:03,2017-09-05 19:32:17,2017-09-18 00:00:00
45d3bab2e12de78e29ba522146da7e91,58e0ddf2e49461d6f76d048b8f2e77bf,delivered,2017-08-29 13:39:57,2017-08-29 13:50:20,2017-08-31 14:34:27,2017-09-01 16:13:00,2017-09-12 00:00:00
bea8e045e01a9594d652427ef4ae7236,f35e5fd801be940cbac8e390f8dd4425,delivered,2017-08-30 08:58:36,2017-08-31 02:50:45,2017-08-31 19:20:53,2017-09-05 22:57:53,2017-09-19 00:00:00
3cd82d2cfb48466fdfcb8594444e211d,b9b46d7c1bc9f38ccf4a1ec449d90317,delivered,2017-08-30 11:52:46,2017-09-02 09:30:12,2017-09-04 19:00:40,2017-09-18 21:17:51,2017-10-03 00:00:00
f98a633c73840753516ca92e24128574,d30f1d7a3fa4dbd466d76ae3c8082599,delivered,2017-08-30 21:34:51,2017-08-30 21:45:38,2017-09-01 18:43:50,2017-09-13 21:36:53,2017-09-21 00:00:00
02c8a77069dc7fd1cf273312c3a6e499,35a4c349e95eea674c798a25a532995b,delivered,2017-08-30 23:47:53,2017-08-31 00:05:03,2017-08-31 15:14:46,2017-09-04 15:09:54,2017-09-18 00:00:00
96e9ecc667e4daf9dffd5ee2173815bd,a9c26b8bcc884f48fb63ebcd705efbe9,delivered,2017-08-31 09:24:23,2017-08-31 09:35:15,2017-09-01 20:22:29,2017-09-06 16:43:13,2017-09-21 00:00:00
714e708f39c09ff4048aa43423ab2a0a,1c16a824c18e670e6d038c90d61ff9d2,delivered,2017-08-31 11:29:56,2017-09-02 02:45:53,2017-09-06 10:33:27,2017-09-11 18:46:50,2017-09-19 00:00:00
b5199c66306c07a949f9a9069f7fda57,306cd7574a5c838fc55238047aa8df9b,delivered,2017-08-31 20:54:05,2017-08-31 21:05:40,2017-09-04 21:03:08,2017-09-12 21:41:57,2017-09-20 00:00:00
8c58b2a5e9f75210cd15eae77b7441f4,58299a6c7b64a6a0fa2f6f5d463fe108,delivered,2017-09-01 03:53:31,2017-09-01 04:05:32,2017-09-01 15:36:42,2017-09-15 18:06:58,2017-09-21 00:00:00
9c8b8ff59ab268b976e66d35464ac79b,f221dd968c17b94730bd38fd6fdd37ea,delivered,2017-09-01 21:50:49,2017-09-01 22:25:32,2017-09-04 20:43:12,2017-09-12 15:22:52,2017-09-21 00:00:00
5a1f6d22f7dfb061ef29216b9af687a1,4c7ef01bf8ed05e43a5e9e44bb08358e,delivered,2017-09-01 23:13:57,2017-09-01 23:25:09,2017-09-06 23:42:08,2017-09-13 21:17:32,2017-09-20 00:00:00
6ddbe0f503c2940cf5d24e1d8efee655,504b88cffa09fa0ce24ec30a55577e51,delivered,2017-09-02 21:01:18,2017-09-02 21:15:09,2017-09-04 15:46:59,2017-09-22 16:42:57,2017-09-25 00:00:00
41d6a7b15ec6c87722ac10f480c1d5e3,489c961db4ea27ab3d9cfa6d9a0f0995,delivered,2017-09-03 16:48:45,2017-09-03 17:03:46,2017-09-04 12:12:22,2017-09-05 21:22:24,2017-09-15 00:00:00
f47e4063d6bc1a7b8ae44e93faa70fc1,946ed1f7e8a8d4564830d66973e9f3f4,delivered,2017-09-03 18:37:22,2017-09-03 18:50:25,2017-09-13 21:39:45,2017-09-21 16:36:11,2017-10-03 00:00:00
aa0cbb40775d50f0535c3e4a38603b3c,fc5e6cad3f8c6354b277b835229513d7,delivered,2017-09-04 10:56:05,2017-09-05 04:15:21,2017-09-08 17:32:00,2017-09-14 17:46:57,2017-09-29 00:00:00
9bee2a0789ef47ce6515c171c803a285,fb28fb8b06eeedf8e25812ba5380872f,delivered,2017-09-04 13:35:55,2017-09-04 13:50:10,2017-09-06 20:04:25,2017-09-25 21:33:06,2017-09-28 00:00:00
ff2ac13b0f36dffb6af9699f59b18377,c7a68b2b2775db26644d8f4e28c03604,delivered,2017-09-04 14:26:51,2017-09-04 14:35:25,2017-09-06 18:08:04,2017-09-11 19:35:42,2017-09-26 00:00:00
430bd310105f069ac72ef7758f40299b,815e5251945f96c68c05d5c3500ab291,delivered,2017-09-04 18:09:28,2017-09-04 18:24:00,2017-09-05 21:34:13,2017-09-12 19:02:48,2017-09-26 00:00:00
036ea72a17833a6fbbcd3e4df8250292,c805f98a53f91cc2794ca2402fde6cd4,delivered,2017-09-05 06:12:11,2017-09-05 06:24:16,2017-09-13 18:53:36,2017-09-25 20:03:20,2017-09-28 00:00:00
6fd3f9bf79e48b384ee918cb691483ec,858c98ec0b961e34c54ee1016409d611,delivered,2017-09-05 12:50:58,2017-09-06 02:50:27,2017-09-08 11:17:46,2017-09-14 17:30:00,2017-10-02 00:00:00
af42d1d70bc955e5272039f5d271c392,a6b360081493d93571023c728c118671,processing,2017-09-05 16:37:04,2017-09-06 16:50:17,,,2017-10-04 00:00:00
b362e77722405d304dc6fb5947ea3bea,f62c129511fd69648c45b74571444807,delivered,2017-09-05 21:43:55,2017-09-05 21:55:13,2017-09-12 11:46:42,2017-09-26 20:08:14,2017-09-28 00:00:00
5c7d0a72d5ce2ffc03f4a86238abcd9d,0dd884f71795de2277b374e5714f7102,delivered,2017-09-06 05:47:55,2017-09-07 06:42:33,2017-09-08 17:51:51,2017-09-15 15:04:00,2017-09-28 00:00:00
f6f5da11ef603df65572d4a9444e1030,6f5499775cd1db11fedb4da2ba0fee19,delivered,2017-09-06 18:40:54,2017-09-06 18:50:18,2017-09-11 21:03:51,2017-09-14 12:31:34,2017-10-02 00:00:00
a9514842c946fff73632509db47cc683,60e33d9ad2f5c6bd7d7dcc6165fc8f25,delivered,2017-09-07 20:32:41,2017-09-07 20:43:26,2017-09-13 16:57:42,2017-09-22 21:40:43,2017-10-11 00:00:00
40956e6dd1d3604c48f437352e4dc3d3,3054b6322c7112b56c441d044a5b7033,delivered,2017-09-07 21:32:35,2017-09-07 21:43:59,2017-09-08 21:14:43,2017-09-22 17:04:10,2017-10-03 00:00:00
92bdfe9e203d9d027f9c26b8b39f6ec8,6739d1a6b151dfa87a505b1c8798edbd,delivered,2017-09-07 22:45:42,2017-09-07 22:55:14,2017-09-14 22:21:51,2017-09-23 13:41:20,2017-09-26 00:00:00
3c5c2cfeea91d9a57ac3c979ec6c9d62,d5074eadf84056c1ffc555aa27846171,delivered,2017-09-08 00:05:48,2017-09-08 00:25:26,2017-09-11 20:45:06,2017-09-21 18:53:34,2017-10-16 00:00:00
3b12b05b1ef9fd1f18face4e10c50c2e,4d7fc7b184089eadde3dd0133adcda45,delivered,2017-09-08 00:59:39,2017-09-08 02:34:04,2017-09-08 20:13:42,2017-09-18 13:59:53,2017-10-02 00:00:00
517c5482beb73742b5f8b08e4197dde6,07c5453d0cc0683141b3b76577d9cb32,delivered,2017-09-08 12:54:46,2017-09-08 13:05:12,2017-09-08 20:02:42,2017-09-18 19:18:51,2017-10-25 00:00:00
77810238ed0e20808a213bcdb0de6ae5,1c7832567f924bab626a92bbbdaafb93,delivered,2017-09-08 23:27:52,2017-09-08 23:43:42,2017-09-12 18:32:37,2017-09-19 20:06:57,2017-09-27 00:00:00
360b84029c125bb8d4ede52585f058f2,22a62541ed4704ac4f51d175379222d7,delivered,2017-09-09 08:41:10,2017-09-12 04:50:16,2017-09-13 11:59:54,2017-09-14 09:47:30,2017-09-26 00:00:00
19fe6cd13dca5943f17abd2c37c46abd,ee2cb1f148f1e7ac8293287c6c8b1d0a,delivered,2017-09-09 08:41:10,2017-09-12 04:46:01,2017-09-13 12:48:09,2017-09-14 11:39:50,2017-09-25 00:00:00
7ef2e75823b06b05aec1e71f3b2b22fa,2232236611f1458f825a31b9cfbd0997,shipped,2017-09-09 10:35:53,2017-09-10 07:05:15,2017-09-15 22:33:36,,2017-10-04 00:00:00
546a729b8042c31a71745ad37ad453cc,ba819aec7d70f984272d9fa3c3475787,delivered,2017-09-09 15:07:05,2017-09-09 15:23:55,2017-09-12 20:38:44,2017-09-19 17:56:54,2017-10-04 00:00:00
c13f7e0f6e68493d056654349be6c15b,1d185a1881211f40e281043cf723d455,delivered,2017-09-09 21:47:01,2017-09-09 22:03:53,2017-09-11 18:26:09,2017-09-13 17:32:19,2017-09-21 00:00:00
c38813ffe793f98e9c552fdd4f0a21ee,a51fd34f17dbb1494058b853b558e419,delivered,2017-09-10 10:12:26,2017-09-10 10:30:22,2017-09-14 22:57:45,2017-09-22 17:37:01,2017-10-02 00:00:00
f3b7643e42ed973c3f506f7ba18a6723,a14924ce978973b7ad6127c0115d3aaa,delivered,2017-09-10 16:51:58,2017-09-10 17:04:32,2017-09-13 11:36:54,2017-09-15 17:37:48,2017-09-28 00:00:00
bb13fa2703eaccdcb1e263eab3be6de4,0c3dfc99f2187c03f0e115be04ab0d72,delivered,2017-09-10 20:19:02,2017-09-10 20:30:23,2017-09-12 22:14:58,2017-09-22 17:42:05,2017-09-28 00:00:00
4642b5eb7edc14a4a0dd2c2eb7b68e14,30fca276feb60858f0292213c46c9756,delivered,2017-09-10 21:28:33,2017-09-11 21:35:22,2017-09-13 12:38:05,2017-09-14 16:12:08,2017-09-22 00:00:00
ef02392a4753ae9d3777f16b5feca9c7,6183f69ce7ffe6c72c33e334cf18c5ee,delivered,2017-09-11 00:31:53,2017-09-13 03:36:19,2017-09-13 20:47:40,2017-09-20 19:51:59,2017-10-03 00:00:00
334bdd786e5d50231aac545ecdc7e291,18afaffac96c533eecffd4a9b2da713d,delivered,2017-09-11 12:41:27,2017-09-11 12:50:44,2017-09-12 23:06:47,2017-09-14 23:22:33,2017-09-27 00:00:00
65d5ab70320210b215c305db9ff2f1c8,196dbd926f76403591fc4fd8b225171d,delivered,2017-09-11 21:23:45,2017-09-11 21:35:35,2017-09-14 22:20:06,2017-10-04 23:34:13,2017-09-28 00:00:00
6297b306b33b7a9028dfaa203b9742a3,371b2f2745e80d677eba83ffbe8df74a,delivered,2017-09-12 01:29:49,2017-09-12 01:44:09,2017-09-12 17:19:39,2017-09-28 20:17:55,2017-10-13 00:00:00
a7068cfd6d38617e2a752a01e40230f5,c56d35b9a9d16dbacf20923026c3a06a,delivered,2017-09-12 16:20:23,2017-09-12 16:30:23,2017-09-15 19:33:21,2017-09-19 17:35:04,2017-09-28 00:00:00
20e1fe47866114539324803e7f7547c9,519eb7f61d2cdd15efdd96e826aa0ea3,delivered,2017-09-12 16:28:17,2017-09-14 02:50:35,2017-09-14 16:24:04,2017-09-15 19:08:01,2017-09-22 00:00:00
7f52fe36580dffc15fb684d226b12f32,9af15d3746688c85fe8c47cc68caf0f0,delivered,2017-09-12 17:33:41,2017-09-12 17:45:23,2017-09-13 23:33:41,2017-09-22 16:34:59,2017-09-29 00:00:00
942ca92b6dd15a40d979cc95c6b8c761,433f70f1d652d249dd045f7922c5169c,delivered,2017-09-12 18:03:22,2017-09-13 03:30:13,2017-09-15 17:32:20,2017-09-20 11:37:20,2017-10-03 00:00:00
b605af5fb88eb77cc70df27f2df3a883,aca8fffbc60949cc5930ab39b195e5f9,delivered,2017-09-13 02:23:07,2017-09-13 02:30:18,2017-09-13 18:55:38,2017-09-27 18:53:49,2017-10-04 00:00:00
53fa1584e9fc3d9b50f19da601874fd5,c348bc75888d19850f16cc205013a3af,delivered,2017-09-13 08:03:54,2017-09-13 08:24:41,2017-09-14 08:41:59,2017-09-16 13:57:36,2017-09-27 00:00:00
8484c5fe4c5e00deaa868795d62d1db9,7d9a689797eeccd6d8e1da49e6c0ce0b,delivered,2017-09-13 12:37:57,2017-09-14 02:50:31,2017-09-15 21:24:47,2017-09-26 17:14:23,2017-10-03 00:00:00
6644170ea0130942cfb3064dce01004a,1a9c7149943c405cdc9cdd35b20aed1f,delivered,2017-09-13 22:17:54,2017-09-13 22:30:21,2017-09-14 16:03:58,2017-09-18 20:11:48,2017-09-25 00:00:00
ba4f4ffc1063e52435824b76fc7933a6,eecb43b5c2dc03262b7b5abefd535b3a,delivered,2017-09-14 13:12:39,2017-09-14 13:25:49,2017-09-19 18:29:00,2017-09-27 18:36:31,2017-10-16 00:00:00
39cf873ad8dfacb60ab26448e511723a,eaf1e7d10b6121a4f5546501c3af0e54,delivered,2017-09-14 15:28:48,2017-09-14 15:44:15,2017-09-15 15:41:59,2017-09-18 21:53:50,2017-09-26 00:00:00
0944dd6401b58739dc030557fb149b25,4bbeac9d9a22f0628ba712b90862df28,delivered,2017-09-14 15:57:44,2017-09-14 16:10:17,2017-09-15 21:14:38,2017-09-19 20:21:43,2017-10-05 00:00:00
5a7b40567394cf2a17b67ace5ea32329,d1ed41bc427405c1efa9aa30cde87249,delivered,2017-09-14 19:16:36,2017-09-14 19:25:19,2017-09-15 16:06:02,2017-09-24 13:14:56,2017-10-04 00:00:00
2a63765c400304a82efd12bd16d8f1d4,1adc79ab67375fd7d0fe045da2bcad32,delivered,2017-09-14 22:29:52,2017-09-14 22:45:39,2017-09-15 18:15:11,2017-09-22 16:27:57,2017-10-06 00:00:00
736813b41544d3ca0ed5d508802f4ca1,b4f165c52bae5d2d45193cd87801929f,shipped,2017-09-15 09:05:41,2017-09-15 09:15:13,2017-09-20 20:41:38,,2017-10-05 00:00:00
71a0049f34d4d5b556c2194855da9771,d643887849516332544a149efd961b03,delivered,2017-09-15 11:51:32,2017-09-15 12:05:34,2017-09-15 18:36:32,2017-09-18 19:38:02,2017-09-27 00:00:00
b87c9466fb7a6b04a632222b07c1922d,f69987b9f125768a2cf3243679536a80,delivered,2017-09-15 11:59:48,2017-09-15 12:10:17,2017-10-10 19:39:53,2017-10-20 21:42:47,2017-10-04 00:00:00
0990523dcb57830447203c2e6d8804d0,2c143a285d05f7ed636955c1487082dc,delivered,2017-09-16 09:34:01,2017-09-19 04:05:55,2017-09-19 17:13:00,2017-09-25 20:10:15,2017-10-11 00:00:00
ee21a244d02c03d23adaa14fe3049b88,7b3d48b0c713f931c8f285b7ca1a8f79,delivered,2017-09-16 15:23:17,2017-09-16 15:35:15,2017-09-30 15:13:38,2017-10-10 10:20:34,2017-10-26 00:00:00
63cb6e6a5632d2fa0406a8f3c6eae8cf,8c0f9eac2698a33a01f8e7c74a6776ef,delivered,2017-09-16 16:11:59,2017-09-19 04:06:18,2017-09-19 20:37:54,2017-09-25 21:55:33,2017-10-06 00:00:00
e0bb8d950282b26db2d1090b296244fe,8defe1397196855efc5abc7f4a806bcb,delivered,2017-09-16 17:57:35,2017-09-16 18:10:16,2017-09-18 16:57:52,2017-09-25 18:23:32,2017-10-17 00:00:00
a794d432d0990aa47220cda510a0a872,ac09b50d5b648f30126cc7ffceb97e8b,delivered,2017-09-16 23:26:17,2017-09-17 01:10:38,2017-09-18 18:51:44,2017-09-25 16:58:32,2017-10-09 00:00:00
7bbf1280be83a8ea2790e7b3a5aab7e6,f2391b928c8cc72908beaefec0015001,delivered,2017-09-18 08:39:38,2017-09-19 03:34:13,2017-09-20 18:06:59,2017-09-27 18:29:42,2017-10-09 00:00:00
bb937ae1ca42e99347c215a7b0d05847,eaa1199813fb98ec26ed72f774b27b55,delivered,2017-09-18 11:03:21,2017-09-18 11:10:17,2017-09-19 19:37:51,2017-09-25 21:21:22,2017-10-06 00:00:00
e1d1213b6608018866541300bc7e095c,0a1bd304aedee91a65a9692e70d91998,delivered,2017-09-18 12:21:43,2017-09-18 12:30:20,2017-09-19 17:12:59,2017-09-28 16:48:05,2017-10-09 00:00:00
6badfcc75dd97eb3cce25aa4bc7dd773,7ce1fc9e99a49468fd3ba1df06317ff3,delivered,2017-09-18 15:55:33,2017-09-20 02:35:08,2017-09-29 13:16:17,2017-10-03 21:13:16,2017-10-13 00:00:00
02dade411839b1c334363dc9058e1124,95aa1acd3c367fcf72a56d106afc9838,delivered,2017-09-18 18:43:37,2017-09-19 18:50:13,2017-09-25 22:49:51,2017-10-02 20:38:45,2017-10-04 00:00:00
ed0b6f8c8617370e53735a5d963bb5b6,06ec7aed3161859018db02f695b6600d,delivered,2017-09-18 18:53:15,2017-09-18 19:05:23,2017-09-20 17:22:30,2017-09-22 20:56:45,2017-09-28 00:00:00
51427a59ed7cf06820364d94af7a6f7a,54ce9e1a605daf6be9a7c6212c9f4223,delivered,2017-09-19 01:31:45,2017-09-21 03:10:06,2017-09-26 20:33:02,2017-10-11 15:39:15,2017-10-13 00:00:00
87b11e8650942d90851905d1bebae8d1,6c6188669dc1f7300b57fe0fe378d24e,delivered,2017-09-19 07:53:29,2017-09-19 08:05:56,2017-09-20 20:22:21,2017-10-04 18:58:02,2017-10-13 00:00:00
09026ebcef956ddfbc9af4af7c46d377,7623a517e40b45628d3c89bbce2eb1f4,delivered,2017-09-19 14:01:19,2017-09-19 14:10:50,2017-09-21 15:32:26,2017-10-04 22:55:46,2017-10-10 00:00:00
78eccf94d43a3769c3eff6e740758c1d,219e2ae459da58e8179154ddbf543130,delivered,2017-09-19 21:35:53,2017-09-20 21:30:45,2017-09-21 20:42:31,2017-10-09 21:32:54,2017-10-10 00:00:00
abc3e842e38ace4030133da4ebd501f5,4a90fdde2427bd29fa32a6433fe2153c,delivered,2017-09-20 01:27:34,2017-09-20 20:35:11,2017-09-26 17:53:53,2017-09-27 22:08:59,2017-10-11 00:00:00
021d0261c214591da7db51193c9aeb29,af9e6b10595811f8cfa732c179697ac4,delivered,2017-09-20 05:02:16,2017-09-20 05:15:07,2017-09-20 21:20:11,2017-09-21 16:18:28,2017-10-02 00:00:00
6d97e3d5d9043bb4fa4f8fd0b4d9f230,b2ba171781b90a99f8256ea5f0d6cfd0,unavailable,2017-09-20 15:01:41,2017-09-21 03:04:43,,,2017-09-29 00:00:00
19530a2973e25dffb52a39210f27ebb0,fb414321e11f6ff470a42cf778c60753,delivered,2017-09-20 22:19:51,2017-09-20 22:30:15,2017-09-21 15:47:47,2017-09-22 20:03:12,2017-10-05 00:00:00
3ff25314bbe9dc1ec7c983499bdff8f2,589298dae9fd52c451466272d22efb8f,delivered,2017-09-20 22:31:37,2017-09-20 22:44:26,2017-09-25 15:39:10,2017-10-17 22:04:35,2017-10-24 00:00:00
8a9e16e628ff47d5e3cd022089c9082a,676761aed74e8c2a56f78ea5dfbfedf7,delivered,2017-09-21 01:37:30,2017-09-22 01:44:35,2017-09-26 15:37:58,2017-10-01 16:13:51,2017-10-13 00:00:00
57c6fa4668d9985ee3ffbcbdc15b77f6,090881015f7293808eff51132d75a209,delivered,2017-09-22 10:24:45,2017-09-22 10:45:50,2017-09-22 17:22:14,2017-09-28 19:13:38,2017-10-16 00:00:00
ae55c180decfe41ac363c68f08a16003,131764f6a14ca2016bce014a174c7e52,delivered,2017-09-22 10:28:10,2017-09-23 02:26:10,2017-09-25 18:33:39,2017-10-05 23:11:23,2017-10-20 00:00:00
ee0ceef4f6b0b57613eedaf1568bff02,d69707d828e613d5e042ac0de8ae64bb,delivered,2017-09-22 11:48:42,2017-09-22 11:55:23,2017-09-25 20:22:22,2017-09-26 19:55:45,2017-10-09 00:00:00
8c43035f1afa3fca88c0514d32ff70f7,ffdaaad4323306777060ca43b3f87e7f,delivered,2017-09-22 14:02:12,2017-09-23 02:25:43,2017-09-26 17:29:54,2017-10-02 20:33:42,2017-10-16 00:00:00
7f9df823add120adeb81bec9c2c421a0,6e6dc62a9abb771cb96614a627d5cf4c,delivered,2017-09-22 15:26:28,2017-09-23 18:44:28,2017-09-25 14:37:50,2017-09-28 18:48:56,2017-10-16 00:00:00
799e53347e276d82f68872b6741bf731,d890eafae5bea5d3609d7fa0b22cb293,delivered,2017-09-22 18:14:06,2017-09-22 18:30:09,2017-09-28 17:02:59,2017-10-03 15:52:33,2017-10-16 00:00:00
e684d169c6ce5450a7cf6af58dfeb900,f3b4094251fca27bdf0249d9539450af,delivered,2017-09-23 16:01:37,2017-09-23 16:10:16,2017-09-29 16:19:38,2017-10-04 15:39:11,2017-10-27 00:00:00
b2664e0e967b1c146e574185530e813d,9bd3fc2336e57744747be02f106ba746,delivered,2017-09-23 17:38:22,2017-09-23 17:50:16,2017-09-25 20:27:36,2017-10-04 18:50:04,2017-10-17 00:00:00
ade4397f52cb13f72b87939c8250e292,1b53291bea0d803ea8d9445552fc011c,delivered,2017-09-23 18:57:21,2017-09-26 06:33:12,2017-10-02 14:53:38,2017-10-12 13:29:09,2017-10-24 00:00:00
17741d347806fbe91c72a69918b484ca,d58c07eea7de10eca37d9a61ab7a5e16,delivered,2017-09-23 21:17:23,2017-09-26 03:35:24,2017-10-03 10:12:46,2017-10-17 20:58:32,2017-10-27 00:00:00
cda07ad4f2f777317f2d6b2e3621a5cd,75d2b9b168cf65e5c1865ce4d1745ebb,delivered,2017-09-25 10:02:03,2017-09-26 03:24:49,2017-09-28 13:43:44,2017-09-29 18:44:59,2017-10-11 00:00:00
ac67d8fc34e7d40fe10f3f99609eea60,74dd658e3cc47fad8588e6f48f6a6075,delivered,2017-09-25 15:31:13,2017-09-25 15:44:22,2017-09-26 14:28:17,2017-10-10 19:42:25,2017-10-26 00:00:00
bb1cb0653f2664a83f30a4bc0b483f94,fd28c7968c649e40e639e20d79040ccb,delivered,2017-09-25 19:50:03,2017-09-26 03:28:30,2017-09-26 18:54:05,2017-10-02 20:27:34,2017-10-17 00:00:00
8391a032db0a71458e548af0b6e9eb8e,20030fb3202f47379931ee5ffd196b61,delivered,2017-09-25 21:01:43,2017-09-26 21:07:26,2017-09-27 20:39:19,2017-09-30 16:22:57,2017-10-10 00:00:00
678e948d6ef6324c0891d0c714d23946,66b0c56bdeccde8a05900cb7efb2e1bb,delivered,2017-09-26 07:28:53,2017-09-26 07:49:15,2017-09-26 21:56:00,2017-10-03 20:27:33,2017-10-19 00:00:00
11913ca0eb4a5aaedf1c5fcb3a69899a,7a235e5d8bde93d40c5231c8308ba511,delivered,2017-09-26 09:37:01,2017-09-26 09:49:31,2017-09-26 21:22:17,2017-09-28 21:40:59,2017-10-11 00:00:00
0046e1d57f4c07c8c92ab26be8c3dfc0,ae55e228ded796581eccc67045516023,delivered,2017-09-26 15:24:03,2017-09-26 15:49:17,2017-09-28 18:42:42,2017-09-29 18:29:50,2017-10-11 00:00:00
d824a4f31c8c8abaf5c415c8dd473a59,f984693de2fb08c8887fd7b829aeadfe,delivered,2017-09-26 20:48:50,2017-09-26 21:04:51,2017-09-28 14:56:41,2017-10-03 23:47:50,2017-10-18 00:00:00
51a7e6cfd3daa5187a2f973c44a74a74,c04eb50c0972e84c3c4f3bbe3e8e4205,delivered,2017-09-26 22:47:22,2017-09-26 22:56:24,2017-09-28 17:27:52,2017-10-04 22:04:15,2017-10-23 00:00:00
e747b099854432937d27178c640102bf,15cd6d28330a079fcdcd23372d2930c6,delivered,2017-09-27 09:20:53,2017-09-28 03:34:20,2017-09-28 18:25:05,2017-10-03 21:29:01,2017-10-13 00:00:00
3d17d211984312889a4d60f359859535,758aedfa7a88fafd333878e149379e0b,delivered,2017-09-27 11:59:35,2017-09-27 12:07:26,2017-09-27 17:37:27,2017-10-05 18:18:07,2017-10-27 00:00:00
710d9b541d2ae52ef56ef33f5e1b795c,8f9cdc2bab0d953cab1e98d25253d8fe,delivered,2017-09-27 13:45:14,2017-09-27 13:56:24,2017-09-28 15:44:41,2017-10-06 22:28:04,2017-10-25 00:00:00
b0cfe2eb432bba9a53dce35cd5793946,b7908345fe15cf0013c5f73d12225cab,delivered,2017-09-27 19:45:47,2017-09-29 02:28:45,2017-09-29 20:02:07,2017-10-15 14:21:20,2017-10-26 00:00:00
e352178ae3b81e3d7d67ee7edd973a43,774b40c2d9e895086ea8c29646821b90,delivered,2017-09-27 22:01:59,2017-09-29 02:54:17,2017-09-29 18:18:58,2017-10-05 18:27:30,2017-10-19 00:00:00
711f88786eb588f0a5925cbc8282f3e8,25a4d8c5a24540395cda3d9a9d258c4f,delivered,2017-09-28 00:20:50,2017-09-28 00:49:13,2017-09-28 22:04:01,2017-10-05 21:46:50,2017-10-20 00:00:00
0a50b1ae078d9638440048842b7cd5c4,030c88df740faf58e3bbf38fe25c1743,delivered,2017-09-28 15:57:29,2017-09-29 20:49:24,2017-10-05 16:43:13,2017-10-13 23:24:57,2017-10-27 00:00:00
4351879fb74d0a37b9c8dad7ba7e59de,ba57463d587cb70d3871b2ebc91c6284,delivered,2017-09-29 09:44:34,2017-10-03 04:14:16,2017-10-06 15:24:55,2017-11-03 21:05:31,2017-10-27 00:00:00
ac28887de5f5bbd520cb77370e8b219d,60c1f4151b92f9bbf80813a1f6b4f3db,delivered,2017-09-29 14:44:31,2017-09-29 15:04:29,2017-09-29 20:48:47,2017-09-30 15:13:14,2017-10-17 00:00:00
926f8e6e4b3febd66f57a92de958be15,d62a7a2386e1ce7e464a193d12fa1ee2,delivered,2017-09-30 13:55:21,2017-09-30 14:56:19,2017-10-02 15:37:58,2017-10-05 16:18:27,2017-10-18 00:00:00
c04ccf5367e419a74f5589f156a0b8e1,6f7d7ececcfee77e1c4d624c81a37aa2,delivered,2017-09-30 19:45:40,2017-09-30 20:14:23,2017-10-03 17:06:05,2017-10-10 17:32:52,2017-10-30 00:00:00
349af77e71491a1aed28d6bf0528e09b,b37a5547791aeb5ac5d9ca955d0bc6fb,delivered,2017-09-30 22:59:50,2017-10-03 04:05:14,2017-10-03 21:19:05,2017-10-23 18:07:12,2017-11-09 00:00:00
b5c5a6fb605260058c01713e1fb97aba,4169bb026675fc7051730e93783794e9,delivered,2017-09-30 23:17:17,2017-09-30 23:29:05,2017-10-04 10:35:56,2017-10-09 17:18:09,2017-10-24 00:00:00
e36361f00e1c093432050d4a52860c8f,d9a14369332805c9204ffce41311e330,delivered,2017-10-01 09:09:22,2017-10-01 09:24:37,2017-10-06 21:12:48,2017-10-16 18:46:42,2017-10-27 00:00:00
6129370214b115f45a7b9b13e33c83d9,e6e579b8f68f697b058dc326d10acef2,delivered,2017-10-01 10:55:25,2017-10-03 04:05:02,2017-10-04 02:10:05,2017-10-14 00:32:48,2017-10-27 00:00:00
10f19649ff10ef887aee3d8d536f5da1,9d63ff3e9226b807a98142a1b6b5a899,delivered,2017-10-01 12:14:15,2017-10-01 12:24:10,2017-10-02 18:13:44,2017-10-12 17:22:51,2017-10-30 00:00:00
9dc0a33bcfa9c6bfa29e7434029a8631,36ed9379299c45eda07acf2c5012e28e,invoiced,2017-10-01 12:47:42,2017-10-01 12:56:10,,,2017-10-18 00:00:00
934b7f6dbf65d976b415011a2e286581,fef1650febdaa4fbc1a1420ee9f0f6be,delivered,2017-10-01 14:46:59,2017-10-01 14:56:14,2017-10-02 20:00:10,2017-10-09 12:35:08,2017-10-18 00:00:00
5bdb0867cd3ddd505f79a2fc7b2d315d,76523bb9cbac54a9e190b9f652762a27,delivered,2017-10-01 22:44:21,2017-10-01 22:56:45,2017-10-02 20:18:49,2017-10-21 16:21:47,2017-10-27 00:00:00
a32f136cacf2a9b45eaeb507057b33f2,c8a0b7a3747bdf0764e839a4d1ec1d20,delivered,2017-10-01 23:11:18,2017-10-01 23:29:43,2017-10-02 20:32:19,2017-10-06 23:25:55,2017-11-01 00:00:00
3ba290d869362a67994eede4e78130f0,64e685e8056227e8864eb92949604290,delivered,2017-10-02 00:28:03,2017-10-02 00:49:19,2017-10-03 17:25:58,2017-10-16 21:47:51,2017-11-03 00:00:00
106dccd8cf01a9d15921ba6b3028a09d,7a1a51cc44b9a60d0b751d3ae26a07d4,delivered,2017-10-02 12:47:00,2017-10-02 13:04:35,2017-10-02 18:38:57,2017-10-03 18:27:21,2017-10-18 00:00:00
0372d2e3d0ac2600aa8e08e6c46cb7dc,cf9d02b5881ac8b8c6c2c5d4be462589,delivered,2017-10-02 12:47:27,2017-10-02 13:24:27,2017-10-03 17:25:54,2017-10-06 18:42:10,2017-10-27 00:00:00
71f3711def0641f613b693af7bf61083,18eb70a38a00f5203e6449011e998840,delivered,2017-10-02 13:45:58,2017-10-04 03:04:13,2017-10-05 15:53:59,2017-10-27 19:22:03,2017-11-01 00:00:00
9b156799a5b75cdf61bd52c0f7e04b61,1e80013eefbc021dad1bca9b09cc5924,delivered,2017-10-02 19:38:28,2017-10-02 19:49:22,2017-10-04 19:10:53,2017-10-09 20:58:05,2017-11-03 00:00:00
81039bb5e28d76cd6757558d5800a617,ec91e560b9b86807cdf13ee64279176b,delivered,2017-10-03 02:09:52,2017-10-03 02:23:24,2017-10-04 14:56:16,2017-10-10 20:22:14,2017-10-19 00:00:00
a1ea1bd909502b5214a0b425746fca5c,abd06a060b1f19f33a3ffafbf6bba1fd,delivered,2017-10-03 07:38:50,2017-10-03 07:49:20,2017-10-09 21:18:56,2017-10-20 22:38:51,2017-11-08 00:00:00
c157dbddbf8cf9a086acf9ef8eb8cf92,cf0b03b5cceb5984281a0f1a4cc62bf9,delivered,2017-10-03 12:13:15,2017-10-03 12:28:19,2017-10-05 20:59:53,2017-10-16 23:19:55,2017-11-01 00:00:00
110d11411569c88d2745d55180027f3e,dcdc2e29ce9bfb07a3c6d0d1e0775073,delivered,2017-10-03 12:56:49,2017-10-03 13:07:41,2017-10-04 21:10:56,2017-10-10 02:29:28,2017-10-27 00:00:00
11a239a4801f822c98f826b625fc9baa,1b55371dee453c946fe64347a326f0b4,delivered,2017-10-03 18:07:53,2017-10-03 18:24:37,2017-10-04 15:42:16,2017-10-14 14:53:41,2017-11-06 00:00:00
8c7b47a875c412c4303eefc88e9d92c9,a76bc2d372186cd87b857191c77f2270,delivered,2017-10-03 20:39:34,2017-10-04 20:49:32,2017-10-05 18:27:32,2017-10-09 18:12:34,2017-10-27 00:00:00
60d9a5e952b00c9a481aa0e3d641b354,7082edd9f78fb9d07560b4f9d65f7095,delivered,2017-10-03 21:27:23,2017-10-03 21:43:46,2017-10-04 18:32:03,2017-10-09 23:11:59,2017-10-19 00:00:00
522527427b29a3fefe865a02a7a78962,fdd60720327e89295c1c7a3bf2c94bdc,delivered,2017-10-03 22:44:57,2017-10-08 07:35:43,2017-10-09 18:51:50,2017-10-24 19:43:29,2017-10-30 00:00:00
4749a1374297f0088e587cf8cd9cc3f6,e84561f53798e85dd5b8f0714133a622,delivered,2017-10-04 09:58:44,2017-10-06 02:24:57,2017-10-06 16:14:36,2017-10-10 21:03:37,2017-10-26 00:00:00
55af3f02d418fbfae46c0e04bffe4676,8a4097fca61c98661684fbfe703083ca,delivered,2017-10-04 12:47:40,2017-10-06 02:28:14,2017-10-10 20:35:41,2017-10-18 18:32:39,2017-10-27 00:00:00
350508df3bad3da1cf8a3ac50f8c0406,4e772a2d0ce96d497b60339ebad2c25c,delivered,2017-10-04 14:06:42,2017-10-05 14:35:15,2017-10-11 20:59:55,2017-10-27 21:58:20,2017-11-06 00:00:00
ace21e63d47750bf1c9d30301b61db13,e22dc4324abb82bacd88ff9173985e72,delivered,2017-10-04 16:29:27,2017-10-04 16:46:10,2017-10-05 18:24:16,2017-10-09 15:11:14,2017-10-27 00:00:00
016d1bdf6efab4f6b805df1c03043113,32ea572ef909ce200bf5097211d79d22,delivered,2017-10-04 20:26:53,2017-10-04 20:35:24,2017-10-05 19:50:09,2017-12-01 18:49:05,2017-10-31 00:00:00
6d2d513c85c6b40a59a24c477959acdc,ba6690c4e90188834da0273f567afe0b,delivered,2017-10-04 23:16:47,2017-10-04 23:35:09,2017-10-06 21:18:31,2017-10-16 16:45:32,2017-10-23 00:00:00
93fac531a5d1aa75846d96103217e85b,411e55a7552f5194f492ee0c4d62c0f7,delivered,2017-10-05 06:36:34,2017-10-06 02:25:16,2017-10-13 20:18:53,2017-10-18 21:02:59,2017-11-07 00:00:00
864a3b3cc4c7ea1045528ea46f1848e9,6238031a69e4a3bafdcfdfb391e1f7a6,delivered,2017-10-05 08:32:37,2017-10-05 08:43:57,2017-10-05 20:57:37,2017-10-18 18:35:16,2017-11-06 00:00:00
c378d1766ed412f14e38a4fd8547f9e9,4b0dbdea9ec36d6a05622ae783368715,delivered,2017-10-05 11:59:00,2017-10-05 12:07:19,2017-10-05 17:22:46,2017-10-09 17:38:53,2017-10-24 00:00:00
70dc1650fbe7679b733b3d80d3073765,dcff5ba8cd5e93960bb494141d39df55,delivered,2017-10-05 13:11:42,2017-10-05 13:25:01,2017-10-06 15:41:27,2017-10-14 11:52:15,2017-11-09 00:00:00
a05b1831c01baf69ce6c81050cc1405e,48a8f1d33cdba145864fe26e90836426,delivered,2017-10-05 17:29:12,2017-10-05 17:49:23,2017-10-06 19:53:20,2017-10-10 14:59:01,2017-10-30 00:00:00
2b0b75a2e7ebb3fa4a95e3b6ab121e86,b11a2f97e75e3cd6a422b4112f4fd318,delivered,2017-10-05 20:07:05,2017-10-05 20:24:42,2017-10-09 13:37:04,2017-10-10 19:02:44,2017-10-24 00:00:00
5209e430c4a82e1eb7cd636ecbb573a3,2dcdd89fa50e9aa7e0105eddff0fbbc6,delivered,2017-10-05 20:09:56,2017-10-06 20:07:12,2017-10-24 19:03:29,2017-11-21 23:04:42,2017-11-09 00:00:00
621eb879252e1ef32bfbe6f3eab23b57,a148326eadacadc17eb9594a5617ea83,delivered,2017-10-05 20:26:25,2017-10-07 02:45:06,2017-10-09 21:07:43,2017-10-17 19:15:25,2017-10-30 00:00:00
8a5fcb4314afcbf3906bd354138b674b,e6b14404e764a575edf95ff97c1ffa90,delivered,2017-10-05 20:31:34,2017-10-06 02:28:31,2017-10-06 20:43:38,2017-10-08 15:33:56,2017-10-23 00:00:00
88b09d34d523862ed31c57b3c3b310e3,dfaa16f4dc640a8770b7f760d0a4611b,delivered,2017-10-05 23:06:05,2017-10-05 23:30:55,2017-10-06 18:29:53,2017-10-18 18:27:35,2017-10-31 00:00:00
e53550183258c1680dd24b5923d44e7e,3f0e725e7ec44041799bf649e48618ab,delivered,2017-10-06 07:54:00,2017-10-07 08:06:57,2017-10-11 10:18:34,2017-10-22 12:33:45,2017-10-30 00:00:00
48dcae389be2ddd6ad3ba930055ebe4f,51ca168d7521026309599e5567efe070,delivered,2017-10-06 10:50:26,2017-10-06 11:07:10,2017-10-09 22:53:39,2017-10-24 20:07:52,2017-11-10 00:00:00
d8716a985f69a46751cc046b0fea0d98,fb89de9d98c3cde010eaf1a31a5f7fd3,unavailable,2017-10-06 12:54:42,2017-10-06 13:07:10,,,2017-10-24 00:00:00
ab7342290dcd818479042d1def7583fa,c82538d5fbcae9bd56b9ff35b1f4750c,delivered,2017-10-06 20:10:59,2017-10-06 20:28:12,2017-10-11 17:35:27,2017-10-18 18:12:46,2017-11-01 00:00:00
28c3c716d01cc934376d3bebea04da92,ba9bca00a23fd0f3bba7e206ddf8283d,delivered,2017-10-07 09:10:58,2017-10-07 09:24:36,2017-10-10 15:48:15,2017-10-25 17:56:06,2017-11-03 00:00:00
b0b2c1eac18964a383e18b20e718e806,fe955316fa2ecdc7cf6c136dab7fdf1b,delivered,2017-10-07 11:45:08,2017-10-10 04:14:24,2017-10-20 20:45:34,2017-11-02 14:58:50,2017-11-08 00:00:00
5337d26d14027f547caacb7fee230f81,c4d9b9bfc52725c22a75694a5eca31f3,delivered,2017-10-07 17:46:00,2017-10-07 17:56:13,2017-10-09 19:02:58,2017-10-16 20:33:51,2017-11-08 00:00:00
332e264249f30a888b81bffd7a84e03c,7cc8aa1b58755e7d169084d0778f362d,delivered,2017-10-07 21:41:11,2017-10-10 03:49:20,2017-10-10 22:07:04,2017-10-27 21:21:57,2017-11-13 00:00:00
eeb03bd554e175a6c6ae5cdc2e86d841,8a36595aba7172250fc75470b725403b,delivered,2017-10-08 17:55:05,2017-10-08 18:30:36,2017-10-10 20:52:11,2017-10-13 17:22:58,2017-10-31 00:00:00
21f27570ef536f54c3f27f4c9e9c9709,65c30277282c2dcc0d068061054f4260,delivered,2017-10-08 21:20:24,2017-10-08 21:35:27,2017-10-10 22:33:55,2017-10-17 19:16:38,2017-11-10 00:00:00
628892249eb28e0376c57474af8ffb26,4ec3c1ee5c1f2f468a23a948dfd03f79,delivered,2017-10-08 22:00:57,2017-10-08 22:14:18,2017-10-11 20:42:04,2017-10-19 20:50:09,2017-10-31 00:00:00
7ba66cc7f94f613ad60852e42e42e7e7,f96605120e03b2562298bbd2495d85f8,delivered,2017-10-08 22:08:28,2017-10-08 22:25:46,2017-10-10 19:03:59,2017-10-20 19:55:27,2017-11-07 00:00:00
50cbc0ce14ba62ab76c2c353dbf6bb7d,6e4fce89806ba59751307949337ed655,delivered,2017-10-09 12:17:50,2017-10-09 12:49:15,2017-10-10 19:43:49,2017-10-16 21:43:17,2017-10-27 00:00:00
3e7d62de8eab0ea8d37a2983df8f7af9,9840175c487cbad0c849d9e76c898afc,delivered,2017-10-09 13:40:58,2017-10-10 06:34:12,2017-10-11 17:38:57,2017-10-16 21:48:45,2017-10-31 00:00:00
b9964fe824ef79f3fe90110b41e048b2,673b616061db61160a67e09d6a98a030,delivered,2017-10-09 14:25:11,2017-10-10 12:49:22,2017-10-10 18:41:28,2017-10-16 22:14:43,2017-11-10 00:00:00
b98a5e1f2c386eb67df00a633c98848e,56fa5b86733fcb9203489a4b36c6c73f,delivered,2017-10-09 15:55:37,2017-10-09 16:14:19,2017-10-10 15:50:19,2017-10-11 16:52:58,2017-10-23 00:00:00
b4b9e15f3787253b781c561f2d8f7eb7,8b46fef28148846b62971ed30ffee02b,delivered,2017-10-09 16:10:20,2017-10-10 21:07:13,2017-10-11 21:38:45,2017-10-17 21:45:48,2017-10-31 00:00:00
b624512c534133dd5a23c9a1acb8e2b0,e7874858d0f02ac36d9d31fe810617d4,delivered,2017-10-09 20:30:25,2017-10-09 20:49:42,2017-10-11 00:38:01,2017-10-17 18:13:46,2017-10-26 00:00:00
f05357e2049ed23ef3cd55f90ab5f714,feb21f1d9c67d7dc149e4739e2025991,delivered,2017-10-10 14:12:01,2017-10-10 14:46:33,2017-10-11 21:13:52,2017-10-18 18:23:18,2017-10-31 00:00:00
2b5a652c5e22d7c846b463c4888c5896,89863bf862ffb0131d2e08ea0bbcc406,delivered,2017-10-10 22:11:36,2017-10-10 23:08:24,2017-10-16 21:18:44,2017-10-19 17:36:42,2017-10-30 00:00:00
8ee530ebcd1df2efa8f0f5b08ef3beb7,a2f887a154a4978b280e0430deed9d05,delivered,2017-10-10 22:25:06,2017-10-12 03:00:11,2017-10-13 20:36:54,2017-10-24 20:52:19,2017-11-09 00:00:00
196750f3a540bf20f0d449337221bd1f,14841ab540bf9dd232bcb84d8135325c,delivered,2017-10-11 00:58:33,2017-10-11 01:14:09,2017-10-11 17:45:49,2017-10-18 20:15:31,2017-11-07 00:00:00
4c4ac3e2dfb16b17d057cf101265b24c,6fbe4775f3b882bef0f10d86a55ca4ae,delivered,2017-10-11 11:38:12,2017-10-11 11:56:09,2017-10-11 21:29:56,2017-10-23 19:43:58,2017-10-31 00:00:00
d5f471ea9cffc82fb64e8b07d247cb3f,73f8bb0e3a2d4d72066d4aa97efeb6ea,delivered,2017-10-11 14:27:56,2017-10-11 14:45:35,2017-10-13 18:48:53,2017-10-16 18:39:59,2017-10-24 00:00:00
ca7c7cc82b6d5531b6ff87a7e232357c,438ad6d81467ace11850c8a96818ff42,delivered,2017-10-11 14:36:25,2017-10-11 14:49:22,2017-10-13 19:32:28,2017-10-18 20:13:47,2017-11-07 00:00:00
f28e549e51f383974493cf9dbdce5d46,23c6db8b716b4cc0c9cb7ca858400080,delivered,2017-10-11 15:15:37,2017-10-11 15:28:43,2017-10-13 16:22:09,2017-10-23 18:43:37,2017-11-06 00:00:00
b45d11b61c2a68756bbbd7665d67e812,52bd992e7e198bdcdd18854c7c2c1667,delivered,2017-10-11 21:55:04,2017-10-13 15:56:25,2017-10-17 14:12:48,2017-10-19 19:18:47,2017-11-03 00:00:00
8df2feeda535c3b57a1e8fd9bbb9e95c,81b760614714356a48bae829536c0b0a,delivered,2017-10-11 21:55:04,2017-10-13 15:56:24,2017-10-17 14:24:00,2017-10-19 19:59:48,2017-11-06 00:00:00
4a500df6bccc8012825a767ea8d04a28,56df129e93c8aa3737ae0ddf7d837459,processing,2017-10-11 23:22:26,2017-10-11 23:35:59,,,2017-10-31 00:00:00
83832d7a696d54e9e32347d7cc7df962,079f12eb1b192642da96011b5befc023,delivered,2017-10-12 13:48:31,2017-10-14 03:36:34,2017-10-18 14:05:39,2017-10-24 18:00:03,2017-11-01 00:00:00
f9f15e02ed74cf8a21b8266a55498942,e1f67a370030c2c5695ee3f95c44cd90,delivered,2017-10-12 21:46:31,2017-10-12 21:56:20,2017-10-17 17:07:58,2017-11-17 23:59:11,2017-11-13 00:00:00
4971e311356ab2972110bcebd76e48c0,2ac3a043592924a116eeac9dc25d1399,delivered,2017-10-13 11:11:03,2017-10-13 11:35:23,2017-10-13 19:27:39,2017-10-17 21:05:47,2017-11-06 00:00:00
b84a1e6e6311e6c40724fee7551a915b,5a586d62b6c78b4e174b51854c2e6912,delivered,2017-10-13 12:24:20,2017-10-13 12:45:19,2017-10-16 14:04:45,2017-10-20 17:33:41,2017-11-01 00:00:00
b1a4848ea79dd95fd703aa8eebcfdf28,6d7c0573365219e798ffe66dc2a9e7ff,delivered,2017-10-13 13:56:40,2017-10-13 14:14:22,2017-10-13 21:45:57,2017-10-20 16:43:59,2017-11-03 00:00:00
3957b45bce42070cac232014ad4d001b,16f5cf0023d5d11a905dabc8ffe04c02,delivered,2017-10-13 23:59:12,2017-10-14 00:56:25,2017-10-18 15:34:34,2017-10-23 21:44:56,2017-10-31 00:00:00
1bd0359d89e511c3c49753133e831bb8,f75bc4f44ca718dcc8eff4ea5ab8e7ee,delivered,2017-10-14 10:58:20,2017-10-14 11:14:35,2017-10-17 10:55:10,2017-10-25 17:37:51,2017-11-29 00:00:00
2c293bd3c9f41735731112a36cbcaf81,b42845800e932aa00790fd8ef2bcfa57,delivered,2017-10-14 13:22:39,2017-10-14 13:49:26,2017-10-17 17:19:48,2017-10-23 20:27:44,2017-11-08 00:00:00
9f9dbdaa390ccbff68e07b6181e0b06e,1c50cf6bd2a4fb1fa75dfcc08e3b879a,delivered,2017-10-14 14:54:36,2017-10-14 15:07:11,2017-10-16 19:12:06,2017-10-26 21:59:43,2017-11-03 00:00:00
127ddd8ed5c8c31ad7d8f4c54d58997c,719cd530d73df5670fb06d8413aa05d1,delivered,2017-10-15 11:29:31,2017-10-15 11:49:19,2017-10-16 19:33:36,2017-10-19 16:07:52,2017-10-26 00:00:00
4ec007fa66327a51919a32d840b49395,37495158e596d9ed20f3a53e8beab81b,delivered,2017-10-15 13:09:03,2017-10-15 13:26:18,2017-10-17 16:35:53,2017-10-25 18:29:42,2017-11-03 00:00:00
f0c8fa435e06ab4c026e78d690a6948d,02447d437f30e908a881b92fdca09e41,delivered,2017-10-15 15:41:36,2017-10-15 15:56:08,2017-10-18 18:28:40,2017-10-26 19:57:36,2017-11-07 00:00:00
53f3f52eca823461e5ee857dd46fb101,00ee08bd4046a080a8ec38c5e0937372,delivered,2017-10-15 17:27:14,2017-10-15 18:08:12,2017-10-16 15:38:48,2017-11-04 16:42:17,2017-11-10 00:00:00
2e98befb6d10b5b83de9d9b4a6f836f9,aa49e266efa5eb9965b01ecd940833c3,delivered,2017-10-16 11:39:32,2017-10-16 11:56:15,2017-10-19 17:57:50,2017-11-08 13:37:02,2017-11-16 00:00:00
20ef96a94887a09470ce16449d10b185,bbc517da3d654e825815ec0fa3b1cbe9,delivered,2017-10-16 14:12:01,2017-10-16 14:28:21,2017-10-17 15:23:14,2017-10-25 16:43:11,2017-11-07 00:00:00
3c31094fbd7da6168cc190beedf23888,61011b38e0c96a6745cd20950babd60c,delivered,2017-10-16 15:39:28,2017-10-17 03:46:00,2017-10-23 18:50:06,2017-11-01 19:29:47,2017-11-08 00:00:00
7fe2184e6a2c80fe87a7ec1008364829,b2587a3b676c761cdc67e28ebae0a8fd,delivered,2017-10-16 15:55:43,2017-10-16 16:08:18,2017-10-17 17:56:56,2017-10-20 14:25:00,2017-11-01 00:00:00
e78008ab9ec891077c0b9e1bb4cc9f29,dac2a878acbf2187202983aa998b1a0b,delivered,2017-10-16 18:18:55,2017-10-17 03:45:47,2017-10-17 14:14:06,2017-10-19 20:29:26,2017-10-26 00:00:00
64a49ec4515de1ebb60ba7e7b26a3893,1b737e43244d83cf4389263c34c333ba,delivered,2017-10-16 19:53:16,2017-10-16 20:14:39,2017-10-20 15:51:52,2017-10-23 21:25:16,2017-10-26 00:00:00
06b29dbcb820a53c15525933a91ada27,0ef6c3eb9b6225c4e6e938b4d1016713,delivered,2017-10-16 22:33:02,2017-10-16 22:49:29,2017-10-17 15:51:17,2017-10-19 21:53:52,2017-11-01 00:00:00
b262d7f5db1e8a9c23bfb44558c7e4ba,fde680ede5f8b0a4ebaa0fcd7da97f07,delivered,2017-10-17 15:56:27,2017-10-17 16:14:44,2017-10-21 12:27:43,2017-10-28 16:11:35,2017-11-06 00:00:00
9567f25dfe794bcd32a2a16ec00d7e96,f0b4476b909be4a76388e384b1b48347,delivered,2017-10-17 17:08:25,2017-10-17 17:46:04,2017-10-18 19:29:59,2017-10-31 17:58:03,2017-11-09 00:00:00
f4644597165c84bebe72a057c53a0698,81bf164bdfd3c3c8367945888f18f05a,delivered,2017-10-17 19:22:58,2017-10-17 19:36:46,2017-10-20 16:10:04,2017-11-09 13:42:10,2017-11-14 00:00:00
d185b3d0bd26a99d5c96601c1fcd2fc7,10af370476c83fd83030e8c170e52466,delivered,2017-10-18 10:14:50,2017-10-18 10:36:24,2017-10-20 16:07:58,2017-10-23 15:43:13,2017-10-30 00:00:00
73df19345d0de1ae473fdfd37070f16c,9cd05016183fe6b9435f5b6d3c100b93,delivered,2017-10-18 14:25:56,2017-10-19 09:28:12,2017-10-19 21:28:49,2017-11-01 15:27:50,2017-11-14 00:00:00
9725871b2a067d972355980be11e7d1d,10485a34b74fc55cb3502f137335a9f0,delivered,2017-10-18 17:23:28,2017-10-18 17:37:11,2017-10-19 18:48:28,2017-10-24 17:13:48,2017-10-30 00:00:00
36970c35cfe02cb355e55690bae4ac02,14e2483e0c2635d3cd24ad5e0507c925,delivered,2017-10-19 10:05:02,2017-10-19 10:28:19,2017-10-20 18:43:48,2017-10-28 02:55:42,2017-11-16 00:00:00
12c281ebecb5a750bfb59174f5660243,e8c9c8339045038a4802cfef7d828f41,delivered,2017-10-19 11:31:05,2017-10-19 11:49:22,2017-10-19 18:03:30,2017-10-31 15:12:09,2017-11-16 00:00:00
441cf7155f976d42536081646f9f4714,51c5f0c1e195fc85859adee1046fa34e,delivered,2017-10-19 12:33:49,2017-10-19 13:49:25,2017-10-26 00:07:50,2017-11-03 16:47:49,2017-11-10 00:00:00
887b522c355bcd896b5168f84a11e6f0,a10538645504cbd88cd2a5e5c8f9135b,delivered,2017-10-19 12:44:24,2017-10-19 12:56:28,2017-10-24 15:46:44,2017-10-30 17:44:03,2017-11-17 00:00:00
3ad540acc809c0ce95b1dfe9cb4b4343,89c93c9e16ecb1633c04c433d4d144f5,delivered,2017-10-19 14:58:54,2017-10-19 16:49:44,2017-10-20 19:08:13,2017-10-27 22:18:53,2017-11-10 00:00:00
bdd42e997b3dafd18ddcc233ad9c5195,28968687a38c3cfa28f5ad351a41f35e,delivered,2017-10-19 19:20:21,2017-10-20 02:49:28,2017-10-27 22:48:47,2017-10-31 14:38:48,2017-11-07 00:00:00
e6b62f5711fd308616f3db4e2061673c,847e645067bb334fbc66447b28e6651d,delivered,2017-10-20 00:13:14,2017-10-20 00:40:10,2017-10-23 21:12:57,2017-10-26 16:58:04,2017-11-08 00:00:00
cd466631c2bd74fbc4e744b131819ea5,dceab7a0356dfd73d5b0f9c14f1ce7ad,delivered,2017-10-20 07:43:43,2017-10-20 08:45:59,2017-10-25 11:53:08,2017-10-26 18:29:05,2017-11-01 00:00:00
7c91c3456c73201bef537307835f6ac4,9bba6755656e080e145067f9f9cbcb61,delivered,2017-10-21 07:28:25,2017-10-21 07:45:15,2017-10-23 19:13:39,2017-10-25 18:48:33,2017-11-03 00:00:00
821c1b3c87d17a24efad81096bee5f09,24455809d8e25059274e820cc202b50a,canceled,2017-10-21 17:39:23,2017-10-21 17:49:28,,,2017-11-03 00:00:00
17f6b36b21f52d18d86ad4b667495d03,fc408dfc94cec2624976c8c0d5bcea86,delivered,2017-10-21 19:21:08,2017-10-21 19:35:14,2017-10-24 19:54:56,2017-11-08 13:41:16,2017-11-21 00:00:00
bb8feb5c5a3d07a1e5e2ae3670a27910,ab287439e20c9dc4717ada1998dc06ee,delivered,2017-10-21 21:55:26,2017-10-24 06:34:09,2017-10-24 16:32:34,2017-11-06 16:34:38,2017-11-22 00:00:00
6d6491e68b2e416f68ec6e23e004d3a3,3008cf4a74a01457bd6c1a13dd303150,delivered,2017-10-22 02:45:19,2017-10-24 20:49:53,2017-10-27 19:29:02,2017-11-01 16:27:23,2017-11-10 00:00:00
1434f15909999c1562d1c4a24a4409cc,6fd08fa27ae00ae1767b76668d46451e,delivered,2017-10-22 12:57:36,2017-10-22 13:14:21,2017-10-23 17:20:00,2017-10-31 17:32:19,2017-11-13 00:00:00
d16387aa75d92aec2dbfa45f9510ec65,1cce0f61f764cf083b928811b1f2bc79,delivered,2017-10-22 16:07:39,2017-10-22 16:21:18,2017-10-24 19:33:37,2017-11-03 16:47:54,2017-11-03 00:00:00
7e95334097aff5b45c6ff379ab492cf3,ec9ce7b1073d223d7c299973c4dbe98c,delivered,2017-10-22 16:37:18,2017-10-22 16:56:25,2017-10-24 20:51:24,2017-11-01 17:07:40,2017-11-17 00:00:00
0f7f5047fb2535359f03240b1697085a,5890deddf0b6b96d8efbe6e96f0cdc88,delivered,2017-10-23 09:45:35,2017-10-23 09:56:23,2017-10-25 21:47:28,2017-10-30 22:07:56,2017-11-10 00:00:00
62a2786bc58bb6ccba3e93b2d9664045,c568bdd5a6d9b5aab1a7a94b1bf1de3a,delivered,2017-10-23 14:41:59,2017-10-23 14:56:36,2017-10-24 21:29:49,2017-11-03 19:12:05,2017-11-21 00:00:00
908c80ba9160e9d87007015b15aada39,64c41bb59704243384caefdb488fedd3,shipped,2017-10-23 19:56:28,2017-10-23 20:14:16,2017-10-24 20:36:26,,2017-11-13 00:00:00
e326a262b6e44dcbb1df6b74f9aea574,e35070616c6bd238074e2ee5131113fd,delivered,2017-10-24 12:49:41,2017-10-24 13:06:25,2017-10-25 19:57:40,2017-10-26 16:19:36,2017-11-07 00:00:00
f91ebd94de8a3da272808b5187316a7a,bf49078cb518b0cb971b18b177c54969,delivered,2017-10-24 15:12:34,2017-10-24 15:36:37,2017-10-25 19:34:01,2017-11-06 21:37:01,2017-11-21 00:00:00
5ef8f0f9c9d95604cd61fd97ab176835,eddafa563c1d1e0d331c37d9927bcfad,delivered,2017-10-24 18:07:14,2017-10-25 02:14:30,2017-10-25 20:14:23,2017-10-31 20:43:31,2017-11-10 00:00:00
ccf6899464ad94a5d61964bafc6a4f0a,92aa8377d76dce02451719d307524fe7,delivered,2017-10-24 21:14:02,2017-10-24 21:28:10,2017-10-25 18:27:15,2017-11-01 13:53:36,2017-11-16 00:00:00
e49a1046c2917c7dd73d6f9ae9a94afb,ebb969bbf53ce29792e48048edf27f90,delivered,2017-10-24 21:19:57,2017-10-24 21:28:26,2017-10-27 14:07:33,2017-11-08 18:52:46,2017-11-21 00:00:00
828cb23d35630c92b140ab22ff23c485,469884f267ad928b17fa5cc2751ef2c9,delivered,2017-10-24 22:10:39,2017-10-24 22:28:15,2017-10-26 19:22:28,2017-11-03 20:44:49,2017-11-21 00:00:00
3239c022d37dc6c0fd3b8749bb7a0b1e,8effa4e9c5158c1f6b13eaa9b69a4a59,delivered,2017-10-24 23:15:14,2017-10-24 23:25:50,2017-10-25 18:27:18,2017-10-31 19:39:58,2017-11-13 00:00:00
31725408e39733c6fbccf9559d25f0e4,6638d6c704daf2772787e6c5fdac4a3b,delivered,2017-10-25 11:42:39,2017-10-26 11:37:49,2017-10-27 18:49:46,2017-11-09 19:40:20,2017-11-22 00:00:00
fc5701b47c62ca3a3f7c2514cd5edc56,5a9602cc6ddcdb2b24f0472bc9efaac1,delivered,2017-10-25 12:18:10,2017-10-25 12:28:13,2017-10-26 21:45:38,2017-10-27 17:31:52,2017-11-07 00:00:00
73d5596cd40ea2ece8accb9b4e5fc938,e3249491f80e1cdd4afbaf3bcc428862,delivered,2017-10-25 13:54:04,2017-10-26 03:08:51,2017-10-26 20:42:31,2017-11-01 20:16:47,2017-11-24 00:00:00
5b163ebdd5ac559f04d06af2069e23d3,1beee23bc97c837ff2053e648d9f338d,delivered,2017-10-25 17:17:30,2017-10-25 18:26:01,2017-10-26 16:59:02,2017-11-14 16:17:43,2017-11-21 00:00:00
ccb44718a5b5b8bde31b24e888d56d09,71e4f35b8320ed3493a88df6af9f6651,delivered,2017-10-25 18:46:38,2017-10-25 19:07:05,2017-10-30 17:10:34,2017-11-06 23:48:25,2017-11-23 00:00:00
440d8c2b46ef6f71cfa424597bbc6744,8ae5464830a386b7e90e7c79ccda7231,delivered,2017-10-25 21:10:08,2017-10-25 21:25:41,2017-10-27 22:15:00,2017-11-06 22:28:30,2017-11-28 00:00:00
3599e4616c45ae9b879c2e6c54d76120,ad2764da73e1cc91a4d133f7c5eee1f2,delivered,2017-10-25 21:53:40,2017-10-25 22:07:17,2017-10-27 20:13:51,2017-11-03 21:44:49,2017-11-17 00:00:00
cc90dde77b3316b9877c87637a6f87d3,62e016618dc55343014a69634e2248d9,delivered,2017-10-26 07:31:00,2017-10-27 02:55:26,2017-10-27 20:12:57,2017-11-01 13:32:56,2017-11-16 00:00:00
867a96f5ffe70eb3e90140ff7c81cfc6,0fae07bb4b1670e3da7d768c54f59464,delivered,2017-10-26 08:39:55,2017-10-26 08:49:49,2017-10-26 20:42:32,2017-10-31 23:58:43,2017-11-28 00:00:00
b87287b5e32f2ab2319f41ce30055288,ea73910567eb37591907c52330458a3b,delivered,2017-10-26 10:34:02,2017-10-26 10:49:21,2017-10-27 13:59:29,2017-11-03 21:07:44,2017-11-23 00:00:00
b9de8e8832759dcda0d6543a57db6715,ccec27a960ace5d580c23cdd267a963b,delivered,2017-10-26 12:19:05,2017-10-27 02:55:20,2017-10-27 14:06:10,2017-10-31 16:27:34,2017-11-14 00:00:00
8490980aaf59839a601c4184474b9220,94da0318e77932de7618aa1aead5fa77,delivered,2017-10-26 13:25:03,2017-10-26 13:49:27,2017-10-27 17:35:59,2017-11-03 14:34:51,2017-11-08 00:00:00
037ded3ba29ebe9a96acb1177cc52b51,b4bb8edf40ac2899a46919469fd8d21b,delivered,2017-10-26 15:07:45,2017-10-28 03:07:07,2017-10-30 19:51:42,2017-11-03 23:21:31,2017-11-17 00:00:00
7f724def94965291ea5556ad34f72a3a,3223f721ba6af6d7361670b433dc004e,delivered,2017-10-26 15:34:49,2017-10-26 15:49:34,2017-11-01 20:34:56,2017-11-13 20:38:56,2017-11-21 00:00:00
8e4f9161e403e220dee5b8eb22f0a3c2,f1767a32653232f3dba7cf216c6e340b,delivered,2017-10-26 17:52:41,2017-10-26 18:31:28,2017-11-06 19:28:19,2017-11-13 19:28:51,2017-11-23 00:00:00
f589bd1ff18deb4e471366b1aa443c84,9b8e07760752cf403a944c5ef278be8f,delivered,2017-10-26 22:29:48,2017-10-26 22:46:03,2017-10-27 19:43:38,2017-11-01 17:31:53,2017-11-17 00:00:00
c854a1f42d7cddb25891587ddd91caa6,d2292bd5e20f916bcd821edcbd8a4c97,delivered,2017-10-27 09:21:11,2017-10-27 09:35:24,2017-10-27 20:09:57,2017-11-07 21:45:33,2017-11-28 00:00:00
1932b344119786d8f945d699f339ee91,821d7f1ff453454fd61a5d19111a0303,delivered,2017-10-27 10:05:46,2017-10-27 10:31:04,2017-10-31 17:06:04,2017-11-10 23:06:29,2017-12-08 00:00:00
1f77203b7fe6e2c54ddc8dde5276b9e3,74970e00c9c5a5726fd925be7ab372fc,delivered,2017-10-27 14:52:51,2017-10-27 15:32:52,2017-10-31 18:22:18,2017-11-07 22:09:13,2017-12-01 00:00:00
1dbe2e0c5594a384eac781a7e46c6011,4cc6b852b4d5583946b78337536629b1,unavailable,2017-10-27 16:13:11,2017-10-30 07:25:48,,,2017-11-10 00:00:00
e82c65a674b5f012420311da34ece20c,2354f1f312d5a346962f9fe4aaad3a51,delivered,2017-10-27 23:57:48,2017-10-28 00:31:49,2017-10-31 16:58:12,2017-11-07 21:11:59,2017-12-07 00:00:00
34fe5a39b9e65ac47aac2872c3538c41,c6d3d8578f934785cb4abae7ba2d5c0d,delivered,2017-10-28 16:20:16,2017-10-28 16:35:45,2017-11-07 22:52:58,2017-11-08 19:15:42,2017-11-14 00:00:00
f32506d911d029d9aa31e074798f2c2f,cd0f4edcbda5a1922810b83e7233b33d,delivered,2017-10-28 19:51:27,2017-10-28 20:05:48,2017-10-31 16:17:04,2017-11-06 18:26:42,2017-11-17 00:00:00
ff229c2bb720b61c11d51e0249799aba,9130678dfc845aa2faa851e82cf45b83,delivered,2017-10-28 20:49:40,2017-10-28 21:10:07,2017-10-31 15:17:33,2017-11-07 21:11:41,2017-12-07 00:00:00
7743e2bae1581bacb82f160d1c69a54c,9668028f2497288e1655e5d073490c6a,delivered,2017-10-29 00:15:35,2017-10-29 00:26:35,2017-10-30 17:52:11,2017-11-18 14:05:48,2017-11-23 00:00:00
1c68c68cddc15f7e365dc53a0e91e8f5,e2bd185ce504dd28d763c24a633392ac,delivered,2017-10-29 00:30:11,2017-10-29 00:45:47,2017-10-30 19:59:49,2017-10-31 14:28:59,2017-11-10 00:00:00
3fffdbcdd7ed6b3acdb0bdbc5c96df52,56993e1faa560e969e0ba199573545f6,canceled,2017-10-29 16:25:52,2017-10-30 16:31:24,,,2017-11-28 00:00:00
89d9b111d2b990deb5f5f9769f92800b,9a1afef458843a022e431f4cb304dfe9,delivered,2017-10-29 16:58:02,2017-10-29 17:10:09,2017-10-30 15:58:52,2017-10-31 15:33:47,2017-11-10 00:00:00
ec5073f5584f047f32a6375d38a66f9e,852544153c1377bb722cc4445a03a825,delivered,2017-10-29 18:28:36,2017-10-29 18:44:51,2017-11-03 19:41:54,2017-11-10 23:14:33,2017-11-24 00:00:00
99bd93d530d8b588cc9fe65dddee7411,d4d42d766020a2cab496ebe924934162,delivered,2017-10-30 14:21:13,2017-10-31 14:15:56,2017-11-01 19:27:05,2017-11-03 21:38:35,2017-11-16 00:00:00
ff6ab7a209609f6d415e5465e903bbe0,5cca92fc0d4ae1f2d79442783441091f,delivered,2017-10-31 10:49:23,2017-10-31 11:06:19,2017-11-03 12:51:54,2017-11-06 22:09:32,2017-11-08 00:00:00
26bd26a21d87b4594128d26b3b24e8d8,630c5fcf5e565c1c985cd334317eb33c,delivered,2017-10-31 13:51:13,2017-11-01 14:31:32,2017-11-03 20:55:48,2017-11-17 20:32:46,2017-11-22 00:00:00
ffa39020fe7c8a3e907320e1bec4b985,26978239b9a0ccb40d576a0a099158b0,delivered,2017-10-31 18:34:34,2017-10-31 19:34:38,2017-11-03 23:57:43,2017-11-21 20:41:55,2017-11-28 00:00:00
ef99f25a4dd935f92a388af905f868d1,69ea23afb210ed2514e1e325383cf78e,delivered,2017-10-31 20:30:51,2017-10-31 20:46:01,2017-11-03 22:18:44,2017-11-13 20:34:56,2017-11-24 00:00:00
a2e269d426176695531c8cc824265489,548a7bd3843a197ef34e074a2d53ed06,delivered,2017-10-31 21:34:59,2017-10-31 21:50:36,2017-11-03 23:08:53,2017-11-06 16:11:28,2017-11-13 00:00:00
a9ebd6bcbc1aed90a92d93c774f2cdd2,6aa76a292df4d63fa578c73ee479cbba,delivered,2017-10-31 22:38:42,2017-10-31 22:50:11,2017-11-03 20:21:32,2017-11-09 20:26:32,2017-11-23 00:00:00
fd1272ba40a94a5fbc6e9548a8486867,2bfd566c10ff41c47dc6e2f9dd51b467,delivered,2017-11-01 09:57:54,2017-11-09 15:15:38,2017-11-10 22:26:35,2017-11-24 16:43:29,2017-12-01 00:00:00
80cc0c2852de298dd40b80a78677f13e,f75b67b8b5ef458a20b70f057b6c6aa3,delivered,2017-11-01 16:17:37,2017-11-01 16:31:04,2017-11-03 14:11:50,2017-11-07 19:56:55,2017-11-14 00:00:00
05d27719c66597da0628a53f6009ed67,243243e2638f6c85b2b5c38f5bf05b53,delivered,2017-11-01 19:01:18,2017-11-01 19:31:11,2017-11-07 15:22:33,2017-11-14 21:28:34,2017-11-24 00:00:00
1ee5be25d6e54e1ea3c75d3fc9ca3d6f,4f606249b66141d3a22b6ed603fb3771,delivered,2017-11-02 12:40:27,2017-11-02 12:50:34,2017-11-03 17:29:56,2017-11-07 22:36:35,2017-11-23 00:00:00
a10f8134732c1979eea697d926498112,6d02fb309e1f895017edf9308dec5261,delivered,2017-11-02 16:50:55,2017-11-04 03:46:07,2017-11-07 18:36:54,2017-11-14 18:41:51,2017-11-24 00:00:00
178a419a329f2b4bf50a68f7357f8fce,a6a064b2b06b92a3b264c075a804d4e7,delivered,2017-11-02 23:06:11,2017-11-02 23:15:59,2017-11-10 18:39:06,2017-11-17 19:13:00,2017-11-27 00:00:00
67773c483666d5120da1ff6188d8a00a,1ad479458bb6630f9187cb80530d065c,delivered,2017-11-03 10:22:11,2017-11-03 10:35:25,2017-11-07 23:18:57,2017-11-10 20:44:37,2017-11-24 00:00:00
bce2a9ffe2e596e54d92ad2a47a10a36,44a1ff0b539aa8b17c16cc9c98294420,delivered,2017-11-03 10:26:21,2017-11-06 23:32:02,2017-11-07 18:37:38,2017-11-16 21:38:59,2017-11-28 00:00:00
c88fd0ebff880ffd57fe7f6528f8dc6d,a404cf429e01bc5a46671c0b95484026,delivered,2017-11-03 11:43:16,2017-11-03 11:55:49,2017-11-06 22:42:06,2017-11-13 18:38:51,2017-11-30 00:00:00
fa014da3aa5b1fd99b79a24c7a17d778,d08c845f3bf2ae665a2fd49eec24a3b8,delivered,2017-11-03 12:49:17,2017-11-03 13:06:50,2017-11-07 22:21:39,2017-11-16 20:42:53,2017-11-29 00:00:00
c82430e4a84f03b67cc2a82fecd873f0,a625f7cf467b00ae83700201dce9a6d0,delivered,2017-11-03 12:56:49,2017-11-07 07:30:43,2017-11-07 19:33:45,2017-11-21 18:23:02,2017-11-29 00:00:00
0ebe7b603e2e4b83d9adf9f169585f0d,3ffe2ccbfbf181d3e261ff9ba134a26d,delivered,2017-11-03 14:42:52,2017-11-03 14:55:28,2017-11-06 19:28:50,2017-11-18 18:08:44,2017-11-23 00:00:00
56d77478af78c445066db1c9876e9e84,7761db7d7db3e4698410581198304c86,delivered,2017-11-03 16:49:40,2017-11-03 17:09:20,2017-11-10 16:12:15,2017-11-21 17:09:16,2017-11-29 00:00:00
5b52136f452a7ee355f34fd4b2eb99b2,f568f19edc4fbbd907c3310b56b05f64,delivered,2017-11-03 18:06:09,2017-11-03 18:30:24,2017-11-09 18:29:02,2017-11-21 22:07:46,2017-12-01 00:00:00
0713892246596f649555ebebe57a9a7b,012413f25e1a3f143b2001198e916594,delivered,2017-11-03 19:23:19,2017-11-03 19:35:22,2017-11-06 20:18:45,2017-11-14 19:03:30,2017-11-23 00:00:00
f76887473f528c398659936663331251,696a9ef6ad57273c88e865b52f3f121a,delivered,2017-11-03 20:03:34,2017-11-03 20:30:52,2017-11-07 14:38:42,2017-11-13 17:39:21,2017-11-23 00:00:00
012eab2625c5f8aaac6f37f2c19ef62f,6cd14b229f3969efc4e799d5a58af63c,delivered,2017-11-04 00:38:14,2017-11-04 00:50:19,2017-11-07 15:42:15,2017-11-14 17:14:33,2017-11-27 00:00:00
1de86d094f7dd41cca13d246d3b7fd07,0462ec49c7305de0305ec03923c990c1,delivered,2017-11-04 11:25:14,2017-11-04 11:35:32,2017-11-07 14:48:06,2017-11-13 23:06:45,2017-11-28 00:00:00
ea63d003e45a23a57429b135d4595111,fd068bfce22569bae3f1829bffe0782d,delivered,2017-11-04 11:48:43,2017-11-07 07:30:47,2017-11-07 20:54:49,2017-11-08 23:04:24,2017-11-17 00:00:00
d347f2967d904f9f8657e9919366545c,ab137d0918a8adea90199041e26029f2,delivered,2017-11-04 16:55:38,2017-11-07 07:30:50,2017-11-07 23:59:34,2017-11-20 17:42:04,2017-11-30 00:00:00
be382a9e1ed25128148b97d6bfdb21af,0c792d32a3251b4f69dae8646dfbedbc,delivered,2017-11-04 17:29:15,2017-11-07 16:31:17,2017-11-21 14:22:28,2017-11-23 20:28:46,2017-12-01 00:00:00
62492d216bd7ca39cab1f24109b6bfd7,0eeef532854817bddb1fe6fea6c20b6b,unavailable,2017-11-05 08:26:50,2017-11-09 16:07:14,,,2017-11-30 00:00:00
c6f52d94c1f44ee12e0fecf4b347bdc6,16945739bbf3e4f5c2ab429606de8267,delivered,2017-11-05 14:13:02,2017-11-06 15:31:06,2017-11-07 18:18:55,2017-12-08 17:46:47,2017-11-27 00:00:00
2373908388bcaa9a225c34e33d9e9f0d,d57d800819fe0e64bbd7b60653cb4168,delivered,2017-11-05 15:52:26,2017-11-06 21:36:24,2017-11-21 15:09:07,2017-11-22 21:14:39,2017-11-27 00:00:00
a5bee526a0ca9f2a66f3704b82ad7833,5d9bad1b4aad6061f0b26c8b58291a6a,delivered,2017-11-05 22:32:25,2017-11-05 22:46:15,2017-11-07 18:12:10,2017-11-08 20:12:11,2017-11-17 00:00:00
ced9efa04f0d7b0543fa0d8ab9472a6c,c83e383ad11fc7197adf9a062293f188,delivered,2017-11-06 11:36:06,2017-11-07 07:30:31,2017-11-08 20:29:20,2017-11-13 20:32:42,2017-11-24 00:00:00
c5f72d97d28261afcce1192481123758,fc4082499edb3980c3d510943cebbd8b,delivered,2017-11-06 12:38:32,2017-11-06 13:32:04,2017-11-10 18:14:44,2017-11-22 20:32:07,2017-12-08 00:00:00
1b60d2efd91abb75b6a78ba9041a3f15,22db58570a862e5c0f00125981ddf293,delivered,2017-11-06 14:17:00,2017-11-06 15:31:06,2017-11-08 20:26:48,2017-11-24 23:27:54,2017-12-01 00:00:00
c0585e6e7446a97905280a732d27ac4a,01d444480a8e7ed180b6c5cb5993a273,delivered,2017-11-06 14:28:57,2017-11-06 22:36:34,2017-11-07 18:41:22,2017-11-09 18:02:31,2017-11-21 00:00:00
642a8a89c36a8b2f4884cd8e68168247,64fc1ea0b3ef7d792474f9cce8ddbfb1,canceled,2017-11-06 21:02:18,2017-11-07 04:32:12,,,2017-11-27 00:00:00
605690e3394de4516b0c3646e06a9599,00f58ffb9b2f2764032aca4e22330725,delivered,2017-11-07 21:02:17,2017-11-07 21:50:57,2017-11-09 00:26:44,2017-11-10 19:21:42,2017-11-21 00:00:00
d1906aaa99334bb372ca6bb31b8ae5d5,c374b0cc201a392bd2bac0b599803469,delivered,2017-11-08 10:47:21,2017-11-08 10:55:32,2017-11-10 14:46:38,2017-11-13 11:42:00,2017-12-01 00:00:00
9524a52b2633d2f96da98b947c60a4de,eabf770240659f7a6d09b11f12f10f89,delivered,2017-11-08 12:41:52,2017-11-08 13:30:46,2017-11-14 16:08:53,2017-11-21 18:57:38,2017-12-14 00:00:00
955b3eccb8e0c21820f39caeb0309789,680197ddda56ad2150f56b7bd4a1734a,delivered,2017-11-08 18:39:08,2017-11-08 18:51:06,2017-11-10 22:09:46,2017-11-23 21:54:40,2017-12-07 00:00:00
260ec445d18b2120c8ab6f87ecae2a1d,85a0c55326b884ce95823cc6b47f448e,delivered,2017-11-08 21:44:23,2017-11-08 21:55:24,2017-11-09 16:32:03,2017-11-21 21:46:56,2017-11-28 00:00:00
8193580d95dea97d43937711060b2846,4227cf6df4208d3ff1ce0aaa14e265a9,delivered,2017-11-09 11:20:34,2017-11-10 02:55:59,2017-11-14 21:22:54,2017-11-23 23:09:52,2017-12-05 00:00:00
c037dd9db2ac27aa44381219612e91ba,a8912cdd90d62f02de79c5c33bdb0718,canceled,2017-11-10 01:45:04,,,,2017-12-07 00:00:00
d433f15d756ab14939321574177af37f,49db40a65d22c7454da2face2fea96af,delivered,2017-11-10 09:22:13,2017-11-14 03:55:29,2017-11-14 18:25:07,2017-11-17 20:16:51,2017-11-27 00:00:00
65ac166c30ce56f69586b063209ba83f,f37d8e47c4050ed9d3aa6ac517c4e7a3,delivered,2017-11-10 15:26:53,2017-11-10 15:36:06,2017-11-13 13:34:43,2017-11-17 17:48:45,2017-11-30 00:00:00
32c6cdfda3c983d4b4d2953b9af3dbd3,06310364d1a86fb500d18a2b70a26df0,delivered,2017-11-11 09:55:38,2017-11-11 10:10:24,2017-11-17 20:58:49,2017-11-24 21:08:58,2017-12-01 00:00:00
ed836a8fccba401754e0b283c9b32f09,cd259f364efa4e2633c2d2d2dd6f25c6,delivered,2017-11-11 17:22:10,2017-11-11 17:30:44,2017-11-16 16:37:30,2017-11-20 17:03:02,2017-12-04 00:00:00
4093f51e15660b0278941a5b38e694c8,fc87f30e7ef49bae010c715813850bac,delivered,2017-11-11 20:28:27,2017-11-11 20:35:41,2017-11-13 15:22:02,2017-11-20 11:41:26,2017-12-01 00:00:00
00750f68bb64537034e93554c64b41b5,49b0b78f8fd6fc95605c46e685c4b611,delivered,2017-11-12 09:50:55,2017-11-12 10:10:32,2017-11-13 19:42:09,2017-11-14 22:34:39,2017-11-27 00:00:00
60058a96e9d74aba1c66b86edbd0535e,4db17e1523f559bb079fece8257b5c2a,delivered,2017-11-12 23:21:37,2017-11-13 23:31:12,2017-11-14 20:17:44,2017-12-03 16:05:38,2017-12-07 00:00:00
79398f97f77a8ba43fdb4e00b1d44cc0,45b4e602cae9db1a6d047d8dfcf8fe46,delivered,2017-11-13 17:04:41,2017-11-13 17:27:04,2017-11-21 20:07:11,2017-11-30 20:03:01,2017-12-08 00:00:00
6442e3b05a42edab01b9e1d93da84bc1,b1f7c759ce97beb11041fe59515fa72b,delivered,2017-11-13 21:15:49,2017-11-13 21:30:27,2017-11-17 17:02:28,2017-11-22 17:42:17,2017-12-04 00:00:00
24f2edef847fd6eeeddc6aa5dd82209b,c16889a295fa3650d502c5eb2e0fa5c3,delivered,2017-11-13 23:38:46,2017-11-13 23:46:37,2017-11-14 22:41:11,2017-11-21 19:43:04,2017-12-06 00:00:00
0a89bc2ec7e822a78b0cef45518d6217,a80a94cf8bd343cdd10d03d8b37ad719,delivered,2017-11-13 23:44:17,2017-11-13 23:55:29,2017-11-14 18:49:15,2017-11-24 16:21:26,2017-12-13 00:00:00
a52f0272f9150859ede915bb2eef1bf9,1eff81ab2dabace9a165ce9346ba7ffc,delivered,2017-11-14 03:16:49,2017-11-14 03:30:17,2017-11-16 09:51:16,2017-11-27 18:52:11,2017-12-05 00:00:00
bd3458e3df5a23eb95e6d526dc86bf2c,a9749e560068580b0f1feeb9bbd843c3,delivered,2017-11-14 17:07:08,2017-11-17 04:15:47,2017-11-17 20:21:39,2017-12-06 23:21:44,2017-12-07 00:00:00
62e32bcad390a6d5236b810ab2034edd,8160d3ae86542d2fdab50e4268f6dfe3,delivered,2017-11-14 20:09:30,2017-11-14 20:26:43,2017-11-16 15:32:24,2017-11-27 18:42:02,2017-12-07 00:00:00
1857ec1a182661136fe7584592437d51,1101f065d72d5db705dee21a12d5b950,delivered,2017-11-15 16:11:13,2017-11-17 04:15:47,2017-11-18 14:34:30,2017-11-27 19:09:39,2017-12-05 00:00:00
d5bd0af0e37b739b88fa363a30301220,c611a87152a511b73b2b6d639cea5034,delivered,2017-11-15 16:28:17,2017-11-15 16:46:15,2017-11-16 14:25:23,2017-11-25 13:57:58,2017-12-06 00:00:00
5a5a4a1319679a5e560257abd2fa1273,a01af4c0ae53b2c6a91b40b6e2dfe766,delivered,2017-11-15 19:09:39,2017-11-15 19:26:14,2017-11-16 15:16:48,2017-11-28 15:11:38,2017-12-11 00:00:00
17a64f4aa50ee9ab751db1cfb720776f,8c3cd248a2635e7b2e32ecc118d8fdb2,delivered,2017-11-15 20:20:11,2017-11-17 03:35:46,2017-11-17 19:56:08,2017-11-21 20:49:00,2017-11-29 00:00:00
5873a59a3969d04a260ce297ee1b3ce3,df56b790a5c58d941f96283941ad0c42,delivered,2017-11-16 01:00:28,2017-11-16 01:10:37,2017-11-16 20:33:19,2017-12-04 17:51:50,2017-12-13 00:00:00
21427785ea63ce9a9fa59a41a32fe78b,8e17fac20c999de5120b8ec2a85a9048,delivered,2017-11-16 13:57:53,2017-11-16 14:10:36,2017-11-21 21:23:13,2017-11-24 20:56:37,2017-11-30 00:00:00
1093c8304c7a003280dd34598194913d,5e274e7a0c3809e14aba7ad5aae0d407,delivered,2017-11-16 19:29:02,2017-11-16 19:55:41,2017-11-22 16:46:33,2017-11-27 12:44:36,2017-12-08 00:00:00
ed212234a6a31d41245df34b141e1830,4e0124b873e33a0564660f4a619d9b52,delivered,2017-11-17 13:00:16,2017-11-17 13:11:24,2017-11-22 01:33:03,2017-11-23 18:34:51,2017-11-30 00:00:00
003d804eef0e1b856881cd18e0cc0d4c,1c1bfb2cd4aa789067295941c42120ff,delivered,2017-11-17 19:43:10,2017-11-18 12:15:18,2017-11-21 22:38:54,2018-01-10 23:19:43,2017-12-18 00:00:00
a2253f696c9e2cba89d15e599caf280e,c1ba1e137fc4fbf24655b5fcd8aae28e,delivered,2017-11-17 19:45:11,2017-11-17 21:06:22,2017-11-21 19:22:06,2017-11-23 18:21:34,2017-11-30 00:00:00
b719af721da8bc41ee0636c4ca0d7960,d89233bb26267fbe7854eb9fde2ceb84,delivered,2017-11-17 19:53:41,2017-11-22 03:16:54,2017-11-22 16:18:53,2017-12-01 15:32:24,2017-12-18 00:00:00
f3b592ea0db671d3d1977e043d2a1b10,77a1d41eb75de0bdf44e9791798dd8c2,delivered,2017-11-17 22:40:07,2017-11-17 22:50:50,2017-11-21 14:27:37,2017-12-10 15:52:29,2017-12-15 00:00:00
c03ece81b9b15ca2f4fae4b061076d49,4c465e92dcaace866872273fdc272ef9,delivered,2017-11-18 10:25:55,2017-11-22 02:56:29,2017-11-28 17:30:10,2017-12-09 14:06:53,2017-12-07 00:00:00
510c73928b73404e2d64851f6b4bfdc5,4359218ab99c76acaab0ab7a42ecbde1,delivered,2017-11-18 10:28:38,2017-11-18 10:35:43,2017-11-22 21:18:29,2017-12-11 12:48:28,2017-12-18 00:00:00
acbe07f22f29ad7e5a78f30008cc6ec7,b4afeb58ac51bc903c5362286c6a5cfe,delivered,2017-11-18 14:33:04,2017-11-18 19:06:16,2017-11-27 18:34:31,2017-11-29 17:58:43,2017-12-05 00:00:00
4e6d546fa72049694bdc912c60fc4953,2842a713be186f048490153c66d876ae,delivered,2017-11-19 10:21:25,2017-11-19 10:35:19,2017-11-22 14:53:51,2017-11-23 21:33:03,2017-12-04 00:00:00
82f67231caceb165dadf21bcc8f0ee72,231aac24c44f6705d59a8538a8d3c2ea,delivered,2017-11-19 13:55:26,2017-11-19 14:10:28,2017-11-21 17:12:08,2017-11-23 22:38:29,2017-12-07 00:00:00
a4f9f0de4e3a9448542ac5a53197839d,dde52768b1a81f7cb1ba0e73dfde59e4,delivered,2017-11-19 18:02:18,2017-11-19 18:26:16,2017-11-22 17:44:46,2017-11-29 00:18:51,2017-12-15 00:00:00
54c4c0c7e9a1d272defcf15ea985bef7,8775e739d61b9dfb7a1076e45839b1da,delivered,2017-11-20 11:00:54,2017-11-20 12:30:43,2017-11-22 15:09:21,2017-12-11 20:03:09,2017-12-13 00:00:00
7af55e090c72474dfc02e91b82ed8c25,8f597bdfaf0d7cb30b46b1fe99552774,delivered,2017-11-20 15:24:53,2017-11-20 15:33:19,2017-11-21 10:46:47,2017-11-23 16:44:59,2017-12-01 00:00:00
0f32b97a3ceaa816f0ffa6af3ca4e0d6,a6b4224286518410d6a29b2b05d821b1,delivered,2017-11-20 16:14:24,2017-11-22 11:26:31,2017-11-22 21:42:56,2017-11-28 00:42:49,2017-12-04 00:00:00
1c3a799cb7d9d4ea2c60a373c8f46342,780b4d93c39f090c2124fc0a716c881f,delivered,2017-11-20 18:06:18,2017-11-22 02:59:36,2017-11-24 16:28:37,2017-12-07 01:09:34,2017-12-14 00:00:00
f8b625b1a8ae63614f1c171fb18c7a49,28de693affea36d16d7d74bb663f7c7c,delivered,2017-11-20 18:43:00,2017-11-21 18:34:22,2017-11-29 19:24:33,2017-12-11 23:41:34,2017-12-07 00:00:00
baa95b09efafaa994da8b394b11f8814,ac379fd1645b77e80dd6d97e66a8a005,delivered,2017-11-20 19:28:29,2017-11-20 19:39:22,2017-11-22 17:41:36,2017-12-01 15:24:40,2017-12-12 00:00:00
ffd6f08f294bfa573e0eeb88d6afb17b,8ef6dd55cbf50f4b0aac10b13beb920f,delivered,2017-11-21 13:33:24,2017-11-21 13:46:45,2017-11-24 19:54:43,2017-12-01 17:53:02,2017-12-12 00:00:00
9ed3fcbe70866599d450a2a00492f7e7,7e4d1afd1fec265867e64498ae218c8d,delivered,2017-11-21 14:38:18,2017-11-23 02:56:24,2017-11-23 20:12:02,2017-12-11 18:53:21,2017-12-15 00:00:00
c8f63be082f4089d15558376d18c77e7,dda2b235f786aea49bed5e3618840666,delivered,2017-11-21 15:17:02,2017-11-23 02:47:38,2017-11-23 23:04:54,2017-11-28 23:18:23,2017-12-07 00:00:00
a826cc67324e880829ebd6954f6ed5e3,927d6e7701e11654a585a2dc56cb4c23,delivered,2017-11-21 17:02:45,2017-11-21 17:11:22,2017-11-23 19:52:59,2017-12-01 18:13:42,2017-12-15 00:00:00
43d640d9d8add3920e35acc0d8ca9411,a1cdd0992516e0e8a9c90b38965b47fe,delivered,2017-11-21 18:31:03,2017-11-21 18:39:31,2017-11-22 18:38:55,2017-11-29 01:36:59,2017-12-13 00:00:00
e5da8f29d47b6f0f3ef8ab33a013a0b3,c6d90ccb4260e1d4ec587ab1463752c2,delivered,2017-11-21 22:54:55,2017-11-21 23:06:22,2017-11-22 23:09:00,2017-11-28 22:27:35,2017-12-11 00:00:00
c94821db10df06a6d17a8054d3a0b919,7fea47e002bbb5ec01948f7622d4630a,unavailable,2017-11-22 11:01:03,2017-11-24 03:10:46,,,2017-12-18 00:00:00
6ed3f553337457d7804e8c39b580ce89,db34aec8913fe9f462bf2167afd258ca,delivered,2017-11-22 15:32:48,2017-11-22 15:47:14,2017-11-23 16:12:57,2017-12-01 23:13:29,2017-12-13 00:00:00
6684083994ae824286f8b72945b60758,db3bbf11328750d53f41595e455cb030,delivered,2017-11-22 18:22:40,2017-11-22 18:30:24,2017-11-27 21:24:14,2017-12-11 16:33:03,2017-12-20 00:00:00
9028ef4088169735678d41597586d167,964e99c196eea5af2e1bdfd2494493bb,delivered,2017-11-22 21:20:07,2017-11-22 21:29:44,2017-11-25 01:12:39,2017-11-30 19:04:53,2017-12-12 00:00:00
871785b214cc8a90e501c4a4200f25e4,66e2f80c06f37ad506fee5024dfd3ae9,delivered,2017-11-22 22:48:29,2017-11-23 19:29:05,2017-11-24 17:13:16,2017-11-29 13:46:00,2017-12-04 00:00:00
594c468bf0e84130d7184c7c872d7e11,3fa4b9c35684851a5b8ec6c251288fbd,delivered,2017-11-23 07:30:28,2017-11-23 07:37:28,2017-11-24 17:04:55,2017-12-22 23:25:35,2017-12-21 00:00:00
4adbbb43be305843794e05fc4265f143,b3939a2720fe35ff521a811a8fd10dda,delivered,2017-11-23 10:26:08,2017-11-25 06:31:50,2017-12-11 17:14:43,2018-01-07 12:39:01,2018-01-03 00:00:00
0c6829c9d92a6bb545d7bf1734d094c6,4adddc79dab2cd4d1dadc18dd4c1c14c,delivered,2017-11-23 11:33:08,2017-11-23 11:48:30,2017-11-23 20:13:22,2017-11-25 15:07:03,2017-12-05 00:00:00
1d8f8ed077e12bbaeb0ee6675167d40f,339716994af08750e974eacac4131398,delivered,2017-11-23 11:45:01,2017-11-23 11:55:52,2017-11-27 22:13:30,2017-12-07 19:41:27,2017-12-18 00:00:00
b8b6924f004e191923963e8ab1655ed9,53c00128b4cdd554611efd233859dd88,delivered,2017-11-23 13:35:20,2017-11-23 13:48:26,2017-11-24 18:14:45,2017-12-20 20:38:46,2017-12-18 00:00:00
af83f5e5f987977b6420b4763517beae,1eabab60895d7199ae261bc0b489103b,delivered,2017-11-23 14:34:33,2017-11-23 14:49:37,2017-11-24 22:10:19,2017-12-05 21:24:54,2017-12-15 00:00:00
5c748cfa838e65b06c230b1f917ec95e,2445e3d4111363be3afb60bcec7b13b5,delivered,2017-11-23 19:06:05,2017-11-23 19:14:36,2017-11-24 21:09:12,2017-12-09 20:48:44,2017-12-18 00:00:00
3cc50a462016d06a3cebf8f5731d3ee6,275232a5e605bb6d1f97eb77679bfd0f,delivered,2017-11-23 20:26:23,2017-11-25 05:19:24,2017-11-28 19:08:30,2017-12-06 22:37:16,2017-12-18 00:00:00
be59e03672bb8d48da16e07a0fb660a8,3c17af24cda9bc98674f6d7196cd5af9,delivered,2017-11-23 21:15:06,2017-11-23 21:27:46,2017-11-29 22:31:58,2017-12-11 17:09:00,2017-12-22 00:00:00
6d8d761e59ad4c88b15467b203d3367e,7a55cc7e8b77509988bef09447df0101,delivered,2017-11-23 22:18:48,2017-11-23 22:29:03,2017-11-27 13:27:36,2018-01-08 19:47:55,2017-12-26 00:00:00
75213e459cfe44a61c496c864e0a8c63,9c11910f46b5a9a3d8366b09a0514c97,shipped,2017-11-23 22:44:09,2017-11-23 22:54:34,2017-11-30 16:37:13,,2017-12-15 00:00:00
d22f0b06e1519065d7eddb2ba6b79b63,3c3335d4c88928de4ec0f90fae9d1507,delivered,2017-11-23 22:44:09,2017-11-23 22:54:33,2017-11-24 22:03:51,2017-12-19 18:54:39,2017-12-15 00:00:00
9ddffc0194a79dd25662255b87eb9e09,6ff4191488e14530d6a698f7420a769d,delivered,2017-11-24 00:27:59,2017-11-24 00:56:37,2017-11-24 16:04:45,2017-12-04 19:07:26,2017-12-14 00:00:00
deab869c61051ea9df4fcc0daf282c0f,340485e58213e37b8cd9723e0548f7c6,delivered,2017-11-24 11:53:17,2017-11-26 11:55:29,2017-11-27 19:09:18,2017-12-04 20:42:13,2017-12-14 00:00:00
5837fff4c5c9ea52b2e96674efccbc66,ba77ebb5a04276eff9b0bd56db33bfae,delivered,2017-11-24 12:25:03,2017-11-24 14:32:58,2017-11-24 20:51:28,2017-12-27 23:14:07,2017-12-22 00:00:00
e460c3e09735ad9e71e6e6b84d5cd085,a1519634d0ae8ab534c5ff9a1ba53c89,delivered,2017-11-24 12:52:37,2017-11-28 03:33:20,2017-12-06 21:08:59,2017-12-19 19:48:39,2017-12-27 00:00:00
db92c37a984bfe99f6cc7cda7839c86b,0af4e8ff1f457449b9586c1ffc45ccc1,delivered,2017-11-24 12:56:16,2017-11-24 15:13:50,2017-11-28 21:36:58,2017-12-13 16:28:42,2017-12-14 00:00:00
c1f81880aca45c52130764058999025e,cc665602c5a3f9487780d90695667353,delivered,2017-11-24 13:04:14,2017-11-24 15:14:34,2017-11-28 18:48:55,2017-11-30 19:14:10,2017-12-08 00:00:00
7937987ff13bd22aa39304d525e1eafe,8a651f62fa340c6bb5309fac465d7ef6,delivered,2017-11-24 13:19:53,2017-11-26 13:16:26,2017-11-29 20:19:23,2017-12-12 13:45:13,2017-12-19 00:00:00
47fff6498d7050f55018f7c001885f3a,d42fb8a9dc7e9d3f864e31f2c02cee15,delivered,2017-11-24 13:43:34,2017-11-26 13:35:23,2017-11-28 17:27:34,2017-12-08 15:41:56,2017-12-08 00:00:00
7dfc0c4ee8e0efa633fe97c0409da2ea,2595d4fb8660dcb8cbb4e78b0a8f40ce,delivered,2017-11-24 14:05:22,2017-11-24 16:14:34,2017-11-30 22:48:38,2017-12-20 21:10:29,2017-12-18 00:00:00
486fd37a365a65189747be8c6c4f05af,32b231f4bb38d9d9670c5512f7409b34,delivered,2017-11-24 15:05:45,2017-11-24 17:19:44,2017-11-27 17:18:46,2017-12-08 13:14:50,2017-12-21 00:00:00
4e16a9ec5cf02e97e8f7fb665cc89391,723c16aab4a4c8201b4bc4d9b74a48ca,delivered,2017-11-24 15:13:24,2017-11-24 17:35:23,2017-11-25 15:58:44,2017-12-01 20:33:41,2017-12-18 00:00:00
b1135445c9efaedf0b492762d692bbcd,f26fce0d0ea5cd4f464e88472db6161b,delivered,2017-11-24 16:05:11,2017-11-24 19:53:01,2017-11-27 22:55:42,2017-12-27 22:46:12,2017-12-27 00:00:00
d719d2c72e0dfc9d994ee85c1d594861,bcfd3b40a37ce48e8658f339cc31665c,delivered,2017-11-24 16:06:14,2017-11-25 13:34:00,2017-11-29 02:07:43,2017-12-19 21:57:00,2017-12-19 00:00:00
676dc08d3b7a83fc6f45f5e0eb1a2d9a,def2cde31a49d08938ed47d1769adf6e,delivered,2017-11-24 16:45:54,2017-11-24 21:32:30,2017-12-08 14:07:15,2017-12-20 20:47:12,2017-12-26 00:00:00
9af6f205c7247ac28685a350094ce865,9a29bf9ecfdbd9acf4088d680a19fca1,delivered,2017-11-24 17:20:26,2017-11-24 20:55:56,2017-11-29 18:23:44,2018-01-08 15:19:06,2017-12-22 00:00:00
c79387fbdb009010c07a17127bd21f0d,ec431dbed870929c480d45d44d20971e,delivered,2017-11-24 18:41:11,2017-11-24 22:11:42,2017-11-27 23:54:33,2017-12-11 20:09:36,2017-12-20 00:00:00
40235386473717246bb2eb10fe48037a,e8db587aa035a388d29cd44a801f9092,delivered,2017-11-24 18:42:17,2017-11-25 04:15:42,2017-11-25 18:14:48,2017-12-12 21:55:50,2017-12-14 00:00:00
719a96d91d44ae214ba638b02db33331,b5d5a9c1b46698fde8e82171124dcf4a,delivered,2017-11-24 20:36:18,2017-11-24 23:34:29,2017-12-04 15:42:23,2017-12-05 15:14:10,2017-12-08 00:00:00
1a8128463da10115b1c21e2f0b7ee4c3,967b79a51991865602ca9b19c8b85019,delivered,2017-11-24 20:41:08,2017-11-24 23:54:20,2017-11-28 18:18:06,2017-12-07 19:13:45,2017-12-15 00:00:00
b1b0b7314cdf43b80c205664d0199dcb,33e6a7b54311533e70c06970909abeb0,delivered,2017-11-24 21:00:39,2017-11-28 03:46:30,2017-11-30 16:41:41,2017-12-14 17:55:01,2017-12-19 00:00:00
762e4a2e910d175a0fdabd749ae55d5a,21f420baf5412d045b0131e6a6960cbc,delivered,2017-11-24 21:05:51,2017-11-25 00:16:31,2017-12-05 00:56:12,2017-12-06 22:10:29,2017-12-14 00:00:00
65e560b80ca884377880a124eb79a349,0bb10a5c4a815deda21cde1c4131e90a,delivered,2017-11-24 21:16:37,2017-11-28 03:47:18,2017-11-28 20:26:55,2017-12-13 00:59:45,2017-12-18 00:00:00
0c1426109d8295a688ee4182016bba59,d5114ea20c2a52447a40aa1e87bfd5cd,delivered,2017-11-24 21:24:29,2017-12-07 09:50:08,2017-12-08 18:15:14,2017-12-14 19:48:30,2017-12-21 00:00:00
3e4e46d0c15b204178fc5dea7c9644de,96b6dcf9901ef5464f3d6bc5aa701528,delivered,2017-11-24 22:40:22,2017-11-25 01:53:27,2017-11-27 20:48:50,2017-12-12 12:58:34,2017-12-20 00:00:00
6dc67cb39f917644a71c8f9410d6505a,498e133a13395236012aed36ccde9a42,delivered,2017-11-24 22:43:20,2017-11-25 01:31:23,2017-12-01 16:48:53,2017-12-07 20:32:09,2017-12-18 00:00:00
f5194ba2a4560ffa0e87746852c61fc1,5210104bc6715b18253dec68af7376c7,delivered,2017-11-24 22:53:26,2017-12-07 09:50:07,2017-12-08 18:15:11,2017-12-13 22:06:13,2017-12-14 00:00:00
f6661fe3177a741fbfd91547b86a00e9,5c8ad45158ccd55a42cc132c584409e7,delivered,2017-11-24 23:21:49,2017-11-25 02:16:36,2017-11-29 20:42:00,2017-12-01 15:46:37,2017-12-08 00:00:00
76f27a60facc0c9b7ee8344eeb60c7a1,f12d12275ee0e3b03bad2fa39ca732e3,delivered,2017-11-24 23:59:24,2017-11-25 02:54:32,2017-11-27 23:12:04,2017-12-05 23:46:54,2017-12-18 00:00:00
4d0de3f8be3ad40e85a5d6fe37054d9a,acfa1cb53f002260bb389f86af953c5f,delivered,2017-11-25 01:37:14,2017-11-25 03:55:33,2017-11-30 00:57:39,2017-12-22 21:35:24,2017-12-26 00:00:00
ed36a885373249eb36b298e9907b5ac3,f6eb32de7446f7ba98122e5b4d09b3c0,delivered,2017-11-25 10:50:33,2017-11-25 10:59:26,2017-11-27 18:36:14,2017-12-14 15:12:40,2017-12-22 00:00:00
af922ed57b4035c102a373ebdf34dbbb,7623e68f8fc6d03858171f8ee5d78ea3,delivered,2017-11-25 11:08:03,2017-11-28 03:20:58,2017-11-28 19:39:24,2017-11-29 23:36:24,2017-12-11 00:00:00
cb503219f1a73d8a4dfe8561be373c99,921822ed81e9c094d7908db16164a270,shipped,2017-11-25 11:22:09,2017-11-25 11:35:20,2018-01-04 21:41:39,,2017-12-21 00:00:00
10c7b16de7ade26ab82b8d6a42017e1e,82d38cd139e90ea545ff49b9c8a2fdca,delivered,2017-11-25 11:24:09,2017-11-25 11:35:32,2017-12-01 14:02:54,2017-12-18 20:09:47,2017-12-19 00:00:00
5c92503c98d68728d4c409d18b268c31,08a0ac1decaff11abb24f276429ee4bf,delivered,2017-11-25 11:39:25,2017-11-25 11:51:59,2017-11-27 17:23:09,2017-11-30 00:16:57,2017-12-12 00:00:00
bd54f9327a96271651655fe63b50ec1c,2588251e64ec416355e9fad44250ab48,delivered,2017-11-25 12:44:30,2017-11-27 12:36:33,2017-11-28 18:44:44,2017-12-20 18:11:34,2017-12-19 00:00:00
ef21cb9d3fa728f51493d679143b7834,a684554378131af35310b25179278c1c,delivered,2017-11-25 13:16:54,2017-11-25 13:33:22,2017-11-27 23:16:44,2017-11-29 23:03:39,2017-12-21 00:00:00
0606297cba03ae6663495514f5bdae0d,1dfdfd9d483bb80b1694e927fe6a8fa1,delivered,2017-11-25 14:19:32,2017-11-25 14:32:50,2017-11-27 20:54:39,2017-12-15 18:07:08,2017-12-20 00:00:00
e601f404ef484e156f2242dc5ebd5554,e10cea5ba6297bd8736856b0ab6bde8b,delivered,2017-11-25 19:06:49,2017-11-25 19:16:33,2017-12-08 16:48:55,2017-12-14 19:07:59,2017-12-21 00:00:00
7787da2148a7cb3d33fb258e674f8a3e,c8a02fab716a574ad3bf2324a3bd5179,delivered,2017-11-26 00:28:42,2017-11-26 00:52:55,2017-11-29 23:24:44,2017-12-13 22:05:08,2017-12-20 00:00:00
3e4875148a652a619d8615653b4c8e3c,64e2ba6c3e485261327eedd7e735765d,delivered,2017-11-26 15:05:37,2017-11-26 15:15:01,2017-11-27 19:12:34,2017-11-29 12:36:47,2017-12-11 00:00:00
96d79140e31422ba9f8f990f4ed1addb,40edab5896ae543391de7bae5844fcfc,delivered,2017-11-26 15:45:16,2017-11-26 15:54:58,2017-11-29 17:33:14,2017-12-16 19:34:43,2017-12-19 00:00:00
4a91a1ba7768e400ff40aad6730251ed,252eca59746ea50c35bbd4cee0fbd333,delivered,2017-11-26 19:35:21,2017-11-28 19:35:49,2017-12-06 01:52:59,2017-12-13 00:53:07,2017-12-21 00:00:00
7296ad758e6c852b351261c5eb31bf51,4c734d9ccc49f0068cb5c75b3e88739d,delivered,2017-11-26 20:28:28,2017-11-26 20:37:24,2017-12-06 13:51:48,2017-12-17 17:14:48,2017-12-15 00:00:00
35138e39f9a22af41b39da5df0cc6790,ed434f6c999779df08cfcba6f30956fd,delivered,2017-11-26 20:33:48,2017-11-26 20:53:20,2017-11-28 16:04:47,2017-12-06 19:51:40,2017-12-20 00:00:00
a37bfcf3d20f35acbeb8802726c3fabd,d81da029b132ec65b31f0ad2b7d6f728,delivered,2017-11-26 23:06:02,2017-11-28 03:19:42,2017-12-08 02:34:06,2017-12-13 13:58:50,2017-12-22 00:00:00
6bef43b399ad748e06bfbd0a31efcfb9,196f617ec14599ab7ceb83a6117fd9e5,delivered,2017-11-26 23:50:05,2017-11-27 00:55:59,2017-12-08 13:58:52,2017-12-11 21:38:38,2017-12-11 00:00:00
701908713ef197558a29b03c00fa4ded,b37ad6b0aced822f5e42f446939fbb1c,delivered,2017-11-27 00:02:27,2017-11-29 01:31:24,2017-12-07 22:56:30,2017-12-18 18:28:43,2017-12-26 00:00:00
c9fddd8d2730610e00bbcda3e79fdcca,e3a89345d860faa5a9431ec4fb1e307c,delivered,2017-11-27 00:58:20,2017-11-27 01:12:24,2017-11-28 16:43:03,2017-12-11 17:33:10,2017-12-21 00:00:00
6ea05fe0bc7ce79a766cea430fb1ea56,663b2f4912cde86eb883a82b848b75ce,delivered,2017-11-27 09:12:29,2017-11-27 09:31:02,2017-11-27 23:17:01,2017-12-17 12:42:06,2017-12-18 00:00:00
92d210ae0a4555c611b5ffdf82bba88c,d581eb6d9fd28fab7f1e4b19989f490d,delivered,2017-11-27 10:21:41,2017-11-27 10:54:32,2017-11-28 21:52:54,2017-12-17 11:29:08,2017-12-21 00:00:00
cbe19a86b0486bc9bfe295be1a564ff9,12da3cc12c05934879a7ac7b9b31ca09,delivered,2017-11-27 11:16:59,2017-11-28 03:32:06,2017-12-01 21:42:26,2017-12-16 14:58:52,2017-12-26 00:00:00
771b1c1071afb60efdf55afffd0ad25b,b294b26e9808dad6725676239e3898e0,delivered,2017-11-27 12:49:50,2017-11-27 12:57:55,2017-11-29 18:13:24,2017-12-14 01:25:03,2017-12-27 00:00:00
06970f3ad11e6267192d7d98af40a8f5,3121273a484955eef5f8c940af3ebfb6,delivered,2017-11-27 14:18:58,2017-11-27 14:26:26,2017-11-30 17:05:07,2017-12-06 11:42:29,2017-12-29 00:00:00
cf49bdb4bd3a57ea5f439199c69d5911,0551eb34013c485caeacfd2915dbec96,delivered,2017-11-27 15:04:18,2017-11-27 15:19:14,2017-11-28 21:04:42,2017-12-04 19:13:40,2017-12-21 00:00:00
926282951ac5113c0a44287b4a30d5bf,145f93b9592c03d9d7dfbbae7e80c6f7,delivered,2017-11-27 15:06:28,2017-11-27 15:19:17,2017-12-01 19:12:10,2017-12-18 17:14:28,2017-12-21 00:00:00
7c94a691cda1b50778849a3e52d45dfc,8b3b03fef783fb837ca0b86a72b2e202,delivered,2017-11-27 15:06:38,2017-11-27 15:19:13,2017-11-30 17:48:07,2017-12-26 22:57:37,2017-12-19 00:00:00
73e1aa6df2a82994c73c52e4f46f1043,ae4ea94a9194fc1983a936c91597756b,delivered,2017-11-27 15:57:23,2017-11-27 16:11:16,2017-11-28 23:58:35,2017-12-06 18:51:57,2017-12-20 00:00:00
23e2c5b211e209606334c66afd07fe51,cbdafd2d712b8558733da4a0522cefe0,delivered,2017-11-27 16:37:35,2017-11-27 16:50:47,2017-11-29 20:04:52,2017-12-05 20:38:41,2017-12-19 00:00:00
04b8c60eb3cceaecde917716daa30bde,a6a3ccd6981f76577a6cfcac362430b2,unavailable,2017-11-27 18:35:48,2017-11-27 19:11:43,,,2017-12-19 00:00:00
4277dbc4f6e73a6cd3378628f7883f92,f58323e013370cea83bbb78d629c2a3a,delivered,2017-11-27 21:12:52,2017-11-27 21:38:03,2017-11-28 18:19:02,2017-12-02 14:34:39,2017-12-11 00:00:00
1d3b8d78074e0b50f10346941e67e9de,b4839bd89fae37da872be9416381e165,delivered,2017-11-27 21:27:42,2017-11-27 21:39:27,2017-11-29 10:07:28,2018-01-09 21:58:51,2017-12-22 00:00:00
ebb2e4c3a4ed0d36a88cb8656e6a113d,b1737c34c3a1db8806af041483301a7c,delivered,2017-11-27 21:35:51,2017-11-29 02:22:12,2017-11-29 15:03:23,2017-12-05 23:47:07,2018-01-17 00:00:00
df6378bbbc39d69ba74b22e63d3bbeae,c17e22ada66b6a0582a07370338adcec,delivered,2017-11-27 22:25:36,2017-11-27 22:32:23,2017-11-28 22:12:26,2017-12-12 19:41:58,2017-12-18 00:00:00
e36821475008c5656ee16e2433f91133,ac0fc0af13834a5c37a25f298526fa81,delivered,2017-11-27 23:47:38,2017-11-28 01:31:30,2017-11-28 14:51:49,2017-12-22 00:39:16,2017-12-20 00:00:00
9cc8a145d8be894ab07cdbd8503c4887,a3fc5aa6679a45c8d0dd3036c9ee246b,delivered,2017-11-28 10:44:35,2017-12-03 23:36:19,2017-11-28 22:15:58,2017-12-18 19:44:08,2017-12-21 00:00:00
0799a27b55977a0aedea205def0a6297,bf715f8713583bb9ebc5dbb551b8ba30,delivered,2017-11-28 12:00:04,2017-11-28 12:15:04,2017-11-29 20:09:02,2017-12-12 13:38:35,2017-12-18 00:00:00
274954faa1775d863067ba1e0e5dfe9b,77cd920ada081816db896cd2a96975dc,delivered,2017-11-28 12:38:38,2017-11-28 12:53:20,2017-11-29 22:41:55,2017-12-04 18:07:17,2017-12-19 00:00:00
453b1d86b22e9fdb0d1da9c446dd2828,0afa45aa9b2befa48d4056a9037aeaaf,delivered,2017-11-28 15:52:31,2017-11-28 16:17:30,2017-12-01 22:09:09,2017-12-14 16:21:29,2017-12-19 00:00:00
68507de712879fdc905ed762ee009d0b,31d42a8bea9c9a90ff89130fadc78477,delivered,2017-11-28 18:28:30,2017-11-30 02:24:14,2017-12-02 14:07:57,2017-12-11 16:46:58,2017-12-18 00:00:00
f4293a053b040f6515c5b48808a282be,9c2be6e8f872e092e549c5d295e8bdb7,delivered,2017-11-28 20:34:22,2017-11-28 20:56:58,2017-12-01 20:21:41,2017-12-09 18:25:43,2017-12-19 00:00:00
2dff08c63cc9d29788c8cccfc3799bf4,bd6fdc9fe74a5d7a4f5696815c2cb42d,delivered,2017-11-28 22:06:01,2017-11-30 02:22:29,2017-11-30 22:46:51,2017-12-20 23:39:15,2017-12-27 00:00:00
9855d762d535fda66aa7f273116aa77d,4c74fbc614fe8ccf3b706129837a9471,delivered,2017-11-29 01:30:54,2017-11-29 02:42:10,2017-12-02 14:23:13,2017-12-28 16:33:46,2017-12-22 00:00:00
c2899525db44fcc73342e7713b932dea,3c091d5f7db07c92c6243f7a1f3fb7aa,delivered,2017-11-29 08:24:53,2017-11-29 08:33:23,2017-11-29 17:35:02,2017-12-06 23:52:02,2017-12-19 00:00:00
6e228f845ad0d104a3e3c343dbfd0c19,9f5d14a3c0a1ca30fb65b984c3123b69,delivered,2017-11-29 09:39:24,2017-11-29 09:49:26,2017-12-04 18:52:20,2017-12-18 18:49:19,2017-12-26 00:00:00
4753fcd70058320b38a45cc68f6de6c7,2d3a07b7b69973a8118724ddd6495600,delivered,2017-11-29 10:08:46,2017-11-29 10:30:24,2017-12-04 23:09:41,2017-12-08 15:54:45,2017-12-19 00:00:00
20648e7d48939d4edd1dec4781fc1680,b40efaffe4577bf423366754f1e3980f,shipped,2017-11-29 11:59:51,2017-12-01 11:31:33,2017-12-01 20:03:31,,2017-12-27 00:00:00
151a3f0bc95fa85152c33fb906012832,7c911ec6b24c9a7080141f46e130a885,delivered,2017-11-29 12:33:35,2017-11-29 12:42:46,2017-11-29 21:37:50,2017-12-26 22:23:41,2017-12-22 00:00:00
1d9609dad08db33f39e233dad7556bbe,fa70ada4a3d29c318df97b21529602cc,delivered,2017-11-29 16:31:06,2017-11-29 18:10:31,2017-12-01 18:19:41,2017-12-02 15:56:00,2017-12-19 00:00:00
15044169648e6a6e9b1ffe21405b6391,a95086c7c98e7174f3dadd46b7be7b3e,delivered,2017-11-29 18:05:20,2017-12-01 11:31:55,2017-12-26 17:18:08,2017-12-28 21:18:09,2017-12-26 00:00:00
3c964e5625c2d5b6ace8c0b038a03460,9e0c8cfab7bdb0ba76c418336f94c865,delivered,2017-11-29 19:41:24,2017-11-29 19:57:21,2017-11-30 22:32:02,2017-12-27 16:52:21,2017-12-27 00:00:00
4054f3a02c9191a518601fba04f06742,32f933ccfb84e611969e9b44d4ea5739,delivered,2017-11-29 21:24:39,2017-11-29 21:32:29,2017-12-02 12:32:37,2017-12-12 00:03:51,2017-12-27 00:00:00
341ec2709ac1eea8f492c24d31a06942,f836208064b817a41fec6caf0cb648f4,delivered,2017-11-30 14:40:31,2017-11-30 15:53:15,2017-12-20 17:43:01,2018-01-09 19:42:07,2018-01-10 00:00:00
eabb26aeb1ce1147b26952c40f719f0f,65d7321f062eb5569225c13c721fc8cc,delivered,2017-11-30 18:37:18,2017-11-30 18:50:51,2017-12-04 20:19:33,2017-12-06 17:41:35,2017-12-18 00:00:00
626b349f722088587417d2c277329c5c,290e2d3c42858f8a22534459de3bdb2e,delivered,2017-11-30 18:37:32,2017-11-30 18:50:45,2017-12-05 12:58:54,2017-12-09 13:34:03,2017-12-22 00:00:00
a7b3902a1a640e1f0d4f861d468c588a,ca150f7080297fcc2977fc1bd5fa2bf1,delivered,2017-11-30 19:50:16,2017-12-02 02:37:29,2017-12-06 19:33:29,2017-12-11 23:19:52,2017-12-18 00:00:00
1af8d93c6e62a97baeb370a572abe758,d82eb09949dcb81a38a4b87cb80d45e7,delivered,2017-12-01 03:16:52,2017-12-02 02:38:31,2017-12-04 16:41:43,2017-12-11 18:54:47,2017-12-29 00:00:00
cdaa3fb8ca6c3e104eb00fe8a33c88f6,8929d4982f67133e36841637ee6f354f,delivered,2017-12-01 08:44:58,2017-12-01 11:31:24,2017-12-04 15:29:08,2018-01-03 20:12:54,2018-01-05 00:00:00
b8fdf0a70040d5461adca8f95ba4171a,a56a99918e8686b7d35af612dd30e86e,delivered,2017-12-01 12:18:11,2017-12-02 02:38:25,2017-12-04 17:52:59,2018-01-05 17:06:15,2018-01-04 00:00:00
40566e07284e5387c3c479d0ac7aab9c,2d402a85298af9a5f4e3962a396fae4b,delivered,2017-12-01 19:34:11,2017-12-01 19:57:11,2017-12-06 21:58:10,2017-12-15 18:38:43,2017-12-27 00:00:00
0b7b12a402b064d880d3cb31051f6d29,f4896997a6a8f1e3d089a04a44c39d71,delivered,2017-12-02 14:49:30,2017-12-02 15:01:09,2017-12-04 20:13:03,2018-04-19 21:18:52,2018-01-05 00:00:00
ab260012c90cd3ee59bb8d18b97b851a,566782b45e70b898cfccd745e3fa1223,delivered,2017-12-02 17:41:47,2017-12-02 17:50:39,2017-12-05 20:22:13,2017-12-08 00:14:30,2017-12-20 00:00:00
a542babfe6f6339952a1f699ddc1868b,2ba83772da66cfb788b2130a97f46292,delivered,2017-12-02 18:38:08,2017-12-02 18:57:13,2017-12-05 14:19:34,2017-12-19 19:12:20,2017-12-27 00:00:00
5296a60e3eef35a29bfacb328de58d94,347d2d46e041e08671c945edaa69b28a,delivered,2017-12-02 22:02:19,2017-12-02 23:31:26,2017-12-06 19:29:27,2017-12-17 16:22:49,2018-01-02 00:00:00
241de5ef157f84bf8aa6c7ec7cc6f113,0f864a38c06696957ebd1c557264a1f3,delivered,2017-12-03 11:44:10,2017-12-03 11:56:27,2017-12-06 21:41:50,2017-12-27 20:15:31,2018-01-04 00:00:00
73aff38a1baa00056cd97d9a0e8e0c4a,2c2c89758acd7a5da1c982330f02ccd2,delivered,2017-12-03 14:33:46,2017-12-05 04:11:58,2017-12-07 00:18:30,2018-01-02 16:43:36,2018-01-08 00:00:00
2e571b4487c7119502acdb48043efcee,2f1d78af6de0800385a0cc5cf4b7a794,delivered,2017-12-03 15:57:22,2017-12-05 04:12:10,2017-12-06 18:58:57,2017-12-15 22:47:41,2017-12-27 00:00:00
f77e96b95a568b64ae8fbf7a413c3c4e,99a891c80e1eb56a251c6616d96468f2,shipped,2017-12-03 20:25:13,2017-12-05 20:16:23,2017-12-06 19:12:05,,2017-12-29 00:00:00
1a144214f8799bd9e27e84ab6d55fbbf,96f205a3bb3818698d8f49ecf41200ab,delivered,2017-12-04 09:52:39,2017-12-05 11:25:06,2017-12-06 15:54:56,2017-12-19 00:28:12,2017-12-27 00:00:00
fc62afb57b86ee5363aee2b7c04421c0,2c5fa55f96afc893b29c94255b4b7ad5,delivered,2017-12-04 10:58:22,2017-12-06 17:34:23,2017-12-07 18:49:03,2017-12-13 13:17:22,2018-01-09 00:00:00
6c0537a01fc638909ee26a49faa4c8a6,4116eb214c694f5b5954183ea63a064f,delivered,2017-12-04 16:29:43,2017-12-04 17:32:04,2017-12-07 02:11:58,2017-12-18 20:16:50,2017-12-27 00:00:00
854f58d1737ef431b98a28f2149a7125,3e2fcf7ce0b60002777a836132650175,delivered,2017-12-04 23:42:05,2017-12-05 10:30:51,2017-12-06 13:13:40,2017-12-07 19:18:39,2017-12-20 00:00:00
e35528176e3374bcb21842931b5a3e8a,08dbe84d5f0f740e4ffded575b686e32,delivered,2017-12-05 01:36:14,2017-12-06 02:35:46,2017-12-27 21:24:42,2018-01-04 22:58:42,2018-01-22 00:00:00
5de6387107c3165295d2f19ab2db7be5,0c43610fd930ed4eee8f18b6a89a1755,delivered,2017-12-05 08:36:28,2017-12-05 11:03:33,2017-12-06 23:53:07,2017-12-10 15:21:38,2017-12-21 00:00:00
6a3c03b4d8dd9b6cf04b7c09c5cf6627,a31ddccc8903093ba9f48791e0733d7b,delivered,2017-12-05 08:48:23,2017-12-05 11:03:43,2017-12-19 22:28:38,2018-01-10 19:57:08,2018-01-02 00:00:00
d7db188906a24b4ae6a02dc37693752c,c6a5b8db6885e67c4fbb7f21cae8ba16,delivered,2017-12-05 13:34:50,2017-12-06 02:50:38,2017-12-13 13:16:22,2017-12-20 19:48:33,2018-01-11 00:00:00
3fbd798d7e8c262456edce32abaee496,4410b688abf3a740eb252990826a8947,delivered,2017-12-05 16:39:36,2017-12-05 16:56:33,2017-12-07 02:32:39,2018-01-30 17:55:58,2017-12-28 00:00:00
0f43f4cfe3c1717621349b811d2a85c1,640cb653663933010fbc3afad1e2fca0,delivered,2017-12-05 17:45:33,2017-12-07 03:16:06,2017-12-07 18:49:04,2017-12-11 16:42:25,2017-12-26 00:00:00
2d7112fbe786c9c56050866c853e3a7f,2a0ae78342ed766c8dfd9f7b09e300d5,delivered,2017-12-05 19:03:13,2017-12-05 19:17:31,2017-12-07 21:03:22,2017-12-11 20:16:58,2017-12-21 00:00:00
061f2692f309a270bc04537e0a2508bb,4479c24d672d4eb166c60188425da673,delivered,2017-12-05 19:03:15,2017-12-05 19:17:30,2017-12-07 19:53:25,2017-12-10 20:02:56,2017-12-27 00:00:00
4955ee3a893b3b780fedd621473486b7,2e5e8c70b061b9754a3421dfea97bc07,delivered,2017-12-05 19:32:40,2017-12-05 19:54:55,2017-12-11 18:29:34,2017-12-26 21:26:52,2018-01-04 00:00:00
f9c47932f5342ee9c86d3492bc4e50f5,f611df88d00e8e4af77ac41a1b22e4ae,delivered,2017-12-06 07:57:14,2017-12-08 02:36:41,2017-12-19 22:28:32,2018-01-19 15:57:53,2018-01-04 00:00:00
4759a81f4e1a2f8f8a7fba72b1f29868,b6beb62d4844f17d1ef703d4e2e62a19,delivered,2017-12-06 11:18:55,2017-12-08 02:53:59,2017-12-13 16:28:35,2017-12-28 21:42:42,2017-12-29 00:00:00
b4cfd92086298b1af6fd30b2625583c8,a1bc2ec71a4ddec969845df90d51b11a,delivered,2017-12-06 16:50:02,2017-12-06 17:13:09,2017-12-11 22:56:53,2017-12-12 20:41:07,2018-01-05 00:00:00
9183260cf469f329e0804feccc1cf0f4,b8bdc0faa5b1065d49cb18deea099885,delivered,2017-12-06 22:20:30,2017-12-06 22:33:13,2017-12-08 01:12:47,2017-12-11 16:37:47,2018-01-02 00:00:00
e6b545944786339d4e5205e99554e8aa,99a2bda0ebeb3b26b7880095fa319225,delivered,2017-12-07 00:11:46,2017-12-07 01:03:46,2017-12-07 19:47:58,2017-12-11 18:29:17,2017-12-26 00:00:00
8fd10b4326b26a7131022cf8f659abef,ad2b0a762916fd035a887d161c19445b,delivered,2017-12-07 02:07:42,2017-12-07 02:15:19,2017-12-12 21:52:42,2018-01-23 19:09:47,2018-01-12 00:00:00
85e414384871e93a0c457ccf0b0d68b8,59ea29b6bd9ea6c5f51823537e21b2d6,delivered,2017-12-07 15:04:23,2017-12-07 15:43:07,2017-12-13 17:15:10,2017-12-21 12:44:57,2018-01-03 00:00:00
aa732419bf67ca56341e5067fa0bc357,07faf5d8c1d359058b9d05b3cb4d1d3d,delivered,2017-12-07 18:43:07,2017-12-09 18:37:27,2017-12-12 21:07:46,2017-12-14 17:22:08,2017-12-28 00:00:00
55f6044cecace75277ac3fb0335bf9a5,df01a0e718fa759ac5bcf053453b8243,delivered,2017-12-07 19:15:18,2017-12-09 02:37:24,2017-12-12 18:08:58,2017-12-20 22:11:40,2018-01-04 00:00:00
199333052066b5ab18aeb76df7c69429,4794e0e0c79bce9810e1f1203c2ca5bd,delivered,2017-12-07 23:10:56,2017-12-09 02:35:28,2017-12-12 23:28:42,2017-12-29 16:39:06,2018-01-08 00:00:00
300f31d0edc9f2e0110bc756c906a154,bf81c46d2876062acb99e083cfecedfa,delivered,2017-12-08 08:13:26,2017-12-08 08:31:06,2017-12-13 01:16:51,2017-12-15 19:56:19,2017-12-27 00:00:00
b9189dcba2f5219bc348356dce47d124,35dbaf9c728f87f4d2f717370aa3eb43,delivered,2017-12-08 09:53:46,2017-12-08 10:10:43,2017-12-11 18:53:53,2018-01-08 18:48:11,2018-01-17 00:00:00
a8afd0d68136bf98efa8ecc64a0df6c1,68d0607923d24c0b52ea252e3c77cd19,delivered,2017-12-08 12:22:58,2017-12-12 10:59:28,2017-12-13 20:03:44,2018-01-03 17:19:19,2018-01-05 00:00:00
699787f56da4a1d2e5ef4ac575681986,5a5f0cac382c8ddc94653446e4270ccc,delivered,2017-12-08 13:27:51,2017-12-08 13:38:23,2017-12-11 21:27:05,2017-12-28 22:57:13,2018-01-10 00:00:00
e5c32f239371faa3bdade23da46b2921,a0c4b356a906e7401fabe51d2727bc35,delivered,2017-12-08 14:09:00,2017-12-08 14:19:29,2017-12-11 16:28:40,2018-01-17 20:39:23,2018-01-08 00:00:00
7090915026396fe970a03b8c4c6f0d95,479ec951e193807e2d8b3665b9c35502,delivered,2017-12-08 17:24:11,2017-12-08 17:32:27,2017-12-11 20:59:01,2017-12-14 21:56:50,2018-01-05 00:00:00
e60892b75a62acf30d28e0423f8ba80c,aa6436a8b6c5ff6d1354f0a5ebf3169f,delivered,2017-12-08 17:59:13,2017-12-08 18:11:20,2017-12-11 23:42:28,2017-12-22 18:45:42,2018-01-12 00:00:00
aa45e41799067f67755e2e4e41925aa3,ecbe0bf872587f3cb5633f2b5d9b9fcf,delivered,2017-12-08 21:27:38,2017-12-09 07:11:08,2017-12-11 17:38:45,2017-12-18 16:58:32,2018-01-08 00:00:00
e257fe6c043babc3b737247f4f2a88c9,c18e8169eb0401dd69528d0706769028,delivered,2017-12-09 22:28:45,2017-12-09 22:37:22,2017-12-12 21:09:22,2017-12-18 21:09:58,2018-01-04 00:00:00
4556e8c7a1fb280f57f939007f33c799,b944c2dcd9aa58a6defedda9e0d72ea0,delivered,2017-12-10 09:18:07,2017-12-10 09:30:25,2017-12-13 20:22:56,2017-12-19 20:34:29,2017-12-28 00:00:00
c33d265d1050e0a3ddf9796301141a81,db19751490d5753ba9cd7d538da7181b,delivered,2017-12-10 12:31:44,2017-12-12 12:32:43,2017-12-13 22:32:15,2017-12-21 23:54:08,2018-01-11 00:00:00
06c94a45382f44abb2968a87bcee9bcf,79566318b6a66b5ea84699122114a934,delivered,2017-12-10 13:55:22,2017-12-10 14:10:33,2017-12-11 16:58:18,2017-12-20 12:03:41,2018-01-05 00:00:00
d6735b4006968f903a39b74f740dac04,d0ca176c890a0570ece08eb8f2a4a8e4,delivered,2017-12-10 19:10:33,2017-12-10 19:30:36,2017-12-14 17:44:51,2017-12-28 12:34:06,2018-01-05 00:00:00
6c6e0980a0b7646b5ccc523ced08876b,b385fe265ac9a21b28a89debacc0b4de,delivered,2017-12-10 22:31:27,2017-12-10 23:09:38,2017-12-11 20:11:38,2017-12-12 17:59:30,2017-12-28 00:00:00
0a4717812af08b022a25c46f110d881d,a5d68d034b9beac73720fea281944794,delivered,2017-12-11 12:04:43,2017-12-12 03:50:20,2017-12-13 19:03:15,2017-12-23 14:19:24,2018-01-04 00:00:00
7ef689cb709f1d6e42a9f52a93e2da25,5bab9be874cac635882f63b470535481,delivered,2017-12-11 12:37:18,2017-12-11 12:51:08,2017-12-13 21:38:31,2018-01-09 20:17:44,2018-01-16 00:00:00
a23f7ba42e3c12b58d1e24b1b7615d05,a52ac5698f152302297a3445e62efc97,delivered,2017-12-11 13:06:51,2017-12-11 13:19:23,2017-12-11 22:38:10,2017-12-19 18:16:53,2018-01-11 00:00:00
2fecaf598801440c691c00e5f378d0b2,4838d27fe53346a026298cb930544e69,delivered,2017-12-11 18:34:11,2017-12-13 07:35:28,2017-12-15 15:08:59,2017-12-18 18:47:19,2017-12-28 00:00:00
b46dae9e3868b50ceafa02001dd5a1e0,ceaa43caa7094473fba71c821b5f4630,delivered,2017-12-11 18:38:45,2017-12-12 03:50:24,2017-12-12 16:49:02,2017-12-27 00:36:59,2018-01-11 00:00:00
d7c3a90ab28bbb07e47e1fccdbae401c,2f321cc7e64a7af349f673fb7877c2d0,delivered,2017-12-11 19:10:48,2017-12-13 14:13:38,2017-12-14 17:22:49,2017-12-15 15:52:14,2017-12-28 00:00:00
11a9b7e0a0da34849647a487b13ef821,564447d751c0885e95f8e3d9c97466d6,delivered,2017-12-11 21:36:17,2017-12-11 21:52:32,2017-12-14 19:38:50,2018-01-08 20:23:09,2018-01-18 00:00:00
ff978de32e717acd3b5abe1fb069d2b6,82808ea6794ed5643bd23f65508aed70,delivered,2017-12-12 09:50:42,2017-12-12 09:57:24,2017-12-12 19:21:50,2018-01-15 21:12:27,2018-01-31 00:00:00
4d6654ead4a57a151e3df6fb20052675,febd81b18b250796ff4a0d2df1ed5ce9,delivered,2017-12-12 14:28:21,2017-12-12 14:34:28,2017-12-13 23:37:08,2017-12-19 16:43:16,2018-01-26 00:00:00
209ee6cc42b6f0628db36da5d69fd1f7,1e1a421d0a27d6c790d1cc796b146dce,delivered,2017-12-12 14:28:51,2017-12-14 02:13:07,2017-12-14 21:21:34,2017-12-20 20:09:41,2017-12-29 00:00:00
394706e9971fea983907cd09aa349ed8,04a3408f7d73698797fafee2580f4b18,delivered,2017-12-12 15:25:16,2017-12-14 02:12:29,2017-12-15 02:09:23,2017-12-21 23:18:51,2018-01-09 00:00:00
f3c19ec2622d12aafeb4c32621b951b2,ed8281fe17bd28cb00b79f98fba9c537,delivered,2017-12-13 12:58:59,2017-12-13 13:12:06,2017-12-15 18:34:57,2018-01-13 02:18:44,2018-01-10 00:00:00
e4c2e14a7b74c353045f9b611e4e87f7,fcd5e0fc4b76825fc852c397485d8e9b,delivered,2017-12-13 13:32:20,2017-12-14 02:16:34,2017-12-20 21:10:33,2017-12-22 16:04:27,2018-01-17 00:00:00
467d8823c7b37e758ad17a9a61c347bf,e4dd07851ecba1fb21515fbde984dda8,delivered,2017-12-13 14:35:34,2017-12-13 14:56:49,2017-12-14 14:33:49,2018-01-07 11:52:41,2018-01-18 00:00:00
3f4d752085db597cc5c802381e0a2488,8d2aff17abcb39e9ed83d6042aa07df9,delivered,2017-12-13 15:17:16,2017-12-14 02:12:33,2017-12-14 15:04:03,2017-12-27 22:24:04,2018-01-11 00:00:00
3f79a9c310a0d09cddd05f95b3ebb4d6,94f21083ba3ab6d73c7e556e1c67a362,delivered,2017-12-13 20:48:54,2017-12-15 20:51:29,2017-12-18 20:38:56,2017-12-26 20:13:22,2018-01-08 00:00:00
f92cfbd80ead6ae168b77674a374b196,7166393c56bbf109b79189e2facb6d55,delivered,2017-12-13 22:43:16,2017-12-13 22:52:27,2017-12-14 19:40:00,2017-12-21 22:38:40,2018-01-22 00:00:00
252aabc5aca2bc51672fb4ded077dcd7,5974a7436459910a0a91a5e6cdd9c6bd,delivered,2017-12-14 00:06:50,2017-12-14 00:17:38,2017-12-16 13:38:28,2018-02-06 17:27:03,2018-01-26 00:00:00
0b3d6a94ff1d643af663f55ca8418520,9abc3d571a784146d4f60c6a45ca1cee,delivered,2017-12-14 08:27:10,2017-12-14 08:35:29,2017-12-15 20:16:48,2018-01-05 16:09:20,2018-01-12 00:00:00
0221d784b11a24077b3531e860b73434,2e8a717f1328396791b375f2d401def0,delivered,2017-12-14 09:40:40,2017-12-14 09:52:40,2017-12-14 21:42:14,2017-12-26 23:19:06,2018-01-12 00:00:00
3ea886b4bdd5f739ff9eca6e87e08d18,5fa8584124fc1568c978e945989591a2,delivered,2017-12-14 14:07:48,2017-12-14 14:31:42,2017-12-21 00:16:40,2017-12-27 16:59:13,2018-01-10 00:00:00
2b29ddaabb47afeacb5daa2c68670baa,30723c815d1d366a4c0fb9c59762f8b8,delivered,2017-12-14 19:54:27,2017-12-14 20:17:45,2017-12-18 16:21:26,2018-01-03 19:26:54,2018-01-12 00:00:00
fd6519b24982de9aec35784b4bc78d2b,8db3348acefb954be9ee830d85a6848d,delivered,2017-12-14 20:26:11,2017-12-15 02:15:59,2017-12-15 18:13:43,2018-01-05 23:11:09,2018-01-11 00:00:00
742dbb1a78c6cd58266bd0ee8fa0c89e,4fc64c2ce4ee430857b759ef0242873a,delivered,2017-12-14 23:39:28,2017-12-14 23:50:35,2017-12-19 19:27:47,2017-12-28 00:48:02,2018-01-17 00:00:00
d11fc5b9e5bf7a0c4ce41b04a59f0154,e7614d4b134b3e8aebda0938a84d9878,delivered,2017-12-15 10:43:20,2017-12-15 10:51:29,2017-12-19 16:34:16,2017-12-21 18:53:28,2018-01-10 00:00:00
a11b617c5514af0a6b5181041a897b39,da1f466f842c43c7cca930e1edd5c618,delivered,2017-12-15 12:13:21,2017-12-15 12:32:45,2017-12-18 20:22:48,2017-12-22 18:34:19,2018-01-10 00:00:00
830f2dd158e996fbc6d363d90978d530,0ff924800f1b14fea0d993177b08cf1a,delivered,2017-12-15 14:08:08,2017-12-19 09:50:43,2017-12-20 17:57:05,2017-12-29 03:36:14,2018-01-16 00:00:00
97e11582eb8cdd7b83e35a4243d81f79,119e936a72d10c6ea12ab6129ffd9a79,delivered,2017-12-15 14:35:37,2017-12-15 14:52:53,2017-12-21 20:45:07,2018-01-12 00:13:38,2018-01-15 00:00:00
bc6f0d20151b72e478b552a053707ec6,b000b36b33814dba6443ca09f8662bf6,delivered,2017-12-15 19:12:40,2017-12-15 19:31:13,2018-01-19 18:47:50,2018-02-08 13:17:10,2018-01-26 00:00:00
10516d5059a1ebd2841eafd0124d43ba,67d0b4958bc1696a19484767933531b3,delivered,2017-12-15 19:33:47,2017-12-15 19:51:40,2017-12-20 20:39:10,2017-12-22 22:18:42,2018-01-05 00:00:00
17774450f243f686546b04633a04dbdb,2e28b2a4b665efc5157224222743d141,delivered,2017-12-16 01:04:58,2017-12-16 01:17:24,2017-12-22 22:24:51,2018-01-22 17:15:43,2018-01-17 00:00:00
1a46043f18f483b119bbeebb563aa77a,f7ff526094d4b81bbca47f972f6e6502,delivered,2017-12-16 10:36:56,2017-12-16 10:55:03,2017-12-19 19:16:48,2017-12-26 21:27:02,2018-01-15 00:00:00
0e3743eb1b447eb4747eaafc9221fb41,a0dd74c26f554c5ffd5bb25aab74fa1b,delivered,2017-12-16 14:20:01,2017-12-16 14:31:19,2017-12-20 19:36:21,2018-01-12 20:22:54,2018-01-19 00:00:00
7532f61a8fc7649fe822d89af2ff0a76,e09ccd04cb9679cb5033871d086afd62,delivered,2017-12-16 18:01:40,2017-12-16 18:13:18,2017-12-20 20:48:54,2018-01-09 16:49:05,2018-01-11 00:00:00
8ef7f8c19a00b45667841442d36ad903,916eaf991fa5c9981e39f525efcd4bc5,delivered,2017-12-16 19:26:16,2017-12-16 19:38:28,2017-12-19 00:04:21,2017-12-21 18:17:48,2018-01-05 00:00:00
e0aee1eb2d57773753d8744277ddf472,fe75555d86a6c7a5958c03b263a4e195,delivered,2017-12-16 21:42:49,2017-12-16 21:53:24,2017-12-18 20:59:45,2018-01-09 00:12:19,2018-01-22 00:00:00
156168da8a5dcb5224afcebe8b0a9c88,c0cadbfc48ec27d089138f4e1e479556,delivered,2017-12-16 22:40:07,2017-12-16 22:51:01,2017-12-18 17:22:09,2017-12-19 16:43:10,2018-01-05 00:00:00
248907ae8054cb8e93d5aa44857779b4,e57a1ac4317d4acd397f88cdb8b086aa,delivered,2017-12-17 05:25:12,2017-12-17 05:36:22,2017-12-19 23:34:32,2018-01-03 22:41:27,2018-01-17 00:00:00
7d3636cf3c3e12cd619c2ba47773c24f,d1f032b04e9f3644c7c20df464ad1a3a,delivered,2017-12-17 14:06:27,2017-12-19 09:50:55,2017-12-20 17:57:07,2018-01-16 18:56:59,2018-01-15 00:00:00
2285f789479857a3883d50453a7279e2,79601a95fff7b0259e94be4739411bd6,delivered,2017-12-17 17:46:13,2017-12-17 18:50:18,2017-12-19 14:35:32,2017-12-29 16:14:22,2018-01-17 00:00:00
733022e671d2bb3d8f678175a31177d0,cdfac3f96d217d92695d399b05fb39ab,delivered,2017-12-17 19:19:05,2017-12-17 20:18:21,2017-12-20 19:28:36,2017-12-26 16:40:14,2018-01-08 00:00:00
f0d7cf07c69af0fc5220aa73b44efa81,e46f1a077cf15ef0816dd55f6acabe0b,delivered,2017-12-18 10:19:45,2017-12-18 11:32:00,2017-12-19 17:46:45,2017-12-29 20:00:04,2018-01-05 00:00:00
42752f96b7094cee19928f7b4317d7c9,b65f218608d7b053eb117b493cd80780,delivered,2017-12-18 21:00:29,2017-12-19 09:16:25,2017-12-19 19:25:18,2018-01-08 18:25:19,2018-01-18 00:00:00
3b6411f7911e3b69fa3f27220c7df366,89924b0fa5ff89c9df5c6acc7694004e,delivered,2017-12-18 21:47:19,2017-12-19 09:53:33,2017-12-19 21:43:30,2017-12-20 19:28:56,2018-01-05 00:00:00
cb9dbf05ec6c88696a808bd2ec55f31a,3574e3f3077997227adc80e77e1ecf79,delivered,2017-12-18 22:12:55,2017-12-18 23:15:18,2017-12-19 17:19:44,2017-12-29 13:09:11,2018-01-22 00:00:00
b75335994c32baf97dc6ab68ecc64e4f,1927c5e53ceafe1b0d6a5ca2f20286d8,delivered,2017-12-18 22:40:03,2017-12-18 23:51:34,2017-12-20 19:42:17,2018-01-03 19:41:26,2018-01-11 00:00:00
34e578b2d8c11db4288447dd459f9690,44e72442594c70bfe12611fb1684ff79,delivered,2017-12-18 23:34:07,2017-12-19 18:11:29,2017-12-20 20:27:30,2017-12-26 17:42:26,2018-01-12 00:00:00
314309621e99dff004e43be09afbbb3c,33f79984eed79b3bf692c17db97c4334,delivered,2017-12-19 10:04:27,2017-12-19 10:12:21,2017-12-20 23:12:45,2017-12-28 17:47:21,2018-01-16 00:00:00
6e98c6485a5b20c9644e1dd3125e40ed,a2a035c4aace1589713c9e84f19510c7,delivered,2017-12-19 14:34:23,2017-12-21 02:11:19,2018-01-09 17:12:59,2018-01-22 10:51:41,2018-01-23 00:00:00
87625edd5358ed519f479259e703b1fa,86140f1b34329457fb0085708f54d3fb,delivered,2017-12-19 22:48:54,2017-12-19 23:53:26,2017-12-21 18:52:10,2017-12-27 21:52:26,2018-01-08 00:00:00
b17bd9337504cfa6cc07d6e08fe9c884,7d6f6b2b8630f71c88ef06216cc49321,delivered,2017-12-19 23:47:20,2017-12-20 23:49:54,2017-12-21 19:42:38,2018-01-12 22:58:54,2018-01-17 00:00:00
a113213b73eab23b8cc9744a43f7f65c,ee806731e5bd1922c73da9af10468819,delivered,2017-12-20 07:04:15,2017-12-21 02:12:48,2017-12-22 16:14:59,2017-12-29 19:32:41,2018-01-18 00:00:00
0e577169a545cf287894094d0146feba,ce5a044fc70f03fbe28127390fa27373,delivered,2017-12-20 10:02:04,2017-12-21 02:11:14,2018-01-10 01:28:58,2018-01-19 23:42:50,2018-01-22 00:00:00
1c518c9a4da98619eea4bc6fb9651832,39e6184f77cdeb15df7725f992dab34e,delivered,2017-12-20 18:00:37,2017-12-20 18:11:05,2017-12-21 22:13:36,2017-12-23 15:43:52,2018-01-09 00:00:00
dd2f898dab99df4fea7aeb02b77fcd25,f0af88af20ee8c5df79e8407dafec4a3,delivered,2017-12-20 18:23:40,2017-12-20 18:34:29,2017-12-22 22:00:28,2017-12-27 21:13:46,2018-01-16 00:00:00
3b513d4810b2c2de5e551d0edee87865,e1e6ba5ad13d5baf7ce61a372f6c9818,delivered,2017-12-20 19:14:48,2017-12-20 19:30:26,2018-01-08 21:22:49,2018-02-27 19:13:36,2018-02-07 00:00:00
80d0ad65de53f6ff0e3ebcbc52d3b3b8,679b2f8af0e0d2b38db0486e5ac4e5fc,delivered,2017-12-20 21:09:05,2017-12-22 02:51:03,2017-12-26 19:12:31,2018-01-08 14:48:23,2018-01-19 00:00:00
6d6175b9c1b238c3d6b510b070f96ed1,fa99f5ddc38935d3f0fc67c775b9db1a,delivered,2017-12-21 12:12:42,2017-12-21 12:32:27,2017-12-22 10:51:42,2018-01-13 12:28:11,2018-01-29 00:00:00
e576bdc500f0c1c9a1b2a3ccce7000fb,8b1f18c2f22e45482d3a3ad8e68090ed,delivered,2017-12-21 13:05:53,2017-12-21 13:16:26,2017-12-21 21:42:02,2018-01-11 12:20:19,2018-01-23 00:00:00
c26761f0a70b2b7e0bb437aef502ffc1,7bd2a7c581d9aa3cfabb4cdc39f0d0ee,delivered,2017-12-21 20:07:03,2017-12-23 02:17:36,2017-12-26 23:25:05,2018-01-03 14:03:06,2018-01-17 00:00:00
9dbf98463571bd46e501a18aa7c2899a,c5f1305fe9228545294036db7d4ac658,delivered,2017-12-21 22:16:40,2017-12-23 02:18:24,2017-12-28 17:19:17,2017-12-29 18:43:41,2018-01-11 00:00:00
89cb4134e0fefa08caaca5c92dce938a,d9108760f04dff71ffbd0b1373a1b9a5,delivered,2017-12-22 09:06:20,2017-12-22 09:13:21,2017-12-23 00:09:39,2017-12-27 17:04:53,2018-01-18 00:00:00
bb780bb5301c5109cb6eb07d06f3bd14,0770fab1a98ce26d042a7aad41fdbc8f,delivered,2017-12-22 15:53:30,2017-12-22 16:42:02,2017-12-26 16:24:16,2018-01-08 19:19:49,2018-01-30 00:00:00
12aab7cb25bc6ae86c66cb3e7dc35a76,d2e258817e38dd6847a2dead3bbafc05,delivered,2017-12-22 17:11:24,2017-12-22 17:31:56,2017-12-26 14:12:49,2018-01-03 11:16:06,2018-01-23 00:00:00
3e22545eb8e4b43efed7c34d5a8be84c,8770f1c3c7f74179623f3e8bec71ae4b,delivered,2017-12-23 12:09:23,2017-12-23 12:29:00,2017-12-26 21:58:57,2017-12-29 21:12:45,2018-01-15 00:00:00
ba242a1dd9c9df31f97af85c25e0e1bf,e01fb276effc1ae50c020ac93fd19a1e,delivered,2017-12-23 19:54:50,2017-12-27 04:12:12,2017-12-28 18:33:03,2017-12-29 19:37:59,2018-01-15 00:00:00
d1b501557cbea543fbaeba346ba6ca8d,662906073a9bafaa8a9c671c1112857a,delivered,2017-12-24 13:25:02,2017-12-27 04:07:45,2017-12-27 17:07:54,2017-12-29 20:33:49,2018-01-15 00:00:00
1cebcb9fc81f76f727c7be020cb6cb49,df60b6f129c54677f5862b3b7083f2e5,delivered,2017-12-25 09:17:47,2017-12-25 09:27:23,2018-01-03 17:47:03,2018-01-26 23:52:59,2018-02-01 00:00:00
55ca27587481961b3a085c32da46f015,f7affc6b52397ec89170a5d381b270f0,delivered,2017-12-25 16:31:47,2017-12-25 16:48:57,2017-12-26 16:16:18,2018-01-05 21:58:54,2018-02-01 00:00:00
54761f5e42ab5a33268fe64804e92448,ca0448b0e38ea07c04f29cc6e1705a3e,delivered,2017-12-26 11:36:36,2017-12-26 11:48:47,2018-01-12 20:41:36,2018-01-26 20:09:51,2018-02-02 00:00:00
0159b449009b3f8748ed7c56e9d84afe,fb7e9a0264b2987537473967c3518c95,delivered,2017-12-26 13:38:48,2017-12-26 13:49:27,2017-12-27 17:08:06,2017-12-28 12:42:36,2018-01-17 00:00:00
7166be578429d02a7a8b066cfd4a7969,d7c21e2c3bb8f78c8bc0e18fbe065624,delivered,2017-12-26 16:17:42,2017-12-26 16:28:08,2017-12-27 21:32:30,2017-12-28 23:19:20,2018-01-15 00:00:00
975d1705d55439b69ab5bdbe5195624c,92064efc73246b7a4f5051321f158897,delivered,2017-12-26 21:54:01,2017-12-26 22:03:26,2017-12-27 15:29:08,2018-01-08 16:52:34,2018-01-26 00:00:00
99cf0f831c62dfbd52e4523910879f0d,5806d419ee655f54db1c5500c3d76a27,delivered,2017-12-26 23:03:14,2017-12-26 23:15:30,2017-12-27 18:51:22,2018-01-09 20:55:48,2018-01-24 00:00:00
9564dd2ea4d0f6f0f66b46258208ff73,b776843fdda066d35efda05cc6811dc9,delivered,2017-12-27 11:37:34,2017-12-27 11:49:08,2018-01-03 22:34:20,2018-01-16 16:42:55,2018-01-30 00:00:00
121e29055e551edf515b58477ca53c39,acea50a6ef8ec5df5b11ce75b47b5a3a,delivered,2017-12-27 12:59:08,2017-12-27 13:10:32,2017-12-27 20:44:52,2018-01-09 15:09:48,2018-01-26 00:00:00
eb6c151662d92e0f9c6b1c3f30122348,27278251bc7e8a7107b55f3fd7061805,delivered,2017-12-27 15:16:42,2017-12-27 15:39:25,2018-01-03 21:38:39,2018-01-08 16:05:47,2018-01-16 00:00:00
cdc0800fdbf7580a26201f0a1529ee1f,a86780ec4509f4c3191af88c40de649d,delivered,2017-12-27 19:37:13,2017-12-27 19:48:16,2018-01-02 23:32:32,2018-01-13 00:24:52,2018-02-02 00:00:00
e3770527e77ed1a6d8b5992c286dc4ea,9256fbcdfba18f428fd2325633fb38cf,delivered,2017-12-27 20:58:14,2017-12-27 21:07:05,2018-01-04 20:21:47,2018-01-05 21:09:00,2018-01-16 00:00:00
0ffc72fbf456655a67de48c1bd094594,1ee24e71192304999595a27987dbaa94,delivered,2017-12-27 21:05:19,2017-12-27 21:14:24,2017-12-28 17:43:53,2018-01-03 22:19:23,2018-01-22 00:00:00
bab38c27fa5095e8c2d70c3973cc78cd,90b516ed3fb8da82d2610b62afcac965,delivered,2017-12-27 21:53:06,2017-12-29 02:09:34,2018-01-02 21:41:49,2018-01-08 17:14:50,2018-01-24 00:00:00
a1a43def14457b1136b6fb625b7553aa,5086c2f81ce45b22fe989c0e741ed600,delivered,2017-12-27 22:25:15,2017-12-27 22:37:34,2017-12-28 22:59:21,2017-12-29 11:53:42,2018-01-18 00:00:00
b73b19c4bb2d3aded7b9714199bb83eb,6095ba1a9acb42e0558d6e5c426ba60c,delivered,2017-12-28 14:12:39,2017-12-28 14:26:35,2018-01-02 15:40:14,2018-01-10 21:18:03,2018-01-23 00:00:00
137d0174b6161980026a858b907762fc,bdb76be5d5a9873dfb4f392ccf7aa962,delivered,2017-12-29 13:50:00,2018-01-03 04:11:27,2018-01-03 17:52:40,2018-01-04 19:42:13,2018-01-22 00:00:00
75926452a6f0f64a617dcb3b3b35a96e,879fd38fe4b5b07b823a30f1139bb682,delivered,2017-12-29 19:07:20,2018-01-03 04:19:34,2018-01-03 20:58:47,2018-01-11 21:09:38,2018-01-26 00:00:00
1f04c2d89c92de520d7c6d5708b5b676,0b6eceb6d7f78319c58e4e91d10004d2,delivered,2017-12-30 01:32:46,2017-12-30 01:41:24,2018-01-04 23:04:11,2018-01-23 16:18:58,2018-02-07 00:00:00
0049edf42837aa808e03552a62bd2158,0f3a6d2c22bbdb61d02eb98f4a1e0dfb,delivered,2017-12-30 12:33:26,2017-12-30 12:48:10,2018-01-04 22:38:07,2018-01-30 22:18:47,2018-02-01 00:00:00
ea4379fe06f33b88de9ffd4fcdddd6ba,d98a954d2c0d995688a33b6f8b73bb56,delivered,2017-12-31 00:30:41,2018-01-03 04:12:37,2018-01-04 20:32:15,2018-01-11 18:57:27,2018-01-18 00:00:00
d9985b5e60fcad79a6e2eed78bafedf4,5bee899f25d069092c1130152eca10ac,delivered,2018-01-01 14:54:19,2018-01-01 15:05:54,2018-01-04 20:28:11,2018-02-09 21:02:45,2018-02-01 00:00:00
af74091f111e705ab46de44f0f46aee0,47b892943e7e44aab7a4973342b66d30,delivered,2018-01-01 23:45:49,2018-01-03 04:10:38,2018-01-26 18:42:41,2018-02-02 19:54:06,2018-02-05 00:00:00
9ba0521c38be94b8c0028f57a8ec1625,8359a4e1beea4fed5c5fa85bafe7f41f,delivered,2018-01-02 12:04:00,2018-01-03 04:37:37,2018-01-10 22:28:38,2018-01-26 18:33:42,2018-01-29 00:00:00
1cba415ed9929ef8517f8915b418bbf4,7c029eef6932cb5c705df129bf18c52f,delivered,2018-01-02 12:31:13,2018-01-02 12:48:49,2018-01-03 17:28:58,2018-01-05 14:14:11,2018-01-18 00:00:00
f0b3358d0acb067d9c09d3fb376a5e0d,9898e7a6254ea0e7e8bd2bd10a2ce2f7,delivered,2018-01-02 13:37:04,2018-01-02 13:49:26,2018-01-08 14:34:46,2018-01-12 20:57:06,2018-01-30 00:00:00
31a5a68f9d077c999f8b5b3dc297989c,9c12b9f4ad1fc695394e78cecb8bb51b,delivered,2018-01-02 13:45:02,2018-01-03 04:18:21,2018-01-10 17:59:30,2018-01-20 16:13:10,2018-02-01 00:00:00
e40ab8f901bb919f04246d31ab76970c,d059c0ff27cf08f6d6c79bb6926c69b0,delivered,2018-01-02 17:42:24,2018-01-02 17:50:26,2018-01-03 17:23:03,2018-01-09 19:51:35,2018-02-01 00:00:00
70a186c8d58272cd86453ce487362fc2,e7ab75d3f954f4341e46ba3b932b8f06,delivered,2018-01-02 18:41:09,2018-01-02 18:51:28,2018-01-03 20:54:35,2018-01-10 19:22:51,2018-01-29 00:00:00
2f2f33a69a673fb2559f95de9f14538c,ee251ea5871653264ba1f639bb6f84bc,delivered,2018-01-02 19:14:12,2018-01-02 19:28:55,2018-01-04 23:40:13,2018-01-05 11:49:25,2018-01-18 00:00:00
7ae08d7647a19235b8c81f7769a1714a,b9551584eba90cdcc0fe7ffa718473e4,delivered,2018-01-02 19:27:33,2018-01-02 19:37:27,2018-01-05 01:04:05,2018-01-08 22:53:06,2018-02-01 00:00:00
46ed7de79e3d33078ef83b3d1a75c182,e40420c645797c041ca4ca0da6a49472,delivered,2018-01-02 22:12:48,2018-01-02 22:29:45,2018-01-03 16:55:29,2018-01-16 11:42:42,2018-02-06 00:00:00
57e84fe39881c28f3079d56d038459e3,33646ed7e7e4e912b04f5f203b651848,delivered,2018-01-02 22:14:43,2018-01-02 22:30:23,2018-01-10 01:24:53,2018-01-13 00:12:28,2018-01-26 00:00:00
652436e8f3a1ba0f1eb9798fedb75426,2b4b2c2223ceca2593a554d15f3f731e,delivered,2018-01-03 09:56:14,2018-01-03 10:06:34,2018-01-09 18:49:19,2018-01-22 19:38:05,2018-01-30 00:00:00
63e7f3b68db3707aee7cb7b4c10db358,b38c5db46ee81f3c4fe27412abad336e,delivered,2018-01-03 13:28:19,2018-01-03 13:41:20,2018-01-04 23:13:49,2018-01-06 12:27:03,2018-01-19 00:00:00
c2036cc87daa31d91f63b204717a9602,7411191c690609f0521c7911833402b8,delivered,2018-01-03 19:11:31,2018-01-05 02:35:30,2018-01-08 21:08:32,2018-01-16 22:19:12,2018-02-07 00:00:00
e19abb91d2afddbb8df6f4cffe899579,689a4cf37a1c05c30a86da4fbc13b123,delivered,2018-01-03 21:12:11,2018-01-04 05:11:26,2018-01-05 13:04:44,2018-01-09 18:56:58,2018-01-30 00:00:00
9f7fdd2f2c7e4bb38623b722c3782e5d,6552091d7ee5ed28aee6e6e699887462,delivered,2018-01-03 22:16:26,2018-01-03 22:30:15,2018-01-04 15:17:41,2018-01-16 21:51:26,2018-02-07 00:00:00
9abcbe39820292dab15332cef33e7a3c,8fc079be60df7208407f6cad7ba33bdf,delivered,2018-01-04 01:56:56,2018-01-04 04:55:33,2018-01-05 00:38:59,2018-01-20 12:23:58,2018-02-05 00:00:00
52593a44fbe53f7472cc1560a85b1cb0,675637c1f9b9ba25d012da0ecd37ba04,delivered,2018-01-04 09:42:10,2018-01-05 02:33:27,2018-01-05 20:03:24,2018-01-12 00:22:11,2018-01-30 00:00:00
be28f879f9c5e345df9e5b5fb441e6de,05787fcd7b77ceb360bd59963a6d7aa0,delivered,2018-01-04 12:58:13,2018-01-04 13:29:06,2018-01-05 19:25:02,2018-01-22 19:03:57,2018-01-22 00:00:00
08db2dff56f31598b313e96bd2b04520,8a501a6f9fc4c5431e91de49eca55778,delivered,2018-01-04 14:44:50,2018-01-06 02:08:53,2018-01-09 23:55:03,2018-01-10 12:57:39,2018-01-23 00:00:00
dd691e4f12c592067339680ffc3dd443,73aec6e82be391e000b53c52574825c9,delivered,2018-01-04 22:02:09,2018-01-04 22:13:30,2018-01-08 14:26:19,2018-01-17 19:34:58,2018-02-02 00:00:00
d4c1356b86dcc8a86c603174ba27d9bc,5bb44f6a01f1362e3eb39c521d1d1b08,delivered,2018-01-04 22:16:30,2018-01-04 22:27:42,2018-01-10 11:13:54,2018-01-17 22:59:07,2018-01-30 00:00:00
f6f4658567da4b739eacf70531b041df,9585a6e7aee2694d60fc9a1b6370f3ba,delivered,2018-01-04 22:55:56,2018-01-06 02:08:20,2018-01-11 20:57:36,2018-01-16 15:38:36,2018-01-29 00:00:00
517edfde8ef25f2a7f7da80e82c77c27,8699d0149c8c7df92b6a8c3c0a272639,delivered,2018-01-05 09:57:09,2018-01-05 10:09:37,2018-01-09 17:51:52,2018-01-23 16:02:56,2018-02-14 00:00:00
5795641bab8a44216bb7f551187af034,0f0d67fa1a4dbe0aeee78a2092dc9810,delivered,2018-01-05 14:56:40,2018-01-05 15:54:24,2018-01-15 21:38:59,2018-01-24 22:05:31,2018-02-16 00:00:00
cfb5c71374e62ce7dfd7688c5adcd0a9,8e1207f98d75cb9596e584860409c1d8,delivered,2018-01-05 15:19:59,2018-01-05 16:12:29,2018-01-06 11:33:10,2018-01-18 00:23:40,2018-02-08 00:00:00
89bed55dd88d035e3b1b2489862e53cc,d2086bed6bec231d8db6a6158cc4b407,delivered,2018-01-05 17:03:43,2018-01-05 17:12:22,2018-01-10 19:56:56,2018-01-22 09:35:29,2018-02-09 00:00:00
5907e332dfb01556b0eff58839cc2f75,86c74e1a7c642fe8eb9e3c57c6b95c8d,delivered,2018-01-05 23:22:48,2018-01-05 23:35:25,2018-01-08 23:47:29,2018-01-29 20:22:49,2018-02-08 00:00:00
754f7ec0dafafb537986302c08311dc6,9db08b65ed1fe7d2b75183335b666857,delivered,2018-01-05 23:31:01,2018-01-05 23:47:30,2018-01-08 23:43:36,2018-01-15 21:06:00,2018-02-06 00:00:00
1cbc5d1981e34d5c950e9418aa02217d,f3875c080718c7e384875c4af4951afa,delivered,2018-01-06 17:12:10,2018-01-06 17:26:51,2018-01-09 23:47:34,2018-01-23 13:39:07,2018-02-06 00:00:00
2c898efc01eadc9d297ade3fd9fe540d,cefa00948b23355e8ec172176abe28fd,delivered,2018-01-06 21:22:25,2018-01-06 21:31:27,2018-01-08 16:55:00,2018-01-17 21:07:58,2018-02-05 00:00:00
b79fa3320d9e28aa6994cd6864da40ba,ea3f9a4239a952f61df1055303969be3,delivered,2018-01-07 13:50:40,2018-01-07 14:07:03,2018-01-10 17:48:57,2018-01-11 19:26:05,2018-01-24 00:00:00
62721ddb070ffb1e00edd35d85a2f616,0495c862254261efd27f91c74ce7361b,delivered,2018-01-07 18:31:16,2018-01-07 18:39:21,2018-01-09 00:57:29,2018-01-09 19:53:23,2018-02-05 00:00:00
97790d570870606aaa458c9ddad507c4,5a20ca69160161786b074d55001ca9b7,delivered,2018-01-07 20:16:56,2018-01-07 20:27:37,2018-01-08 20:47:57,2018-01-18 12:59:58,2018-02-06 00:00:00
571ceb25e5db8f2493bdc932ae31e994,e04d54b5ba132b01e15cf50ccde581a6,delivered,2018-01-08 08:53:52,2018-01-08 09:07:58,2018-01-11 01:40:32,2018-01-16 14:41:43,2018-02-02 00:00:00
35a6518f311840d6bbc5998c7201db80,69f53e58ff6de5ca800428c1e2102704,delivered,2018-01-08 11:42:48,2018-01-08 11:53:28,2018-01-09 17:07:52,2018-01-31 21:38:40,2018-02-08 00:00:00
d465c10f1f89099cfd6c57cd84249f6f,49e3545f69f394b6e1ce143157a73642,delivered,2018-01-08 20:48:30,2018-01-08 20:59:32,2018-01-11 00:24:26,2018-01-12 14:54:54,2018-01-24 00:00:00
e5df40271cc99ceb080a6681f786bf7a,aa33715540792a5eaadd962b59dc2b7b,delivered,2018-01-08 20:53:40,2018-01-08 21:08:30,2018-01-10 18:43:39,2018-01-30 20:29:03,2018-01-24 00:00:00
9b4b42fc4f3a0ff13e896d031a9723c8,e2db07183615dd1fd30115b590cda2b7,delivered,2018-01-08 23:22:31,2018-01-10 14:51:28,2018-01-10 22:08:41,2018-01-11 17:38:46,2018-01-24 00:00:00
287ef6e54574f46625b43dc4c5d5078b,83dd278da57d8a6065e06d3bb547bc91,delivered,2018-01-09 01:22:55,2018-01-09 02:34:28,2018-01-22 20:42:08,2018-02-02 20:09:02,2018-02-09 00:00:00
c36fe9947bce36c97cd3eb1a5c9303aa,d0ddacba5cb9f6eb8b0c500d6ae93e59,delivered,2018-01-09 12:17:33,2018-01-11 02:48:30,2018-01-11 23:29:52,2018-01-12 23:11:09,2018-01-26 00:00:00
1ffc479954398d74d9e8e0df789842fe,8945bef2cce473e6606dd13a8f82aa1b,delivered,2018-01-09 13:06:21,2018-01-11 02:33:18,2018-01-15 18:21:59,2018-01-23 00:12:40,2018-02-01 00:00:00
fdde45331586a2e1145f846f3787feef,c43c23b9be9dd58496515530e4cd5f8c,delivered,2018-01-09 14:25:50,2018-01-09 14:32:48,2018-01-15 19:51:58,2018-01-28 13:51:47,2018-02-23 00:00:00
2522de34f8d922703d83ac636084a756,94894dec203353d879dae7022d5db71b,delivered,2018-01-09 15:10:11,2018-01-10 10:32:29,2018-01-10 16:17:51,2018-01-22 21:29:45,2018-02-06 00:00:00
a6d26cc151cf55506e5fa88970b09edf,e5d33c5cc7dde34deefbfa6cfcd55ced,delivered,2018-01-09 18:03:35,2018-01-10 10:32:25,2018-01-10 19:49:06,2018-01-11 15:14:11,2018-01-26 00:00:00
118b09c1cf1b29c8401cb7833d29c10a,c5ef4b508381ea9766c2d7e798985bae,delivered,2018-01-09 22:03:32,2018-01-10 10:32:05,2018-01-11 22:38:04,2018-01-31 15:28:48,2018-02-08 00:00:00
a5f429a0b94f15b78d957ff59c461c44,4dc3f238a63a17c82d8fd6f60273f445,delivered,2018-01-09 23:01:33,2018-01-10 10:31:55,2018-01-10 23:34:27,2018-01-11 18:47:43,2018-01-23 00:00:00
56a4b8bc220c0a92f54ecb2e2ba0029e,9e0343bea00991ed1a866327ae1998ea,delivered,2018-01-09 23:11:54,2018-01-11 02:35:50,2018-01-11 19:39:15,2018-01-31 19:13:15,2018-02-23 00:00:00
143a9d75c62a9bc296541b7318f8a8bf,0f48fd567c7d908f03f5cbddb5d08034,delivered,2018-01-10 08:31:32,2018-01-10 10:31:46,2018-01-10 19:46:11,2018-01-19 00:24:56,2018-02-07 00:00:00
71b3ddf23337fe1597d27c6af949d17a,4362a6b470072e513cb7305a41985321,delivered,2018-01-10 08:50:04,2018-01-10 10:31:39,2018-01-13 02:38:57,2018-01-25 01:58:01,2018-02-05 00:00:00
2c559a6f1ac48c4f100f4775a1362ea1,5be5d703076bbbf577ade3fdddf51e20,delivered,2018-01-10 10:50:11,2018-01-11 18:11:25,2018-01-17 21:19:00,2018-02-02 17:29:57,2018-02-14 00:00:00
893164a028d4c803fb8a597327b48488,cc8c2d369602910db921cc22d09aa33b,delivered,2018-01-10 15:50:32,2018-01-10 16:36:00,2018-01-13 18:14:24,2018-01-23 16:48:58,2018-02-05 00:00:00
667e11eca18e4b0a93611781f8b18302,5f8a2a8ed58a2be568b3fc73b3eaebc3,delivered,2018-01-10 20:38:41,2018-01-10 20:49:19,2018-01-11 21:47:11,2018-02-10 19:35:09,2018-02-07 00:00:00
251f7157d5e425718ae0767439991dec,db8778c6bb41f50c45603b5ebfa92cad,shipped,2018-01-10 22:44:17,2018-01-11 22:37:27,2018-01-13 02:51:30,,2018-01-29 00:00:00
1610bbd775aa73327d7741d006c09fb2,5ff42319ecd54104278a50b3105b07c1,delivered,2018-01-10 23:12:15,2018-01-10 23:28:16,2018-01-11 22:56:02,2018-01-22 20:15:15,2018-02-05 00:00:00
7859b34c6e7f3afe12f010b2f1d997b5,7899b697fc449c2198654031f41e411e,delivered,2018-01-11 09:43:42,2018-01-11 09:53:31,2018-01-11 20:29:20,2018-01-29 16:19:10,2018-02-09 00:00:00
161b62294734a5b8c35890b6a607c7d8,2d5b2e10598f23bee8a27fd92f570209,delivered,2018-01-11 13:27:24,2018-01-11 13:39:26,2018-01-15 23:08:35,2018-01-19 16:08:58,2018-02-05 00:00:00
e3e1d2fe1c3f816ace8a772a4dff8a1d,e8f6f2dc565be3effe09647d2aa8d8fb,delivered,2018-01-11 16:30:15,2018-01-11 16:48:34,2018-01-20 00:04:28,2018-02-15 10:38:46,2018-02-05 00:00:00
0653cf037de0812e8ba775b4a0ea9c2f,bf140fe2e3a26db29d95589b4e03b3ac,delivered,2018-01-11 16:30:57,2018-01-11 16:48:40,2018-01-12 21:13:38,2018-01-23 00:41:47,2018-02-07 00:00:00
6d885151b431516792fbfc7d393c90cd,7122c24d3c0eff23bbea46f485fa0d66,delivered,2018-01-11 17:03:35,2018-01-11 17:16:30,2018-01-15 23:16:47,2018-02-07 22:12:42,2018-02-15 00:00:00
ef61fdf80c9616f588668f63379461bf,6e08731a27b94c6dba5538443378da82,delivered,2018-01-11 19:36:56,2018-01-11 19:45:31,2018-01-13 02:11:31,2018-01-30 21:45:32,2018-02-06 00:00:00
b37ae92c72d3335c241ea5be05dbc077,6e66d0911bc117a0afc6313ee9a0abe1,delivered,2018-01-11 20:36:02,2018-01-11 20:47:55,2018-01-12 20:59:58,2018-02-07 18:48:59,2018-02-02 00:00:00
1bda188949c33f08bbd8a295ecd2c05a,803043027d560ae6984c03c69add5670,delivered,2018-01-11 20:59:58,2018-01-11 21:10:31,2018-01-13 03:03:09,2018-01-18 13:09:50,2018-02-01 00:00:00
bbab597cf5357b95cfff24d3ce830088,a74a322ca717a1cc1a81e9bb6c5f9f4b,delivered,2018-01-11 23:53:57,2018-01-12 00:07:46,2018-02-01 18:54:33,2018-02-14 19:42:22,2018-02-09 00:00:00
8c0d3e155b9fbc9742ec0200abbc6c6f,0cd6b3508de5b154bb090ec5d3b341e2,delivered,2018-01-12 00:57:09,2018-01-12 01:07:43,2018-01-16 22:44:09,2018-01-19 20:25:40,2018-02-02 00:00:00
25a04f7590fe68b84a1812d281ef019c,b18b8574746de17277d25884c898ff55,delivered,2018-01-12 12:17:34,2018-01-12 12:28:38,2018-01-13 01:45:42,2018-01-23 19:52:37,2018-02-06 00:00:00
afeb3354fc3b7d5c309239667cbee2b8,1377de493eac3f735d982ffb1f321083,delivered,2018-01-12 14:21:36,2018-01-12 14:30:29,2018-01-18 22:41:53,2018-01-24 19:05:08,2018-02-02 00:00:00
f9f9db702438563b3248048f436bf2a0,72f9e063c7f669ab27e058a39ad1deb5,delivered,2018-01-12 23:15:47,2018-01-13 00:07:31,2018-01-15 22:55:53,2018-01-17 22:12:56,2018-01-30 00:00:00
b956b417947842f743b0ca3d0c3fb1fa,3b5b6699a87f8039d1e602b8e04cffde,delivered,2018-01-13 15:24:28,2018-01-15 12:50:39,2018-01-30 19:31:58,2018-02-05 16:48:53,2018-02-21 00:00:00
c6c76014b61dcf511dd9db142760ae34,3ed78738cbc1086f8dd31e456bc27fb2,delivered,2018-01-13 18:35:08,2018-01-13 18:49:46,2018-01-17 14:39:09,2018-01-26 23:05:41,2018-02-21 00:00:00
8a302d5e7a9bf8493bce42dd0d629643,c6b64401a0be444212469af843064dda,delivered,2018-01-13 21:30:19,2018-01-13 21:49:14,2018-01-17 16:08:58,2018-01-26 18:15:22,2018-02-15 00:00:00
9587bc545d7f5e1b8687a14fb3d2f6a9,85b6ce716956cffdea26fe7feb2379be,delivered,2018-01-13 21:30:26,2018-01-16 03:36:34,2018-01-17 22:51:43,2018-01-20 15:12:18,2018-01-30 00:00:00
eaad68bfbcd87a733cc317cf18af4bd2,b3c8c2a46ed7e641686525235e1cd247,delivered,2018-01-14 11:30:57,2018-01-14 11:49:19,2018-01-19 01:48:22,2018-01-19 23:16:23,2018-01-30 00:00:00
6700e4a77b114b2f0fac57e19e6182d6,871d486e1b7f81d41839e0ddee6cf90a,delivered,2018-01-14 13:21:54,2018-01-16 03:35:39,2018-01-17 19:19:06,2018-01-31 01:21:40,2018-02-05 00:00:00
a005841d24a8532b663e347f1237ba30,966ae20cf540b0d81b6d50024b543256,delivered,2018-01-14 14:19:02,2018-01-14 14:29:21,2018-01-16 13:37:15,2018-01-25 21:42:55,2018-02-16 00:00:00
20f4a0b8b5726a8e9a32a246e345b9d1,f549b52dbcd69f43d68a455c597c3ab2,delivered,2018-01-14 16:32:07,2018-01-14 16:48:29,2018-01-15 21:12:30,2018-02-03 00:52:55,2018-02-15 00:00:00
e1d6a83cd8b98c4eb29f2bb0f5a07138,766f0c0455e84a2e4f8b2bb5146da1dd,delivered,2018-01-14 17:07:32,2018-01-14 17:17:39,2018-01-18 15:49:09,2018-01-19 14:23:17,2018-02-05 00:00:00
4a5a742a2a571604208cc3f88ea253fc,026134c333097d60a052ab271aa99159,delivered,2018-01-14 19:46:07,2018-01-14 19:54:23,2018-01-24 13:22:13,2018-02-09 17:03:20,2018-02-19 00:00:00
04948f70a0acaf8f9bcbc5602c4a7a47,d61f9007e9d3abfc30b266dc4f843ce7,delivered,2018-01-14 20:11:36,2018-01-14 20:18:20,2018-01-16 21:08:11,2018-01-26 18:36:47,2018-02-08 00:00:00
9bc5c73ed95bec088ff04d924946fa45,5a134aeb2bc57fc5561108c40911a5e5,unavailable,2018-01-14 21:32:20,2018-01-14 21:49:19,,,2018-01-30 00:00:00
fecc4ea5a3e06ce3192ae2f05b7a8439,ec43686dd7b2f48ea65475606fdfc85d,processing,2018-01-14 21:52:31,2018-01-14 22:09:08,,,2018-02-06 00:00:00
5d146abaaa0996f8cabcb5a3fa96bad7,4ceb21edf64c0b960eafca68dab32de0,delivered,2018-01-15 09:18:38,2018-01-15 09:29:58,2018-01-15 19:48:04,2018-02-09 02:14:01,2018-02-06 00:00:00
6f5e589af963263dc343906250c323ce,15e2c54d007482bc098449b458ad86fa,delivered,2018-01-15 10:43:41,2018-01-15 10:57:30,2018-01-17 18:56:42,2018-01-19 13:43:39,2018-01-30 00:00:00
7bec0ef2b65e6c75fc082d823d0a59ca,0e068af4f6f8959942b47a78c8255534,delivered,2018-01-15 12:22:13,2018-01-15 16:56:20,2018-01-22 16:45:09,2018-02-16 03:47:07,2018-02-08 00:00:00
bc2e4d7ad808e01f4e639fc4c447966a,d713d3c4ca576a7fea14e302b3266548,delivered,2018-01-15 12:58:22,2018-01-15 13:10:41,2018-01-18 14:35:55,2018-01-29 09:34:33,2018-02-08 00:00:00
8ed46f28f884bd76db1f8d95fc27a5f4,6e7901ae39eb9c64958a51ff4a025cfb,processing,2018-01-15 16:52:44,2018-01-17 11:30:51,,,2018-02-19 00:00:00
badb0dd3be1e47b016f7ce9a3a7168b8,8a3339f252e9dc4e354d7a2984558974,delivered,2018-01-15 19:21:30,2018-01-17 03:38:42,2018-01-22 18:49:01,2018-01-31 14:48:49,2018-02-20 00:00:00
d21d7411b251f35ead1b210dc946ca70,cff157deadf46de66ac1eb7ead76deb0,delivered,2018-01-15 22:54:08,2018-01-15 23:10:45,2018-01-16 18:42:08,2018-01-22 19:27:55,2018-02-16 00:00:00
11cf686bd51e6060001abd7c3eb9b05c,e80698680e591dfa8ff35fd27af65f7f,delivered,2018-01-16 06:25:36,2018-01-16 06:36:19,2018-01-18 12:29:02,2018-01-27 02:12:50,2018-02-07 00:00:00
f7a7709b479c021664777ee929ab3ee4,213949158139ccc95073842f0ff7c2a3,delivered,2018-01-16 09:15:25,2018-01-16 09:30:09,2018-01-17 21:34:01,2018-01-23 16:33:12,2018-02-16 00:00:00
3edb50273f0fec7a7e340030467076bc,fac377fcf30218090635992d2467f12e,delivered,2018-01-16 14:56:56,2018-01-17 14:51:26,2018-02-07 14:58:29,2018-02-09 20:16:37,2018-01-31 00:00:00
6288c084b4b8b9ed59cddc6793eba928,b7a18cb59c24649c7ab96dc6f8443688,delivered,2018-01-16 15:44:36,2018-01-18 02:11:57,2018-02-27 16:34:17,2018-03-14 22:52:38,2018-02-22 00:00:00
bba6a2e9b906e6d432207b56db6b1452,e1e4a4ce47ab717fed8adc191b1de674,delivered,2018-01-16 18:37:26,2018-01-16 18:51:15,2018-01-17 22:08:36,2018-01-26 18:13:39,2018-02-07 00:00:00
65a9d3006386a380f4b594577a01cef0,fb611ba8817096ba3bdc1d9807f5cdac,delivered,2018-01-16 21:39:25,2018-01-16 21:51:29,2018-02-01 02:44:55,2018-02-19 12:13:32,2018-03-01 00:00:00
51d7a5256a29ae35eeaa4d7bbf14931a,170fa80e9be57279b9ff58d86386806e,delivered,2018-01-16 21:44:39,2018-01-16 22:32:27,2018-01-22 22:34:13,2018-02-26 17:03:55,2018-02-09 00:00:00
bda5db8afd8df3d2537a32c2a35169c4,10baa4f455812091db9188eb661c7a68,delivered,2018-01-17 09:54:55,2018-01-18 02:11:33,2018-01-18 23:04:37,2018-01-23 20:42:35,2018-02-08 00:00:00
fbd3f15f34958b4aa4d193afa4a7278b,2f71b2b6d65a60fa6bf6e33bea5175fb,delivered,2018-01-17 13:44:36,2018-01-17 15:48:37,2018-01-19 16:58:49,2018-01-22 21:22:43,2018-02-01 00:00:00
ac2dcc9201c601c1030aa6daa7337f95,964a1b658f1aff1ca42fc6adbec6a304,delivered,2018-01-17 14:14:21,2018-01-17 14:29:53,2018-01-18 20:12:41,2018-01-23 22:59:28,2018-02-19 00:00:00
a6ba138c34e43a8e0613646f065fcf57,6291998ada5150f88acffb25e928ec57,delivered,2018-01-17 14:18:08,2018-01-17 14:30:05,2018-01-19 10:54:52,2018-01-22 21:51:36,2018-02-01 00:00:00
fc10f44eba425f75f88abffef84186e8,0ea8cb0fd92fb311cd7cac1299c91589,delivered,2018-01-17 15:52:42,2018-01-18 02:11:51,2018-01-18 18:56:54,2018-01-23 17:45:06,2018-02-07 00:00:00
3aafcd1ad1ad58bf5b66b06ed8935de9,a3ae3675493e050fd2e74539e9dbaf80,delivered,2018-01-17 17:50:10,2018-01-17 18:11:13,2018-01-19 12:42:02,2018-01-23 21:49:16,2018-02-07 00:00:00
8497feec743d70689576b2849a5ae95f,1846f31738b622a163fe57dd41f2df49,delivered,2018-01-17 22:12:44,2018-01-17 22:29:52,2018-01-19 00:19:01,2018-01-26 22:36:27,2018-02-07 00:00:00
21be7b54dbb2dffade63645014982524,04d795e7e90c83bd1dd185038140abc9,delivered,2018-01-17 23:37:12,2018-01-17 23:50:07,2018-01-18 19:58:33,2018-01-27 09:42:35,2018-02-09 00:00:00
a8096d0b94faa1314dbd562efc6a0967,45ead47bd4ee6bb5b5108506c44a4a7a,shipped,2018-01-18 04:37:44,2018-01-18 04:52:09,2018-01-18 16:49:00,,2018-02-22 00:00:00
bbc2ceb7904160da9ea4967f93a1a087,2e6ace0ce983d79b53c08337c9dbdcc7,delivered,2018-01-18 17:46:41,2018-01-19 17:50:16,2018-01-22 12:49:15,2018-02-03 16:45:11,2018-02-09 00:00:00
a3a09d0a201027720550355df943b598,acf845d165d496b411bb1fb6c952b75d,delivered,2018-01-18 19:54:00,2018-01-18 20:14:08,2018-01-19 18:32:18,2018-01-26 19:04:07,2018-02-14 00:00:00
d70611b8e23ca3e2ad56889d3144c086,2c66657b5894a2f00212a533f2cbff92,delivered,2018-01-19 09:50:58,2018-01-19 10:15:38,2018-01-19 23:18:48,2018-01-30 19:21:36,2018-02-15 00:00:00
0d05881e40ca056d5ad848217bc92cb1,5ad19fef350cb23a9d20dcf861ea05f7,delivered,2018-01-19 10:37:45,2018-01-19 10:55:46,2018-01-23 22:08:06,2018-01-27 11:05:08,2018-02-23 00:00:00
54d65ba100747f2456fc1d1e314ceb26,db59c47f100c554beb2fdf19d892b32a,delivered,2018-01-19 12:55:53,2018-01-19 14:59:29,2018-01-19 23:28:57,2018-01-29 19:19:07,2018-02-14 00:00:00
fec76d3c7d37a989bdd3a22911340c75,ca8fb6422920b579e8d074784240c05f,processing,2018-01-19 14:24:31,2018-01-20 15:22:02,,,2018-02-09 00:00:00
3819e7793eb12f5a299706cd17215d45,8be34d6d8c32a226244789af8acd166c,delivered,2018-01-19 14:57:16,2018-01-20 09:10:06,2018-01-23 22:10:00,2018-01-26 22:33:18,2018-02-06 00:00:00
6a18a1eddac5656cac7e8bc4f06562c2,2546952cfbd39e4f95b50be232d12d8c,delivered,2018-01-19 22:24:39,2018-01-19 22:36:25,2018-01-22 15:47:07,2018-01-26 19:15:48,2018-02-09 00:00:00
b4cc15026eee314f397bdfe9767a0a9e,7b35ee727d8a06ebf3585b36583f11ad,delivered,2018-01-19 23:31:34,2018-01-19 23:38:30,2018-01-24 12:19:12,2018-01-31 14:28:45,2018-02-15 00:00:00
a8bac9fbf4f824af91ea3ec34f454ae2,bee5adb0f998843fd360cfed6e6236c3,delivered,2018-01-20 00:24:23,2018-01-20 00:36:11,2018-01-23 22:13:57,2018-01-29 18:32:42,2018-02-14 00:00:00
b365b927da19a3d58a252e1c5695c86c,4ea8dcc1472a40a7ed05115927623357,delivered,2018-01-20 09:07:59,2018-01-20 09:19:29,2018-01-24 19:17:03,2018-01-26 21:23:19,2018-02-09 00:00:00
ac5dbdd1bd9d027a65020cace8e357ba,d06ccb7295eb16b03e1539665c0f6e13,delivered,2018-01-20 09:47:24,2018-01-20 09:55:37,2018-01-24 16:59:37,2018-02-09 19:04:17,2018-02-22 00:00:00
9b45de49b277899b23ba41cbb79d3a5e,ac91fae4bc0f17e772e21db6cc84e9c3,delivered,2018-01-20 12:17:20,2018-01-20 12:37:14,2018-01-24 23:09:19,2018-02-01 16:53:10,2018-02-14 00:00:00
7856cc6567e7f703152d17ff0c152e3c,3327a56e01d175d6a2885ae4452638ec,delivered,2018-01-20 14:12:25,2018-01-22 14:18:21,2018-01-23 19:04:57,2018-02-01 20:12:04,2018-02-23 00:00:00
62cebc207886dce8b9f4460a1266bfdb,d77fce353ad3d53a6a4fb5bf105d1978,delivered,2018-01-20 14:40:19,2018-01-23 03:36:55,2018-01-23 15:38:41,2018-02-02 15:47:46,2018-02-19 00:00:00
28cf49bbfe2683759d3cf866b7fda22f,94a265c7d6fa0389f4fec04d4eae8b66,delivered,2018-01-20 15:47:45,2018-01-20 16:00:35,2018-01-30 18:22:41,2018-02-09 17:35:37,2018-02-19 00:00:00
d5b836c3e4d3591c11cfbc0d8a32948e,54dcf06632be05abeb6ed726b761c022,delivered,2018-01-20 16:09:59,2018-01-23 03:37:29,2018-01-23 20:44:55,2018-01-24 18:18:11,2018-02-06 00:00:00
f791078f5bc7c09db8f76d26f0db4588,10c4efb37540624591e9cc876785fa40,delivered,2018-01-20 17:28:28,2018-01-22 13:54:58,2018-01-23 20:59:37,2018-02-14 21:29:11,2018-02-19 00:00:00
d18a9528e8077026b951849741ab227b,4da2611319c642ea716073cf37ad1427,delivered,2018-01-20 20:57:48,2018-01-22 14:17:54,2018-01-23 21:06:35,2018-01-25 02:56:47,2018-02-14 00:00:00
745e2506fb647deca4669e1c88ce9783,ea62ea3d096dc41f6ef76bbea7fcb40a,delivered,2018-01-21 13:20:39,2018-01-22 13:50:07,2018-01-23 20:51:40,2018-01-31 13:58:07,2018-02-19 00:00:00
de60de4b79d5011e2b037dec761a4876,10382753619258cb2129a23a626d1a9f,delivered,2018-01-21 15:44:16,2018-01-22 13:52:32,2018-01-24 17:42:58,2018-01-29 16:09:35,2018-02-14 00:00:00
05b7ab671d6b51e0b44ea73a54d9f739,6645b9283b1f5f504d00cce41870864f,delivered,2018-01-21 19:06:42,2018-01-22 18:58:22,2018-01-24 00:52:37,2018-02-21 21:26:48,2018-02-16 00:00:00
2d1cfcc5ed3232215b908e86ff33da61,8235352de660467c26016a0a8e7eff8a,shipped,2018-01-21 21:52:15,2018-01-22 14:01:28,2018-01-31 20:54:07,,2018-02-06 00:00:00
fdeb8e2ed51d3a12a9d6c27a2f70e255,16cbc4e32c7cdb2964442a15b807711c,delivered,2018-01-21 22:20:52,2018-01-22 14:03:23,2018-01-31 20:29:08,2018-02-03 12:07:31,2018-02-06 00:00:00
63ec341d048559b0cb4216945930a486,f51c617d5ac6309979b1c223ecacf9b4,delivered,2018-01-21 23:09:42,2018-01-22 14:03:36,2018-01-24 19:52:51,2018-02-01 13:42:04,2018-02-06 00:00:00
ab64dd52ffac216882def99c2768daec,80c33f6cbd2a66817b9961bfb0f13be9,delivered,2018-01-22 10:18:40,2018-01-22 14:53:06,2018-01-23 23:37:45,2018-01-25 19:08:50,2018-02-19 00:00:00
03c1d25d82f404ea1fdfae8eb0b4c314,18bf077cc226f63f9556ee53ecf916fc,delivered,2018-01-22 10:28:04,2018-01-22 14:16:17,2018-01-26 00:22:27,2018-02-01 21:48:25,2018-02-19 00:00:00
09ab8a3234b24017600673c296756fdf,5c40be15b2c8fc641d9a1fc0493ac2bf,delivered,2018-01-22 11:14:54,2018-01-22 14:53:25,2018-01-23 21:12:08,2018-02-04 15:33:02,2018-02-19 00:00:00
21c4830753ec0aef4a21072587e6711b,b1485077f1679d1b2651d9e669a27bbb,delivered,2018-01-22 11:43:57,2018-01-22 14:22:55,2018-01-23 19:33:38,2018-01-30 21:19:29,2018-02-15 00:00:00
8ff88873f03f1912c00741f8e5ae6c79,ff0bdbbb629b5dc2918fb41b89dd14d8,shipped,2018-01-22 12:49:38,2018-01-24 02:53:02,2018-01-24 20:41:52,,2018-02-15 00:00:00
1b7714170035431aeb7b711f2b09ec1e,d2b04b539a76356659d3e534c5a51ff5,delivered,2018-01-22 13:15:26,2018-01-22 14:54:58,2018-01-24 15:35:50,2018-01-30 19:35:57,2018-02-19 00:00:00
d75cb3755738c4ae466303358f97bc55,ea21c25f85f7532101bb681731fa8ce3,delivered,2018-01-22 19:46:58,2018-01-24 02:53:17,2018-01-26 10:39:12,2018-02-08 13:13:01,2018-02-20 00:00:00
0068c109948b9a1dfb8530d1978acef3,34417388de13fbcd12cfcbd9d1b8dfbd,delivered,2018-01-22 19:46:58,2018-01-24 02:53:04,2018-01-26 16:49:12,2018-02-08 18:39:13,2018-02-20 00:00:00
28f07abcb98384e4f6999f70c7ff3d13,c5579007e4d4b4985957c919a7d40923,delivered,2018-01-22 21:53:53,2018-01-23 18:55:38,2018-01-31 20:22:39,2018-02-10 19:08:53,2018-02-06 00:00:00
0d4429188b4311015ad2b6b091cc5f9c,9a0ce520e9eb3cf22a33d2a20ef2576c,delivered,2018-01-22 23:22:07,2018-01-22 23:35:15,2018-01-23 17:18:57,2018-01-24 22:22:58,2018-02-06 00:00:00
09729990b5d8f5499917697c409b55cc,e04249e50563e2d0c28b5a8f6d86dccc,delivered,2018-01-23 09:08:05,2018-01-24 02:36:27,2018-01-24 21:28:48,2018-02-08 19:08:17,2018-02-20 00:00:00
0f286dcb49da58061b9ae488027e4033,227b4936c1389b6feb5a4b2d5a1a168c,delivered,2018-01-23 13:02:09,2018-01-23 13:18:22,2018-01-24 21:10:01,2018-01-29 18:46:39,2018-02-07 00:00:00
d395475d71e6042e654407cef55e3c47,02a0108a7d89916840cb3edb1585480e,delivered,2018-01-23 15:52:37,2018-01-23 16:17:14,2018-01-24 15:16:48,2018-01-30 20:32:03,2018-02-20 00:00:00
6ffb3f1686bceae3466facf7e02ce3fb,0bb18eb234e80c2f203cac31f9b03078,delivered,2018-01-23 20:15:12,2018-01-23 21:20:27,2018-01-24 22:55:29,2018-02-14 18:48:51,2018-02-20 00:00:00
be6229f5b2e1673b034fe6de9141b667,8d448867c298ff9f233763eb683b27fd,delivered,2018-01-23 20:27:57,2018-01-23 20:39:28,2018-01-26 18:56:34,2018-01-31 19:33:59,2018-02-08 00:00:00
a84a2c86f42a79c101ac5783d3881645,f846253dc08e8b7795097475a05ab860,delivered,2018-01-23 21:08:19,2018-01-23 21:20:26,2018-01-25 15:58:51,2018-02-14 14:35:15,2018-02-20 00:00:00
18378468bb910957d971170b04dcab36,0437042370a13825737a6b3ec892166a,delivered,2018-01-23 22:35:42,2018-01-23 22:53:26,2018-01-25 01:26:44,2018-01-31 20:33:11,2018-02-19 00:00:00
3db0dfe8a379d76e5c29f635c277325f,76840b8dc90860dadc2888c03309569e,delivered,2018-01-24 04:17:11,2018-01-24 04:28:23,2018-01-24 23:19:06,2018-03-05 15:19:46,2018-03-15 00:00:00
175f436110df7b451689d7d969ec64f5,7199d3db0db9697a789454d3aa8ef344,delivered,2018-01-24 11:06:17,2018-01-24 15:07:37,2018-01-31 00:05:21,2018-02-06 21:33:33,2018-03-02 00:00:00
42292e831d26e43153b9bc1e5e440681,e1ffcf6864bd61cd2bd1ab8619d914f2,delivered,2018-01-24 13:46:31,2018-01-24 15:16:00,2018-01-30 01:28:52,2018-02-16 21:23:49,2018-03-02 00:00:00
86c8daa5f37e9b3e6b4cd745c6ed0a61,d78b8b875530da5becdcfbdcbf78293b,delivered,2018-01-24 14:23:34,2018-01-24 15:38:43,2018-01-30 03:03:38,2018-02-06 21:47:45,2018-02-16 00:00:00
6010e18fb4f51bda7cdf59826fb9157e,d26d39021910c806c4dae58d3b287f4c,delivered,2018-01-25 00:33:55,2018-01-25 00:53:18,2018-01-25 20:27:17,2018-01-29 21:26:53,2018-02-19 00:00:00
67c158dbe43ced83f43cdf4ff66f556a,c4d2b683c330b5cc6e6ff4b3dc6fc81a,delivered,2018-01-25 11:11:03,2018-01-25 11:18:29,2018-01-25 19:32:15,2018-02-07 22:37:44,2018-02-21 00:00:00
36171c1a53103b4062540c678efb379b,7fa203a025a78fcfa280dde33ca994cc,delivered,2018-01-25 12:18:27,2018-01-26 03:16:45,2018-01-26 20:58:47,2018-01-28 12:47:51,2018-02-09 00:00:00
e1a2c11d0c4c0ecbced319c04d688255,2830a528b71c2a35aed1b9e3b74b59c2,delivered,2018-01-25 12:54:56,2018-01-26 03:16:07,2018-01-26 22:05:10,2018-02-16 23:51:48,2018-03-02 00:00:00
90656a29c767bd72285cc656d21c0d51,0bfe07b61bfee66e26439b13efc8ea89,delivered,2018-01-25 13:32:19,2018-01-25 13:50:18,2018-01-29 18:41:49,2018-02-15 22:23:59,2018-03-05 00:00:00
f6ab013773ba1820dc3239e7388ab5f1,ba502bf0939a37587917bb56a38081cc,delivered,2018-01-25 15:58:23,2018-01-27 02:42:26,2018-01-29 18:09:04,2018-02-28 16:22:45,2018-03-06 00:00:00
6ad336dba0613cde0e5717f50dc8c669,f6dd94c82d8cf048ef7b4df3ed7a12f7,canceled,2018-01-25 17:18:26,2018-01-25 18:12:14,2018-01-26 20:12:58,,2018-02-23 00:00:00
fa534840c9b5b3a7052a37a863ea1790,d14fd2f32ddd1cab26e66bbd544bd17a,delivered,2018-01-25 19:44:58,2018-01-27 02:41:28,2018-02-02 16:42:33,2018-02-04 19:05:58,2018-02-22 00:00:00
4d52285d3673e01e94e3a68ad2104288,43d909b315d369ac4a854b268e5690f6,delivered,2018-01-26 08:19:12,2018-01-30 05:31:45,2018-01-31 22:36:58,2018-02-05 23:11:37,2018-02-19 00:00:00
cc5e9d025a1ae5c0918b83318788f125,42e372fe412d18d9887af5d674b4c7ca,delivered,2018-01-26 10:49:11,2018-01-26 11:01:14,2018-01-27 17:14:46,2018-02-01 22:25:13,2018-02-09 00:00:00
cff314344e536186940328c1c6ceec96,c4431889054423d14f32d584f7155bb1,delivered,2018-01-26 14:40:54,2018-01-26 14:59:05,2018-01-26 23:25:46,2018-02-06 22:08:55,2018-02-09 00:00:00
76ccfd1f50385cff04dc3ba521500b47,140bf51a12fef6c8bb0ae5c195f502fd,delivered,2018-01-26 15:52:21,2018-01-26 16:19:25,2018-01-30 21:46:54,2018-02-05 13:45:58,2018-02-22 00:00:00
356447440f7c0f7fc6bd04c27ed18216,bddc691790dafcfa373909e3571cf284,delivered,2018-01-26 16:33:49,2018-01-26 17:31:59,2018-01-29 23:09:20,2018-02-07 15:52:49,2018-02-19 00:00:00
d347a4ddae83c0b8a9438522ecb7dfb6,916be9fbe6a29f9692b0383141e28ebf,delivered,2018-01-26 20:31:37,2018-01-26 20:53:15,2018-01-29 15:38:37,2018-02-08 22:33:04,2018-02-22 00:00:00
714fb133a6730ab81fa1d3c1b2007291,e3fe72696c4713d64d3c10afe71e75ed,canceled,2018-01-26 21:34:08,2018-01-26 21:58:39,2018-01-29 22:33:25,,2018-02-22 00:00:00
4fc507af490f1dfdd4eefcc6a0144b40,47fb59334a16872aab42fd62cf1665fa,delivered,2018-01-27 17:25:57,2018-01-27 17:37:20,2018-02-08 22:13:17,2018-02-09 20:34:48,2018-02-15 00:00:00
570a37e6dd991a6c2c6b032f41487e04,12591d8c5871d885c6e6d8f2814df84f,delivered,2018-01-27 19:58:43,2018-01-27 20:11:30,2018-01-29 23:39:44,2018-02-10 18:33:49,2018-02-21 00:00:00
122d77201f2281c9420f54d73240b310,17123dccf4003deea7415632427c9b49,delivered,2018-01-27 20:48:45,2018-01-27 21:17:07,2018-01-29 23:09:19,2018-01-30 21:13:09,2018-02-14 00:00:00
87da4e556d02332032278169c291d571,f2ef84434d98ce96654d95fee7deb7be,delivered,2018-01-28 14:34:04,2018-01-28 14:50:29,2018-01-31 19:48:45,2018-02-02 21:08:40,2018-02-14 00:00:00
65492cb556d99eb900c65a4ff79fd3c4,822f09a9859163e0f042c9fb35a02b19,delivered,2018-01-28 17:39:53,2018-01-28 17:59:13,2018-01-30 01:53:02,2018-01-30 16:47:48,2018-02-14 00:00:00
b66045a5fb8e241a3a6ed1b80d90a456,6c3a8830c60ff06ef8ad5f6dbe66de70,delivered,2018-01-28 20:02:23,2018-01-28 20:12:22,2018-01-31 04:36:29,2018-01-31 19:35:57,2018-02-14 00:00:00
cc92b6f226e07df00f790972584285da,ac7e033c3e1a25cfb8b46c50134804e9,delivered,2018-01-29 10:35:45,2018-01-29 10:52:23,2018-02-01 17:15:50,2018-02-16 17:52:22,2018-02-26 00:00:00
8b5a2d60eee784b4c2f3c6d1f6e8811c,c8e34c509fee92d0749bfac1ceb497a4,delivered,2018-01-29 13:09:33,2018-01-29 13:30:12,2018-01-30 00:16:46,2018-03-02 22:11:53,2018-03-07 00:00:00
c58bd581144192869f091dd6fbabceea,3ff05485c0ca23db85b36f0496d71d5b,delivered,2018-01-29 13:35:39,2018-01-29 14:38:24,2018-02-09 19:13:00,2018-02-10 16:30:26,2018-03-02 00:00:00
80f2ad91eff25a16d7c2f14250d84274,8a5bfb2a4133b557df91c46ab115fab0,delivered,2018-01-29 13:56:15,2018-01-30 15:33:34,2018-02-06 15:07:52,2018-02-17 07:37:26,2018-02-21 00:00:00
c0e97734cd5f14ad83087abe8d29073b,46fa17a2a17cd859ec50529ea1884a13,delivered,2018-01-29 20:11:03,2018-01-29 20:51:34,2018-02-01 00:18:06,2018-02-07 19:52:30,2018-02-22 00:00:00
237377b772b133dc1eae831d81a1005c,13208e52f365a5397f177b4b4120c895,delivered,2018-01-29 21:31:05,2018-01-29 21:51:29,2018-01-30 20:39:43,2018-01-31 18:18:57,2018-02-14 00:00:00
a4736d7f64163c9072e4aaeeb18f3aa8,d3ba320dfb5cf664b1437a2c154aa2de,delivered,2018-01-29 22:48:04,2018-01-29 23:11:23,2018-01-31 16:18:28,2018-02-06 21:55:06,2018-03-01 00:00:00
70fe4499137ae8b063ffb41f3833c2b4,500956a8876104d4536bc52cbdce511c,delivered,2018-01-29 23:50:39,2018-01-30 00:15:03,2018-01-30 18:48:44,2018-02-14 17:03:39,2018-02-23 00:00:00
9a9958a5b85d3a8dc6b52dd8c79b516b,611f9bc426aa9d3223803647f29bc248,delivered,2018-01-30 10:56:40,2018-01-30 11:15:51,2018-01-30 23:17:57,2018-02-09 22:58:39,2018-03-06 00:00:00
b0945a79c684fa367896247e7afa4628,6367c0ca26953cf2b4ea34ba53295dc9,delivered,2018-01-30 12:33:22,2018-01-30 12:55:22,2018-01-30 23:21:48,2018-02-08 15:56:55,2018-02-23 00:00:00
569d4a814b28187752cfacdd96077037,300b8e97afe5517506eb5fd157b3a9f5,delivered,2018-01-30 16:13:28,2018-01-30 16:34:59,2018-01-31 14:46:06,2018-02-01 13:46:32,2018-02-15 00:00:00
e6657617ef1f4cc4cc2413cb0a6630ae,473510bdc67d814c1feda19dc137023e,delivered,2018-01-30 16:16:45,2018-02-01 03:13:28,2018-02-01 18:48:33,2018-02-14 19:43:24,2018-02-21 00:00:00
0e5c4fff98e1b7885f4ce7e7e13e37f1,db6331ea477ade9eb6cef50909c93230,delivered,2018-01-30 18:26:27,2018-02-01 03:12:35,2018-02-02 01:09:35,2018-02-14 16:58:59,2018-03-06 00:00:00
338d127554d67a15cb4e257742847056,13a6bcc8613c796033664f81fec6fc70,delivered,2018-01-31 08:51:08,2018-02-01 08:51:26,2018-02-01 19:26:03,2018-02-16 12:35:21,2018-03-02 00:00:00
a8c12ad0f19ddd006359fef29b1eafc0,0ed69dedf24f7a41d9a121f868ca58a7,delivered,2018-01-31 11:51:37,2018-01-31 14:21:24,2018-02-01 16:33:59,2018-02-05 17:54:34,2018-02-16 00:00:00
52d66d69f14ca67b1764e6ca25025a3f,4805d62fe2ec69e4290d0ebc213f34d5,delivered,2018-01-31 13:46:27,2018-01-31 14:13:18,2018-02-01 23:08:44,2018-02-08 17:57:44,2018-02-26 00:00:00
cb891a8a4daa2130941d2458f013b1b1,a1fe058e09f7cc693afdd283b2923421,delivered,2018-01-31 16:32:15,2018-01-31 17:35:31,2018-02-02 20:08:50,2018-02-15 19:35:30,2018-02-26 00:00:00
3602a80b09d914236f74c733631f3b8b,367000b9bd508db790e048df2f6d6af9,delivered,2018-01-31 20:38:38,2018-02-02 08:55:51,2018-02-02 18:48:35,2018-05-18 11:06:52,2018-03-19 00:00:00
b0478e447df29ef9a7efd1eb63de629c,08b9cbfbf948ebc2dc43212aa3b5a2a2,delivered,2018-02-01 05:41:35,2018-02-02 02:54:04,2018-02-08 22:51:35,2018-02-20 11:46:01,2018-02-23 00:00:00
57c18f4284e896f80e8b81086c4f95ef,fbfdd7fe2c8685586b7e44a2970d0727,delivered,2018-02-01 06:55:18,2018-02-01 07:10:39,2018-02-01 18:12:23,2018-02-02 19:13:04,2018-02-19 00:00:00
56f4b702b959eee297b018acdb60c380,2d90c7d62a912282ac15ea7d3f09a075,delivered,2018-02-01 11:43:40,2018-02-01 11:55:46,2018-02-14 23:47:07,2018-02-21 01:27:04,2018-02-20 00:00:00
18d03c24d935b80a422c0f6ce80a2457,d16d0af538e904235b4e054ac80bbf91,delivered,2018-02-01 12:00:30,2018-02-01 12:15:42,2018-02-06 15:58:39,2018-02-20 20:21:44,2018-03-05 00:00:00
cd623324c25a5749845117a6d628b994,c6edfb7641b6f29c6bf66ddd61108cbf,delivered,2018-02-01 12:03:13,2018-02-03 02:54:06,2018-02-07 01:58:38,2018-02-14 20:46:16,2018-02-26 00:00:00
4da3bd761ca73d692ae0f5c252495546,65ee4aa816cda8ad41e05c75e1cb691e,delivered,2018-02-01 12:31:21,2018-02-01 12:54:33,2018-02-02 00:39:31,2018-02-02 16:12:53,2018-02-19 00:00:00
828b618008ee0b34f4648124668023f0,c3bb4adf79d8cdb402731cee2fc0f861,delivered,2018-02-01 12:58:09,2018-02-02 19:31:13,2018-02-06 16:18:29,2018-02-14 18:19:05,2018-03-02 00:00:00
41d3c3f700ca5ccd7c9068d16f4a4821,c5815bc51a3e03cef5eaea8d5cbc04da,delivered,2018-02-01 16:05:46,2018-02-02 15:27:47,2018-02-05 13:19:36,2018-02-15 18:38:48,2018-03-02 00:00:00
35e01ab254440427a82909f981fa9ff7,af95cc6eaa339e55f750352ac6b94e12,delivered,2018-02-01 23:04:45,2018-02-01 23:15:26,2018-02-02 17:47:54,2018-02-22 20:12:21,2018-03-06 00:00:00
91b6cbbbf1622738a27f04f25306a6d6,2876fe3349b7c805390e793bf770b5b0,delivered,2018-02-01 23:56:45,2018-02-02 00:15:50,2018-02-02 17:12:28,2018-02-03 15:53:07,2018-02-20 00:00:00
d17f9e855544f741648a953891e93288,afc9910dda523bd3e6b83bfa889bbbc4,delivered,2018-02-02 14:25:20,2018-02-02 15:31:21,2018-02-05 20:14:41,2018-02-20 22:50:18,2018-03-07 00:00:00
1600c77ccd20164d6da4e2285d3ced92,51b4fb94719b87aea1f164b9640212da,delivered,2018-02-02 15:16:38,2018-02-02 15:30:26,2018-02-08 18:18:37,2018-02-20 01:39:53,2018-03-02 00:00:00
fd083ca236fb56074a653948afcacd8e,f4ad66ffc7ef5fd7ae997077a7c10e89,delivered,2018-02-02 15:55:43,2018-02-02 16:10:29,2018-02-19 23:52:01,2018-02-26 17:42:04,2018-03-12 00:00:00
22944b4163f09171dfb645a94b87e645,1ca8fbb672ef5cb9bc289196bd4c3044,delivered,2018-02-03 12:00:03,2018-02-03 12:15:28,2018-02-05 21:56:38,2018-02-14 22:23:19,2018-03-01 00:00:00
f97ceada945c2f47998a4005f87f475d,1295c00ce6a0b5d21e8e2efe0540dd01,delivered,2018-02-03 12:11:03,2018-02-03 12:27:16,2018-02-05 22:14:25,2018-02-28 16:49:02,2018-03-06 00:00:00
8d8a1fb20cc3bcbed0c51fd0c70bc538,8b80d650dc2282d7175ab30a8b417280,delivered,2018-02-03 17:24:51,2018-02-03 17:35:28,2018-02-05 23:53:49,2018-02-27 16:49:07,2018-03-14 00:00:00
05a4879e7e161809c8bf4d8171b0c670,b88494557063ca06b09ac6feee81eac4,delivered,2018-02-04 07:54:12,2018-02-04 08:10:47,2018-02-06 22:04:50,2018-03-08 20:36:26,2018-03-06 00:00:00
f84cf1b66945f7dd5a8f3d20d06a875c,2d8e6928e55e8da0c7ef096702a74b48,delivered,2018-02-04 10:06:42,2018-02-04 10:29:55,2018-02-06 22:38:30,2018-02-08 19:17:38,2018-03-05 00:00:00
8dc26b80bce71bfaf67ee6cccc4a141c,7021a4def279aa266c716c4282fef766,delivered,2018-02-04 13:19:25,2018-02-04 13:35:22,2018-02-05 19:37:36,2018-02-19 20:09:38,2018-03-01 00:00:00
e0ff8fbdba29b1192269bb50ef72245e,02acb1d49edb6c09b61d2f496afc61b5,delivered,2018-02-04 21:02:18,2018-02-04 21:15:32,2018-02-06 00:16:41,2018-02-15 23:27:48,2018-03-05 00:00:00
257b9cbebe66bbd37b4233212ec1a909,85b1e718b7ad742e3e30e0b41127e7e1,delivered,2018-02-04 21:52:09,2018-02-04 22:10:00,2018-02-19 22:10:02,2018-03-19 16:34:18,2018-03-28 00:00:00
a91929c58be362dc4929f9b9c542a4ae,d66a1a4d6834da22157f93d8f7640a2a,delivered,2018-02-05 11:15:35,2018-02-05 11:35:32,2018-02-06 21:18:55,2018-02-20 00:47:34,2018-03-05 00:00:00
b4b74b67e8e09c1539e6f838e5eb8fa4,ef2cbe9cce4b8124e9bc080b429451a5,delivered,2018-02-05 16:39:36,2018-02-06 03:35:37,2018-02-06 17:13:19,2018-02-15 17:29:18,2018-03-08 00:00:00
c5f0b9e8bd23e3d37855d76739573355,2d168556d327700dc590e84a3b12112d,delivered,2018-02-05 17:50:38,2018-02-05 18:50:35,2018-02-08 22:32:27,2018-02-20 21:55:22,2018-03-06 00:00:00
5e7e66344d4f127f114875c930d621f9,622fd8de19b9462bdfd1c15fada2e89c,delivered,2018-02-05 18:06:32,2018-02-05 18:29:59,2018-02-07 00:42:45,2018-02-16 19:14:15,2018-03-06 00:00:00
9f2c6714edee90964b0b631c22a22448,89d62100264f60ca62619dd012a12f00,delivered,2018-02-06 01:03:08,2018-02-07 01:31:23,2018-02-07 20:12:38,2018-02-20 18:15:09,2018-03-13 00:00:00
bb0d948ef00e3ece9ae9b9e80264efe9,8b7edbb7af0a9b47aa2b2eb95bde94ad,delivered,2018-02-06 06:32:53,2018-02-06 06:49:20,2018-02-07 00:52:03,2018-02-07 15:16:41,2018-02-22 00:00:00
a96157730ca02d9de4c4e4ac2fc49f2c,5b36926fe1592a897dfb56c425ad5b48,delivered,2018-02-06 08:38:54,2018-02-08 07:35:35,2018-02-08 23:46:30,2018-02-21 14:05:57,2018-03-09 00:00:00
f9b80bc225fe1efa4384db3fdb46c2e4,4f92b798813c32fae91a4e3b999d398e,delivered,2018-02-06 10:26:13,2018-02-06 10:50:21,2018-02-14 19:11:58,2018-03-09 12:16:20,2018-03-05 00:00:00
800b8ee7ba7b89e615910b52e4b2f4f0,4abaaf9e868ffb8524297684c31430e2,delivered,2018-02-06 15:04:24,2018-02-06 15:28:36,2018-02-07 22:42:38,2018-02-19 20:16:47,2018-03-05 00:00:00
5fb184d57598bf4e6e126258d3cca7cb,699f68ea605d2981a8d576032e32d435,delivered,2018-02-06 21:36:50,2018-02-06 21:50:30,2018-02-09 21:20:00,2018-02-20 20:17:20,2018-03-02 00:00:00
81111cf83100722b6a554323c86a10b8,ea06be215e742396fce5dd52375f2a00,delivered,2018-02-07 08:48:15,2018-02-07 11:11:10,2018-02-09 00:49:34,2018-02-27 17:45:02,2018-03-08 00:00:00
ca7296a83aa279afb28c2388a4f48891,daada56f7d2e74dfd291d652b7e03ac2,canceled,2018-02-07 09:48:08,2018-02-07 10:10:17,2018-02-08 23:26:57,,2018-03-07 00:00:00
d9ba89fb1ef0cec7d158b8a2679186f7,baf83ca8fb2533044b834d2cbea4cc26,delivered,2018-02-07 10:24:26,2018-02-07 10:35:34,2018-02-09 22:14:30,2018-02-26 17:09:46,2018-03-07 00:00:00
ab2dca30f9aa2566e582854315d22d95,207b2bd9ffdda81bdc8af0c03f5e3807,delivered,2018-02-07 11:53:51,2018-02-07 12:10:39,2018-02-07 22:12:13,2018-02-23 17:52:15,2018-03-06 00:00:00
d9f8510c453819ec4a9eb91851ea5fc4,fe5d7868a941d04653c278f177a1d42f,delivered,2018-02-07 14:54:27,2018-02-09 02:50:41,2018-02-09 18:57:03,2018-03-01 13:42:51,2018-03-09 00:00:00
5c1d89aac6e3b4a8f69d548ea030179a,ebfec89ff4443951e41c19c07203210e,delivered,2018-02-07 15:30:26,2018-02-07 15:52:20,2018-02-08 20:58:49,2018-02-17 01:38:00,2018-03-02 00:00:00
78e9bbe6fc21f7945284233b6be94154,66e518ee99571f141d17fa60482fa47f,delivered,2018-02-07 17:45:51,2018-02-08 11:50:35,2018-02-08 23:07:22,2018-02-28 23:51:51,2018-03-05 00:00:00
0afa4eb653f04cb1809253eb3b1f9768,78986fff122c92ab8aaa1724ba0c2782,delivered,2018-02-07 18:50:06,2018-02-07 19:10:12,2018-02-08 20:46:50,2018-02-22 21:23:15,2018-03-14 00:00:00
f0df1737153829ba66d5269909e929a9,1a4b762133b7e44eca5756c5a267615f,delivered,2018-02-07 22:33:47,2018-02-07 23:35:39,2018-02-08 23:47:04,2018-02-23 18:52:41,2018-03-06 00:00:00
27ccb6f42b7ff7e079004d6192ab12bb,4399c824aab097f4974ab7fabf8064b2,delivered,2018-02-07 23:03:51,2018-02-08 01:30:03,2018-02-09 21:42:02,2018-02-14 20:27:50,2018-02-23 00:00:00
7e441aaf6e4a5f2985bbe36be6e59208,d1819907684da852e53bc90058c7a11c,delivered,2018-02-08 14:31:58,2018-02-08 15:29:18,2018-02-16 11:23:11,2018-03-10 15:26:31,2018-03-15 00:00:00
421cf19961f42317267a94c6ed066cf9,999788208f06927b5253b8251117bc44,delivered,2018-02-08 17:24:08,2018-02-08 18:32:21,2018-02-09 23:52:38,2018-02-23 22:25:11,2018-03-05 00:00:00
a966231d1abc5095725cb52a810d5694,4642a001f9aa9f1738d27a921d8703b7,delivered,2018-02-08 18:36:44,2018-02-08 18:50:51,2018-02-09 21:41:50,2018-02-19 21:43:24,2018-03-02 00:00:00
8624c1e28cde5fd7175aa2e87e03d494,e90793319f301c5188f395b70ef72888,delivered,2018-02-08 21:35:16,2018-02-08 21:50:34,2018-02-10 04:55:01,2018-02-16 12:19:18,2018-03-07 00:00:00
06c4d1be000d2b0d30d56ff06dab667d,93db96687b16132297af1de44d17e01b,delivered,2018-02-08 21:53:13,2018-02-08 22:08:58,2018-02-14 20:15:21,2018-02-22 23:22:47,2018-03-09 00:00:00
bab4c3b7d9e904b2e991490cd65ccae7,32352977d8f006ca69685799ba6d9275,delivered,2018-02-08 21:57:26,2018-02-08 22:08:55,2018-02-09 22:09:00,2018-02-20 13:43:15,2018-03-12 00:00:00
9b92d4432c1758cd4215f3fdb1d623a3,abcc88626b6df4cc183bd4cf459bd9f7,delivered,2018-02-09 11:35:54,2018-02-09 11:49:20,2018-02-09 23:06:02,2018-03-14 14:07:51,2018-03-14 00:00:00
82b9b991770e6880a10a11c5a29da6d4,a04dce798419f82084975adb9d6a79d2,delivered,2018-02-09 18:43:27,2018-02-09 18:55:24,2018-02-16 22:18:29,2018-02-22 18:37:18,2018-03-06 00:00:00
ae2756437d2b0a5f0c9702d7ea130e41,9f3a6a3bc8190b848832ad6916ccedf1,delivered,2018-02-09 21:51:44,2018-02-15 04:07:27,2018-02-15 23:29:11,2018-02-27 19:32:54,2018-03-08 00:00:00
7be469d9b115e2a08cf56be2d9250b8c,689ce9ef571f7142f069dca1467b8804,delivered,2018-02-10 12:41:40,2018-02-10 12:55:53,2018-02-16 19:57:02,2018-02-27 17:09:51,2018-03-08 00:00:00
019886de8f385a39b75bedbb726fd4ef,8cf88d7ba142365ef2ca619ef06f9a0f,delivered,2018-02-10 12:52:51,2018-02-10 13:08:12,2018-02-14 15:28:51,2018-02-23 02:03:03,2018-03-14 00:00:00
ea72383cf738914448322568a400d37c,47316fa242f0c65bec67203b226fc4a7,delivered,2018-02-10 15:14:37,2018-02-15 04:11:05,2018-02-15 20:21:57,2018-02-16 21:05:21,2018-02-26 00:00:00
622dd1cb69dbde1c7e0685d12015a2da,d9f3d0cf8f434367e59ed7db2eec21e4,delivered,2018-02-10 15:47:49,2018-02-10 16:00:32,2018-02-14 15:52:15,2018-02-16 22:41:43,2018-03-02 00:00:00
4103cb8c02ddae6eff9f233ba22ae0ad,ddcb9a6c17c703895e618d0387f36f96,delivered,2018-02-10 18:53:24,2018-02-10 19:05:29,2018-02-14 18:18:57,2018-02-26 22:12:43,2018-03-08 00:00:00
39787d0779e9c0f1326d35469d0239c5,cefd26f9b12d8dc01a8029667888206d,delivered,2018-02-10 19:11:19,2018-02-10 19:28:13,2018-02-14 15:21:55,2018-02-16 13:56:39,2018-03-06 00:00:00
038297c93a230b204ceeca7e2720b464,a51b2e9f1088010982a0bcf451a4de6d,delivered,2018-02-10 22:17:24,2018-02-15 04:07:47,2018-02-16 16:56:48,2018-03-02 14:59:04,2018-03-09 00:00:00
d62ce432bb1d1056c58fc8b58d30d260,af46eef89eb37fb33875e6531cc2ecfb,delivered,2018-02-11 00:10:30,2018-02-11 01:15:31,2018-02-14 19:27:09,2018-02-22 22:13:38,2018-03-12 00:00:00
f20ad794a21ea34c982e74ec18f7aaec,c588e9a4ff0b056a13d5cf0300b1a129,delivered,2018-02-11 00:58:51,2018-02-11 02:09:08,2018-02-15 01:09:10,2018-02-26 20:41:46,2018-03-08 00:00:00
2011387fcf68d0d56838be05771c4db8,2237144a10689251d71b7a4d2784cf81,delivered,2018-02-11 00:58:52,2018-02-11 02:09:07,2018-02-16 18:52:47,2018-02-27 00:23:04,2018-03-12 00:00:00
8531a53599c482d78f5eab067187c7fd,cae9d735afc2ad81f179d5c3c785e089,delivered,2018-02-11 10:09:17,2018-02-11 10:28:13,2018-02-16 00:38:59,2018-03-01 23:31:54,2018-03-08 00:00:00
f86b96a15afabfbffbfe7fcad56b8ff9,8848756dcd3d3a7d4362b96c55967c0a,delivered,2018-02-11 13:26:35,2018-02-11 13:40:29,2018-02-28 20:59:55,2018-03-01 22:39:19,2018-03-12 00:00:00
2ecd94a0ab2a50927b7c0020efb4b063,a81e019902b04fe0487ad6b899f67689,delivered,2018-02-11 13:40:48,2018-02-11 13:55:22,2018-02-16 14:18:02,2018-02-22 20:35:59,2018-03-09 00:00:00
6dd49a48b361f1d0f6d8241dd029dd22,0f753a0814caee1942c04f4b68cea4ed,delivered,2018-02-11 13:55:04,2018-02-15 04:06:59,2018-02-16 13:17:08,2018-02-23 21:39:04,2018-03-08 00:00:00
09c29dc1d814f755a8183dc859945531,bb5ecb070b1cabb71470e74ccabb9ad5,delivered,2018-02-11 18:53:35,2018-02-11 19:07:48,2018-02-15 20:53:52,2018-03-02 20:38:41,2018-03-15 00:00:00
aaf3296abd366f76ed7d26fe0ea4cdaf,6ea6833bafd5a01be6aad92305a57e9e,delivered,2018-02-12 03:28:04,2018-02-12 04:20:20,2018-02-14 22:42:26,2018-02-27 18:22:38,2018-03-07 00:00:00
a7f3eb9a2e38d344a3311dbbf4c5d9ba,5bef7bd0989f84e5cb0cafb53e005c0e,delivered,2018-02-12 09:11:31,2018-02-12 09:48:43,2018-02-14 15:53:04,2018-02-19 15:47:08,2018-03-06 00:00:00
d392709d59adcaff2d80dee55da91748,77ed68c1f51e428898c4d4ae3eb5f23d,delivered,2018-02-12 09:25:17,2018-02-12 09:48:43,2018-02-16 20:41:40,2018-03-02 19:04:11,2018-03-14 00:00:00
096d4376832d3c6a12a5b6815590a657,57d8a458d7250607de1fe62759c5e298,delivered,2018-02-12 09:59:28,2018-02-15 03:47:50,2018-02-16 01:12:48,2018-02-26 20:52:27,2018-03-13 00:00:00
75559e14f308f4ff08427c567ae0a370,0998fbfbcd689d31ddedcb38f3fd8105,delivered,2018-02-12 13:53:31,2018-02-12 14:10:30,2018-02-14 23:58:29,2018-03-12 22:53:26,2018-03-06 00:00:00
45b0a3cd00a2eb44c271fdacffc8d859,518d97172e34c1aa7f4fcbee678c8b5c,delivered,2018-02-12 14:22:32,2018-02-16 07:55:49,2018-02-19 23:38:45,2018-02-28 17:14:19,2018-03-21 00:00:00
518fcf931a950e2fdd0c4de17b5ed862,f1176be13e903804b551776636647c0a,delivered,2018-02-12 16:41:07,2018-02-12 16:55:32,2018-02-14 18:48:59,2018-03-05 14:39:01,2018-03-13 00:00:00
edc0fe108d350a1a98a62888287bc6f2,cce8a7da61bf170e0e1780b28b1e3ac6,delivered,2018-02-12 17:33:54,2018-02-12 17:47:57,2018-02-20 17:58:51,2018-03-01 21:44:21,2018-03-09 00:00:00
78585e48819bf50518947925be68ab86,d74168bdcb1008d857118300a78f0654,delivered,2018-02-13 11:34:00,2018-02-13 12:35:26,2018-02-14 23:58:31,2018-02-24 14:04:34,2018-03-07 00:00:00
c03c0621cf2e7845908985db3355f9e0,6582b23efa7ebcb533c64649530bbe60,delivered,2018-02-13 13:04:57,2018-02-13 14:35:28,2018-02-14 22:48:50,2018-02-28 19:48:46,2018-03-16 00:00:00
51192863a004d47d0e4f5bf5384bf88f,f2cc41062fa1cdfd6475afc3aaf9909f,canceled,2018-02-13 15:58:33,,,,2018-03-07 00:00:00
94c0774e80f38694744a5ae2bcc9e1aa,4f701e1240fefffa5f2b81643aff7dc3,delivered,2018-02-13 21:07:47,2018-02-13 21:30:29,2018-02-14 18:13:02,2018-02-26 22:49:42,2018-03-07 00:00:00
3c557fef5b5d9315a99f7442ef013a8e,621d89fb61292d49317f4a4562a11f49,delivered,2018-02-14 11:52:13,2018-02-15 03:55:52,2018-02-16 19:59:29,2018-02-21 22:43:43,2018-03-01 00:00:00
a8bbc485329f055ce3addabfbf8d4f86,2e661a1348e46a3a18291240f6e1fa8e,delivered,2018-02-14 12:23:07,2018-02-14 12:35:31,2018-02-14 21:41:43,2018-03-02 20:52:28,2018-03-15 00:00:00
f5bdbbff47c740c2cca90305841220a8,25e478c307b5543559a8a7bc74b2a068,delivered,2018-02-14 14:55:51,2018-02-14 15:08:23,2018-02-15 16:27:38,2018-02-20 19:15:38,2018-03-13 00:00:00
cf307f492c4cc991cceb55f6c2a2370f,ca5f917f62d02f04d32f056723123cec,delivered,2018-02-14 15:59:15,2018-02-14 16:31:11,2018-02-15 00:48:58,2018-02-28 21:08:49,2018-03-09 00:00:00
be69ded8b4b06a199c55fa74d7de978e,64ec93bbc386d22c3f10849c7352d319,delivered,2018-02-14 20:38:44,2018-02-14 20:55:48,2018-02-15 22:51:57,2018-02-16 22:22:01,2018-03-01 00:00:00
7da4df77f0a4adfa2546db02ff7f23e0,47c5ae6e22cc53ffa6fbf89e156de3c7,delivered,2018-02-14 21:16:40,2018-02-14 21:30:36,2018-02-17 00:17:53,2018-02-26 21:19:16,2018-03-12 00:00:00
a3a43dd512f51c100ca62a18f50076b6,82d5a2482ca8f3f29454d05e129a21bd,delivered,2018-02-14 22:32:54,2018-02-16 14:30:38,2018-02-15 16:52:01,2018-02-20 19:04:37,2018-03-15 00:00:00
db2e05029f564b8953ddf3766e3b99f5,e392266c72da3c0c12da2d2bf0bdc386,delivered,2018-02-15 07:45:24,2018-02-16 07:50:44,2018-02-16 19:32:34,2018-03-23 21:19:00,2018-03-08 00:00:00
284b41fb8245e3c8c07c32ddb7572217,e399494c4a16c311b455c8ee01aff5f6,delivered,2018-02-15 09:11:58,2018-02-16 07:50:50,2018-02-19 21:41:49,2018-03-02 18:33:06,2018-03-08 00:00:00
183a7d0aaaf6b16afaa897a44424494b,6976b13183e54d7c9dac5d94edefe662,delivered,2018-02-15 10:37:47,2018-02-15 10:50:32,2018-02-22 03:13:17,2018-03-26 18:32:21,2018-03-19 00:00:00
ea452bd7da485c9376c3112226d21b25,6401d6c168371c1fc964bd3c3077b6cd,delivered,2018-02-15 11:25:04,2018-02-15 11:35:32,2018-02-20 21:18:34,2018-02-23 17:59:13,2018-03-02 00:00:00
623517cfdfeda91679626490fe32aecc,1d43379f3fce2ba1a40b2f6972feb30e,delivered,2018-02-15 13:02:37,2018-02-15 13:40:22,2018-02-16 19:23:07,2018-02-17 17:18:40,2018-03-02 00:00:00
205600cda4d43b1596093a3297908ea5,3dc77678850c657617eda579624570e2,delivered,2018-02-15 13:16:43,2018-02-15 13:30:40,2018-02-21 18:09:22,2018-03-13 23:03:24,2018-03-09 00:00:00
b41c58f1cdb089998bf02e8fae313c90,0efd4ac57927695b9fbfbd8780d70f23,delivered,2018-02-15 15:18:37,2018-02-16 17:35:29,2018-02-19 23:23:19,2018-03-20 17:38:51,2018-03-26 00:00:00
93b68446f352031c3899ff57f76f0a68,e29679a0f9c46f3c88b77731fb9af798,delivered,2018-02-15 16:15:14,2018-02-15 16:26:48,2018-02-17 18:19:05,2018-03-02 19:53:13,2018-03-15 00:00:00
7eddb5687b87b586fd0b69083ad64b43,defed1717ef59e92b34b4d220be6c9ba,delivered,2018-02-15 22:32:15,2018-02-16 14:32:29,2018-02-16 20:55:54,2018-03-08 23:28:34,2018-03-02 00:00:00
93e89f81c82a22b8095dd19f7f973abe,212a8577b07fe0659c5eb09277983ae3,delivered,2018-02-16 09:46:37,2018-02-17 03:35:32,2018-02-19 23:03:42,2018-02-23 21:13:22,2018-03-09 00:00:00
6eb436e1a42af6f8b731fc54576181a5,5a96ef8103ed640c565b1cb9c2ac290d,delivered,2018-02-16 14:20:39,2018-02-16 14:35:24,2018-02-21 18:28:53,2018-03-05 20:28:35,2018-03-08 00:00:00
34adfe85692f724087a52976282ea92f,64bce8bd37d9f4b8a8d92264a086ba03,delivered,2018-02-16 14:27:22,2018-02-17 03:35:59,2018-02-20 18:44:51,2018-02-26 20:43:06,2018-03-08 00:00:00
ceb9cfd5bb1caf536006196e9469e396,0ec772ec9c9b8134fbdecec2ff589336,delivered,2018-02-16 16:40:34,2018-02-16 16:50:30,2018-02-19 22:24:57,2018-02-27 17:13:15,2018-03-12 00:00:00
bd8de0e9e67e7b99e86ed5f18b600577,36733e721b2267dc344e04501626cac1,delivered,2018-02-16 16:59:19,2018-02-16 17:10:51,2018-02-19 18:19:01,2018-03-11 17:28:54,2018-03-15 00:00:00
86b6e717cea86f8854d74e5b1df23e95,a048712aa4a206a8338d91a7092a488e,delivered,2018-02-17 01:25:43,2018-02-17 02:07:49,2018-02-19 21:33:24,2018-02-23 19:21:52,2018-03-13 00:00:00
fbab2f1499ada7711dc92e28e8e2cee9,ba17f3083626c96ea274189cc1011df8,delivered,2018-02-17 10:22:58,2018-02-17 12:30:27,2018-02-20 22:27:37,2018-02-23 20:04:40,2018-03-09 00:00:00
144e2a5f3cce02b2f4678bb2bd5107d7,ae70eb1dad4e84497e4ed573ef907ecb,delivered,2018-02-17 10:26:31,2018-02-20 07:16:05,2018-02-23 19:42:08,2018-03-08 23:38:28,2018-03-19 00:00:00
115778b69ef3f8bece387ae594bcecba,cecc7f9a9384f6df323bef4be5f761a5,delivered,2018-02-17 11:00:31,2018-02-17 11:10:58,2018-02-19 20:49:10,2018-03-02 17:04:27,2018-03-09 00:00:00
169d7e0fd71d624d306f132acd791cbe,9b75d329d5d07427875e8443ce939770,delivered,2018-02-17 12:23:21,2018-02-17 12:35:36,2018-02-21 20:17:59,2018-03-09 12:28:27,2018-03-20 00:00:00
95f5c913e50f7b1edfe05e8a38ba88d4,031cb9fac5344bf6def68aacea5eafec,delivered,2018-02-17 19:01:38,2018-02-17 19:10:31,2018-02-19 23:12:12,2018-02-26 18:43:09,2018-03-19 00:00:00
654236657c61378a35416f08170ff0ad,244c5781e9005c4d4ed312232b155b00,delivered,2018-02-17 19:32:41,2018-02-17 19:50:23,2018-02-21 19:49:06,2018-02-26 19:22:33,2018-03-12 00:00:00
8a723730400b508cbf47fbef4a76ec8e,f19376e0c54da9409485f7ef9556d367,delivered,2018-02-18 12:41:01,2018-02-18 13:46:36,2018-02-19 20:26:45,2018-03-03 02:48:53,2018-03-14 00:00:00
8505cbf7005b6ec865878f42abdb291a,435bbbf7a1d328975b15ebb8eece0d8f,delivered,2018-02-18 18:08:34,2018-02-18 19:10:25,2018-02-21 23:22:18,2018-03-01 16:19:37,2018-03-14 00:00:00
e0f95c3628b0822fc14e8e2436f0da4b,deca2d5050103f7094d493ae01a5163d,delivered,2018-02-18 19:21:55,2018-02-18 20:26:59,2018-02-21 20:33:39,2018-02-25 20:33:57,2018-03-06 00:00:00
8f48df24381903f850d1c20b035f4a86,e406ec5a3f6e41c1eebbbcc6f48abda2,delivered,2018-02-18 20:13:02,2018-02-18 21:15:28,2018-02-19 21:13:06,2018-02-23 19:57:54,2018-03-12 00:00:00
c6ee046b85d59deed2e71242e970d437,e5b90e0dde0fa26f1a9a6b2624f71a6b,delivered,2018-02-18 22:03:31,2018-02-19 17:47:29,2018-02-20 19:18:56,2018-02-25 13:26:39,2018-03-06 00:00:00
20adf99f2d48669a45b5ef435b116b09,37adbc0ce0a15109d42f8f3c461fa9fd,delivered,2018-02-18 22:20:56,2018-02-19 23:07:29,2018-02-21 16:07:12,2018-02-27 17:29:16,2018-03-19 00:00:00
6a276c227b7bb9659f04c271e30d381d,f35e1aa8990c39ac028bd44384d805a6,delivered,2018-02-19 09:23:33,2018-02-19 10:10:39,2018-02-22 01:04:19,2018-03-09 19:52:30,2018-03-12 00:00:00
f16290559c863b848c56bd040fe3831c,f8bb51833f4bacae9141c50c1f726c30,delivered,2018-02-19 09:54:35,2018-02-19 10:27:27,2018-02-19 20:56:35,2018-03-29 19:38:55,2018-03-16 00:00:00
5d9aa8310b11548297163fbfa1f78184,8b9d825eb2ddca0f1f954bc399afd3f3,delivered,2018-02-19 15:42:28,2018-02-19 17:40:22,2018-02-22 15:43:00,2018-03-02 01:25:57,2018-03-16 00:00:00
df9cda79de3c1e888f839780ae7b2706,dde388ccd1b81511edd5cbebe81aef1e,delivered,2018-02-19 19:14:35,2018-02-20 19:05:35,2018-02-24 18:13:19,2018-03-01 18:36:00,2018-03-14 00:00:00
4334cbad2570eb17ab0f2be70bcc22b7,7d350d56bac0a6a9b6c3e5ce37198fba,delivered,2018-02-19 23:48:49,2018-02-21 06:05:30,2018-02-22 17:22:58,2018-02-26 18:35:48,2018-03-05 00:00:00
d572cde58d2fd1fcd7d019dae26cd911,4a5212db74866a8ba968afa84723c2e7,delivered,2018-02-20 09:05:49,2018-02-21 06:20:25,2018-02-21 19:29:09,2018-02-23 23:06:20,2018-03-06 00:00:00
9df65e0ad2cbfa0485262629bb2b6605,92feee9c4c01dfc0bfdacf52eacea448,delivered,2018-02-20 09:43:30,2018-02-22 02:08:45,2018-02-27 18:45:08,2018-03-20 18:12:24,2018-03-16 00:00:00
06263a9c3476eea0ca0fd70081bc7cda,1867fd3a705e13f9043a5411e03958f9,delivered,2018-02-20 09:50:20,2018-02-20 10:07:37,2018-02-23 22:33:28,2018-02-28 18:52:00,2018-03-12 00:00:00
34d79427f2177b6ab8397e13d4233a85,894993a398d2bf935b9a2c2e61c27201,delivered,2018-02-20 10:27:03,2018-02-20 10:47:25,2018-02-20 23:22:07,2018-02-22 17:28:30,2018-03-06 00:00:00
0d6fee6350875c4d645f6490e7f3ee5b,8c033b565b53f0b593b0c0a9d3b9dcd8,delivered,2018-02-20 12:55:55,2018-02-20 13:10:49,2018-03-01 20:34:18,2018-03-14 16:42:01,2018-03-20 00:00:00
d7ae3c10c3a4c7a721e64ba401ee745b,8622c629a0890a4ca20d1e7016e1a613,delivered,2018-02-20 14:59:40,2018-02-20 15:10:43,2018-02-21 18:27:20,2018-03-03 17:42:36,2018-03-19 00:00:00
b0b49de4bb38c36e7acd74d879631d6f,2bcb866f83a922fe129eee30d6657290,delivered,2018-02-20 18:15:43,2018-02-20 18:30:41,2018-02-21 21:23:57,2018-03-05 15:04:39,2018-03-12 00:00:00
982f203457d0f597a575b40512d66b1d,ba58818419b9defea2521f95ed2d82ee,delivered,2018-02-20 19:07:20,2018-02-20 19:28:34,2018-02-21 19:33:30,2018-03-08 18:10:46,2018-03-16 00:00:00
9a900606a9398af4cfd33ef935bb00ed,5167b413ed29851e90f2f7546b3b8328,delivered,2018-02-20 21:52:59,2018-02-20 22:08:06,2018-02-22 19:04:31,2018-02-26 17:45:39,2018-03-16 00:00:00
dc34d61bf65f9f7362aafd4fdc35d21a,99412ff66eabe1042d6ee2f1672929fb,delivered,2018-02-21 06:38:47,2018-02-22 06:30:21,2018-02-22 22:06:15,2018-03-02 00:58:45,2018-03-13 00:00:00
0923cc4965fb98b0adcc8a7c6ee32f7c,f7adc1671125754d305c2d29d2bbd075,delivered,2018-02-21 07:09:21,2018-02-21 08:05:33,2018-02-21 19:26:41,2018-03-20 20:38:53,2018-03-23 00:00:00
6dc82b96e967ee5e211d1690573f8de5,4c77c973538d06c6c1fd404abaf885f8,delivered,2018-02-21 10:22:09,2018-02-22 02:10:31,2018-02-22 22:47:01,2018-02-28 14:19:20,2018-03-15 00:00:00
ba874dd7cf834e16c5bbf9c2c1b4eee7,2c68daca346558266eee9bf9539b7f24,delivered,2018-02-21 10:40:03,2018-02-21 12:27:50,2018-02-22 23:18:52,2018-03-12 20:48:25,2018-03-15 00:00:00
e9412fef2accbb245c4232829673c90c,ae984c23bb0ed564ac206f2ec57f772a,delivered,2018-02-21 11:21:19,2018-02-21 12:27:59,2018-02-23 22:21:34,2018-02-25 19:43:05,2018-03-07 00:00:00
58ac1346bc2ee0cfbe205aacad678d60,b79038e2c6938f51e4fa02b1801589e6,delivered,2018-02-21 12:30:04,2018-02-21 12:50:18,2018-03-05 22:25:38,2018-03-21 11:18:34,2018-03-21 00:00:00
542d558d7cd9f734858beabe2622b2bd,fe4a3d31418fdf45182fcea36d1515ba,delivered,2018-02-21 13:25:44,2018-02-21 13:35:42,2018-02-22 16:22:58,2018-03-22 16:28:46,2018-03-23 00:00:00
95dae95803419f516509a4b5fc8a2d09,0404d1fae25bd35102d36861b05e0108,delivered,2018-02-21 14:28:54,2018-02-21 14:49:24,2018-02-22 22:52:01,2018-02-26 22:32:27,2018-03-15 00:00:00
45390ff93f092f0de1524d486a172c33,79972dea61158c428fbc2d00d203a500,delivered,2018-02-21 20:55:22,2018-02-23 02:31:07,2018-02-24 01:34:05,2018-03-17 00:04:16,2018-03-15 00:00:00
2ba2becdde8cc656098cdc16496a90c6,a90e9e085253a28c9206dc0580944a06,delivered,2018-02-21 20:55:23,2018-02-23 02:31:04,2018-02-24 01:18:37,2018-04-13 21:54:28,2018-03-15 00:00:00
d4bf023e837c3f54ebf5a9abe045fb93,e1c76478a5565c5330dcba4917e1f0f8,delivered,2018-02-21 23:19:39,2018-02-21 23:30:27,2018-02-26 16:09:52,2018-02-27 16:09:39,2018-03-07 00:00:00
14d1d66db4507c974f85b272b16a2e6d,bf3b87e64c9e80c8c5782d1dcd709ba7,delivered,2018-02-22 00:49:10,2018-02-22 01:08:53,2018-02-22 21:04:28,2018-03-01 23:35:15,2018-03-08 00:00:00
a05690d552685ceea5a59b90a278823d,3177b0de4bbcd569c2f5a0382564beee,delivered,2018-02-22 08:27:48,2018-02-22 09:08:45,2018-02-22 22:56:54,2018-03-20 20:57:47,2018-03-14 00:00:00
6f8c04e8edee74deceff537063bd46cc,a685b9dac4a7c0e9892635838723a9b5,delivered,2018-02-22 10:30:06,2018-02-22 10:39:12,2018-02-22 22:13:30,2018-03-07 20:46:59,2018-03-19 00:00:00
f6b737b2892803a060990f8483c2f014,0386dfdebdb359b0612a0563487cbb7f,delivered,2018-02-22 14:30:27,2018-02-23 02:31:40,2018-03-02 00:42:27,2018-03-08 20:47:21,2018-03-14 00:00:00
89fda551a6bc59c3a9d868a580cc6ca6,c1668d67ed2fc31300b5c2e60a709111,delivered,2018-02-22 14:47:02,2018-02-22 14:55:34,2018-02-26 14:49:17,2018-03-06 00:45:01,2018-03-14 00:00:00
4a71e2b3cccb7dba085c8961c746578f,7de868d6c387e60f129e85ddaf6de179,delivered,2018-02-22 15:23:48,2018-02-23 02:15:48,2018-02-27 19:28:38,2018-03-09 03:08:22,2018-03-19 00:00:00
83170393ec3a57a446d28e0b5fe1f232,b72684bc50364bf3f97bf6b0af8ee412,delivered,2018-02-22 15:25:27,2018-02-23 02:29:01,2018-02-23 22:57:05,2018-03-07 15:18:45,2018-03-23 00:00:00
c26c0e4d81f8dabd04bd61f7545ece54,5c965d68ec3a145629e5ae44d82ee15d,delivered,2018-02-22 15:30:21,2018-02-22 15:50:13,2018-02-28 01:49:32,2018-03-09 18:22:13,2018-03-14 00:00:00
172eb17b2fa12d49f274ad27404ad1b9,d5c5cfa0d8946f798c28c55c5e78b55d,delivered,2018-02-22 16:48:54,2018-02-22 17:10:45,2018-02-23 23:08:37,2018-03-09 18:35:24,2018-03-19 00:00:00
4edb04562e9ffe632e82e59f5b6fc115,a9e3f0df0bc6bc24bb620ceea2fb6b7d,delivered,2018-02-22 21:18:39,2018-02-22 21:30:29,2018-02-23 21:37:21,2018-03-05 19:55:41,2018-03-14 00:00:00
9b86b1c24ecef19a6dec20a8750341f9,e03f16c679044f02b6f9d2bed05888b5,delivered,2018-02-22 22:12:27,2018-02-22 22:25:51,2018-02-27 19:45:00,2018-03-03 13:33:45,2018-03-08 00:00:00
49bab3f94ce298f6fde6208f426978b4,6921224e0e53eea536125e700611b01c,delivered,2018-02-23 08:38:47,2018-02-23 08:50:25,2018-02-27 20:51:59,2018-03-02 23:52:29,2018-03-09 00:00:00
c5334d330e36d2a810a7a13c72e135ee,394c66f853de6f122620585a7b14bb91,delivered,2018-02-23 08:38:47,2018-02-23 09:20:21,2018-02-27 16:55:50,2018-03-02 19:48:41,2018-03-09 00:00:00
52c5b44c805ae7434617748f59467320,13f5f91f46713c9ca70ad436db456b77,delivered,2018-02-23 19:20:21,2018-02-23 19:30:26,2018-02-27 10:42:22,2018-03-12 23:45:10,2018-03-23 00:00:00
cc61a8a634ed495116b2ce1fc8d1a1e1,bbf8f328e19099524bfbfe53ecf2055c,delivered,2018-02-24 12:00:07,2018-02-24 12:15:30,2018-02-26 23:43:07,2018-04-24 20:54:46,2018-03-16 00:00:00
905295157bd28424f6c3139dcde920aa,097ce021afdda40c7055a54a30c2f6bd,delivered,2018-02-24 15:00:27,2018-02-24 15:10:24,2018-02-28 21:38:50,2018-03-29 16:37:22,2018-03-22 00:00:00
6191c14b9afcc6173831a7275f92c55b,98fac5b1b0a7bf94429c38d93a8c88c0,delivered,2018-02-24 17:59:00,2018-02-24 18:10:28,2018-02-26 21:18:08,2018-02-27 21:09:06,2018-03-19 00:00:00
e5f0df20f3f036b329b93eb2fde29a61,f74bef75a01750b1517011b59eb1c000,delivered,2018-02-24 20:43:42,2018-02-27 04:31:07,2018-02-28 19:09:27,2018-03-14 01:31:10,2018-03-16 00:00:00
4a8dd75d2cdd9cb708636e1aa5a1bb29,b13e22ce02ce3538542c89fa6d25ed79,delivered,2018-02-24 20:54:13,2018-02-24 21:28:11,2018-03-06 20:51:55,2018-03-15 16:41:14,2018-03-21 00:00:00
b062c88d0db22ff6a4e37c2df0f85333,5def259225633d139dc0132b6454620b,delivered,2018-02-24 23:18:14,2018-02-25 00:00:19,2018-02-27 02:33:00,2018-05-07 10:47:33,2018-03-27 00:00:00
fd84aa1fc4c825c367cbb777d82e5a2a,11e6c1e1c69c492681319ffe14aab2eb,delivered,2018-02-24 23:18:14,2018-02-24 23:30:22,2018-02-27 17:52:50,2018-05-11 19:32:35,2018-03-27 00:00:00
a35bf517586a9609441f4d6f8db9f6d2,022b1e47fbf658d8e3865c8753bf361f,delivered,2018-02-25 08:07:06,2018-02-25 08:15:22,2018-02-26 23:19:22,2018-04-05 21:48:32,2018-03-28 00:00:00
841a1c15177c6184088d268bc0f263f4,f46cd0d55f9a7374df0fc224f138f238,delivered,2018-02-25 09:01:17,2018-02-25 09:28:18,2018-02-26 23:19:12,2018-04-06 20:28:43,2018-03-21 00:00:00
1f252fa03fef3a7b2d16c2dd20de006d,a015288a903c5a2955b8ec9e7f470ce3,delivered,2018-02-25 12:47:36,2018-02-25 13:07:45,2018-02-26 16:44:43,2018-02-27 17:15:40,2018-03-12 00:00:00
bc1e260c14566150f353c716e61215e4,e4356c5636c21749cc7b40da4713bffd,delivered,2018-02-25 14:15:50,2018-02-25 14:30:28,2018-02-26 19:59:19,2018-03-02 22:12:05,2018-03-20 00:00:00
cb5b7fb63c0add7098c025cb737df02e,7e2d8e10c5c9339ad1492ad76452465f,delivered,2018-02-25 17:37:04,2018-02-27 04:31:06,2018-03-01 21:36:54,2018-03-19 16:46:35,2018-04-12 00:00:00
97fa69d1dadf68e14380efff921e2f08,c4a52e51855bb2501617758f2484b199,delivered,2018-02-25 17:49:28,2018-02-25 18:27:21,2018-02-28 18:18:48,2018-03-08 00:28:32,2018-03-20 00:00:00
c13bcd05a0786cade9dec7974f1b5cc1,1c3c352713e2c8c11f15e6f07408751e,delivered,2018-02-25 19:06:00,2018-02-27 04:41:26,2018-02-27 17:48:57,2018-03-08 18:05:07,2018-03-16 00:00:00
b513b10ef81dc22d15e850789a8a96b1,fa3c9c28979e812523cac4180cf5bbca,delivered,2018-02-25 19:08:04,2018-02-27 04:31:09,2018-02-27 17:53:22,2018-03-08 00:10:24,2018-03-21 00:00:00
2a8132eaf9676f8a46d18b33cfe3a993,299cdc3375f721a2bc596cdcc68bacfa,delivered,2018-02-25 22:18:13,2018-02-26 22:10:28,2018-02-27 20:34:38,2018-03-06 23:22:02,2018-03-16 00:00:00
edce2b8ca0cd95e95e9fdd2367beb2e3,ff7920f10be4fe1845f0f029ec67bb9f,delivered,2018-02-25 23:44:16,2018-02-27 04:31:06,2018-02-27 17:20:07,2018-03-14 16:52:07,2018-03-26 00:00:00
119e67c344bd250bb9d6a6f1028fd678,3d2379343a747f1645e5cfdee7ebb595,delivered,2018-02-26 09:14:24,2018-02-27 04:31:04,2018-02-27 21:29:13,2018-03-12 18:21:42,2018-03-23 00:00:00
cbcffd62e7d1e6d26d3a6657731cb96a,343d05fdc8c888fa5ac9fdcea627efc6,delivered,2018-02-26 09:38:37,2018-02-26 09:55:50,2018-02-26 18:54:13,2018-04-16 23:55:37,2018-03-21 00:00:00
80de3fd8e8d43a2f1c9b9561e8c2ff4b,1251538e4e2d9de1c61999470342ed3c,delivered,2018-02-26 10:11:55,2018-02-26 10:32:17,2018-02-27 22:36:34,2018-03-01 15:17:03,2018-03-12 00:00:00
c760cdc6e5179c774d347aced5107555,c1eb5dc27f311b18d0114fad99dc91dc,delivered,2018-02-26 13:13:08,2018-02-26 13:29:55,2018-02-28 01:04:26,2018-04-03 21:22:03,2018-03-26 00:00:00
baa3ed04931dc1b84c68896bc5cfeffb,6e36fa9bf71aa373a6adeceecbe06ee2,delivered,2018-02-26 14:33:41,2018-02-26 14:49:42,2018-03-01 21:49:13,2018-03-28 20:58:44,2018-03-28 00:00:00
5f37c7c9cfd25572ee87b69b77f27b8c,37ab5b60e29f1d9453b6fe478de83135,delivered,2018-02-26 16:02:42,2018-02-26 16:15:40,2018-03-05 22:27:30,2018-03-20 02:08:29,2018-04-03 00:00:00
777f517b51cac586a9532d1d8b596c10,ddf1bb1abaa86fab121917640f8c04e1,delivered,2018-02-26 18:41:04,2018-02-26 18:50:48,2018-02-27 21:26:46,2018-03-16 20:58:54,2018-03-19 00:00:00
0f30693cac68f8597594c35a1dc38a8e,9a667cf2c1f4d414eb5f05d55c22318f,delivered,2018-02-26 20:54:20,2018-02-26 21:09:09,2018-03-12 18:32:43,2018-03-30 00:11:00,2018-03-20 00:00:00
dcef4484357754fc205095e165e01504,8cd433d9c98ec34854fbb512c88a589c,delivered,2018-02-26 21:44:20,2018-02-26 22:08:44,2018-03-06 19:58:34,2018-03-17 00:51:35,2018-04-03 00:00:00
bbdcda6bc4c7d4051fb9d26422a602ea,0199164bec886c94218205248559d7b6,delivered,2018-02-27 07:39:20,2018-02-28 09:51:05,2018-03-09 23:48:38,2018-03-12 13:03:26,2018-03-13 00:00:00
e8c8d04eb8aefee37534cee9af6cefa9,9ec5649350197aadd41086a39651e464,delivered,2018-02-27 11:40:54,2018-02-27 11:55:31,2018-02-27 22:49:00,2018-03-07 20:27:55,2018-03-21 00:00:00
a9c12c3dbd383763a49141b30627fd5d,488119c700bb3cf6723a3216356f2e0c,delivered,2018-02-27 11:51:02,2018-02-27 12:09:22,2018-03-03 00:04:32,2018-03-21 21:32:40,2018-03-23 00:00:00
6c5139dc6f51884e3aef7c8359d820c5,906d4c33b92be4db50b50c3c43964795,delivered,2018-02-27 13:00:35,2018-02-27 13:15:21,2018-03-01 21:40:31,2018-04-06 00:16:44,2018-03-22 00:00:00
7147bfba27147cf06600e5a1577d3a4b,c9208241068995082892e349a3c93140,delivered,2018-02-27 13:23:37,2018-02-27 14:00:26,2018-03-01 14:05:05,2018-03-14 01:51:43,2018-03-19 00:00:00
2792c4f95b24c1a72641cd404561bdd8,8392c78357bb44adca4a1fcb344a6010,delivered,2018-02-27 13:23:38,2018-02-27 13:35:31,2018-03-01 16:09:04,2018-03-13 21:04:48,2018-03-19 00:00:00
292fa4655c8e30747b2b465a8f4d14f7,70a4565a0e2423f8bd3ba63125c901d1,delivered,2018-02-27 13:31:20,2018-02-27 13:48:42,2018-03-01 20:56:38,2018-03-02 21:24:42,2018-03-13 00:00:00
9b95a53cadb5a007d0928bd00265ea08,5686c502f1da3eb97a6b7624efcbee25,delivered,2018-02-27 16:35:46,2018-02-28 09:29:26,2018-03-05 22:43:01,2018-04-05 20:29:39,2018-03-29 00:00:00
6ecdb27739986bd7ba9b2817c39159e9,1b293346430a8dbcd22f860a05a642f8,delivered,2018-02-28 01:19:42,2018-03-01 02:35:30,2018-03-08 19:46:31,2018-03-20 21:41:45,2018-03-21 00:00:00
b9eb8b76c59fb1d0c2bd45104f5a9cba,a8f264ba33c417425b9f36b3087fbb6d,delivered,2018-02-28 09:08:07,2018-03-01 02:49:14,2018-03-08 13:35:43,2018-03-08 22:28:30,2018-03-20 00:00:00
38191a080c6c22b7c4268a2d51a8ac60,8452bb25abb611f34c607c66537d209c,delivered,2018-02-28 10:45:59,2018-03-01 02:50:50,2018-03-03 00:28:47,2018-03-23 18:41:55,2018-03-26 00:00:00
433c1d6f7fd7b4f0fda2d4ebfa84036e,aa12606424f4f403f0888463eac51a04,delivered,2018-02-28 12:19:46,2018-02-28 12:48:36,2018-03-05 12:33:28,2018-03-15 02:58:32,2018-03-19 00:00:00
48f680279ad00e30a9d82f4faa85b992,d5953c17ff6eb3e890cc06072c6894e2,delivered,2018-02-28 14:50:01,2018-02-28 15:11:34,2018-03-07 02:14:29,2018-03-13 20:14:33,2018-03-20 00:00:00
b102a55650928a816173fab1295e4759,2e23a2f3eba4b2ad0f263c2718865f77,delivered,2018-02-28 15:59:21,2018-03-01 02:50:52,2018-03-01 23:27:34,2018-03-18 20:08:47,2018-03-20 00:00:00
81c2d284094f3b39baddefb519a30149,7852937a7bba97be33ab2f1577949aec,delivered,2018-02-28 16:07:14,2018-03-02 02:11:18,2018-03-05 23:56:36,2018-03-20 22:03:16,2018-03-26 00:00:00
c7d894c7be2eb461fb04d81e82f0814d,d74d925687122c0d1cc677e244620341,delivered,2018-02-28 20:09:30,2018-02-28 20:20:48,2018-03-06 01:08:51,2018-03-14 23:48:42,2018-03-19 00:00:00
0b39d78b430d574a6eafefe82c11b4a3,3e3aac425794c9d8f210c7fe2daff787,delivered,2018-03-01 09:01:53,2018-03-01 09:15:25,2018-03-10 01:48:30,2018-04-02 23:07:59,2018-03-20 00:00:00
b8e8b6e0bd1954b4dd4559fb2e7665ef,e4ef09b9f9f020ec589d7d487850c7a1,delivered,2018-03-01 13:27:27,2018-03-01 13:35:34,2018-03-13 17:04:58,2018-04-02 22:28:40,2018-04-13 00:00:00
34334129c5fc3f38fec577b122930761,029f546fde4adb1892e8800cb49b694b,delivered,2018-03-01 14:42:36,2018-03-01 15:40:24,2018-03-02 17:48:37,2018-03-16 22:26:43,2018-03-23 00:00:00
dec5c8b31036f767ced1d8a698be9a8e,6f145b8c9b8d449154c4c4bbf8be56ee,delivered,2018-03-01 17:43:18,2018-03-01 17:55:27,2018-03-07 00:15:01,2018-03-22 22:58:45,2018-05-08 00:00:00
d52140bee663636aa4f6057e50bc06a3,32fa597a3b06db1949ee96c416335b6b,delivered,2018-03-01 20:30:22,2018-03-01 20:49:07,2018-03-02 20:35:25,2018-04-16 16:24:45,2018-03-27 00:00:00
6a82abcbfecb37ea8663513f7c4bf302,0dd483b51c6190c96232df15157970ad,delivered,2018-03-01 23:35:30,2018-03-01 23:49:01,2018-03-02 18:52:15,2018-03-22 15:11:17,2018-03-23 00:00:00
4091882136d80ac3ff9058c8d81e10a4,562ea8b679af1969a0e3d27c05f92c1f,delivered,2018-03-01 23:48:49,2018-03-02 00:09:33,2018-03-05 20:35:07,2018-03-16 10:57:32,2018-03-19 00:00:00
aed4ee357f34e0cc3ce296eb5829d7ae,b65246bbeb74e7bb5639de9495e2ea9f,delivered,2018-03-02 09:40:58,2018-03-02 09:50:42,2018-03-05 21:51:52,2018-03-26 16:59:43,2018-03-23 00:00:00
4877379c51fc3c3826e6a62427675966,9408bd679b8ccfd8de92376ac0cf405b,delivered,2018-03-02 15:06:54,2018-03-02 15:29:07,2018-03-05 19:49:02,2018-03-23 23:08:32,2018-03-27 00:00:00
db46ef9887e9ac7aec3ad2f66978d632,2a6caf771045ece479046cb01df66d1d,delivered,2018-03-02 22:39:33,2018-03-02 22:55:33,2018-03-06 00:48:29,2018-03-12 19:21:42,2018-03-21 00:00:00
999b8d758771edb14fdf3f1a280d8a60,48a43e5bd9323c89b8aa768871746ebe,delivered,2018-03-02 22:53:20,2018-03-02 23:10:27,2018-03-06 01:59:32,2018-03-21 18:08:51,2018-03-23 00:00:00
61587185bfde7d7fc6a93030ddf4a57c,2befd838f726c482b5281c5f849b3cad,delivered,2018-03-02 23:19:40,2018-03-06 03:49:22,2018-03-07 20:33:03,2018-03-20 21:21:53,2018-04-05 00:00:00
116665b63c365f63f79ab891a4a88cfd,e4041e33b658e847dc2627705fb128ec,delivered,2018-03-03 10:20:26,2018-03-03 10:35:47,2018-03-06 23:33:18,2018-03-21 10:48:34,2018-04-02 00:00:00
23c5dff7c1173d8220f26bb0e881e2c8,049393fef7b67922535cadda19054cae,delivered,2018-03-03 12:00:12,2018-03-03 12:15:37,2018-03-06 23:24:31,2018-03-14 19:49:39,2018-03-26 00:00:00
7958d9e7f3083099780539e0054d0c54,ab23dc90e86086221732547085a7f9e3,delivered,2018-03-03 17:11:33,2018-03-06 03:55:59,2018-03-07 00:32:30,2018-03-09 20:13:22,2018-03-15 00:00:00
6b2f7dba402cf63ca207bbe2cc05ef67,7d8140efc81374c2bd667e1dbd457618,delivered,2018-03-03 17:23:30,2018-03-03 17:35:23,2018-03-06 01:38:48,2018-03-15 23:08:57,2018-04-03 00:00:00
ae647800f7009520d784c9c9ab2de7be,e9558d82e022425af9ddb83c83247958,delivered,2018-03-03 18:45:18,2018-03-06 03:55:45,2018-03-06 21:32:35,2018-03-22 02:33:25,2018-03-28 00:00:00
fce11c1012b2c4e62437daaf24cf96a7,a5acb5aeca07d29dc93bef57f887b1fe,delivered,2018-03-03 23:46:30,2018-03-03 23:55:31,2018-03-07 23:14:41,2018-03-26 21:52:04,2018-04-10 00:00:00
27a8d640e6a7be5a3b77ee064c07feea,0e477ff075da653798461adff6337e5b,delivered,2018-03-04 13:13:17,2018-03-06 03:50:49,2018-03-06 18:58:44,2018-03-20 15:57:39,2018-04-05 00:00:00
e4fa46e65ad5c0c84cffc9dcd3176c66,2a29bb358054a0f3c574bd59d4c7f131,delivered,2018-03-04 13:42:37,2018-03-04 13:55:35,2018-03-07 23:08:46,2018-03-15 16:36:37,2018-04-02 00:00:00
87da0bebd85724d8dc20289da550ce1b,7ee037c29b42afccdc066ebeff67d5f2,delivered,2018-03-04 13:44:58,2018-03-04 14:08:43,2018-03-07 21:05:10,2018-03-14 21:16:37,2018-03-21 00:00:00
e4d8efa70d39268e478a400cd60f6e05,198346aca2ea3817a0ab900610c9ca5f,delivered,2018-03-04 14:24:21,2018-03-04 14:35:23,2018-03-05 16:48:34,2018-03-08 22:09:30,2018-03-28 00:00:00
94f522c26f2681ad053b999e34e7b317,fd92e79c1dfcd1ddae4d4630fef5bb7e,delivered,2018-03-04 16:17:17,2018-03-04 16:30:33,2018-03-07 21:27:57,2018-04-05 22:16:26,2018-03-26 00:00:00
9b9bad2c285cab8257e0dbadf191d8d9,9e6a4c410d7d354782949d88b712e12e,delivered,2018-03-04 18:03:29,2018-03-04 18:48:30,2018-03-06 00:23:07,2018-03-07 20:12:33,2018-03-15 00:00:00
b674e463ea07d8a8fac9951be50283f1,cdd95abd40476a4f5f391bbf0edb3735,delivered,2018-03-04 21:37:02,2018-03-04 21:50:28,2018-03-05 17:41:31,2018-04-02 17:37:50,2018-03-23 00:00:00
c73711f15f170e7cd7717f6cca7c32c2,9f7aac16e3d6bd8a5a55f9b9f2aea51f,delivered,2018-03-04 22:47:43,2018-03-04 23:09:16,2018-03-07 21:24:58,2018-03-15 22:46:42,2018-03-21 00:00:00
178358411049ad27f877b8964564528a,71b3c28ced6fa14321a92998ecd717e2,delivered,2018-03-05 10:10:02,2018-03-05 11:00:25,2018-03-06 17:57:42,2018-03-14 21:16:53,2018-03-22 00:00:00
ad5e4b37aefeac1f582990bd5f5097e8,fb40b407e90dc1ba2d6fbe757fd3e9b1,delivered,2018-03-05 10:43:53,2018-03-05 10:55:35,2018-03-08 00:19:04,2018-03-28 12:03:56,2018-03-29 00:00:00
e01d0329ac61c8582a1c115d9af33530,711db73575cd5b4fe3b548c21fe53d46,delivered,2018-03-05 11:23:21,2018-03-05 12:00:34,2018-03-06 15:06:44,2018-03-14 18:51:39,2018-03-26 00:00:00
d3e8a13414ab6f219caf1745f1384b48,8f1ebbe7ddaf3f8846224831161d4141,delivered,2018-03-05 11:54:30,2018-03-05 12:10:24,2018-03-06 19:08:12,2018-03-07 21:22:17,2018-03-15 00:00:00
694197f98148ec200eaeea667995bb35,b7d8c5723ff2af6c90cb7ff564e8d0cc,delivered,2018-03-05 13:51:35,2018-03-07 02:35:41,2018-03-14 21:48:52,2018-04-02 18:28:42,2018-03-27 00:00:00
89dcf119ac3433da8745b713ac6e1e4d,3b8655cca1d71775f761b6fa2b2bf468,delivered,2018-03-05 16:43:45,2018-03-05 18:31:18,2018-03-09 22:42:24,2018-03-16 23:42:06,2018-04-18 00:00:00
8c389c12aa23b689926d20a01729206d,c8fd59bd341fb70b98b85a0a01e4def0,delivered,2018-03-05 20:13:00,2018-03-05 20:28:46,2018-03-07 23:29:02,2018-03-12 22:37:25,2018-03-26 00:00:00
7d11acc91c9f1986270f23fbf9c93e4d,05e237154feb13bc6ef4bb9906d36b5a,delivered,2018-03-06 04:39:21,2018-03-06 04:50:31,2018-03-10 00:43:26,2018-03-23 21:49:54,2018-04-12 00:00:00
d7b6d0af984b10e088f7420344115d2c,4ce8450cc7cf2ef40cfaf535fbacb397,delivered,2018-03-06 09:27:40,2018-03-06 10:09:22,2018-03-07 19:48:51,2018-03-21 21:48:55,2018-03-27 00:00:00
98b2c1f7a79d3a9b3c053ac187ca9ac3,12ca54ef905df73b98dcf7ccb0b92d92,delivered,2018-03-06 11:20:35,2018-03-06 12:21:03,2018-03-10 02:03:11,2018-03-13 23:58:54,2018-03-16 00:00:00
4b47ca7c3201379f99ee4c1f4d0c80b0,ad3251051c6981b78a714268f03e4e4a,delivered,2018-03-06 17:42:44,2018-03-06 17:55:26,2018-03-07 23:19:10,2018-03-22 15:41:14,2018-04-03 00:00:00
0c921abc41428f29f1b5d4c52714fe44,e15f963b1e611bdab0a0b7a8beb0a6f3,delivered,2018-03-06 21:47:26,2018-03-06 22:09:27,2018-03-07 21:14:09,2018-04-09 20:47:34,2018-04-02 00:00:00
e2af4ae300d48b96b78846e01a26c034,2b1d9712b1f02598be78af6b46a741d6,delivered,2018-03-06 23:27:33,2018-03-08 02:30:50,2018-03-14 20:19:33,2018-06-18 17:38:55,2018-04-03 00:00:00
6cfa5243a13a7ea9c5b37fba140d4f9d,c9ea27accd209c13378af27611158cd9,delivered,2018-03-07 13:41:25,2018-03-07 13:50:29,2018-03-07 23:34:03,2018-04-09 23:19:10,2018-04-02 00:00:00
9646824929f3639e4b1733a40e3ae25a,47aed935aadfd0216c914feef077b799,delivered,2018-03-07 15:15:15,2018-03-07 15:31:57,2018-03-08 23:18:30,2018-03-13 13:23:50,2018-03-23 00:00:00
6611a632dd160c4990e284877626223d,c7c0e37ec67378f2ebf1512797ebc2d3,delivered,2018-03-07 16:10:11,2018-03-07 16:29:30,2018-03-08 17:38:27,2018-03-20 18:28:56,2018-04-06 00:00:00
1ab69e6a88c55054f55e82b7ea1c9d34,74b4b073e2a0af2e70dcc84f7fff397a,delivered,2018-03-07 16:36:45,2018-03-07 17:15:44,2018-03-08 18:58:44,2018-03-19 20:08:46,2018-03-28 00:00:00
c12f6da2e568142b38a24c3c2bcf13a2,64642aa123af222fbb120c610625f2ae,delivered,2018-03-07 18:04:25,2018-03-07 18:15:47,2018-03-08 21:21:26,2018-03-12 18:38:36,2018-03-23 00:00:00
fc6fa7fa7977262db8df0b27a56474d8,3c3652ffccad55c942f2f2f2f67a6d78,delivered,2018-03-07 18:34:51,2018-03-09 03:00:36,2018-03-09 19:51:44,2018-03-19 19:19:51,2018-04-10 00:00:00
6bf16500099d133a8d085444083a6c90,8181a8f18604ee6fc011afabf08fefde,delivered,2018-03-08 06:05:56,2018-03-10 04:40:59,2018-03-13 16:29:48,2018-03-21 19:46:31,2018-04-02 00:00:00
09eb1ae749fc79af3f5a2f4481efae6d,fec3ffb806136156a064284eca7d38b4,delivered,2018-03-08 11:11:29,2018-03-09 02:31:11,2018-03-09 20:32:13,2018-03-11 18:34:30,2018-03-21 00:00:00
006127b8b9a1681a982313ed7129c3c0,1aac2b5adf8aec2c00fe67d06aa8ebc2,delivered,2018-03-08 16:01:59,2018-03-09 02:31:25,2018-03-13 03:42:06,2018-03-20 22:27:30,2018-03-26 00:00:00
a0718048b8aff866bc9372ef2e3c961e,9025234933533beefb90c0600ad64363,delivered,2018-03-08 20:56:24,2018-03-09 02:10:39,2018-03-09 17:36:28,2018-03-19 15:18:59,2018-04-09 00:00:00
d694c1f3e3e0bd20d4673555d43c875a,faadd91de8b5f0d5487aad688f998014,delivered,2018-03-09 05:51:28,2018-03-10 03:50:34,2018-03-13 00:32:02,2018-03-21 18:06:55,2018-04-03 00:00:00
b2aadb128e84058f8ff560dbe7466c1c,430cd3039a62d75b60289fae0c1ba8ad,delivered,2018-03-09 09:00:11,2018-03-10 03:51:13,2018-03-13 13:03:13,2018-03-15 15:23:41,2018-03-21 00:00:00
bdb92d2b88b1514aebc54ba49ed0c20d,0808e1fd27de920368bc1c0b7bfc116d,delivered,2018-03-09 11:34:36,2018-03-10 03:49:28,2018-03-20 17:09:52,2018-03-22 20:23:02,2018-04-06 00:00:00
16816559da5727e021514080413bf96d,275929ca67961c4ea678334b15369dd8,delivered,2018-03-09 14:23:12,2018-03-09 15:00:19,2018-03-13 09:53:38,2018-04-02 22:28:24,2018-04-03 00:00:00
66e4624ae69e7dc89bd50222b59f581f,684fa6da5134b9e4dab731e00011712d,delivered,2018-03-09 14:50:15,2018-03-09 15:40:39,2018-03-15 00:31:19,2018-04-03 13:28:46,2018-04-02 00:00:00
011bf86f1b7dacebda2c874333cf656b,e1238987433fd511c3a493ea3d3913b0,delivered,2018-03-09 19:44:33,2018-03-10 19:48:24,2018-03-14 01:38:34,2018-03-21 21:38:35,2018-04-05 00:00:00
68b3cbc68e4cd1fe19bec35f1d3bb7ee,1a814d4c8923ef3a0e978777f00b717c,delivered,2018-03-10 00:42:20,2018-03-10 01:21:04,2018-03-12 21:05:34,2018-03-28 18:13:06,2018-03-29 00:00:00
b3e86749e6dd7b4df4f345abbd329912,9cc7a2a2047164790f51e316659268f7,delivered,2018-03-10 14:10:28,2018-03-10 15:08:06,2018-03-12 20:58:20,2018-04-19 20:44:32,2018-04-16 00:00:00
324bba1a05579faca9bea05049eda757,aed82065b343d8ad3d802fe259e945d5,delivered,2018-03-10 17:20:00,2018-03-13 09:47:30,2018-03-14 22:58:46,2018-04-09 13:02:55,2018-04-05 00:00:00
b48cb919226eab68275c008f1c5057b8,f8396c2772c6c3ce84355de60ecc3b06,delivered,2018-03-10 20:20:28,2018-03-10 20:30:30,2018-03-13 22:03:45,2018-03-24 14:18:18,2018-04-13 00:00:00
33b85e6449a3f1684051b4a02f871871,c3cd038d997ea6bbea55217829a7d158,delivered,2018-03-11 10:15:39,2018-03-12 10:15:42,2018-03-21 21:04:42,2018-03-28 21:56:36,2018-04-09 00:00:00
f83c68e578bac1175f2406be22ffa402,ab42f0d79cbb06a620ad8cdf613aaa04,delivered,2018-03-11 11:00:55,2018-03-11 11:10:33,2018-03-20 17:51:30,2018-04-11 01:06:31,2018-04-26 00:00:00
3f7ac2772804d1316e995c3621024c7f,24c4a139416d9ba7fc593a3dc162df8b,delivered,2018-03-11 11:38:50,2018-03-11 12:10:02,2018-03-12 23:11:22,2018-03-15 16:58:44,2018-03-22 00:00:00
e63b37ab1f91c70300e77e21b27ad11f,02d82f830047e8f02a1092bc7c6599ac,delivered,2018-03-11 12:03:54,2018-03-11 12:15:30,2018-03-13 00:08:39,2018-03-22 20:47:23,2018-04-09 00:00:00
e4a9d5a37203129914a3e9371fd5af07,55131aa3ad93e5d6765635d785ac5de3,delivered,2018-03-11 14:04:34,2018-03-13 04:40:28,2018-03-21 22:06:52,2018-04-10 04:03:15,2018-04-04 00:00:00
3f35e6f6080a0f108570a0f177f8c2bd,288d54d6a596b42c55779d33d5d29ad3,delivered,2018-03-11 15:11:26,2018-03-11 15:28:03,2018-03-13 18:36:39,2018-03-28 06:32:57,2018-03-29 00:00:00
787ae1110521f3a8bc19a7ac93b8c914,06d59aa5dcec13f7cb753276300a499b,delivered,2018-03-11 19:24:31,2018-03-11 19:35:50,2018-03-12 22:32:22,2018-04-03 21:28:49,2018-03-29 00:00:00
bb0254422b24df86bddb238203a16aa4,360c6d74bfa06f876676a09b73bdc9d8,delivered,2018-03-11 21:46:07,2018-03-11 22:40:25,2018-03-13 01:38:44,2018-04-12 17:50:29,2018-04-04 00:00:00
e8ea9d1180aed78c71b3a9361bcdb9cb,add72ef6c37408eddeec3a287b2eba21,delivered,2018-03-11 23:42:04,2018-03-11 23:55:30,2018-03-12 23:41:25,2018-04-14 16:03:16,2018-04-13 00:00:00
b97ba48cd74f9ae244f54338636046b3,66f5f0c5a0240902a45b2a6fa8302fd2,delivered,2018-03-12 00:06:54,2018-03-12 00:28:28,2018-03-12 21:12:26,2018-04-24 17:48:49,2018-04-02 00:00:00
36783db8698edf3ba7585d93b5a1c4bf,87cb7c251cf447f098601c8469b7c843,delivered,2018-03-12 08:31:33,2018-03-13 04:30:31,2018-03-13 20:08:49,2018-04-03 00:22:50,2018-04-12 00:00:00
bf00ad2335cd5715823f0f1980a8e8ab,c19bd2838dfae130a38bbb73470aa416,delivered,2018-03-12 09:21:27,2018-03-13 17:55:40,2018-03-14 21:52:04,2018-04-10 18:54:31,2018-04-09 00:00:00
daed0f3aefd193de33c31e21b16a3b3a,cf258f4e485365461f6a68cf2720c60e,delivered,2018-03-12 15:21:32,2018-03-29 11:35:16,2018-04-02 12:36:42,2018-04-10 16:48:54,2018-04-03 00:00:00
4248cc55f19d24204c0c33dbb85fb696,d706ed121a700402a00a1e331395c6a5,delivered,2018-03-12 16:10:40,2018-03-12 16:27:54,2018-03-13 18:07:44,2018-03-22 12:39:00,2018-04-04 00:00:00
5e235e61ce267978794f9d8f22465386,db020f723e4bc1be8a09d3f47cf2c94c,delivered,2018-03-12 16:47:42,2018-03-12 16:55:59,2018-03-13 19:38:37,2018-04-03 18:23:00,2018-04-05 00:00:00
4ef1fb511f57ffa4b73140b0ac2d1908,0b0d7d1cf1fe43bd5ecafafb0e92e15c,delivered,2018-03-12 17:02:04,2018-03-12 17:10:48,2018-03-13 21:38:37,2018-03-20 22:05:07,2018-04-03 00:00:00
db9f2956d5aa9406afedc858c51c2f5f,545b3f9dcf5aebe2020cbdcc23c06101,delivered,2018-03-12 21:31:27,2018-03-12 21:48:12,2018-03-14 00:24:25,2018-04-03 23:08:34,2018-04-12 00:00:00
303edeab6728412b08ad9c17990159a4,4c9004b01af30ce7bfbd35333b5da18d,delivered,2018-03-12 22:13:08,2018-03-12 23:35:25,2018-03-15 16:46:34,2018-04-04 22:32:26,2018-04-02 00:00:00
7f126ce314da7b5c37034cc7b24873a5,4b9966a134d8d1dc47d327095a63ece9,delivered,2018-03-13 01:17:45,2018-03-15 03:15:51,2018-03-16 01:18:44,2018-03-16 17:27:33,2018-04-13 00:00:00
b07680c80c64e1f1ca41d4337b5e773a,9b4f57a8bb053fe5b95db4a7d30958cf,delivered,2018-03-13 13:01:46,2018-03-13 13:15:29,2018-03-16 20:22:08,2018-04-23 18:34:27,2018-04-10 00:00:00
6542055e71e2ba285676fe57d0822618,1fe381f4b615df3b145782822bc200af,delivered,2018-03-13 13:33:43,2018-03-13 14:28:32,2018-03-14 16:37:44,2018-03-20 16:03:23,2018-04-05 00:00:00
630d50b3a0f69b6ee270ae91d0594969,a3ac867d63cf8677e8a73b97363ce38a,delivered,2018-03-13 16:57:45,2018-03-13 17:40:30,2018-03-16 19:45:02,2018-03-27 19:57:48,2018-04-03 00:00:00
5fcbedfee2eec6f8ecdcac610148b4c3,5a9c6e20ad0f70fe45ae3bfe4cd8463b,delivered,2018-03-13 20:20:25,2018-03-13 20:35:24,2018-03-14 22:11:20,2018-03-20 13:37:03,2018-03-23 00:00:00
2a631e30de2dfb9f193f5f25f13a3a36,b1d892aa7b187f3e981f1ee0f4799f59,delivered,2018-03-14 09:44:29,2018-03-14 10:28:03,2018-03-14 23:21:16,2018-03-23 20:41:40,2018-04-05 00:00:00
86d6fa41b6c66125efbca077e4eb2d6b,7a07803f009e64b708ee52cec0808f85,delivered,2018-03-14 10:22:03,2018-03-14 11:00:36,2018-03-14 20:31:51,2018-03-29 17:42:42,2018-04-02 00:00:00
2f67ec476091f734246617044852096f,09ce0754a6b5bcbb8c24d38a6ce54543,delivered,2018-03-14 11:31:04,2018-03-14 12:47:54,2018-03-14 21:58:58,2018-04-03 20:13:13,2018-04-05 00:00:00
6f45fec2b3df1efa2877044cda7a6143,1207f9024cf3352f0bb86cc319cb2ced,delivered,2018-03-14 11:34:41,2018-03-14 12:08:56,2018-03-15 16:28:22,2018-04-06 23:19:18,2018-04-04 00:00:00
6dd1e9171ca5bf5283a7ba404d491d7f,e62e830af196c5e53f3d4f39677ddb04,delivered,2018-03-14 14:01:13,2018-03-14 14:40:20,2018-03-16 18:24:29,2018-03-21 18:27:36,2018-03-26 00:00:00
0cdea1c34ce2e9ca670b2e6df1d6c207,11f0c49caade1b82c30832ba7cb8fb5c,delivered,2018-03-14 14:16:35,2018-03-14 15:00:22,2018-03-19 17:39:51,2018-04-09 16:41:14,2018-04-03 00:00:00
d8f68e0ae10289264edb3f3bf8cac054,af8f3d820b6f704c37c873d7a8afc374,delivered,2018-03-14 22:28:11,2018-03-14 22:50:07,2018-03-15 20:32:31,2018-04-25 00:53:33,2018-04-19 00:00:00
244fa75a78000346e4055ffd6fabfcce,c577dadeb07228715ffb1ec1549b1c0a,shipped,2018-03-15 10:53:44,2018-03-16 03:45:32,2018-03-19 20:08:54,,2018-04-17 00:00:00
8f91b7a70604c68b017c9f0f74149c1c,2026006bf7461b9cf591e44a9bf9cd9a,delivered,2018-03-15 11:27:04,2018-03-16 15:15:32,2018-03-20 20:16:28,2018-04-25 02:37:19,2018-04-18 00:00:00
8f3c52ba80c75571b11705b0405b8696,3eb36db99e4bc4055ff570d968e76e07,delivered,2018-03-15 12:13:51,2018-03-16 03:50:14,2018-03-28 17:03:13,2018-04-17 19:34:53,2018-04-18 00:00:00
38503f70701540d016bbec9c5f9ad4cb,e5a5bac36da02c518203707259c9d838,delivered,2018-03-15 17:03:40,2018-03-15 17:15:52,2018-03-19 16:16:54,2018-03-22 19:48:40,2018-04-10 00:00:00
b675c85f6d0f5171914694e00382548d,e536895ab7864eaf78dc9ce8ad805a34,delivered,2018-03-15 19:07:43,2018-03-15 19:15:50,2018-03-16 21:36:49,2018-03-20 20:36:44,2018-03-27 00:00:00
44b7e745838a4567bea39348717073cb,c735eb0078030fe24d1ab1390468c19d,delivered,2018-03-15 19:25:20,2018-03-15 19:48:32,2018-03-21 00:39:02,2018-03-22 01:26:31,2018-03-27 00:00:00
7aec44a29db806091272db5aeb0007d4,b1cab246c245455519a3cd45d8d5b3da,delivered,2018-03-15 19:54:03,2018-03-15 20:08:26,2018-03-20 00:16:34,2018-04-02 20:08:36,2018-04-13 00:00:00
1bbd797e11dcb66d689e9b52df1784e9,68401f5c05de1fc6006bf56f4bd3b5a6,delivered,2018-03-15 23:46:36,2018-03-16 00:09:19,2018-03-19 21:32:18,2018-03-20 22:12:18,2018-03-27 00:00:00
ffe2b9e50ccbd9695f42c906f6d9010c,d8eaef18d54f26637bdd57fb1254bbb6,delivered,2018-03-16 12:02:38,2018-03-16 12:15:33,2018-03-19 12:47:54,2018-03-23 19:52:04,2018-04-10 00:00:00
c78c4581ef415a62752949676aee4b2c,d1620e380ac9119df0c9af90121f7fd3,delivered,2018-03-16 14:35:21,2018-03-16 14:49:49,2018-03-17 00:28:28,2018-03-23 22:06:31,2018-04-18 00:00:00
e5ab716f8e12b45fff646161c4c83ed0,a417afdddebc6a39bf0940fe6c601ba5,delivered,2018-03-16 15:22:21,2018-03-16 15:49:39,2018-03-20 23:34:47,2018-04-02 19:26:34,2018-04-04 00:00:00
4b7597bd96f89b605623a55db1471b1d,2573207acd565358bd39471c79676c5b,delivered,2018-03-16 16:08:04,2018-03-16 16:29:21,2018-03-22 18:46:43,2018-04-20 00:11:54,2018-04-09 00:00:00
7ebb465e553544cd857833f5421c456b,8491928e247c258dc396efde00f2b6ed,delivered,2018-03-16 18:26:02,2018-03-17 02:50:44,2018-03-21 00:48:52,2018-03-29 19:36:50,2018-04-04 00:00:00
4a0e80769135f6a7ee952872fb2f7fc4,94e3bbb32ca95492eebcfc811695e965,delivered,2018-03-17 09:55:21,2018-03-17 10:09:02,2018-03-19 19:20:49,2018-03-24 02:32:10,2018-04-06 00:00:00
0f0dcff95d53d151facf1af7575432cb,3b0fd9775eab322c7a98dc12b3b35a5b,delivered,2018-03-18 11:11:19,2018-03-18 11:28:00,2018-03-20 21:04:16,2018-04-05 21:08:41,2018-04-06 00:00:00
4d107edcce9acf824db9d203dcf9fecf,d6a3a0fbd3d52a8cc638b0ae1dbd00d0,delivered,2018-03-18 12:22:33,2018-03-20 03:48:35,2018-03-21 18:22:37,2018-03-26 15:14:41,2018-04-05 00:00:00
9c7f5f2dbba113d7f850c122bf2dec03,2e07ff10864815e97a1fdd6e2804733e,delivered,2018-03-18 12:30:47,2018-03-18 12:47:37,2018-03-22 16:32:34,2018-04-10 21:46:29,2018-04-12 00:00:00
f8f39c04af57100b2067941cddcb9376,a08554ba3f0715d9ada0d693dc036a3c,delivered,2018-03-18 16:34:18,2018-03-18 16:45:35,2018-03-20 19:26:28,2018-04-21 17:32:50,2018-04-16 00:00:00
864c35df1adf744f8b1aed55f947f192,6f40a2defdd5b7721f83ea57d31f3007,delivered,2018-03-18 21:57:15,2018-03-20 03:30:55,2018-03-22 20:51:05,2018-03-29 22:21:09,2018-04-05 00:00:00
04d95724f8e595ca13c0806541d39973,e95994d81b2fd9150bace0cd8a7b8024,delivered,2018-03-19 10:05:40,2018-03-19 10:27:03,2018-03-20 17:12:19,2018-03-21 18:24:20,2018-03-29 00:00:00
16d56a02b43b518cd146d842555b22ba,183c90ac1c0a763b5c69fde1cc691200,delivered,2018-03-19 13:22:16,2018-03-19 13:35:38,2018-03-20 23:28:43,2018-03-22 16:08:48,2018-04-06 00:00:00
c4f5504eb498132dfe82275f26005459,979a8aa060214efede0c9c0ee7915325,delivered,2018-03-19 16:47:59,2018-03-19 17:09:48,2018-03-21 00:25:41,2018-03-27 16:38:35,2018-04-16 00:00:00
bd859dd7a6a1b8c1df9fcb75c3604eaf,db12eed5694b676a8e2e6943eabf3353,delivered,2018-03-19 20:13:59,2018-03-19 20:28:06,2018-03-20 22:41:44,2018-03-27 23:12:33,2018-04-09 00:00:00
484d8bdbb5839ffad3b48130d17db006,5d6b137b4a18086f6aa7fa255fbe0f1c,delivered,2018-03-19 20:19:50,2018-03-19 20:30:26,2018-03-23 21:52:42,2018-03-26 22:52:43,2018-03-29 00:00:00
8564eda5247ce8353cdf36e0ccd2f2c7,34767d7c5bd566155efa60611cd0d56b,delivered,2018-03-19 20:38:33,2018-03-19 20:50:36,2018-04-16 16:17:17,2018-04-24 23:32:36,2018-04-19 00:00:00
25ce3a22fa2537206c22c8bef4f9b593,c2dcd18bfda62523dbd2c53ead8b5fe8,delivered,2018-03-19 20:50:39,2018-03-19 21:09:12,2018-03-21 19:35:11,2018-03-26 17:49:09,2018-04-11 00:00:00
ad2a607cb972296b63c687849e21dd34,a93aaf1f50fd874a8d2cf3413cc2a9f3,delivered,2018-03-20 12:46:43,2018-03-20 12:56:39,2018-03-27 19:28:02,2018-05-04 13:06:54,2018-04-19 00:00:00
15b5cb72b88eef3759d55a8d7cbf0a6c,912c39e31c96d11b74a4711d64c6740d,delivered,2018-03-20 14:27:40,2018-03-20 14:49:27,2018-03-23 00:38:41,2018-04-02 23:31:54,2018-04-09 00:00:00
d1bca6bd89a51ad2a0753b608c06f469,a056b5c80306d01173b92f2ec265b90f,delivered,2018-03-21 11:43:49,2018-03-21 11:55:43,2018-03-23 22:57:29,2018-03-28 19:44:41,2018-04-13 00:00:00
f2ff6d86273f7dcc14a4ce28d03b3b12,c5dcb73af5982dbcb537f98f4cb30f5c,delivered,2018-03-21 13:05:51,2018-03-21 13:48:15,2018-03-22 21:20:39,2018-03-24 00:07:51,2018-04-03 00:00:00
2dfb87489b5804dbc8293320a24aac0f,d99f288e450885b0341d068671fcf5a5,delivered,2018-03-21 13:18:40,2018-03-21 13:30:34,2018-03-23 13:42:54,2018-04-10 15:52:11,2018-04-16 00:00:00
4b56b0f11819efbf57af78ef26982ca5,683fb9798e710428ce7304acbd9bbcaf,delivered,2018-03-21 18:49:06,2018-03-22 21:07:30,2018-03-28 20:28:52,2018-04-09 22:39:42,2018-04-19 00:00:00
ef0bfeea98c53b5b6fc4d39a7eeae081,d1ca2f71f763751aed6278bc5916151d,delivered,2018-03-21 20:09:14,2018-03-21 20:28:35,2018-03-23 01:13:06,2018-03-26 18:48:36,2018-04-03 00:00:00
773df75aea7caa830e319150c9e54c90,c14f029f1f1925a1094b30437a8425b4,delivered,2018-03-21 20:20:16,2018-03-21 20:35:41,2018-03-22 22:51:27,2018-04-04 18:04:59,2018-04-12 00:00:00
062b1b23a7928be5abeb406e5889e08e,7d6a0d2bc3cd8656c1be4de50b4d73d3,delivered,2018-03-21 22:46:08,2018-03-23 02:07:35,2018-03-23 18:44:30,2018-05-08 20:19:01,2018-04-23 00:00:00
1fbf181e068d25051390f9f53d45ce0d,aab6bdb5ac89272cebc58bc9c59a45f2,delivered,2018-03-21 23:46:43,2018-03-22 00:08:13,2018-03-22 21:24:21,2018-03-27 19:22:05,2018-04-12 00:00:00
56f324c9f0ec2e68082d34b849622244,c2a147742844075d9ecd7f1b17964a3c,delivered,2018-03-22 10:01:52,2018-03-23 02:07:37,2018-03-23 19:48:30,2018-04-04 21:48:22,2018-04-10 00:00:00
a8b53c7a7288e0478af915b26764b54b,77acf6c07ec68312b7a4ad8016d3c731,delivered,2018-03-22 11:52:57,2018-03-23 11:50:22,2018-03-27 15:16:38,2018-04-03 18:58:58,2018-05-02 00:00:00
fb1d06cccaa9f157355d83d52634c957,ee5623f1e838be7d736d0592a4e870f3,delivered,2018-03-22 14:41:57,2018-03-22 15:31:20,2018-03-23 20:41:31,2018-03-27 23:48:33,2018-04-04 00:00:00
534c285356eb06898b7ea7edbb14476b,b692fb160782271845b7c858cbd9c1df,delivered,2018-03-23 08:49:19,2018-03-23 09:08:35,2018-03-23 23:04:33,2018-03-28 02:52:21,2018-04-11 00:00:00
5da33f2ec794bb55994fc59563a04107,983946c69566f5620dd3e943b936cbd3,delivered,2018-03-23 09:42:44,2018-03-24 02:15:56,2018-03-30 01:36:29,2018-04-09 18:28:49,2018-04-13 00:00:00
96f236475cf9ab0ff0c202d36a84b311,1c225b9fdf91a8323ec6c5832c83bf07,delivered,2018-03-23 10:26:19,2018-03-23 11:31:37,2018-03-23 22:09:46,2018-03-29 19:58:47,2018-04-11 00:00:00
000e63d38ae8c00bbcb5a30573b99628,98884e672c5ba85f4394f2044e1a3eab,delivered,2018-03-23 19:48:26,2018-03-23 20:07:49,2018-03-26 21:38:48,2018-03-27 14:51:47,2018-04-05 00:00:00
7fc9cfbe25b5e0d747a0b4ca5678aaf3,fda906ebb2234e1b3759767055e1dc89,delivered,2018-03-24 20:39:37,2018-03-25 20:35:30,2018-03-27 02:08:55,2018-04-05 00:44:24,2018-04-19 00:00:00
02d0cd05f04ab2e3c1acc473b0abc865,7a8cd6b234a923bf3984d793b0b64154,delivered,2018-03-25 14:19:18,2018-03-25 14:30:49,2018-03-26 22:42:17,2018-05-16 12:24:28,2018-05-03 00:00:00
823bfedb2c6c0e1d98750d4d7fb3c1a0,31f0f6f285d4ddb2179e8d695930202e,delivered,2018-03-25 15:32:59,2018-03-27 03:35:15,2018-03-28 20:27:36,2018-04-02 20:36:35,2018-04-12 00:00:00
4a02bc45b72b95ce8a16efd46f2e1e47,56e7dc9ec7db12bd7cea05083b896a5c,delivered,2018-03-25 23:38:03,2018-03-25 23:50:35,2018-03-27 00:46:43,2018-03-28 19:38:45,2018-04-06 00:00:00
fd9cab205c6b8e485793804e2fdab6fc,5015b446c93382510a9e662ef293c54e,delivered,2018-03-26 10:11:45,2018-03-26 10:27:21,2018-03-27 01:14:34,2018-04-09 21:58:50,2018-04-12 00:00:00
7bdcc37d1c5c4c392f14375e50a41a04,2776b143819749dc8da150f1ce56e8de,delivered,2018-03-26 18:14:15,2018-03-26 18:30:21,2018-03-27 16:55:38,2018-04-18 21:21:36,2018-04-23 00:00:00
0199edc5b01351df8e73a674aa473ee7,669fa2dbff38c196161e330c91842143,delivered,2018-03-26 19:33:09,2018-03-27 04:10:16,2018-03-27 23:43:08,2018-04-03 19:38:37,2018-04-12 00:00:00
197b967f01bda6ab29436b91844e5e90,54c1128e63b28664c615c1b7f33636bc,delivered,2018-03-26 19:55:47,2018-03-27 19:50:21,2018-04-09 23:23:25,2018-04-22 14:58:33,2018-04-13 00:00:00
4d5edcd8dc3dd4c5a02b9a0d0773b621,8682e993cedaa7ea1535361f2dfc0d6e,delivered,2018-03-26 20:39:11,2018-03-26 20:50:15,2018-03-27 21:52:16,2018-04-09 19:04:08,2018-04-23 00:00:00
1b27045ffd0c3cc49c737c6ec7c4756a,01e2dee0a2e7464a701d0c480225501c,delivered,2018-03-26 22:18:49,2018-03-26 22:30:12,2018-03-27 18:14:31,2018-04-02 20:58:26,2018-04-18 00:00:00
7d265b674601988f57e127c10abba93a,0f3c6edd9f58c263db53fdb1783a249d,delivered,2018-03-27 09:06:00,2018-03-27 09:15:24,2018-03-28 19:36:41,2018-04-06 01:50:38,2018-04-17 00:00:00
ba637aace31b817e0f186405ae78ccca,f8e504ca6e18fe0afcf86d5b30817489,delivered,2018-03-27 14:32:43,2018-03-27 14:48:00,2018-03-28 18:24:56,2018-04-09 12:38:20,2018-04-13 00:00:00
4445dce651ca1507b70574af329d7405,929fd9448095bf482d53450ac67a7c86,delivered,2018-03-27 14:44:45,2018-03-27 15:07:58,2018-03-28 22:28:38,2018-04-17 17:08:55,2018-04-17 00:00:00
482a3e5009a4090348fe6f7d637a53a4,d49cbdbee1c22fbbc2ac603f3c4f17fb,delivered,2018-03-27 17:42:37,2018-03-27 17:50:20,2018-03-28 23:16:30,2018-04-18 20:13:47,2018-04-23 00:00:00
61fc1e01fc9cd8344b0d1fda336a8be1,597edd65d504b2f95dcfb29735c50c00,delivered,2018-03-27 20:39:09,2018-03-27 20:55:27,2018-03-28 18:54:31,2018-04-16 21:48:42,2018-04-18 00:00:00
b0a793772ff8d61844c0b654b342321c,69d18563a5f35efbb3559c926d4326ab,delivered,2018-03-27 23:07:10,2018-03-27 23:15:23,2018-04-02 14:39:50,2018-04-19 16:56:41,2018-04-13 00:00:00
3becc6bf91be2f15e6373b353532e294,9f6b8355f612973c067b66f28c966c5e,delivered,2018-03-28 09:52:38,2018-03-28 10:08:46,2018-03-29 15:49:01,2018-04-06 18:11:48,2018-04-19 00:00:00
667d5edf566de718db1489ba407232ee,edd13b692c82a56009adfb70e6f74391,delivered,2018-03-28 13:22:47,2018-03-29 03:15:25,2018-04-04 17:57:56,2018-04-17 18:31:52,2018-04-24 00:00:00
47aa1d8d4f3edcd905a4ec406c3b5ab8,838ea018e5f1adb0329e906f7381b756,delivered,2018-03-28 13:39:16,2018-03-30 03:15:49,2018-04-04 00:28:44,2018-04-27 11:34:35,2018-04-20 00:00:00
42f42f42e7e1be68ce691280f140b2b6,63bb651df1ecc3911737bf73a6cf1abe,delivered,2018-03-28 14:43:02,2018-03-29 03:15:20,2018-04-03 23:05:15,2018-04-05 00:52:51,2018-04-10 00:00:00
37c9baad44854a2d5ac7022b4228dbab,ce05207bad22b9e8c744d1b1ea2ea0d2,delivered,2018-03-28 15:12:22,2018-03-30 03:09:02,2018-04-03 02:08:44,2018-04-05 22:08:37,2018-04-17 00:00:00
17e3bdfb40f275e758587eb0df1e7516,d3635b8eeab30334c8add14ca042370e,delivered,2018-03-28 16:56:28,2018-03-28 17:08:05,2018-04-02 20:10:39,2018-04-03 23:05:35,2018-04-10 00:00:00
1a95c6f54a52a5b725f80bdbeac6cfda,5ad3fce8e3abe6a24c08115372f307dc,delivered,2018-03-28 19:28:24,2018-03-29 19:27:51,2018-04-04 23:51:29,2018-04-16 13:32:16,2018-04-16 00:00:00
ccd8c28b87350369cecbd3d56662c116,6ba0dedafbdfea05e28bb3740df29bd1,delivered,2018-03-28 20:46:50,2018-03-28 21:07:39,2018-04-04 12:24:26,2018-04-17 20:08:44,2018-04-23 00:00:00
451d82f07a1528cdce26398f1f04f8f7,51f1ef966d93ed18b593af1a76438594,delivered,2018-03-29 09:01:09,2018-03-29 09:15:12,2018-04-02 22:38:36,2018-04-10 18:49:07,2018-05-02 00:00:00
08e4ca5f437f69407fb01cabd2d7a0b8,597bd0e14e006030f62d7f250c38cdc8,delivered,2018-03-29 11:14:04,2018-03-29 11:28:09,2018-03-29 23:27:22,2018-04-09 18:14:51,2018-04-11 00:00:00
f387eb734dc3346d68ecfdaf4f0ab0ee,86ecdd6c5aa780b8cbf7ba23ce92532a,delivered,2018-03-29 15:07:10,2018-03-29 15:29:51,2018-04-25 15:36:00,2018-04-26 13:51:58,2018-04-23 00:00:00
db7b88e881d8890d4ea491444d0e43ed,ee03d69257bc84a3ebe06a1255e62b49,delivered,2018-03-29 17:02:55,2018-03-29 17:15:13,2018-04-02 16:43:34,2018-04-06 20:26:41,2018-04-17 00:00:00
9f76e95321ab8f7aa87cb1ec8152b38f,529906e040afd74948661743fb67bed6,delivered,2018-03-30 14:59:18,2018-03-30 15:47:11,2018-04-02 17:08:29,2018-04-20 22:08:41,2018-04-23 00:00:00
3dff7447814a5f3da382bcedafa59462,23631c049ed4b436d8a991ccdeb55b3c,delivered,2018-03-30 18:33:39,2018-03-30 19:15:16,2018-04-02 18:08:32,2018-04-03 20:24:35,2018-04-26 00:00:00
3928bef4d3f8fa821470cf243db72d24,24414a412311a39ecea65effcebfda99,delivered,2018-03-30 20:12:35,2018-03-30 20:27:19,2018-04-02 18:04:14,2018-04-12 13:28:26,2018-04-27 00:00:00
442f0c23874c2066610c590e95ebfa4a,f38e7e94fe8e324a27a966b5903aeb7a,delivered,2018-03-30 21:44:53,2018-04-03 05:48:51,2018-04-04 00:12:53,2018-04-11 17:36:29,2018-04-26 00:00:00
4fc72988165ca65c53de230e436b1073,8276cb02ce893d6478b503ae76c4302b,delivered,2018-03-31 19:45:37,2018-03-31 19:55:20,2018-04-05 17:22:26,2018-04-07 15:15:46,2018-04-12 00:00:00
113e0c165fdf93f9e1017dae01292548,8ed69cbab6a80fa4eb8ccb13bee2e667,delivered,2018-04-01 16:19:09,2018-04-01 16:35:18,2018-04-02 19:34:51,2018-04-03 21:33:02,2018-04-13 00:00:00
a0aef57f230423695817deb4c1b4fe7b,5b5647d181199dd67334fb89f49c1206,delivered,2018-04-01 18:58:56,2018-04-01 19:10:08,2018-04-03 19:10:54,2018-04-05 13:02:32,2018-04-12 00:00:00
ebca4856d6b3b849437fe99d11633d25,4e38e9f25b539d9529b38fef4e62b3d4,delivered,2018-04-01 21:29:36,2018-04-01 22:10:32,2018-04-05 18:42:34,2018-04-30 20:39:38,2018-04-24 00:00:00
e2bdd50123225ac6e08ff517b00fd06c,fe4869851c79359d114ba6ae40984e4f,delivered,2018-04-01 22:29:55,2018-04-01 23:10:15,2018-04-03 14:34:45,2018-04-17 17:06:38,2018-04-20 00:00:00
9814a337a2470787f24426bf0af8b16b,be2abc57e92c541f83e8be9e8a8fd1af,delivered,2018-04-02 11:02:38,2018-04-02 11:15:21,2018-04-03 22:56:50,2018-04-04 15:29:04,2018-04-12 00:00:00
62073ec6b54b8e6322037fc0f3591ad3,368f207cdc8f5c93a2b2a5d4cce96ba8,delivered,2018-04-02 12:22:06,2018-04-03 20:29:09,2018-04-17 22:46:22,2018-04-24 20:36:50,2018-05-10 00:00:00
987cfe3348684fc007a1e9a4825eadb4,8bba830be57bad4ed0b40743372ce289,delivered,2018-04-02 14:26:59,2018-04-02 14:51:04,2018-04-04 18:31:41,2018-04-11 02:41:48,2018-04-18 00:00:00
31f2b7c70b716879e5c4080ef87f20bc,98b8e49c0cf885f1da80403205b422a6,delivered,2018-04-02 15:37:39,2018-04-02 15:50:16,2018-04-03 20:55:25,2018-04-09 21:36:46,2018-04-18 00:00:00
ef519547cb72d3ac42ff707948fdb963,b1f0a629f39ec410be67ab09638095c4,delivered,2018-04-02 17:49:06,2018-04-02 18:09:53,2018-04-04 00:12:53,2018-05-20 17:36:37,2018-05-04 00:00:00
4faf80dc9fb66032ad2dfb5a78c2c56b,2c9948887f75cb26e1831f13d88676cc,delivered,2018-04-02 18:52:25,2018-04-02 19:08:01,2018-04-03 23:29:42,2018-04-09 14:26:44,2018-04-25 00:00:00
bbb8f308ef79e2783aa8714a4fa7e2a8,2053482e414b4e2f2bd0dc9715f300a8,delivered,2018-04-02 20:56:08,2018-04-03 05:28:26,2018-04-07 00:42:34,2018-04-09 14:52:25,2018-04-12 00:00:00
dbf8b161073da5d187b1b739a7dc9b86,6a6d5c560d1072a67be9ee533125d9ed,delivered,2018-04-02 22:16:22,2018-04-02 22:55:27,2018-04-04 17:11:58,2018-04-05 18:14:40,2018-04-12 00:00:00
777b4b0b8467866361a717d277ef1b1f,c21e32dc14bf1951f1cde9b3d149f35b,delivered,2018-04-02 22:55:40,2018-04-02 23:10:16,2018-04-03 21:08:55,2018-04-16 20:56:46,2018-04-19 00:00:00
b19f37ba4b4c83791c9bead49f965926,0b873e99a8f0f2b3432d1678dc3fd2a0,delivered,2018-04-03 10:18:33,2018-04-03 10:30:32,2018-04-03 22:03:08,2018-04-11 15:58:50,2018-05-02 00:00:00
9887daa2e1181336df4be8ea011d196a,9fe2f3fb24c5a450e4d649be659b692d,delivered,2018-04-03 10:52:08,2018-04-03 11:10:24,2018-04-04 18:58:38,2018-04-09 19:54:48,2018-04-20 00:00:00
c596d8640962b115481b374c7b881f6a,d2791613005cb0e44b5732c48bb8ff42,delivered,2018-04-03 11:52:28,2018-04-03 12:09:38,2018-04-03 22:47:31,2018-04-19 06:41:50,2018-04-23 00:00:00
94c302f23bee09a61c1aab616b01b7b0,7279859141575c9865ad01ef92b7fe72,delivered,2018-04-03 13:38:22,2018-04-03 13:50:21,2018-04-04 00:18:23,2018-04-07 01:02:46,2018-04-13 00:00:00
c9c25c5398564d49b8e1db3c3e620d4d,03440934dd266ec0b356eed6e0191612,delivered,2018-04-03 14:14:35,2018-04-03 14:30:14,2018-04-04 22:16:34,2018-04-23 20:30:44,2018-04-26 00:00:00
32d8aa395f9c9f357e1e3f7b214b9082,d8d5514df601db9674d6629aa69987c0,delivered,2018-04-03 14:33:52,2018-04-03 14:49:11,2018-04-07 00:51:57,2018-04-30 19:12:26,2018-05-04 00:00:00
57e27e0f4ce02fc858627e4c46e51e9d,0277bd798b42071cb092b1795dbae947,delivered,2018-04-03 19:04:17,2018-04-03 19:15:24,2018-04-04 20:39:35,2018-04-12 20:58:59,2018-05-11 00:00:00
82546b6c4067f92f498a1cf281dd791e,3c726d68f076146069063ee94233eddc,delivered,2018-04-03 22:08:31,2018-04-03 22:28:55,2018-04-04 20:39:35,2018-04-05 21:33:12,2018-04-23 00:00:00
5e5d1342989d05440629e2162fa52d07,54efba24ef631ff2c2088f8320499ea5,delivered,2018-04-03 22:29:26,2018-04-03 22:49:34,2018-04-04 18:33:14,2018-04-13 20:24:51,2018-04-24 00:00:00
6eae3cf9505d45a6663aae819a2252e9,963eb10f3b68d2d56bea152cce226f80,delivered,2018-04-03 22:50:02,2018-04-03 23:10:06,2018-04-04 19:14:42,2018-04-05 11:51:07,2018-04-13 00:00:00
8798b3a8e3d4a597bcde0dab8ad1de17,1a55eb1f27ee730a8fb638821c22a4c9,delivered,2018-04-04 12:18:48,2018-04-04 13:10:03,2018-04-10 19:18:37,2018-04-13 13:52:50,2018-04-24 00:00:00
af2bfbdf0c8be1e12b54c65605a0214b,a0046faee0167291def69406e65eb9fa,delivered,2018-04-04 13:11:39,2018-04-04 13:30:04,2018-04-05 21:40:49,2018-04-11 21:44:27,2018-05-03 00:00:00
55361b153c0444dab69a4f7fc00bbb66,67f7f5c57abd3964c11e644ea6ce12e5,delivered,2018-04-04 14:41:43,2018-04-05 08:10:07,2018-04-05 21:52:49,2018-04-07 20:03:01,2018-04-20 00:00:00
90b3ce1268706ec7923743d5867f26a1,b77a36877fb9b74ab4dec5f4e939419a,delivered,2018-04-04 16:58:30,2018-04-05 16:55:34,2018-04-07 01:18:35,2018-04-11 01:10:56,2018-04-16 00:00:00
3b694fa216b9963c2df0ad993a355551,d2d83da97b053656de05c3a2184666e5,delivered,2018-04-04 19:53:45,2018-04-04 20:08:46,2018-04-07 01:42:39,2018-04-12 19:58:29,2018-05-04 00:00:00
a9fa4232de4a87398cfab2a5bcbecc56,27e430dc15333a6d9626d282c13c6035,delivered,2018-04-04 21:49:52,2018-04-04 22:09:00,2018-04-11 21:06:04,2018-05-06 16:50:49,2018-05-07 00:00:00
3925b740d70eb26c3aefd1cabe5c8143,b828fa53202efa901b22f532577fe859,delivered,2018-04-05 07:23:57,2018-04-06 07:48:06,2018-04-10 00:40:50,2018-04-26 16:28:26,2018-05-14 00:00:00
c17789b6bce81222eaa468ad01dcc9db,c5b811eb984b0d3ad5a3f8a5fc439aa6,delivered,2018-04-05 08:37:02,2018-04-05 08:50:14,2018-04-11 21:32:17,2018-04-16 19:21:24,2018-04-26 00:00:00
f2194f10572bc6bfabc99465a6d3f55d,f0aaffb5023be7a38e84280893892514,delivered,2018-04-05 09:08:47,2018-04-06 03:10:30,2018-04-10 00:58:43,2018-04-13 19:32:30,2018-05-02 00:00:00
c811b2b32820eb21f261701e61e863c5,310f4c1ebfa70d27337359ee72d472b0,delivered,2018-04-05 10:29:03,2018-04-06 03:28:23,2018-04-07 01:32:59,2018-04-10 16:37:51,2018-04-27 00:00:00
4bafa54db6b060da198f23f810835969,48094f58f03bec9519bd0e004ce460df,delivered,2018-04-05 14:46:51,2018-04-05 15:09:52,2018-04-07 01:32:58,2018-04-30 21:41:07,2018-05-14 00:00:00
e0fc6abd74320ea468f697164f069f8d,45de0b4bc6b0aaa0d55bde3d3c7a020c,delivered,2018-04-05 15:01:49,2018-04-05 15:10:17,2018-04-07 00:56:35,2018-04-12 02:21:40,2018-05-04 00:00:00
31db4f9c6c262ac89aab6f7e4c9014e7,533a802ab85028e2ac3771bab3920e8c,delivered,2018-04-05 16:09:49,2018-04-06 16:10:42,2018-04-10 17:16:51,2018-05-01 18:27:19,2018-05-14 00:00:00
84b1048a4e9d46efbb9e5a65c973cd11,2a9f8b956621aa122762ae3cc892aaf8,delivered,2018-04-05 18:57:58,2018-04-05 19:15:07,2018-04-09 21:14:28,2018-04-25 20:41:54,2018-05-17 00:00:00
36a21ebc447622cc9eb08312851c256c,85458cd2d0d7e8ae462588018d9725ff,delivered,2018-04-05 22:09:05,2018-04-05 22:29:11,2018-04-07 01:05:05,2018-04-12 18:58:40,2018-04-23 00:00:00
a43bf41cb94b07041262735892521605,29fac21a28f8aa4ae82030aa5f586620,delivered,2018-04-06 10:35:26,2018-04-06 10:50:16,2018-04-09 17:42:00,2018-04-30 22:32:54,2018-05-04 00:00:00
65d13486abbd44fdd686246bc21c5b75,2300457c28afe54edb4da376808a8781,delivered,2018-04-06 11:28:12,2018-04-07 02:48:24,2018-04-09 19:53:24,2018-04-26 19:26:40,2018-05-10 00:00:00
e5733d96d53e3a8a13f59a0fe4c38d74,d0d213ed2d6d390dc1cc1e6f45706c8b,delivered,2018-04-06 15:28:48,2018-04-06 15:50:07,2018-04-07 18:24:36,2018-04-18 17:56:19,2018-05-09 00:00:00
0e66712947a6d0ae935240a304775a17,d3583f0406695312a26cf86a886caa70,delivered,2018-04-06 16:39:34,2018-04-06 16:50:22,2018-04-09 23:04:22,2018-04-17 14:36:40,2018-05-03 00:00:00
1643b03ca11567c439096a981a2dc14c,1576435038c52a6ec02a0a6e23670ced,delivered,2018-04-06 17:45:28,2018-04-06 17:55:25,2018-04-09 23:21:48,2018-04-11 17:24:39,2018-04-24 00:00:00
8136bf2406388feb89749d0801840cbc,c10df225c03861cca258bdc8f9e29cda,delivered,2018-04-07 10:43:23,2018-04-07 10:55:14,2018-04-11 19:54:37,2018-04-18 00:39:32,2018-04-26 00:00:00
1874385b2e1267b83f06520d354ae9fd,31fd5032081edfe8b80abdd6cac16abc,delivered,2018-04-07 16:17:06,2018-04-07 16:30:16,2018-04-09 18:17:58,2018-04-10 20:06:40,2018-04-23 00:00:00
8c8d824536e2e08f134637875b9154ba,a87a24ee764f092e8e4d331359d2e3da,delivered,2018-04-07 17:28:00,2018-04-07 17:35:19,2018-04-11 20:51:46,2018-04-30 23:26:38,2018-04-27 00:00:00
f9b7d4be1a26d7a0017957e6a6f26e01,fef5bebfcd96024d880aa6a0b9b16cd6,delivered,2018-04-07 19:30:06,2018-04-10 03:35:27,2018-04-10 19:08:52,2018-04-27 17:26:45,2018-05-02 00:00:00
5f2f3348a05e38d5f31b04f858c606f4,4e0afc4b91c3984459d61f3e4adfc334,delivered,2018-04-07 19:30:17,2018-04-07 19:48:05,2018-04-09 21:19:16,2018-04-16 21:28:36,2018-04-27 00:00:00
4ece3211dc7b96c8b646fa8a727039e2,083d0767ee04f4a01cc28835dc32d6b4,delivered,2018-04-07 19:57:43,2018-04-10 03:49:49,2018-04-10 19:46:36,2018-04-13 21:22:26,2018-04-25 00:00:00
9c64098aed08a0e6989201c41dd75136,023cd48849ba0870ecf5157ad5039ef2,delivered,2018-04-08 10:04:34,2018-04-08 10:15:20,2018-04-10 18:45:43,2018-04-17 17:28:45,2018-04-24 00:00:00
af5248d345341f797de31954e0d3d2f4,5b116028bd1f354477b49032b5c31766,delivered,2018-04-08 14:41:41,2018-04-09 17:13:40,2018-04-10 20:24:27,2018-04-20 20:27:39,2018-05-07 00:00:00
418c957162c86b348f44688790168fb2,c86b9d401a0061cb8eedd4bd55633b77,delivered,2018-04-08 16:34:57,2018-04-08 17:49:42,2018-04-09 22:28:53,2018-04-13 00:31:27,2018-04-27 00:00:00
4b04e5a08d1176f2e591c79479364956,5069b5cfb3f053ce9962cf6ea0c9896f,delivered,2018-04-08 17:45:33,2018-04-10 16:35:19,2018-04-11 22:14:31,2018-04-26 19:56:44,2018-05-02 00:00:00
c15a3ce7617aeffb3bfed1f6340d66e7,c3251a68f1a4b3225f7f861a5693fa49,delivered,2018-04-08 19:09:35,2018-04-08 19:30:11,2018-04-11 22:12:21,2018-04-14 13:53:21,2018-04-24 00:00:00
687b92f8f248395050a7f8147dab1ac8,4c4d8815ab4bfb632fb88e90cb0a7b1a,delivered,2018-04-08 20:23:45,2018-04-08 20:49:57,2018-04-10 14:53:37,2018-04-18 23:04:34,2018-04-27 00:00:00
08273b57741a2ee2f20725323393b0a2,422c1063e6bb4e39e0f40de0c06450e7,delivered,2018-04-08 21:10:37,2018-04-08 21:29:24,2018-04-10 02:22:01,2018-04-10 19:18:45,2018-04-25 00:00:00
4ce0878b1fe7231ce22e503117abc62e,e5529ccffa8468799205a6e959a31bd6,delivered,2018-04-09 08:53:33,2018-04-09 09:09:55,2018-04-10 20:48:45,2018-04-16 20:28:47,2018-05-04 00:00:00
69727f8e9f934f9177e36f31d1865c2a,b1f3cd39358d18f19a2893ad3c3bcf1f,delivered,2018-04-09 12:41:50,2018-04-10 04:10:18,2018-04-11 23:56:53,2018-04-13 16:49:31,2018-04-27 00:00:00
842f46cb12e63f6ed6e5266efd2959ce,37b1637fce7efc4438e4e9345d781600,delivered,2018-04-09 13:36:03,2018-04-09 13:51:04,2018-04-11 17:52:45,2018-05-03 15:37:01,2018-05-04 00:00:00
c729462935fadd2c85ec76f13e0421f2,6685161064744cb72ce07973f240814b,delivered,2018-04-09 17:46:23,2018-04-09 18:10:14,2018-04-11 18:34:32,2018-04-12 19:08:39,2018-04-19 00:00:00
ed04a2b3c21cbcd90c2071a22a8cbda2,e899bf2f5f7da06cc412595d8ce11351,delivered,2018-04-09 20:07:59,2018-04-09 20:29:56,2018-04-11 02:39:43,2018-04-21 18:42:37,2018-05-17 00:00:00
85e3fe590f151c833f6a8a7e21983712,bea60af848781a26103fd2afcdee4d22,delivered,2018-04-09 20:18:41,2018-04-09 20:30:21,2018-04-10 20:02:41,2018-04-23 17:06:34,2018-05-07 00:00:00
e4b40fda48f1528f2b88921fa069b2ac,cc5ee8a4c40090eefb75f6fef70c0041,delivered,2018-04-09 21:50:19,2018-04-10 00:12:22,2018-04-10 20:37:52,2018-04-17 18:50:45,2018-04-27 00:00:00
9b692faed4adf2e5efb7c98de308aad0,0941cc6c82ccb3ad29471a38e6a8dc04,delivered,2018-04-10 15:53:39,2018-04-10 16:11:27,2018-04-13 00:12:21,2018-04-14 15:52:12,2018-04-30 00:00:00
245ddaef16302f47bdda5b7549ea20fe,e1d014e36903719545d5fa13d6ef3ac7,delivered,2018-04-10 17:48:41,2018-04-10 18:09:17,2018-04-12 19:14:56,2018-04-21 17:14:46,2018-05-15 00:00:00
93720f5a467d2edd5e84e209e8a9a4f6,d96bb805d2c42af018ae5158fae49e2e,delivered,2018-04-10 22:48:52,2018-04-10 23:07:42,2018-04-16 19:35:40,2018-04-18 20:08:35,2018-04-26 00:00:00
4ee25083ee6cc047adea4955dce72c6d,4caac2b083c3e53c597c4362c61f2598,delivered,2018-04-11 00:03:20,2018-04-11 00:15:26,2018-04-13 20:41:24,2018-04-23 18:27:49,2018-05-03 00:00:00
bb7ae981de452cd0404838ff44ffdc79,e85a01b0c27d1161aa7d71c2afa5977f,delivered,2018-04-11 14:59:00,2018-04-11 15:12:19,2018-04-13 22:46:47,2018-04-26 18:56:42,2018-05-11 00:00:00
131b770dae46d4fbf6e9a62a1b177ed1,ac6658acc9dcfe36bd3965a83e957861,delivered,2018-04-11 23:14:26,2018-04-13 12:50:26,2018-04-19 14:28:52,2018-04-25 13:33:24,2018-05-03 00:00:00
5f855e92f134f2d544ec90a5864bc73e,e578f66c816fc09c907a23bd74c73967,delivered,2018-04-12 10:47:54,2018-04-12 11:41:11,2018-04-12 20:51:51,2018-04-16 19:22:31,2018-05-08 00:00:00
7772d2a6ca50ce99296982433145582b,a83bf4c5b74243416480fa16e9de9147,delivered,2018-04-12 12:00:25,2018-04-13 18:11:55,2018-04-16 20:18:27,2018-04-23 20:32:01,2018-05-08 00:00:00
bc2851f553a887920c83a1367a23dded,f79b9fb57cf5e42ec58787f5291cc316,delivered,2018-04-12 14:18:16,2018-04-12 15:30:09,2018-04-14 00:36:33,2018-04-24 22:03:24,2018-05-10 00:00:00
72be45eab146087612b9ee932e825574,bc225b031d110d0b09ed6f25762f2e83,delivered,2018-04-12 15:23:19,2018-04-13 18:31:07,2018-04-17 17:24:52,2018-05-02 17:38:49,2018-05-10 00:00:00
f9a84fc50b50973cb20ce6494f8e7eb5,2317945e1dd932e7a65b81cac0e7c5e9,delivered,2018-04-12 15:45:42,2018-04-13 13:14:14,2018-04-19 12:27:32,2018-04-20 21:17:44,2018-04-30 00:00:00
dce5d8be76c73098306a8f74b197fb6f,1c34e18df596ef0f35e9a1277707f932,delivered,2018-04-12 18:25:59,2018-04-13 13:31:40,2018-04-14 00:04:53,2018-04-19 14:03:06,2018-05-07 00:00:00
7b69c36bb030670f6cdf3f18ef627824,8a383b32730613dc413d8b0ee467d5d6,delivered,2018-04-12 19:21:52,2018-04-12 19:35:18,2018-04-17 00:27:52,2018-04-19 16:46:32,2018-05-10 00:00:00
ce06972fe7c25dca520903409efcb744,a213b9046b287f63b9c70da31ce60916,delivered,2018-04-12 19:28:02,2018-04-13 13:14:30,2018-04-13 21:37:40,2018-04-30 14:46:37,2018-05-10 00:00:00
387ec4e22c1949a34d31106d809641e3,10393ebe49b1afbc4ae8a0d428d051dc,delivered,2018-04-13 10:09:33,2018-04-13 10:32:31,2018-04-17 14:48:47,2018-04-19 00:12:40,2018-05-08 00:00:00
f68b600a2c44fc312a68d5dce8f95803,85d26b5fcb4c83b2283d3c5c7ba5e10d,delivered,2018-04-13 14:21:40,2018-04-13 14:33:36,2018-04-17 18:36:41,2018-05-04 17:12:44,2018-05-08 00:00:00
03344155603005842bd94ce8d65f2607,6e20e3411f6125ce6341690687c83fef,delivered,2018-04-13 14:41:18,2018-04-13 14:55:22,2018-04-16 13:02:31,2018-04-17 13:12:01,2018-04-30 00:00:00
79286de1c26bd9ff41852780758aeb89,9d00e4f04d3fabfc14e9ca59bb4cce47,delivered,2018-04-13 15:52:33,2018-04-13 16:13:13,2018-04-16 18:22:07,2018-04-30 21:58:53,2018-05-11 00:00:00
578403214d22590a9874c89eaf3c09b9,1b277e094d7add96b8704328769f7f1b,delivered,2018-04-13 17:32:02,2018-04-13 17:52:22,2018-04-17 06:02:54,2018-04-20 15:22:53,2018-05-02 00:00:00
1ab55c7db816b2ab39b5b324a22f4251,15778bb5115aa08c143de76f1fb32f24,delivered,2018-04-13 21:10:56,2018-04-13 21:32:39,2018-04-18 02:14:39,2018-04-19 19:32:22,2018-04-30 00:00:00
ebc94658c583ab37ad4f8e9091c4bef2,92dbb92ac5c6b1822c3aa951d33e61d0,delivered,2018-04-14 08:22:43,2018-04-24 18:04:50,2018-04-26 15:57:00,2018-04-30 20:39:01,2018-05-03 00:00:00
1b334143e8a49b412fca6260ffb12e76,fa71e22499e5af612e85cabf53827a48,delivered,2018-04-14 21:52:04,2018-04-14 22:10:44,2018-04-18 21:31:49,2018-04-23 11:41:11,2018-05-10 00:00:00
c2f195a14dc5e3a2f1f0fef011fa7273,588a5d3db1fe51651fc39b75934e299b,delivered,2018-04-16 10:08:22,2018-04-16 11:11:20,2018-04-16 22:12:18,2018-04-30 17:03:14,2018-05-08 00:00:00
313c8d52d3e2c7c1fa9e1e1882171a24,2b00846182b41fda871e547a527e5a53,delivered,2018-04-16 11:47:05,2018-04-17 05:51:04,2018-04-17 21:08:25,2018-04-18 21:20:50,2018-04-30 00:00:00
1ceb22464e4c11a0441f0e153435696e,576780ffb54b45ed38f27fb4349de91c,delivered,2018-04-16 13:41:47,2018-04-17 05:51:03,2018-04-17 20:41:47,2018-04-23 10:52:53,2018-05-11 00:00:00
75f0605fdfa742b228b0d080be350b26,2cdf4e6c8a997820be15dd41a8fa57b3,delivered,2018-04-16 14:01:17,2018-04-16 14:33:16,2018-04-17 22:03:35,2018-05-02 20:22:38,2018-05-14 00:00:00
41a48f4dc75f01b16dfa7e32cb456ebc,2e1ca63e5627b6125345cdd302d99835,delivered,2018-04-16 14:34:36,2018-04-16 14:55:11,2018-04-17 16:18:45,2018-04-26 15:21:00,2018-05-17 00:00:00
28cdccd6158be1d2d9a246963df39be3,95507e03074813ed6495792938c27b0c,delivered,2018-04-16 15:00:38,2018-04-16 15:15:34,2018-04-17 21:56:54,2018-04-26 21:03:36,2018-05-15 00:00:00
6f51907687d51529d5d0a147cf761f0c,db2cd76dfa613aae8ec025a8bda2b3e3,delivered,2018-04-17 08:45:43,2018-04-17 08:55:36,2018-04-24 00:42:12,2018-04-27 18:07:52,2018-05-09 00:00:00
3454a64b94a71420a518187d8f96b47d,6ba7779e884648eb9bb1ed9dbc7787da,delivered,2018-04-17 11:14:47,2018-04-17 12:15:35,2018-04-18 21:04:40,2018-04-20 13:42:49,2018-05-02 00:00:00
7ec4063a8ed5b8e7ab1b7bdd7951ffa9,421c30a5daa9f8c2529a73e1f9152a71,delivered,2018-04-17 13:30:17,2018-04-17 13:51:13,2018-04-17 23:48:34,2018-04-19 00:08:27,2018-05-04 00:00:00
b0b11a045f01b17c63a50af48627e177,db1b21960a9c96c9b4b8a1b0e38b8341,delivered,2018-04-17 13:49:17,2018-04-17 14:11:33,2018-04-19 18:46:45,2018-04-24 17:08:52,2018-05-04 00:00:00
1a4d91c156fe4c45c0ae24f67d49dc50,cb31a825fe443be3c532d58371f1bc45,delivered,2018-04-17 14:35:14,2018-04-18 06:51:22,2018-04-19 23:05:03,2018-04-27 12:57:00,2018-05-10 00:00:00
125976e5bb61accc5b6c27bc74f08d49,4af27ef16391994086f52893df7af6ce,delivered,2018-04-17 23:17:15,2018-04-18 23:11:21,2018-04-25 08:14:00,2018-04-28 21:14:27,2018-05-08 00:00:00
44978a07c53273143a18ff837c2dd68d,0440345aa3f318c95691cd2345894071,delivered,2018-04-18 00:52:43,2018-04-19 00:50:24,2018-04-19 18:35:29,2018-04-27 01:06:47,2018-05-11 00:00:00
4932255e68f63e3a5f809bd4b96fc9a1,9b9ef0b86d210aa78290882b2cbdcea3,delivered,2018-04-18 08:20:24,2018-04-18 09:11:25,2018-04-18 21:14:38,2018-04-24 20:46:46,2018-05-21 00:00:00
a2fc0d6559cd85b95e1a02c8d97d55ec,2bdb2502a9b89d8f94ccf1ef7a9f0292,delivered,2018-04-18 09:55:14,2018-04-18 10:11:00,2018-04-18 23:28:44,2018-04-19 23:31:32,2018-05-04 00:00:00
89d0eb869dcc92ab2efe63169f5b65ce,f4769d117ddc1a77fac0bca65513614f,delivered,2018-04-18 10:52:22,2018-04-19 02:32:12,2018-04-24 09:51:36,2018-04-25 18:58:35,2018-05-04 00:00:00
6fe1a563bdf47496b8bba2d6c5149468,319bc74aa0d3a68dc4d3a98b9fecb45c,delivered,2018-04-18 12:14:14,2018-04-18 12:31:50,2018-04-19 19:28:27,2018-06-04 17:18:51,2018-05-22 00:00:00
8c64ba171311b3312bd880905b8da534,a340ce6c3570e68d4575a06053ecc491,delivered,2018-04-18 14:29:17,2018-04-18 14:51:13,2018-04-20 01:56:20,2018-05-08 21:24:43,2018-05-15 00:00:00
aca33246293a698b982644421ce2170c,7f1a08e2635252e5e256726471ef63ad,delivered,2018-04-18 16:07:34,2018-04-19 16:31:41,2018-04-20 18:48:45,2018-05-03 16:28:59,2018-05-15 00:00:00
0d336209744bc116bc1a7accb463c189,8399381026e573d8385a57a5bcd56a3d,delivered,2018-04-18 16:19:52,2018-04-18 17:33:42,2018-04-19 02:04:48,2018-04-28 17:16:50,2018-05-16 00:00:00
fa89b2c9bc90956a517714880dfeb6ac,f2b88194d68ac45551d759ed2afee2bb,delivered,2018-04-18 18:53:22,2018-04-18 19:12:45,2018-04-23 10:10:44,2018-04-27 20:58:35,2018-05-14 00:00:00
d74e29bbba41049b6c17603fd9fabc58,24f9d86fe662411f563ed4cfd6361b1b,delivered,2018-04-18 19:56:04,2018-04-19 19:51:05,2018-04-20 17:32:41,2018-05-03 16:41:18,2018-05-17 00:00:00
dacd9ea86285f197d0b7495e8af14781,1ee7676535dc405dbb88977050668100,delivered,2018-04-18 20:51:20,2018-04-18 21:11:15,2018-04-19 18:35:29,2018-04-30 21:17:21,2018-05-28 00:00:00
17660939d5287b04a8f9ecb64c178966,8b733ff0734d0dca3d50690e9c9bc6be,delivered,2018-04-18 20:52:21,2018-04-18 21:11:25,2018-04-20 18:58:59,2018-04-25 18:15:00,2018-05-23 00:00:00
9bd1262011363cf74478ba1d6f04ab28,81e59183c23c411880fcbdcb19637687,delivered,2018-04-18 20:55:32,2018-04-18 21:11:16,2018-04-23 10:11:00,2018-04-30 20:17:32,2018-05-21 00:00:00
cb71bd92e29c501f67b650fa19bee739,5f63d186b5f09cdc96557cbc824f7352,delivered,2018-04-18 22:41:31,2018-04-18 23:20:33,2018-04-19 19:41:56,2018-04-27 21:03:52,2018-05-23 00:00:00
43d5b31ed2c5e37b66622cdc0c4f6452,10b13e89e2eb3812975f1dc3884874de,delivered,2018-04-18 22:49:49,2018-04-18 23:11:08,2018-04-19 23:36:44,2018-05-30 21:58:51,2018-05-16 00:00:00
29adb190ea6b3fbffaeca57ecb48623d,fbbcbf69d389968006ffc93f6e2f9e93,delivered,2018-04-19 00:32:57,2018-04-19 00:50:20,2018-04-24 17:18:41,2018-04-27 18:23:44,2018-05-14 00:00:00
7fe1044f8a2fca89a6cc85fead509a72,4ba9c05e899062d31966848590dcb9c2,delivered,2018-04-19 07:46:25,2018-04-20 07:31:44,2018-04-20 19:24:29,2018-04-23 16:12:29,2018-05-02 00:00:00
9d3978b7f31f3af1566b7acab0b91a88,4a8ac693cb85efcc040094268f49d42e,delivered,2018-04-19 09:58:52,2018-04-19 10:12:02,2018-04-20 22:52:01,2018-04-24 20:47:01,2018-05-08 00:00:00
983878e0dee08c5570f8ec3162ac5927,c5eca7583f81d2c723b797c2e710f0e0,delivered,2018-04-19 10:10:12,2018-04-19 13:35:20,2018-04-20 19:09:53,2018-04-26 17:08:58,2018-05-14 00:00:00
b8572787e40305c2a619dba4a1d78820,6d5a8a61907ca7455a4b282be18d298d,delivered,2018-04-19 14:08:57,2018-04-19 14:35:11,2018-04-21 01:38:35,2018-04-25 15:59:44,2018-05-08 00:00:00
8eac09785112ead8f11813bff461fa91,ab4d83dd19d7e9c82d5b9aa764685a1a,delivered,2018-04-19 15:43:08,2018-04-19 15:55:18,2018-04-25 02:24:28,2018-04-27 20:38:44,2018-05-14 00:00:00
60e43c5f5ba559d9dd19357ed72cb2f2,73e4f0d08b9eaf4009d3218057343b5a,delivered,2018-04-19 19:03:33,2018-04-19 19:15:20,2018-04-23 16:56:26,2018-05-01 11:55:33,2018-05-15 00:00:00
75e8542a91d9e76f206025e089a981f2,c9a6410aa7fd6f33bdae09357f8f5c57,delivered,2018-04-20 10:00:43,2018-04-20 10:10:24,2018-04-23 21:11:34,2018-05-09 15:22:35,2018-05-21 00:00:00
6a5843185f8ef3ed2de016f4d88be0ec,c95a657b0a8875f1805ce9368a62fbcf,delivered,2018-04-20 11:01:57,2018-04-24 18:44:28,2018-04-23 23:12:32,2018-04-27 16:48:38,2018-05-16 00:00:00
e0656680044e57cdeb0d3ec00c152a39,5107f877a1a7e7c4c40a33b6b68fbd93,delivered,2018-04-20 13:04:18,2018-04-24 18:28:09,2018-04-23 23:52:43,2018-05-08 18:41:36,2018-05-14 00:00:00
9d033f810cbd1a45838c0d451bbae981,5366b0fd8d98481e724d2c25b0f6be0a,delivered,2018-04-20 13:07:56,2018-04-24 19:04:06,2018-04-25 04:12:51,2018-04-25 21:12:10,2018-05-09 00:00:00
339063a819f93e6e25102c3bb66ab667,73e1e70b645c6ef82dda64348a5c2391,delivered,2018-04-20 13:46:38,2018-04-24 19:18:43,2018-04-23 19:26:40,2018-04-24 19:51:47,2018-05-09 00:00:00
5c19e256f5972c1dc427a1a1f9940a3d,4a6f381eb19bad5d9975d63edf753920,delivered,2018-04-20 16:09:42,2018-04-24 17:47:43,2018-04-23 21:52:07,2018-05-12 13:28:52,2018-05-21 00:00:00
e9541359c8913cd9c5a99703b92f84fc,04f3fed63b02610ccf63aea0874d9b19,delivered,2018-04-20 16:28:14,2018-04-24 19:26:30,2018-04-24 18:58:49,2018-05-02 11:06:31,2018-05-14 00:00:00
6a92e66b9d3bd75efeb50c6494ede745,78fef5c1af6d5f84ff1b12f609561901,delivered,2018-04-20 17:05:12,2018-04-24 17:27:45,2018-04-23 15:45:28,2018-05-14 18:02:20,2018-05-17 00:00:00
e6fad28cb7f01e461467af959930ae8a,c57928c036644588414e864683ff1da2,delivered,2018-04-20 17:11:26,2018-04-24 18:45:48,2018-04-23 17:52:52,2018-05-06 16:46:43,2018-05-17 00:00:00
18a0085788733945772c772b19bceed7,b48c2118d9825d3f2bce214ac98fc081,delivered,2018-04-20 20:40:59,2018-04-24 19:28:59,2018-04-25 01:09:29,2018-04-30 21:29:06,2018-05-15 00:00:00
5c54f727a59912aa9d995d04a4fa2e83,0a165647633fca8a08bab0951c4c7135,delivered,2018-04-20 22:53:57,2018-04-24 19:21:59,2018-04-25 01:03:12,2018-04-25 18:04:42,2018-05-10 00:00:00
7c01abde845d563a594a467b6a2afb67,5524a27b081b2e80b7c3efac832e4db9,delivered,2018-04-21 11:13:04,2018-04-24 19:08:43,2018-04-24 19:32:48,2018-04-27 20:58:25,2018-05-11 00:00:00
8a9c9e6f36131fb108495efe07936f02,996043471e5f72df3824858bdc258270,delivered,2018-04-21 13:06:48,2018-04-24 18:06:13,2018-04-23 20:12:56,2018-04-24 20:42:03,2018-05-10 00:00:00
041082480b107a1303236e0c21b8bcd5,23706c2bdb0f3c73d411a126e1cb9a7a,delivered,2018-04-21 15:55:04,2018-04-24 18:04:16,2018-04-25 14:47:00,2018-05-02 21:26:34,2018-05-21 00:00:00
daf0e5a480cf841aaad91caf8783080e,ac1f99b3b74760ff892b893f3f9157f6,delivered,2018-04-21 18:20:54,2018-04-24 19:09:33,2018-05-02 15:32:00,2018-05-10 11:28:33,2018-05-18 00:00:00
04b2afb6447774881079872788d97883,42bb50515411f1a0d51a700636416201,delivered,2018-04-21 19:29:14,2018-04-24 18:27:19,2018-04-23 19:11:29,2018-04-26 11:31:45,2018-05-16 00:00:00
1190543041e25468b0370ddae215f01d,49d785f527d4a06134c806ebdf629350,delivered,2018-04-21 22:29:49,2018-04-24 19:18:16,2018-04-23 19:14:29,2018-04-25 11:42:41,2018-05-10 00:00:00
0700a8e0947d76a90800538ff87da453,96a41a2b6f1ce4dbd4f8fecc3fc26489,delivered,2018-04-22 11:26:58,2018-04-24 19:10:19,2018-04-24 18:58:03,2018-05-02 21:28:46,2018-05-22 00:00:00
8ac52bf45b719c91c665c11e5696f199,a91d3b41b3f176b1eca6148265a8f10c,delivered,2018-04-22 14:56:35,2018-04-24 18:08:28,2018-04-23 19:38:19,2018-05-04 20:06:40,2018-05-24 00:00:00
d54bea5ba90238aa83323565749538a1,10e925f935d8bfe0a9edf39378996fd7,delivered,2018-04-22 17:45:57,2018-04-24 18:33:58,2018-04-24 17:16:31,2018-05-12 18:20:56,2018-05-23 00:00:00
b11e6ce66d797ee9120c9bfbd376ef01,a347ddd4888c231851a58e905d8bb8ee,delivered,2018-04-22 18:41:27,2018-04-24 19:27:37,2018-04-27 14:32:00,2018-05-28 15:34:45,2018-05-25 00:00:00
2e2c60b99754ae1e4d8b18846cfec9f2,b9d460d12c9b6c5c3a0d73541e11e5f5,delivered,2018-04-22 20:13:45,2018-04-24 18:33:53,2018-04-23 20:46:36,2018-04-26 21:41:40,2018-05-11 00:00:00
5f48e612805a732c3ebd58c26f2c06ad,bb7c3eb1ec66e803fe95c724da22a0b2,delivered,2018-04-22 21:06:28,2018-04-24 19:06:51,2018-04-27 06:09:00,2018-05-25 19:27:25,2018-05-15 00:00:00
c4449cba74f34a08a7c57edd66351427,f88d78b8e2587ff8ae51f34a792811ac,delivered,2018-04-22 21:50:06,2018-04-24 17:37:11,2018-04-25 00:36:31,2018-04-30 21:36:43,2018-05-21 00:00:00
e5b56ce7a1b3dd73d7425145a4319df5,4274d167515becbd8785581fe3f4c7a0,delivered,2018-04-23 03:09:54,2018-04-24 17:21:36,2018-04-26 12:34:00,2018-04-27 18:58:47,2018-05-08 00:00:00
b28e2ea00a9403b195f0c47428dde994,29d8b10c320fc38f43d93ef3d4f68a74,delivered,2018-04-23 09:42:50,2018-04-24 17:41:33,2018-04-24 19:52:47,2018-05-21 19:42:00,2018-05-23 00:00:00
57a10b4e5b1a9982b487b6e33d8cc0bf,87fd801845c8b9564e51859fd8496b15,delivered,2018-04-23 09:57:40,2018-04-24 17:58:01,2018-04-24 21:26:21,2018-04-28 13:56:40,2018-05-21 00:00:00
cd44314b084629fc21d3a0dca3147f7d,11653da9bd935f545a6bb58b7dc41d99,delivered,2018-04-23 10:29:54,2018-04-24 18:19:43,2018-04-25 15:33:00,2018-05-07 23:02:48,2018-06-01 00:00:00
21359e988a499d8217626005d16a61d6,affd1614dbd9b0feb6e820039adc1380,delivered,2018-04-23 11:10:12,2018-04-24 19:08:40,2018-04-26 11:05:00,2018-04-28 00:42:35,2018-05-11 00:00:00
838539a55877b06f3f297a3a0b7f46ca,f40fb1a58c563f8e1581d3e93ce79507,delivered,2018-04-23 11:36:01,2018-04-24 19:00:48,2018-04-24 23:56:25,2018-05-06 14:05:03,2018-05-18 00:00:00
1aabc8c7c8525b6ada34a6a07d88e26d,d8d4bfa3aa3d6a7fa3760a50e532383f,delivered,2018-04-23 17:32:07,2018-04-24 19:09:53,2018-04-25 15:07:00,2018-04-26 22:32:37,2018-05-14 00:00:00
39dd6ee10ed18591bddeb83c8136dd52,fd679638cf2e396b35e20a5ed75316e1,delivered,2018-04-23 17:55:26,2018-04-24 18:47:36,2018-04-27 09:47:00,2018-05-04 20:04:59,2018-05-10 00:00:00
13bc2aa1a887b018329663498f5e00ab,830f73ec04ebe308bbeeefd3b066bd77,delivered,2018-04-23 20:05:16,2018-04-24 18:41:32,2018-04-25 14:30:00,2018-06-02 13:41:02,2018-05-22 00:00:00
452659f1bbc22357a8b75386eb2beb34,c3ed98d5b448548f7d7cbd4571641183,delivered,2018-04-23 22:57:12,2018-04-24 19:07:37,2018-04-24 16:52:28,2018-05-04 15:20:51,2018-05-17 00:00:00
fd4907109f6bac23f07064af84bec02d,0ca4bbdbec6605e739a455a86c28e158,delivered,2018-04-24 10:44:57,2018-04-24 18:34:57,2018-04-26 13:25:00,2018-05-08 10:26:31,2018-05-29 00:00:00
125f791fad1cb7d8545189f70f1be885,f0148bfce62fb7dc6af3415449aeb2b2,delivered,2018-04-24 15:30:24,2018-04-24 18:57:13,2018-04-25 13:39:00,2018-05-17 16:08:52,2018-05-18 00:00:00
d6c486ebb46b4882e3ea353fcff04ff6,5e398ca2acbd494bb58cd5a8bb38aec2,delivered,2018-04-24 16:00:09,2018-04-24 19:00:48,2018-04-27 15:05:00,2018-05-09 15:21:47,2018-05-21 00:00:00
b22050106236d9b58750e8bc6418298b,81edbbaf61c94df705ad3330ea0fb7cd,delivered,2018-04-24 16:29:24,2018-04-24 19:10:31,2018-04-26 07:03:00,2018-05-07 22:03:51,2018-05-24 00:00:00
01b02139ac5f79a5de2c56284af7bb3e,58ee8c095bfa7fab72d5ab65d411c975,delivered,2018-04-24 18:27:38,2018-04-26 04:15:24,2018-04-27 17:48:00,2018-05-02 13:44:24,2018-05-10 00:00:00
e2b99663c1c172f743e86cd9b29b96fc,8212e78cced469979b64d5ae33585470,delivered,2018-04-24 21:04:43,2018-04-26 03:51:42,2018-05-02 15:11:00,2018-05-22 19:36:31,2018-05-23 00:00:00
ac71263052acddd3b2031b5937f8fc30,ffdaff86e5834cb843ada60a745d4222,delivered,2018-04-24 22:18:53,2018-04-25 22:10:25,2018-05-02 15:20:00,2018-05-04 21:18:36,2018-05-15 00:00:00
52f8732e6b72c0e21fa23aa1101c88ea,ec4cf575b6ac1e83cbadda96d884d181,delivered,2018-04-24 22:33:30,2018-04-25 17:12:46,2018-05-09 15:14:00,2018-05-10 19:19:49,2018-05-23 00:00:00
9692f3f8431de918c3daf5fd26a66668,1d2b80dfe191a690569d02080deec210,delivered,2018-04-24 23:09:11,2018-04-24 23:29:43,2018-04-26 15:18:00,2018-05-08 22:07:50,2018-05-18 00:00:00
94be3df49130338a06b3ec80bd606771,c74004aa7d4bf3fff88c56081df5a48e,delivered,2018-04-25 07:27:40,2018-04-25 07:51:17,2018-05-09 08:14:00,2018-05-17 22:41:38,2018-05-29 00:00:00
90e4a419d8ab272d501cbed937d46920,a830a248775c8bc5cd65a367ebdc08f4,delivered,2018-04-25 09:43:01,2018-04-25 09:55:11,2018-04-25 11:37:00,2018-05-03 22:42:41,2018-05-18 00:00:00
c6735c93a3773ffe872b4184ccfdad09,d433a7052842b27ecc5ff0c94c3b70dc,delivered,2018-04-25 09:55:08,2018-04-25 10:12:55,2018-04-25 13:31:00,2018-04-30 18:56:35,2018-05-15 00:00:00
4433ebc14c69e56090cb4e96d574d9c3,690f0d89fd8b50197bc81fb97fd89241,delivered,2018-04-25 10:00:40,2018-04-25 10:15:18,2018-04-25 15:09:00,2018-05-14 15:42:09,2018-05-24 00:00:00
7a2c45e504da96aebfc8a8268e49b920,fe4791069a13e14198e740eac4af84ce,delivered,2018-04-25 11:12:15,2018-04-25 11:31:41,2018-04-25 13:38:00,2018-04-30 19:36:55,2018-05-18 00:00:00
5b8d793745f3ac9e033f77ff0f8ea88c,e50282a57bfcb1996979f08a9c82c765,delivered,2018-04-25 12:58:56,2018-04-25 13:15:08,2018-04-26 11:56:00,2018-05-23 17:13:25,2018-06-05 00:00:00
fd58bdbb6cc5d7519e063c3ceb7e951b,df015cc56f529c0969b94f5985b0a970,delivered,2018-04-25 13:02:26,2018-04-25 13:15:26,2018-04-25 12:36:00,2018-05-08 16:32:17,2018-05-28 00:00:00
c1ecc15bc30548ecad160437f07df801,e97d8147c3433d51c20dd483d05df2e6,delivered,2018-04-25 17:38:14,2018-04-25 17:52:39,2018-04-26 13:45:00,2018-05-22 00:04:16,2018-05-22 00:00:00
4173b7694f9c23cfbbaa1bfb2f9593b3,29b35b6f15df7b4b34a66566376cc79c,delivered,2018-04-26 08:51:41,2018-04-26 09:13:04,2018-04-26 09:29:00,2018-05-02 19:40:41,2018-05-22 00:00:00
7fd35dbb2e6b19af4c9e7814a650597d,92ae73900149aab92d6120b9ffa42675,delivered,2018-04-26 10:55:15,2018-04-26 11:12:49,2018-04-26 14:02:00,2018-05-03 22:38:27,2018-05-21 00:00:00
40b6a430e16e22f01fcf64a0a39d8aad,bf89b65c75259700abefe8c5828d7010,delivered,2018-04-26 12:01:31,2018-04-26 12:15:29,2018-04-26 14:04:00,2018-05-05 17:58:32,2018-05-22 00:00:00
4b06a335eb20f25b8c5ba42e29355b6a,e57094aeb5c4a3144bdb6d0efc67aa42,delivered,2018-04-26 14:39:46,2018-04-27 08:12:17,2018-05-02 14:34:00,2018-05-03 20:16:54,2018-05-11 00:00:00
6b9ac2a31d647731d9523ae035f17dbc,b25d246218db68891876e79b3476038f,delivered,2018-04-26 15:01:37,2018-04-26 15:15:34,2018-04-27 10:15:00,2018-05-24 16:32:13,2018-05-28 00:00:00
062ce984a468dfa021e43bdf17ae158c,6962cfc35f21a68b37734f341484b193,delivered,2018-04-26 18:53:53,2018-04-26 19:11:40,2018-04-30 14:00:00,2018-05-07 17:46:45,2018-05-18 00:00:00
75fc2d6227460881589d526e733e0499,1c046c32f1026cd41aae355ed7c8585f,delivered,2018-04-26 21:39:21,2018-04-27 08:12:13,2018-04-30 15:09:00,2018-05-02 19:04:58,2018-05-10 00:00:00
cd81fccdeffb11e33de701e2c53c85c6,e07792fb0958a7d0faff87fb1aa58f8e,delivered,2018-04-26 22:47:26,2018-04-26 22:55:14,2018-04-27 13:23:00,2018-05-15 14:15:31,2018-06-01 00:00:00
df2bdc45d6c56cd6dce35aea5c391f4e,37fa10edcaa7f5e69d5aa10558843ca3,delivered,2018-04-27 00:19:37,2018-04-27 00:35:15,2018-04-27 13:23:00,2018-05-04 18:46:31,2018-05-28 00:00:00
a6ecc069c60805396f6a256b7b8e0883,b5d9ce675f121542dfb501ee50a8aa42,delivered,2018-04-27 09:41:26,2018-04-27 09:55:24,2018-04-27 12:33:00,2018-05-18 15:09:01,2018-06-01 00:00:00
4caaa2c8d6544804296a156b210a8d47,9a07f29a0a2ecb8c56fcfe168b48e5d2,delivered,2018-04-27 11:36:35,2018-04-28 03:33:07,2018-05-02 15:20:00,2018-05-03 19:21:03,2018-05-16 00:00:00
73f38e238737fb52c78ba2002c2e9213,5bf0634b796a9bb7714dd6c7baedf611,delivered,2018-04-27 14:49:05,2018-04-27 15:10:04,2018-05-03 14:34:00,2018-06-01 16:38:44,2018-05-23 00:00:00
9bd90698ab1e822ca4cb1e2a0de42fd4,88a8cf9e243fe33b9b678a31eb640f70,delivered,2018-04-27 15:58:41,2018-04-27 16:11:17,2018-04-30 06:25:00,2018-05-11 13:52:41,2018-06-04 00:00:00
717655141667e7ddd98d141db089030f,c238a7a6b8fc156a606a9577031bfa43,delivered,2018-04-27 16:25:21,2018-04-27 16:53:04,2018-04-30 11:48:00,2018-05-22 15:34:38,2018-06-01 00:00:00
7a7375f58149053d599aae579288fd96,de7a087330a6bb7fe20d36390a5c2574,delivered,2018-04-27 18:13:27,2018-04-27 18:32:08,2018-05-03 14:47:00,2018-05-23 18:21:49,2018-05-16 00:00:00
e94de4ac53c1d7b914bf6cdb13fd9ce0,5218278c410b89a0132e8f53d5cd5297,delivered,2018-04-27 19:20:19,2018-04-27 19:35:18,2018-05-02 19:00:00,2018-05-04 21:36:48,2018-05-11 00:00:00
cb0bbf1c3c3c44727e7374c8ec944154,450a308ac9087c11e52bce959ef00335,delivered,2018-04-27 21:36:20,2018-04-28 02:35:15,2018-05-02 13:36:00,2018-05-08 17:35:30,2018-05-15 00:00:00
06b7df1d1d3dd3e36628fc7078908592,34711868e1dd19543a7394d23b5313c3,delivered,2018-04-28 11:34:46,2018-04-28 11:50:42,2018-05-03 14:32:00,2018-05-04 20:04:33,2018-05-14 00:00:00
a2c925a9aed482554a03fe2729c7b0e5,6bc3ffbd5f0156bede1e8ae7ae9a32f3,delivered,2018-04-28 23:52:51,2018-04-29 02:00:01,2018-05-02 14:38:00,2018-05-08 19:52:47,2018-05-22 00:00:00
a0e5cf8a708c50312bc633668bc0e306,4b7b16138f3303e0be624ac7e03c9f5b,delivered,2018-04-29 11:11:31,2018-05-01 05:54:36,2018-05-03 19:01:00,2018-05-07 18:18:18,2018-05-11 00:00:00
66f09793372dff42b079b7578f7157ee,e16b9b83c234182b056d65f982e5225d,delivered,2018-04-29 13:33:31,2018-04-29 13:51:04,2018-04-30 15:03:00,2018-05-02 18:31:58,2018-05-14 00:00:00
820dae5229a9c2f6d7cfcf9e327c46a7,467247d869b38526a64ed79e2b96211a,delivered,2018-04-29 15:18:48,2018-04-29 15:34:52,2018-04-30 15:13:00,2018-05-08 16:23:35,2018-05-22 00:00:00
6f7167ff12cbdba10fcff1ad215166b7,296d2182933c909ed7aadb24373704ab,delivered,2018-04-29 17:06:31,2018-04-29 17:15:19,2018-05-02 15:15:00,2018-05-08 20:28:21,2018-06-06 00:00:00
4b007a72f108b589a20227ab419705c9,99678034fbeacc560b33978f398e559a,delivered,2018-04-29 18:46:47,2018-05-01 06:12:47,2018-05-03 16:54:00,2018-05-04 16:13:53,2018-05-10 00:00:00
a94c3f9f786e8db6bb345f6489942a3a,0bc2c14672dbd55d2657dc1913bdd03a,delivered,2018-04-29 21:33:01,2018-04-29 21:50:22,2018-05-02 14:34:00,2018-05-09 22:54:43,2018-05-25 00:00:00
030c39b681ff2f80d984e9190524a029,40d765d8bd08edbea11e2857bb737b81,delivered,2018-04-29 22:45:30,2018-04-29 23:09:42,2018-05-04 15:19:00,2018-05-11 00:56:55,2018-05-23 00:00:00
7264146dc0b366ab7e89b2f947bff7ef,b755f062c2c480beb455b40627f6dfd7,delivered,2018-04-29 23:43:15,2018-04-30 00:25:15,2018-05-02 14:11:00,2018-05-10 20:51:31,2018-05-18 00:00:00
bcbc8a3ecee336fb4246953d88479a9a,27945705176edfc88626182607cb3ec6,delivered,2018-04-30 15:44:22,2018-05-01 02:38:23,2018-05-03 06:33:00,2018-05-08 17:02:48,2018-05-18 00:00:00
963dd4dc90067e6cc40c3ddb89e991be,44d9f3ae381deda0c279fae4135ab153,delivered,2018-04-30 18:56:11,2018-05-01 02:10:56,2018-05-03 16:51:00,2018-05-21 12:58:53,2018-06-04 00:00:00
8cbc1df0d0a62f36bd6de6496435e51c,9bbf7c5d49d559d76ebd1d3a5ad8b5ed,delivered,2018-04-30 19:02:40,2018-05-01 02:36:42,2018-05-02 07:20:00,2018-05-09 18:04:56,2018-05-22 00:00:00
e001ff2589d23a48871d224d2a54e187,fb557dc3ec9393cc7850b56e5808f91d,delivered,2018-04-30 19:26:44,2018-05-01 02:37:31,2018-05-02 16:26:00,2018-05-03 19:48:55,2018-05-16 00:00:00
5e24ecfdf90a8dfceb3cd8ed37db5c26,dd7a9d920cff1f70c5d4bb121ad11608,delivered,2018-04-30 23:38:41,2018-05-01 03:53:46,2018-05-07 07:11:00,2018-05-11 22:08:54,2018-06-06 00:00:00
4832ff0402c0e07fcf802721babe2b05,195bfa760d994681f4db21fc8ed21af5,delivered,2018-05-01 09:03:05,2018-05-01 09:15:20,2018-05-02 13:07:00,2018-05-08 00:53:51,2018-05-24 00:00:00
ebf908ba5d7c097d2839701fb3366412,10a1e2ad2a1671332d2ba53f19253bd5,delivered,2018-05-01 09:14:13,2018-05-03 03:35:10,2018-05-03 13:40:00,2018-05-09 14:12:16,2018-05-23 00:00:00
3d31baf1573b52990d33a1f9d2f03ce5,5d5a1f726e41c476ccc0b8142a8c8251,delivered,2018-05-01 20:46:25,2018-05-01 21:12:05,2018-05-02 14:06:00,2018-05-08 00:48:47,2018-05-29 00:00:00
666ee8dddb0138c7703e3e2a8bb8919f,c94505e1ef376d9df87e5c35a2c5dc2d,delivered,2018-05-01 22:42:32,2018-05-02 23:30:27,2018-05-03 09:48:00,2018-05-15 19:26:36,2018-05-25 00:00:00
6482040c4887d33a7129473d3db4d0bd,83d7620a04ae7d18d775331e922ccd21,delivered,2018-05-02 08:58:04,2018-05-02 09:14:59,2018-05-04 14:21:00,2018-05-11 17:03:33,2018-05-25 00:00:00
c919ace1499c5ef88133bf33307ba863,0b813ddf68690d0aca83a20391ec4a19,delivered,2018-05-02 12:21:37,2018-05-03 12:54:44,2018-05-16 10:00:00,2018-06-20 22:04:03,2018-06-08 00:00:00
0d8b3fb610ae4ac24891052ed60e8a2a,d2815a06e5b96751f1ebc04d6ae75fca,delivered,2018-05-02 17:28:55,2018-05-04 02:51:42,2018-05-04 15:46:00,2018-05-14 13:53:44,2018-06-05 00:00:00
707ce3d3698a90d1ab9d9c2dc47223c2,f4a9f3a779e9783f7c992f5723bbe3d3,delivered,2018-05-02 20:08:45,2018-05-02 20:53:25,2018-05-03 13:28:00,2018-05-09 23:12:11,2018-05-21 00:00:00
cecf84099dc3067ec87149ddac39105a,5f956d6de694724a5de116a1f0e7b88f,delivered,2018-05-02 22:43:43,2018-05-03 00:12:56,2018-05-07 15:03:00,2018-05-09 23:04:25,2018-05-18 00:00:00
77baa217632fcbf3656de4ec4a66b0c4,0c32da3090365f1c34eaa407bd52778a,delivered,2018-05-03 09:42:53,2018-05-04 02:55:14,2018-05-10 18:29:00,2018-05-16 23:16:54,2018-05-29 00:00:00
ea88ef80cceb79ad79ed25ed33d0b7d9,67198606d2a581bfeba1a019e45ab276,delivered,2018-05-03 10:09:55,2018-05-03 10:57:05,2018-05-08 14:45:00,2018-05-11 22:46:21,2018-06-04 00:00:00
107c4b8b68f41c60258f21df32424c83,44a6739d3099d74270c8cb111143acf3,delivered,2018-05-03 14:54:21,2018-05-03 15:10:19,2018-05-09 15:48:00,2018-05-20 17:38:24,2018-05-28 00:00:00
231f58de0228723d0b6d6b562d352d90,af12e716383820b78ce045de073e7502,delivered,2018-05-03 15:51:53,2018-05-05 02:53:43,2018-05-09 12:03:00,2018-05-22 11:54:45,2018-06-01 00:00:00
56e74cf3d3be617b843ad339dd83706a,32b0ce578c3e5bdbd17d3f563ae9537d,delivered,2018-05-03 21:09:16,2018-05-03 21:33:09,2018-05-04 15:01:00,2018-05-10 19:07:42,2018-05-25 00:00:00
92067448c4d19cbdc8e0f8dd683e63b8,6c95355bb9260a9b0abbe3e226bd7a16,delivered,2018-05-03 22:41:07,2018-05-03 22:55:14,2018-05-07 09:17:00,2018-05-10 20:42:42,2018-05-23 00:00:00
e6ac453a32e67906ab8b3f79608341c3,251edc5a4d2b38f123ae7c16b6dff017,shipped,2018-05-04 10:10:12,2018-05-04 10:32:22,2018-05-04 15:28:00,,2018-05-21 00:00:00
96a2b5167187b3cfde60cd245d421132,9e9244c4b7e622b39a13b1824097d976,delivered,2018-05-04 11:55:54,2018-05-05 03:33:44,2018-05-07 15:05:00,2018-05-14 17:48:51,2018-06-05 00:00:00
b7a35c9ba09e4651caf5b9b0e9fadd21,2c17a1538f46a90219647fa26b661598,delivered,2018-05-04 12:39:54,2018-05-04 13:50:42,2018-05-05 08:35:00,2018-05-28 20:08:41,2018-06-06 00:00:00
4b8267d1f715adb8eb69ac677662c100,4004f17e88f450a6adcec6013038295a,delivered,2018-05-04 15:02:52,2018-05-05 02:35:15,2018-05-10 15:34:00,2018-05-17 17:31:29,2018-05-29 00:00:00
3644a0f31cdec4bf8c4b7b9285a21c9b,3610c1f3ac5cfb96a72b822965fc8e19,delivered,2018-05-04 17:58:27,2018-05-04 18:16:12,2018-05-08 10:30:00,2018-05-14 13:43:43,2018-05-22 00:00:00
4735d69a263ba04fa00533b8f3d317b1,0d380cd86105a9cb8abf440e29132168,delivered,2018-05-04 19:53:23,2018-05-04 20:15:17,2018-05-07 12:15:00,2018-05-11 23:56:36,2018-05-22 00:00:00
130654953b9f4e7e9f1bd08b1b882bf4,78507601d58635378ae8d1b0fb325a0b,delivered,2018-05-04 19:56:10,2018-05-08 04:15:33,2018-05-08 13:04:00,2018-05-15 20:08:32,2018-05-29 00:00:00
ac9dfcb098b29edba5d0cbd3b4febefd,6f9006bb7c969010f3b9a8252bf7a8fe,delivered,2018-05-04 22:51:30,2018-05-05 02:53:54,2018-05-08 12:36:00,2018-05-09 20:14:56,2018-05-21 00:00:00
626add0c9183e7802564bf732e183dd1,60479a632599df7b8bbb349bf4399d5f,delivered,2018-05-05 11:00:30,2018-05-08 03:55:32,2018-05-15 19:03:00,2018-05-18 17:32:21,2018-05-17 00:00:00
b3e6486207807fc3780f9c802e5bbbc2,30b7b123dd1764ef95cd5ecf08c70ec4,delivered,2018-05-05 16:03:59,2018-05-05 16:15:18,2018-05-08 13:36:00,2018-05-18 18:48:40,2018-06-01 00:00:00
28572ca6264628bbdcd513eb363d6b3a,55260d8284b7fcb8890f0c0ff1135bc1,delivered,2018-05-05 21:00:57,2018-05-05 21:10:37,2018-05-09 15:48:00,2018-05-14 18:31:01,2018-05-28 00:00:00
e5d30ef739b1ed6f89f11ff5fd9e285a,31bf991e13d77e9989c3ead0765bd1c2,delivered,2018-05-06 16:07:47,2018-05-07 08:33:16,2018-05-07 13:19:00,2018-05-18 23:36:48,2018-05-22 00:00:00
b203926285e72ba51c04c68b70666e32,2caed4106ac34123aaa5b6bdcd6fccb4,delivered,2018-05-06 16:31:54,2018-05-08 03:52:26,2018-05-10 19:56:00,2018-05-19 12:26:05,2018-05-25 00:00:00
dec6267e55fe1ef26725cbd4c28d9a90,27fc8ade22ab29a37a27abddc4ecff02,delivered,2018-05-06 18:49:55,2018-05-07 09:15:24,2018-05-07 13:50:00,2018-05-16 16:08:58,2018-05-25 00:00:00
60a0b0a1df29ff83dd9083ffa44b6580,c7a7c4075f96326be4f51c96c534fc39,delivered,2018-05-06 22:38:53,2018-05-08 19:52:56,2018-05-09 10:58:00,2018-05-15 22:18:36,2018-06-01 00:00:00
a5286db4d5cd7fc8c7d997f24a7fe85a,ea4fea0dc5bdcf35a0117903e7b96baf,delivered,2018-05-07 08:11:15,2018-05-07 17:56:15,2018-05-08 14:03:00,2018-05-15 19:00:14,2018-06-01 00:00:00
f0b47dadd5f372c41ae2cab6c72877da,30bd2b14e08f78a92bce73780e871241,delivered,2018-05-07 08:42:33,2018-05-08 04:55:27,2018-05-08 15:20:00,2018-05-09 20:06:48,2018-05-21 00:00:00
d9650d5b64446b09351a038e66c19467,6bf8c622e219d5ce11831729248ceab7,delivered,2018-05-07 15:23:10,2018-05-07 17:57:15,2018-05-08 13:58:00,2018-05-15 17:00:08,2018-06-06 00:00:00
4698210068ff4fe55a812e51e337a80a,6b5c0295e0d10b1a80a1faa5f41d410d,delivered,2018-05-07 16:06:15,2018-05-07 17:31:08,2018-05-09 16:36:00,2018-05-10 20:08:54,2018-05-15 00:00:00
f1c86903d3391692abff1d2cbdb642ad,57259f6fc3d369e2a9d3c135fc65935e,delivered,2018-05-07 18:33:23,2018-05-07 18:50:13,2018-05-09 14:48:00,2018-05-11 16:21:43,2018-05-21 00:00:00
1cc21285010bbdedb27bdf5995367df5,c8271bb8b445bff7d05f359714f06763,delivered,2018-05-07 20:06:49,2018-05-08 04:14:50,2018-05-08 14:21:00,2018-05-14 19:40:01,2018-06-19 00:00:00
23e117ca8f65562000f29a26f19f1a3b,658ff649fc33a23b0c62dbb364eef7dc,delivered,2018-05-07 20:46:53,2018-05-07 21:14:01,2018-05-09 13:33:00,2018-05-15 18:35:14,2018-05-29 00:00:00
b165a0179ee138cb24d5cffb1129afb5,c838dbe3c48132e437910dcbae9328eb,delivered,2018-05-07 21:48:28,2018-05-07 22:11:25,2018-05-08 13:20:00,2018-05-10 19:42:37,2018-05-21 00:00:00
d4daa9ee1fe28458773297759dbfe2bc,6519f59a7687a4661f7c8a7e24f28f94,delivered,2018-05-08 11:15:05,2018-05-10 02:57:14,2018-05-11 19:00:00,2018-05-14 21:36:38,2018-05-21 00:00:00
63521dde368b991f973cd4ae332dbe1d,9ba4c0b1c86b786749eb88bb23609566,delivered,2018-05-08 11:22:48,2018-05-08 11:35:53,2018-05-08 14:53:00,2018-05-15 19:48:51,2018-05-23 00:00:00
e11780f33e850a77d1b3c2fa13ed5d4b,af1789225641b6acc60f97f3f32f5673,delivered,2018-05-08 11:49:49,2018-05-09 04:31:28,2018-05-10 12:38:00,2018-05-14 17:58:44,2018-05-23 00:00:00
5a56d595adbe321751c4f42b708ccc35,a1be9f93fac47b616502d82987542c6e,delivered,2018-05-08 13:37:09,2018-05-09 13:34:56,2018-05-09 14:30:00,2018-05-18 21:06:15,2018-05-28 00:00:00
b0aab42458e44a4368d8e548c55f998a,2eb58edf4b8493e1430234d8aaf76e30,delivered,2018-05-08 15:52:07,2018-05-08 16:18:12,2018-05-09 13:57:00,2018-05-17 17:06:35,2018-06-06 00:00:00
7faf8b9448b66f4a3ac98a312b3e7609,c0cc59cb5d494116de580acf7e6c46ac,delivered,2018-05-08 17:18:14,2018-05-08 17:35:18,2018-05-09 11:54:00,2018-05-15 17:05:57,2018-06-05 00:00:00
660a7ffb4e94f34f45b4a1e2c04916d6,b8f1f244b44ebc462cf313c6de3b98e0,delivered,2018-05-08 18:51:10,2018-05-08 19:12:16,2018-05-10 19:07:00,2018-05-11 22:58:40,2018-05-16 00:00:00
0c065ce922f289db756e5505cb2d71d7,a099ef58556b050a3aee59af3ad33764,delivered,2018-05-08 19:35:01,2018-05-08 20:54:57,2018-05-11 13:25:00,2018-05-15 19:48:38,2018-06-01 00:00:00
e893f8f38397c526df32b5b1add8fda5,8d12ec295bad10a8a19b8f63ba002bb1,delivered,2018-05-08 20:19:02,2018-05-08 20:54:58,2018-05-09 16:21:00,2018-05-16 13:28:39,2018-05-25 00:00:00
49ca48df0a214b5dd020f41336cedf5e,5b985c8b77fba94494956d5f1e717933,delivered,2018-05-08 20:21:49,2018-05-08 20:54:58,2018-05-09 12:12:00,2018-05-18 18:31:11,2018-05-30 00:00:00
92a507a7a3a1fa4b94cdeb6699913e0d,abbf9da820977da7a8e301a49d2fae98,delivered,2018-05-08 21:30:40,2018-05-09 02:54:10,2018-05-09 16:32:00,2018-05-14 12:43:33,2018-05-28 00:00:00
a653bb2e2418fd13d746e3639879aa83,404e9aa29dd2f4f68be287245f0e1e50,delivered,2018-05-09 10:34:53,2018-05-09 10:54:54,2018-05-09 11:58:00,2018-05-28 13:51:17,2018-06-12 00:00:00
a96cbf770c38f70192fa361dba05fe32,c31d16b70312fe66efe4c36af432f1c1,delivered,2018-05-09 10:54:32,2018-05-09 11:11:47,2018-05-10 11:27:00,2018-05-23 19:41:29,2018-06-05 00:00:00
a271a428c3186d0c7325878c2075a8d8,b128321979749f9034763ea47023bdd4,delivered,2018-05-09 11:34:55,2018-05-10 03:09:47,2018-05-10 14:00:00,2018-05-17 19:41:51,2018-06-01 00:00:00
38df543e1956e91a0b4ee89c4a49dbf3,a51a285ffe58e0184d1a7879a179c996,delivered,2018-05-09 11:38:44,2018-05-09 11:55:14,2018-05-16 13:41:00,2018-06-05 19:43:41,2018-05-30 00:00:00
07c81434b5f46c9c3eacd48e60d50747,2a2a743c28a4ee5b08af934d5a1461a6,delivered,2018-05-09 13:23:16,2018-05-10 02:57:21,2018-05-11 15:13:00,2018-05-16 23:04:10,2018-06-01 00:00:00
e41c6da781772f030e857c2b427a917a,ab33ea80ecf78bac55c71b346ee35c74,delivered,2018-05-09 14:11:56,2018-05-09 15:36:52,2018-05-11 07:53:00,2018-05-14 17:36:40,2018-05-18 00:00:00
2cd2c33cd5532a92a508168bd185dac4,7db5588210cbd4f7467cddfd99cca18b,delivered,2018-05-09 14:15:19,2018-05-09 15:11:19,2018-05-11 09:57:00,2018-05-17 12:17:40,2018-06-01 00:00:00
c6bd73c66f32639f81a7e47304535c96,0fb114a0daa717bfb16a4155b898461b,delivered,2018-05-09 16:18:12,2018-05-11 03:10:48,2018-05-11 13:55:00,2018-05-18 15:44:29,2018-05-25 00:00:00
ea884b5a25f86e605e1750bd936e0122,f58fc8280d4679f90ba28d39b64c61ca,delivered,2018-05-09 17:06:43,2018-05-11 03:37:43,2018-05-11 13:46:00,2018-05-16 19:48:54,2018-06-05 00:00:00
f00c74caaa25430b1fa361c158e8996a,e1ec5ddd749cd760a0c408a40ae5a4a3,delivered,2018-05-09 19:19:19,2018-05-09 19:35:32,2018-05-24 09:50:00,2018-06-20 13:35:46,2018-06-07 00:00:00
5825f62edda362144cd0c349124fa927,69572b6a8713a15e9f1fa80b1620daf4,delivered,2018-05-09 21:14:39,2018-05-09 21:34:11,2018-05-23 14:20:00,2018-06-03 18:11:59,2018-05-29 00:00:00
a0224d0bc0030c9226e9613d6561a7aa,278c63ede99698eb4838f0df378d9adf,delivered,2018-05-09 23:19:02,2018-05-09 23:33:32,2018-05-29 12:28:00,2018-06-11 22:18:38,2018-06-19 00:00:00
15775cbae05fe929de188870848e4129,95a9c31d31d9b5e98eed870eb5c4fde1,delivered,2018-05-10 11:31:11,2018-05-10 11:51:48,2018-05-11 14:19:00,2018-05-24 18:15:20,2018-06-01 00:00:00
fcc13f1fc01aacaf59da3b5bbc2e1b9e,1286872c3c0be0909184f3a1056a7471,delivered,2018-05-10 12:11:39,2018-05-10 12:31:45,2018-05-11 15:03:00,2018-05-16 16:12:09,2018-06-06 00:00:00
38ead2ac61ab32ce96209301f9d365f6,0be74c3190e29ed9550c7c2ca1417a14,delivered,2018-05-10 16:19:55,2018-05-10 16:35:27,2018-05-11 15:13:00,2018-05-21 23:22:34,2018-06-07 00:00:00
bb87d6748da724f69c5e62274dc7aae6,365ad3f217e2d051fd7f5daf436e4ad8,shipped,2018-05-10 16:44:57,2018-05-10 17:09:29,2018-05-12 08:55:00,,2018-06-13 00:00:00
ca46dc3fa4fe36c0a82c9e69bcb94fb6,3403d734bd655535fa240066328de632,delivered,2018-05-10 20:00:57,2018-05-12 02:53:33,2018-05-17 14:44:00,2018-06-06 23:27:39,2018-06-05 00:00:00
26e3ef9735227d94c5e14a0a461d0ab5,ee0d30f65ed72f4041f9a5ced21e762f,delivered,2018-05-11 03:40:43,2018-05-11 03:50:36,2018-05-11 11:43:00,2018-05-17 16:12:25,2018-05-30 00:00:00
695b3b57992d9247ea1b44bc6ec32978,8ba9765659c98e69e8345a1d6661fb93,delivered,2018-05-11 11:03:40,2018-05-11 11:15:19,2018-05-11 14:59:00,2018-05-14 20:57:03,2018-05-28 00:00:00
1ee4d0544d11c277367d2df9c25ae406,2549a0bb60ed32415a39f38be7534a3a,delivered,2018-05-11 11:08:14,2018-05-11 11:37:21,2018-05-14 13:19:00,2018-05-19 01:18:34,2018-05-25 00:00:00
09476766faf9215ae60de94d7c259801,a7ca77c243e6f130b70aa2cedcf78f7f,delivered,2018-05-11 13:35:48,2018-05-11 14:57:59,2018-05-14 14:46:00,2018-05-18 17:34:32,2018-06-05 00:00:00
22def07395185c22de97ddf37643037e,25c2b44f44746346e8df6fbd7ca25540,delivered,2018-05-11 15:48:36,2018-05-11 16:18:25,2018-05-14 13:21:00,2018-05-18 19:32:30,2018-05-29 00:00:00
1e24c66f40e16d38609ed026af8b4c94,1fc6b9b7c6e90a06ae0df125df34e37c,delivered,2018-05-11 16:14:10,2018-05-11 16:30:55,2018-05-14 08:25:00,2018-06-08 19:33:50,2018-06-05 00:00:00
7d71b84967ce50629f24530e64ba7938,ac9ae3c7de93573e219a1f10d7e71fca,delivered,2018-05-11 22:22:03,2018-05-12 22:15:20,2018-05-15 15:36:00,2018-05-21 23:52:38,2018-06-06 00:00:00
3699ca6aff3879a2990159cd64537303,d64e8d755ff3a2146a4f11c855c52f15,delivered,2018-05-12 13:13:19,2018-05-13 13:12:00,2018-05-15 08:29:00,2018-06-03 18:33:05,2018-05-29 00:00:00
b48b2c58981c8d7d31ec325569338e78,1eab936b5abcae9664590e84026a890a,delivered,2018-05-12 13:46:56,2018-05-15 05:14:56,2018-05-15 11:33:00,2018-06-13 15:28:47,2018-06-08 00:00:00
cee919bd7163243ec1de9cab6b7b7bc8,66a2895f55f89a9a33063dc8e781314e,delivered,2018-05-12 14:45:53,2018-05-12 15:22:21,2018-05-14 12:59:00,2018-06-04 12:52:02,2018-06-12 00:00:00
11a132c691ba6602d0cad2e1eea1bc14,fc8919341d4799fad9714cd5f33daa3e,delivered,2018-05-12 18:13:33,2018-05-12 18:35:59,2018-05-14 10:18:00,2018-05-22 20:04:35,2018-06-01 00:00:00
cd1d0fcb30750e22b9aa142cefdd532c,342e317a94e99f9100ce447a1ea53fb1,delivered,2018-05-13 12:06:03,2018-05-13 12:32:54,2018-05-17 15:06:00,2018-05-23 22:51:44,2018-06-08 00:00:00
b4b047bd2b601010cf106a8d20437c2e,9a29d9e8db843a5ea715d37941f4e70b,delivered,2018-05-13 18:41:30,2018-05-15 05:15:17,2018-05-15 13:15:00,2018-05-29 18:12:38,2018-06-06 00:00:00
a8dbaf4197af2f96f35fb65ad457c912,4828dec276b8e9249578cab092211e13,delivered,2018-05-13 19:21:01,2018-05-14 08:55:23,2018-05-15 14:20:00,2018-06-05 20:05:42,2018-06-05 00:00:00
889ea351c8a3773acec1c4652d87a9c1,39d3d4b442a8f280d85cf9929e286a5e,delivered,2018-05-13 19:53:11,2018-05-13 20:13:19,2018-05-14 13:01:00,2018-05-17 12:22:02,2018-05-30 00:00:00
0a44ca66dfa067a69bc92ef82ba68acf,28e063338299369124b14759ef655663,delivered,2018-05-13 20:05:55,2018-05-13 20:15:17,2018-05-18 15:12:00,2018-05-19 13:33:44,2018-05-25 00:00:00
33dc68ee07456f6fa5da352d9cca5d93,81375b1d0de1916253f403aafdc810a7,delivered,2018-05-14 09:22:27,2018-05-14 09:35:19,2018-05-14 13:43:00,2018-05-22 16:57:00,2018-06-05 00:00:00
9b959fa2a6e44d5301822150a060b9b4,6e4368a227d0f8e25cd7a533d1e781d5,delivered,2018-05-14 10:39:14,2018-05-14 10:55:20,2018-05-17 14:34:00,2018-05-19 16:44:36,2018-05-25 00:00:00
b73183cb490ec16839818660ffc3d832,9c6bf855fea8ceee89c3a2f9073e65de,delivered,2018-05-14 11:01:01,2018-05-14 11:15:27,2018-05-16 15:50:00,2018-05-23 18:38:18,2018-06-06 00:00:00
c9cf1b341e0a14fb94022101fa6c4604,56005e0bc41d31584c17a913251a676f,delivered,2018-05-14 11:06:13,2018-05-14 11:15:29,2018-05-15 15:03:00,2018-05-18 17:17:28,2018-06-08 00:00:00
66b9e5412dab143acd97cce94000eaf7,7bf09d9d05cb60c4a07f15ba0b5d86c8,delivered,2018-05-14 12:37:29,2018-05-14 12:52:38,2018-05-14 16:40:00,2018-05-18 23:51:39,2018-06-05 00:00:00
e7b2fd1afe0ea1687d1766b2b4f2d197,1e343e03e0136219d697f62fb5d9b962,delivered,2018-05-14 14:34:21,2018-05-14 14:51:20,2018-05-25 13:06:00,2018-06-05 18:38:46,2018-06-19 00:00:00
7ab1a9babde2a1355e3075d07ea895e3,071d9f8e80f0f0415885e9aac5814700,delivered,2018-05-14 17:26:57,2018-05-15 04:35:05,2018-05-15 12:28:00,2018-05-17 23:28:35,2018-05-22 00:00:00
15e0c6109167c1c2789e0bc78ddaa70a,45d1da7decf573a4b607172ed4b1435e,delivered,2018-05-14 19:56:23,2018-05-14 20:10:02,2018-05-15 12:41:00,2018-05-21 18:21:30,2018-06-01 00:00:00
41944cf624269caf43e02d939e33e8bb,d7a4704b258bf185b274e2d5fa8ec98f,delivered,2018-05-15 09:39:01,2018-05-16 03:35:22,2018-05-18 10:01:00,2018-06-06 12:05:46,2018-06-05 00:00:00
55ea3316ceef824308738752d1c12ae3,83451bf0ec7e33f664ffb1f106b59772,delivered,2018-05-15 09:49:19,2018-05-15 11:32:00,2018-05-16 17:47:00,2018-05-21 17:48:38,2018-05-29 00:00:00
79d1b9fc8db94431a92d87a19439ecf5,7b9600a82aefcd6b328f578e8e7a67e8,delivered,2018-05-15 10:57:36,2018-05-15 15:30:41,2018-05-16 13:36:00,2018-05-22 16:29:46,2018-05-29 00:00:00
812086848825c140a1472472a845a774,4c641eb5ac1a5a0becc4610f1084125d,delivered,2018-05-15 13:06:30,2018-05-15 13:34:10,2018-06-29 15:34:00,2018-07-02 21:04:39,2018-06-13 00:00:00
31ef673f8e35f0cde11a5945a4f7a39d,2eb5baa5fc118975682ae91596bbe78a,delivered,2018-05-15 14:34:25,2018-05-15 14:55:34,2018-05-16 14:00:00,2018-05-22 19:14:38,2018-05-30 00:00:00
4ae6c814370d0a4b396355a8aabbbfdd,a439ca180ebbf3037213e6d501646b3b,delivered,2018-05-15 22:11:51,2018-05-15 22:33:58,2018-05-16 09:45:00,2018-05-22 18:02:32,2018-06-05 00:00:00
5defd57f9849f19ee76815ca3a3c8956,ce6c68a9e878e180d72621fe4d67fae3,delivered,2018-05-16 10:58:51,2018-05-16 11:19:10,2018-05-21 09:56:00,2018-05-22 20:22:12,2018-05-25 00:00:00
3fc92f79759d64684c5d19448a12642f,5c630d7e047635a87090316b73975cc7,delivered,2018-05-16 13:59:05,2018-05-16 15:18:55,2018-05-17 12:58:00,2018-05-18 20:58:47,2018-05-24 00:00:00
061bf20146d98ef4698d0324dc4392db,f5b2fb69ba5496f0d6ca030ffebb5281,delivered,2018-05-16 14:36:43,2018-05-16 15:17:52,2018-05-17 11:43:00,2018-05-21 13:38:38,2018-06-06 00:00:00
52a547866cd2082c600fb72eced19331,0bf644fc54b89e3ba5b32c2b9e618de6,delivered,2018-05-16 15:02:31,2018-05-16 15:19:36,2018-05-16 14:29:00,2018-05-21 16:53:46,2018-06-05 00:00:00
b1f9095a10dfd9fcf032d74f71348e44,d77d7abd6f6e486d1a63c1465e1fe1d3,delivered,2018-05-16 15:46:36,2018-05-17 03:16:15,2018-05-21 11:52:00,2018-06-07 23:18:44,2018-06-05 00:00:00
66460ca7e4dff034a9ac0ec80c7fdea8,b53116772c5f1961424999a7ff5d0002,delivered,2018-05-16 16:16:03,2018-05-17 10:43:13,2018-05-17 08:40:00,2018-06-01 21:34:31,2018-06-06 00:00:00
5e5d67ba461a7218183df5ac644c4a8e,06d1ee5468d9a2c7acbbc36630dc6c87,delivered,2018-05-16 17:28:18,2018-05-16 17:57:40,2018-05-17 12:44:00,2018-06-06 17:44:32,2018-06-07 00:00:00
3ef3c91a36437f7a1e4d4556a0543004,8aa914a8e1b5a4238dbc4391cd5643f8,delivered,2018-05-16 19:28:08,2018-05-17 02:55:39,2018-05-17 15:34:00,2018-06-04 22:56:30,2018-06-04 00:00:00
c6122e6a623a45c8dfc876f10733682f,bdee28f68e11d29d4fdc2766e00696af,delivered,2018-05-16 19:30:53,2018-05-16 19:54:36,2018-05-22 06:53:00,2018-06-02 00:20:44,2018-05-29 00:00:00
a319e5a7d941ce5f60830d792323b3d2,035ac81f8d263612429021ec3c89e7ac,delivered,2018-05-16 21:04:38,2018-05-16 21:35:56,2018-05-17 14:31:00,2018-05-18 22:44:30,2018-05-28 00:00:00
c67e1765730119d92f4b8f54cd71a8e7,9c9178faa09a179b162ecef96f0e72ce,delivered,2018-05-16 22:20:04,2018-05-18 04:54:44,2018-05-18 13:23:00,2018-06-04 21:48:59,2018-06-11 00:00:00
4048279d4b6d7122d030e5487857a305,d1bbefdd8f2792e76ffd46b849437853,delivered,2018-05-16 22:38:55,2018-05-16 22:56:05,2018-05-22 14:45:00,2018-06-21 17:32:55,2018-06-07 00:00:00
e8aa9a21409da6ead91fa2b68f7408b8,1ce71347141b46f48d7e62c4b732c4d9,delivered,2018-05-17 09:29:58,2018-05-17 10:38:30,2018-05-18 11:04:00,2018-05-21 22:18:29,2018-05-29 00:00:00
b2f3774fcd52e817b5f0e8b459e1db17,ca345cb1e12c873647c273a2a7985f92,delivered,2018-05-17 14:22:26,2018-05-18 01:17:40,2018-05-22 13:56:00,2018-05-24 18:36:41,2018-05-28 00:00:00
6e810ea04c2e8b0bd5983f29be221d11,8bf61684ef7c1079a0c559ecd90ac2ad,delivered,2018-05-17 14:22:36,2018-05-18 01:57:18,2018-05-18 14:05:00,2018-06-01 20:51:09,2018-06-07 00:00:00
ec02fec9423ae39b2f91ff964bdfd87c,3c25754d740689baf315fde841fe8062,delivered,2018-05-17 16:35:33,2018-05-17 23:33:34,2018-05-18 14:31:00,2018-05-21 20:19:53,2018-05-30 00:00:00
91e6838f3091d5ea8d82bc61a52b5d58,84224aa8a8d7d7a16e6ed976990b9cdf,delivered,2018-05-17 16:42:45,2018-05-18 16:58:23,2018-05-21 12:03:00,2018-05-25 19:57:34,2018-06-01 00:00:00
7144ca093cbdecfdfc3e76d49da6ffb9,712d8c838062bc45d0567f4ea808866c,delivered,2018-05-18 00:35:08,2018-05-18 04:14:33,2018-05-18 12:16:00,2018-05-22 21:05:48,2018-06-13 00:00:00
c7e1e46af92704b1c2e1924de96e7479,9d71e1cf1662cfda7aeafb61975a3e78,delivered,2018-05-18 00:35:08,2018-05-18 04:14:31,2018-06-04 16:03:00,2018-06-05 11:58:59,2018-06-06 00:00:00
f8f28698e5ebccf86845a38726e56ada,ea643b850ffb1c9e12b2159c354d12d1,delivered,2018-05-18 11:05:44,2018-05-18 13:06:35,2018-05-21 15:30:00,2018-05-24 14:58:50,2018-06-05 00:00:00
c370da0f0fd81902eafd8ed8fbc86804,2dbef7c4fd8693011193adc8ae646272,delivered,2018-05-18 12:04:49,2018-05-18 13:05:34,2018-05-21 18:27:00,2018-05-29 22:51:15,2018-06-04 00:00:00
f313336cf2b038a3ef433d8e48aec4d5,632fb46531120e455250be499e52ae03,delivered,2018-05-18 19:17:14,2018-05-19 03:12:54,2018-05-22 06:21:00,2018-05-23 17:32:00,2018-06-01 00:00:00
97d6c1727b0d36b8d04035e35d86f40f,f5a0b560f9e9427792a88bec97710212,delivered,2018-05-18 21:42:33,2018-05-18 21:55:14,2018-06-04 16:03:00,2018-06-05 19:33:24,2018-06-06 00:00:00
a5ee069718f4fc72e7a0567f4a45ba53,d38d6629ae21f5962e9ab76b553360ca,delivered,2018-05-19 20:17:34,2018-05-20 00:30:08,2018-05-22 12:43:00,2018-06-02 00:38:45,2018-05-29 00:00:00
e1e5a84a3748808d3ff0dcb4b58ac5dd,070571ebd72c8abf80e793aa0faa32f8,delivered,2018-05-19 20:40:42,2018-05-20 00:23:31,2018-05-21 13:57:00,2018-05-22 13:58:45,2018-06-13 00:00:00
523d5e9ab692bee9c8dfd7063351f696,f0d9c201d2ab5c9467693e46b2c3d40c,delivered,2018-05-20 01:15:58,2018-05-20 08:17:30,2018-05-21 11:29:00,2018-05-22 16:48:44,2018-06-01 00:00:00
fda9a222267a9db0d0831209bfe668e7,40f91776eb08c0a9e9339c42b8bc4388,invoiced,2018-05-20 09:53:33,2018-05-20 10:17:14,,,2018-06-08 00:00:00
e15b3513c9d37fdf4a36b88911a5c515,591219cc67cc4c76efa171e1a7db4d12,delivered,2018-05-20 11:29:44,2018-05-20 11:51:00,2018-05-21 14:48:00,2018-06-01 17:05:00,2018-05-29 00:00:00
0136bcc7370d7fdf44bd916a6dd583c6,55be5653a69f4551dae9951e54acf572,delivered,2018-05-20 19:31:30,2018-05-20 19:50:36,2018-05-21 15:58:00,2018-06-06 18:53:26,2018-06-05 00:00:00
0b46d65f233663a9d675570799f42914,e2b23b5346debd052a2750aca8834ea4,delivered,2018-05-20 19:40:06,2018-05-20 19:50:44,2018-06-07 14:02:00,2018-06-11 15:44:38,2018-06-13 00:00:00
bc31e8bedc7ea2cb76e1cb0e913ffa40,226cc869d30bf575d5d2a0060dd34828,delivered,2018-05-20 23:22:15,2018-05-20 23:37:59,2018-05-23 16:18:00,2018-05-28 15:12:05,2018-05-30 00:00:00
6709606f3773c59d8bed53c0d9bb614d,0be4ccac4dad0eece92dc788cd5e9260,delivered,2018-05-21 00:26:19,2018-05-22 07:54:02,2018-05-24 14:54:00,2018-06-08 09:51:58,2018-06-11 00:00:00
273fa2f569d3e879930f38dbc3d79eda,5d442fd431e8112816463237246a2b6b,delivered,2018-05-21 14:24:04,2018-05-21 16:14:48,2018-05-23 15:32:00,2018-06-06 18:18:37,2018-06-12 00:00:00
0cee13b4c26d8a1508693a49a3859285,ebe05f984c0130e49c774ce2c9688835,delivered,2018-05-22 05:26:37,2018-05-22 17:14:49,2018-05-23 11:38:00,2018-06-06 13:26:33,2018-06-07 00:00:00
9b41711934b43494976d4412d62deb1a,14c746d1ab062a46b0ddb1cb59cd8bbf,delivered,2018-05-22 09:55:20,2018-05-22 17:14:41,2018-05-23 14:34:00,2018-05-29 20:54:55,2018-06-21 00:00:00
da095f1f4d7e0e3111772d51a08ad079,4d6c419b936a841d738247d0800f430d,delivered,2018-05-22 09:56:27,2018-05-22 17:14:45,2018-05-23 14:12:00,2018-05-24 16:05:08,2018-05-30 00:00:00
b132124ca9d69faf63989e08a5851151,2e6d07b7d21a82360f3b981e93f20c45,delivered,2018-05-22 10:50:04,2018-05-22 11:14:31,2018-05-25 12:40:00,2018-06-04 19:26:52,2018-06-08 00:00:00
cd5b7d5b405a2cee7a15972eaa47f1d3,817b60b1eb3a1cffa66753a501a4987f,delivered,2018-05-22 12:22:20,2018-05-22 12:35:17,2018-05-23 14:58:00,2018-05-24 10:49:55,2018-06-06 00:00:00
fa2211e05a1ebb8eedfa015e5d6d7957,62a91310a7666cefb5f7275f731338db,delivered,2018-05-22 15:11:07,2018-05-24 02:18:31,2018-05-24 15:37:00,2018-05-28 16:08:04,2018-06-04 00:00:00
2b2d14ba52a8e26e96997f82fa596480,dfe9825762431b40b05e387b94712d60,delivered,2018-05-22 17:47:24,2018-05-22 18:37:15,2018-05-23 11:05:00,2018-06-07 20:42:08,2018-06-08 00:00:00
1261388c490047bbb0ea823f9b75cc29,99dd58a09716d7329e3aea07aa5477c3,delivered,2018-05-22 18:15:54,2018-05-22 18:37:18,2018-06-05 16:16:00,2018-06-20 17:54:29,2018-06-26 00:00:00
2a5fd2bee90721df67729d2e85221278,aca1c958b4ce2b798919091d10296965,delivered,2018-05-22 21:38:57,2018-05-22 21:58:28,2018-05-23 10:55:00,2018-05-24 15:10:55,2018-06-11 00:00:00
a89c7ca4e54f3cad7dbdb78b5e33c4f7,59d196118ca8d55c3c6e469f532f9bf1,delivered,2018-05-23 11:35:43,2018-05-23 14:54:50,2018-05-24 10:46:00,2018-06-08 22:50:30,2018-06-18 00:00:00
12764e11143d316ea2257118daa2e3bc,3b06aeea8f6124ae0e66e6fd1fc97ade,delivered,2018-05-23 16:12:01,2018-05-23 16:36:26,2018-05-24 08:38:00,2018-05-25 20:49:46,2018-06-13 00:00:00
d5d5a70a76401ecc139ee16c5299df4d,11529689a3fdf79b53cf853daf570b16,delivered,2018-05-23 20:29:40,2018-05-23 20:57:21,2018-05-24 15:14:00,2018-05-30 17:21:33,2018-06-11 00:00:00
574a92fb05e01159e32c2a4cba131e3e,2a7d2a567dbf4e484dc9ff01ee6a5a29,delivered,2018-05-23 20:40:56,2018-05-23 20:57:35,2018-05-24 10:39:00,2018-06-06 19:32:01,2018-06-20 00:00:00
236923fe36df7c931b0fb65f493e39e4,b1c1ce38e32f5c8f25f515f2caf1f1c1,delivered,2018-05-24 01:14:59,2018-05-24 01:37:58,2018-05-25 14:09:00,2018-06-08 17:55:30,2018-06-18 00:00:00
c4dad201936ed30eef3c94fafa59ed6e,cafd2aa4c46d2009f8ae97c20b2ccbed,delivered,2018-05-24 12:28:44,2018-05-24 12:59:13,2018-05-24 14:59:00,2018-05-25 17:42:25,2018-06-13 00:00:00
23df618cc33c091a2663120f9de8dbfd,efbac5d10fdb11e07b78409fd8fddb45,delivered,2018-05-24 13:27:00,2018-05-25 02:54:56,2018-05-25 11:48:00,2018-06-07 21:27:26,2018-06-18 00:00:00
853bcc471d6ed0eb620a497023eb9fa6,5255888d021de3e7ad01cbc8e47b256c,delivered,2018-05-24 14:10:03,2018-05-24 14:33:22,2018-05-24 14:19:00,2018-06-04 22:52:34,2018-06-20 00:00:00
802a16d8b5c3a74a38cf9216f429c469,02fcee476755e629f2a4113550450b24,delivered,2018-05-24 16:47:50,2018-05-24 18:38:37,2018-05-30 12:34:00,2018-06-06 17:33:06,2018-06-20 00:00:00
264ce11c5e766e56fad7ef4046030511,beca47edbdd65b21b705e744c4275638,delivered,2018-05-25 16:23:48,2018-05-25 16:36:42,2018-05-28 14:20:00,2018-06-10 17:02:21,2018-06-25 00:00:00
ad5bf590212b05339591fac819fec669,61c40fbd64ecfee5270d6f9f2202c484,delivered,2018-05-26 11:41:20,2018-05-26 11:55:12,2018-05-28 13:27:00,2018-06-04 20:11:03,2018-06-28 00:00:00
9a0b2a68507680a6e151319e4b6e68f7,4c2c2a4401219b69cecc92106c149bd4,delivered,2018-05-26 16:05:31,2018-05-26 16:30:24,2018-05-28 15:36:00,2018-06-14 11:46:31,2018-07-13 00:00:00
c0e57db4a4a6ef32aa28911d1c07df81,9630893f817054e899ceb1c9a539817a,delivered,2018-05-26 18:41:31,2018-05-26 18:57:58,2018-05-28 14:02:00,2018-06-07 15:05:09,2018-06-29 00:00:00
55567a8e851b2400b53f74ec9b974221,75b55ff7cceeecbc718b1094555f5568,delivered,2018-05-26 19:20:39,2018-05-26 19:38:22,2018-06-04 13:42:00,2018-06-14 00:22:51,2018-06-29 00:00:00
7ae97f48d1e1624e8baae4a3faee4837,47046a7bf901f66a12fa296a5982f5ad,delivered,2018-05-26 19:31:27,2018-05-26 19:49:43,2018-06-13 12:19:00,2018-06-21 17:36:34,2018-07-13 00:00:00
9eb401aae2d502a73f4a27f97d3bebf5,f13bb2fb4cdf0a6655b9aaf846a73f13,delivered,2018-05-26 21:08:43,2018-05-26 21:37:53,2018-05-29 13:38:00,2018-06-13 18:36:37,2018-07-16 00:00:00
b9499283a775ccfa9da92e6e75e9b4b9,d66a67d5008715c5d0fc4c106d596974,delivered,2018-05-26 21:46:48,2018-05-26 22:17:28,2018-06-06 12:57:00,2018-06-21 14:28:17,2018-07-16 00:00:00
e1ebf9d9fbf1f356179a8f969dc8c4c5,ec8ccb40a803b77a809f6b32b2af4cec,delivered,2018-05-27 17:14:06,2018-05-27 17:34:42,2018-05-28 12:25:00,2018-06-06 01:32:10,2018-07-18 00:00:00
e156c06e2ceacafe7263782d2115fca8,2cdd14266e171616685c2a2deaaa76f3,delivered,2018-05-28 00:07:28,2018-05-28 00:29:32,2018-05-28 13:19:00,2018-06-02 19:34:43,2018-06-28 00:00:00
3c2ce68a8ae197f1c0761e0e49486673,ed01365fc6f6e098879c03ae23b0d743,delivered,2018-05-28 12:01:10,2018-05-29 03:31:14,2018-05-30 11:15:00,2018-06-01 20:41:58,2018-07-03 00:00:00
45b0b9012eea515351639078d2676a65,08d7b1fe49c75e0ebc5758f55d41a580,delivered,2018-05-28 13:10:38,2018-05-29 03:30:57,2018-05-30 12:41:00,2018-06-11 15:19:41,2018-07-18 00:00:00
c29713133e5e33937af1a6e1e1370552,906614004e38a1e922ff033563bfdcf2,delivered,2018-05-28 17:20:02,2018-05-28 17:35:09,2018-05-29 14:22:00,2018-06-07 18:38:24,2018-07-19 00:00:00
6d0e0e8907efa53405051c14ba17f58e,c2430380d5d3ec51f5f8128805b6666d,delivered,2018-05-28 22:22:56,2018-05-28 22:35:51,2018-06-01 14:10:00,2018-06-08 16:50:42,2018-07-04 00:00:00
f3c973baad2d145cc17da5473621e0db,3bf70d98adff5db9b2292184cb16e078,delivered,2018-05-29 10:13:56,2018-05-29 10:38:42,2018-05-29 12:31:00,2018-06-11 13:32:12,2018-07-24 00:00:00
98c809bf2e8392fc389fdf8e2bfbb856,0d15109f485330cb77c3721039e60cdd,delivered,2018-05-29 10:26:20,2018-05-29 11:18:49,2018-05-30 12:28:00,2018-06-01 17:58:45,2018-06-21 00:00:00
820c39d59fdb0ec31f14070eabca7a15,bb236a7c776991c064b371715a445b78,delivered,2018-05-29 11:31:30,2018-05-29 13:31:16,2018-06-04 10:52:00,2018-06-27 18:06:31,2018-07-20 00:00:00
f4a0d0b492776bcd3baab5d1f826b131,6887855de82e990aa40afea563f79b83,delivered,2018-05-29 15:28:44,2018-05-29 15:59:02,2018-05-30 10:06:00,2018-06-01 11:24:54,2018-06-21 00:00:00
b124967afcc82ef17ec41020fe2a9136,43dd5cdd60809c5f268d9d3b1e5b986d,delivered,2018-05-29 16:19:32,2018-05-29 17:18:09,2018-05-30 14:09:00,2018-06-01 15:48:34,2018-06-21 00:00:00
99daacedd8423e3b5169338429be0110,29cd5d64c1d683f8d652670417b62b8a,delivered,2018-05-29 19:12:11,2018-05-29 19:32:22,2018-05-30 07:56:00,2018-06-01 22:21:31,2018-06-29 00:00:00
07edcfe51903bc7e23501f6b87f2bc46,758ca4ee2332bce93a8be678115f71aa,delivered,2018-05-30 14:08:09,2018-05-30 14:31:59,2018-06-01 06:12:00,2018-06-11 18:33:42,2018-07-25 00:00:00
b06d6a76d26b5692a9a6f974dde874ec,05f755716925c7f1c0aa42b4730e77a7,delivered,2018-05-31 04:43:44,2018-05-31 05:26:00,2018-06-15 15:01:00,2018-06-26 15:22:35,2018-07-31 00:00:00
556e5ad87434de71e0948b9bca0046f5,a5d5dd7dd3d50ed0b24c2e230ac2c486,delivered,2018-05-31 10:57:51,2018-05-31 11:15:21,2018-06-04 13:45:00,2018-06-13 21:28:45,2018-07-13 00:00:00
a92cb0dfef8b722e7edb2b8945fd8baf,1d0bde0533c8bc42fc1362a0bc554429,delivered,2018-05-31 13:19:59,2018-05-31 13:35:23,2018-06-01 12:23:00,2018-06-04 13:08:31,2018-07-04 00:00:00
86a864127a2656c4b4b742ae4a67bc1e,c083885b437889d9282d636eabaaabb8,delivered,2018-05-31 16:14:26,2018-06-02 03:31:53,2018-06-04 11:44:00,2018-06-07 22:41:59,2018-07-11 00:00:00
8683ae8607ec5fd83805116545a82385,4eeb9ef829326203bedf160634900db8,delivered,2018-06-01 01:50:02,2018-06-01 02:33:11,2018-06-14 14:32:00,2018-06-19 18:46:28,2018-08-02 00:00:00
9bd2f19fdebcf5928f0971caeac464d9,3dfb839c63ae6b7545b643714e1b6dc3,delivered,2018-06-01 06:55:40,2018-06-01 07:42:11,2018-06-05 12:06:00,2018-06-15 00:41:31,2018-07-18 00:00:00
31a10d7f77b91046e15fcb519bad27e1,11d983fbbe99a7f4d98590596bdd225f,delivered,2018-06-01 11:31:36,2018-06-01 11:51:48,2018-06-01 14:06:00,2018-06-03 12:21:06,2018-06-26 00:00:00
dec147b0fad4d41a208b7873dd7900e6,5726ad0e49501515e2b0553e11fb26bb,delivered,2018-06-01 11:57:33,2018-06-02 03:31:50,2018-06-06 11:34:00,2018-06-12 16:27:08,2018-07-04 00:00:00
f14cabd169ba0d0ecb7433e55c72aca2,8ef7c689216e12ab959d9003a6c4b3b9,delivered,2018-06-01 14:22:02,2018-06-01 14:35:15,2018-06-04 15:15:00,2018-07-05 17:33:01,2018-07-18 00:00:00
f9a4431b06162517b2bc2fbaf8f9645a,c18b64a465c9f5309872862fe7e84ca6,delivered,2018-06-02 11:03:09,2018-06-02 11:15:16,2018-06-11 14:08:00,2018-06-14 19:08:51,2018-07-17 00:00:00
1c2bcfd34cbb64f130a03aeb7c0d6c75,dc20dd848e86e03be23cc9883378cd65,delivered,2018-06-02 11:53:45,2018-06-02 12:15:13,2018-06-22 15:52:00,2018-06-26 16:21:19,2018-07-17 00:00:00
78c13513d30056e98c389d49a5634361,8ef1cfde70a8df9626df676a74558fcf,delivered,2018-06-02 20:46:04,2018-06-02 20:55:31,2018-06-04 11:31:00,2018-06-26 18:16:35,2018-07-05 00:00:00
f77d6449700df86a91049fdf2bb2e7f5,8a717a19b689087bd31b9b2241003871,delivered,2018-06-03 00:20:18,2018-06-03 00:30:17,2018-06-04 15:31:00,2018-06-06 18:21:56,2018-06-20 00:00:00
4f8bcc599bf25aa16aa67fd4ebf895dc,473c155bbf0e0ae803bd419e8b1e24eb,delivered,2018-06-03 10:38:07,2018-06-03 10:50:18,2018-06-04 16:08:00,2018-06-07 21:28:50,2018-07-12 00:00:00
6732b3592160273b239f331a101494ff,c23b19e27fbcb26feba308d4334557fa,delivered,2018-06-03 13:33:23,2018-06-03 13:51:18,2018-06-04 11:12:00,2018-06-08 17:41:32,2018-07-11 00:00:00
c531cb50fa0506125473379b2d74356b,95e27d868269c41e9785c6028f1cc504,delivered,2018-06-03 14:21:44,2018-06-03 14:35:23,2018-06-04 12:29:00,2018-06-09 16:59:33,2018-07-16 00:00:00
92af9bafd80bcd2636471ac01bc77f60,240a8b56938c17a84ffdbc98516c9468,delivered,2018-06-03 15:44:38,2018-06-03 15:55:14,2018-06-06 13:43:00,2018-06-10 17:08:27,2018-07-05 00:00:00
cd1709e97dc100d3eea6e801ca6f3a29,30655cf58eb5718f546e6dabc8a860dd,delivered,2018-06-03 22:11:27,2018-06-03 22:31:24,2018-06-04 13:30:00,2018-06-12 16:21:33,2018-07-13 00:00:00
cb183ad1472c27844f8e8a96ba2afcc5,4e451ebf8a3ac5aa527361733f7015ad,delivered,2018-06-04 11:55:30,2018-06-04 12:10:38,2018-06-04 12:12:00,2018-06-19 15:41:53,2018-07-17 00:00:00
1bc50e93f3ab76ab6677faad4dd5216b,11ccdef696a84d0671c602467bb81e2a,delivered,2018-06-04 15:20:54,2018-06-05 04:31:09,2018-06-05 13:02:00,2018-06-15 12:32:59,2018-07-17 00:00:00
7bfaace314d5c68160cbbb20c50b1438,e753a8c5c00e7acb6be62acbcb6726c2,delivered,2018-06-04 19:15:28,2018-06-04 19:30:20,2018-06-05 12:23:00,2018-06-14 19:05:24,2018-07-11 00:00:00
44ec3a74b2c9dcfe0f2fa9031613065d,30f523f7def36192efe977b047ab4622,delivered,2018-06-04 19:29:49,2018-06-04 19:53:05,2018-06-05 09:05:00,2018-06-16 13:56:48,2018-07-13 00:00:00
23d23296f19f96722556d7712d45ca0e,20069d8437820f86e07c7036693aa9b7,delivered,2018-06-04 20:13:34,2018-06-05 16:16:30,2018-06-12 14:46:00,2018-06-15 16:26:52,2018-07-05 00:00:00
85b1e09d7a230790544ffb86902bf77b,10c23e73ba4e0d1dba0fcb959305ecf2,delivered,2018-06-05 11:35:51,2018-06-05 14:31:34,2018-06-05 14:25:00,2018-06-06 13:46:01,2018-07-19 00:00:00
d37a4faa7cb8cd88246d73aee035a327,cb119e28018ffea7a8dc693d1aab7322,delivered,2018-06-05 12:01:37,2018-06-05 14:31:49,2018-06-07 11:45:00,2018-06-13 19:32:03,2018-07-17 00:00:00
aafbb7deb8b53a1b559f530bd24ea506,98dcc87c8e097dabccf8a3f16d976bfd,delivered,2018-06-05 12:46:28,2018-06-05 14:31:42,2018-06-06 14:30:00,2018-06-11 18:06:31,2018-07-11 00:00:00
648e0ac5cc6c2c2f7fa83738b193516a,bf0bb80f1dde0b8bb3b522d8146a764f,delivered,2018-06-05 13:24:48,2018-06-05 14:31:21,2018-06-06 12:29:00,2018-06-15 17:36:46,2018-06-29 00:00:00
3a3946583c464f57913a9df9c134ba0f,5e73cb3ef5fd8f561bda55e9e69debbc,delivered,2018-06-05 16:25:19,2018-06-05 17:15:54,2018-06-12 15:37:00,2018-06-20 16:38:27,2018-07-12 00:00:00
7388c6ff667e30b4ba78bdca9dccd818,336fbae7f609704cbff29abfa3c5cf87,delivered,2018-06-05 18:11:03,2018-06-05 18:33:30,2018-06-06 14:19:00,2018-06-11 18:24:23,2018-07-17 00:00:00
6acc8234fbe95cdf6e5e160bc5a23ad0,a3d0f1e0bd25da3fb9e002c697d1f86b,delivered,2018-06-05 19:43:40,2018-06-07 03:12:24,2018-06-07 10:19:00,2018-06-12 17:58:42,2018-07-12 00:00:00
805bde3649dd9d348ea3b77004f1c6d5,267856cea77d0833f02cb04e26e72100,delivered,2018-06-05 21:54:42,2018-06-07 02:54:37,2018-06-07 14:25:00,2018-06-08 18:08:24,2018-07-03 00:00:00
04a2b4ee7fcf9fa8bf25b8d5bc770152,e09bddc2b1cb1ef0e2e4829e02303212,delivered,2018-06-05 22:45:09,2018-06-05 22:55:17,2018-06-06 11:05:00,2018-06-15 22:23:34,2018-07-12 00:00:00
7b1ac4e60f6fa1bcc21cbd258f6ea1bd,828ad019f5604b99cdc428b0cb245e11,delivered,2018-06-06 11:53:02,2018-06-06 12:12:53,2018-06-08 14:02:00,2018-06-14 16:58:43,2018-07-12 00:00:00
e90e7c747cb478cb9b973c929c0994e5,fb8ce23b2809c1804941ae306cba5ae4,delivered,2018-06-06 15:31:19,2018-06-06 15:54:21,2018-06-08 03:41:00,2018-06-19 22:06:38,2018-07-17 00:00:00
efba1a196f39b8f3451fa4a5804928e0,e808c788e5fa15411cddba5d33f753eb,delivered,2018-06-06 15:35:22,2018-06-07 13:38:40,2018-06-14 14:58:00,2018-06-21 13:53:47,2018-07-18 00:00:00
8e60a511ac30aacb9ded963801a906af,cb11798c6f6e786afc3afe6a0d34c87c,delivered,2018-06-06 16:30:22,2018-06-06 16:55:21,2018-06-14 14:58:00,2018-06-19 16:18:58,2018-07-17 00:00:00
004ca5ae248069d68e8594df8abf6ce0,576908744ae56c9cf061c40a434e2a24,delivered,2018-06-06 18:30:20,2018-06-06 18:52:39,2018-06-07 14:17:00,2018-06-15 22:12:30,2018-07-26 00:00:00
245a8cb9d360630691eb4449b1994017,f5aa85925c87d4706170811c0fa7c779,delivered,2018-06-06 22:26:33,2018-06-06 22:53:06,2018-06-07 08:16:00,2018-06-09 16:09:53,2018-07-03 00:00:00
ad6375df4d400deedc67049cfe1ae46f,9cee027c663f66d73a78ab124f88961a,delivered,2018-06-07 10:23:01,2018-06-07 10:59:48,2018-06-08 13:50:00,2018-06-14 18:34:57,2018-07-13 00:00:00
6ef401cf776e0393085115618d39f6a9,bba03ef582638ab9f9c9b38eb0392daf,delivered,2018-06-07 11:06:53,2018-06-07 11:37:02,2018-06-07 14:04:00,2018-06-21 15:08:30,2018-07-17 00:00:00
c2a6e9e49e5282ea4882c738f6137303,ddfd8d13c24e4c70c557721e3911ae83,delivered,2018-06-07 14:06:40,2018-06-08 02:56:02,2018-06-08 16:02:00,2018-06-18 19:46:27,2018-07-11 00:00:00
45d0086d88024df86e193e5bf86bc989,daa89e848fb45343429ecba9c5021aa3,delivered,2018-06-07 15:54:18,2018-06-07 16:20:57,2018-06-08 13:37:00,2018-06-19 13:40:54,2018-07-11 00:00:00
8881dc280b8de23e6913aaee6bf61bb5,1409d4984ed93c6cd3098952b9ff8ff1,delivered,2018-06-07 18:42:34,2018-06-07 18:55:58,2018-06-08 12:03:00,2018-06-15 18:42:41,2018-07-13 00:00:00
c8ff0e33e2f8df953767f28065a3a6e0,5ff80d15decad784ce17e900e5538412,delivered,2018-06-07 22:02:48,2018-06-07 22:16:20,2018-06-11 12:02:00,2018-06-23 15:15:36,2018-07-25 00:00:00
635c8d3ab47b7448b5d6c81dc9b7526e,d7b2339f118be9c6d98389f6d0c370d4,delivered,2018-06-07 22:36:29,2018-06-09 02:57:41,2018-06-14 13:59:00,2018-06-18 18:33:50,2018-06-26 00:00:00
9c5da765587b0ee5c54bf7fb708b4659,eac40d5a8d6c0842ef2854444b66b0ec,delivered,2018-06-07 23:20:41,2018-06-07 23:35:33,2018-06-08 14:01:00,2018-06-13 00:14:31,2018-06-18 00:00:00
927b55d4e72a05e5af01fa69bea2a4ac,870a43c2cb3de01267ee03d76d1200b4,delivered,2018-06-08 00:15:04,2018-06-08 00:34:33,2018-06-12 13:52:00,2018-06-13 22:11:13,2018-06-29 00:00:00
fce3aaaad786e05cb7386b9274f5aa17,63b6d17991185fced5b5dc0dcab5b739,delivered,2018-06-08 00:58:37,2018-06-08 01:13:20,2018-06-11 12:17:00,2018-06-14 20:42:52,2018-07-04 00:00:00
8d40f6aeb11aa6d03d17b3fa59b14fbe,a2d1e0478a84c06555dcd2e1adb8ba7c,delivered,2018-06-08 11:54:55,2018-06-08 12:21:44,2018-06-12 08:37:00,2018-06-20 18:16:33,2018-06-29 00:00:00
99d738d6bfcf410fa6924ed854246917,80fca6556f3be9f3dfe121d9466c5acf,delivered,2018-06-08 17:35:20,2018-06-09 02:57:34,2018-06-25 14:10:00,2018-06-29 21:53:39,2018-07-17 00:00:00
114b047e7bac7728e93bdf39f7031875,90d1c7278be8f2418fd8ea151450f359,delivered,2018-06-08 21:02:49,2018-06-08 21:15:23,2018-06-18 11:55:00,2018-06-26 18:26:52,2018-07-18 00:00:00
03be2f620301ed720f761e04f00270d4,f1dde6108ccd95c8341b628a7ecc6ef5,delivered,2018-06-09 12:20:13,2018-06-09 12:35:12,2018-06-15 16:38:00,2018-06-20 17:17:40,2018-07-04 00:00:00
8cbe9120736aad9c8fdbf431bcd16e5e,79d7e956c2d03b3e3113f470935ed88d,delivered,2018-06-09 15:07:45,2018-06-09 15:39:54,2018-06-11 14:43:00,2018-06-12 19:43:43,2018-06-20 00:00:00
0dbd48af8e89b595eec029357764af2b,e4e5ff953eaae46ad6d35088e9db153f,delivered,2018-06-09 17:51:54,2018-06-09 18:18:57,2018-06-11 14:46:00,2018-06-21 15:05:02,2018-07-16 00:00:00
aef24fc9e8f2acb0fd975391c6be7ff5,10bbc2e28e8d9aada22254f4d45a9fd4,delivered,2018-06-09 19:33:06,2018-06-09 19:50:51,2018-06-11 14:08:00,2018-06-16 12:51:38,2018-06-29 00:00:00
b6b8305352b7f21764d7a8e573f1e8aa,cd2323501d2be6e4536cb19e12c6a92b,delivered,2018-06-09 21:53:29,2018-06-09 22:19:08,2018-06-11 14:39:00,2018-06-21 20:06:42,2018-07-18 00:00:00
c58478c0a746d4188108e2ec71001110,f37530fccfe475559747e4c591f8d409,delivered,2018-06-10 00:58:14,2018-06-10 10:58:06,2018-06-12 08:52:00,2018-06-25 20:32:55,2018-07-23 00:00:00
32f133e6183197d366f71e2d37f823bd,a7d431da1da2c65d5d93b343e122d2ab,delivered,2018-06-10 11:04:34,2018-06-12 04:17:49,2018-06-12 11:26:00,2018-06-18 22:27:07,2018-07-25 00:00:00
a312bb85adfdd8a06eff1dbd25f527b7,a8e0a1db9067553bedd48e45e9d20320,delivered,2018-06-10 11:32:43,2018-06-10 11:51:09,2018-06-11 13:49:00,2018-06-15 18:18:45,2018-06-28 00:00:00
a6456e781cb962cc3f412b04de4fed7b,eee13c10a26da9f6f1c5352b215a88c4,delivered,2018-06-10 13:45:22,2018-06-10 14:16:26,2018-06-11 09:05:00,2018-06-12 20:02:44,2018-06-20 00:00:00
7a53fed7f9006ef9325efa365e6a1992,dc66ab9389433904b412c0f0b4e14363,delivered,2018-06-10 14:03:38,2018-06-11 14:17:34,2018-06-12 14:20:00,2018-08-09 19:40:47,2018-07-13 00:00:00
5a8cbabf9050846cfba3b3f011e2cad0,9c00a1f34ce8322426a443a43c8b0347,delivered,2018-06-10 14:26:44,2018-06-10 14:57:04,2018-06-11 15:22:00,2018-06-13 18:52:48,2018-06-20 00:00:00
20179c04ba0e2e024542349ec1d5d263,b64106d2d4647c03dc63123823b8da83,delivered,2018-06-10 16:56:27,2018-06-11 19:19:51,2018-06-12 15:29:00,2018-07-05 15:51:04,2018-07-18 00:00:00
e49e382e440b76f65be6ce311948835c,0971df83869ecd83b4282f773573bff3,delivered,2018-06-10 18:05:07,2018-06-10 19:38:14,2018-06-11 15:53:00,2018-06-15 18:58:36,2018-07-05 00:00:00
3549d4f44bac42a299415349e0fcad15,ca090843ee5ff7e0f8168d693f8b60c4,delivered,2018-06-10 19:09:32,2018-06-10 19:37:55,2018-06-11 16:17:00,2018-06-21 18:38:35,2018-07-03 00:00:00
f8dcf163964a98422b218dd41bd47a7a,5a9e4bc91585c83d0c13d079969094d5,delivered,2018-06-11 01:11:02,2018-06-11 01:38:27,2018-06-11 15:23:00,2018-06-16 11:52:41,2018-07-12 00:00:00
2b7c67fca0696d8eae5f3deb33637a2f,22abae8abdb65b160360a0e4a612bd2f,delivered,2018-06-11 01:12:18,2018-06-11 01:38:26,2018-06-14 17:20:00,2018-07-03 20:36:53,2018-07-12 00:00:00
704be8bf8fd6f9246d75c2e09734cdf7,51900b4fbafcdd8f9fee317cfb9e657c,delivered,2018-06-11 09:30:00,2018-06-11 09:52:58,2018-06-13 14:34:00,2018-06-14 14:31:43,2018-06-20 00:00:00
d12cad0b8ea6cca0ee8d2d4f4105cee1,2ad6a1964e68226e5707423966a8a1c6,delivered,2018-06-11 11:11:37,2018-06-11 11:40:57,2018-06-12 14:47:00,2018-06-20 22:48:24,2018-07-13 00:00:00
ceb58b0818e117cb6dc6c1030b89d8ab,eb2e5efe8d015ff0f7cf26a838260d4c,delivered,2018-06-11 12:23:40,2018-06-11 12:38:37,2018-06-12 09:51:00,2018-06-20 00:16:41,2018-07-05 00:00:00
b1b1b0b5750f064412720744d890eaf0,fa904738e1b854de39ec337a79525be6,delivered,2018-06-11 14:00:46,2018-06-12 09:31:55,2018-06-11 14:20:00,2018-06-19 19:04:21,2018-07-19 00:00:00
e62d530c9b5d79b0b222e5a4542d71be,b323dd4451f8a811f505bd4c597bd181,delivered,2018-06-11 15:24:27,2018-06-11 15:39:08,2018-06-12 15:05:00,2018-06-13 19:54:39,2018-06-20 00:00:00
02f8584bbcb3aeae87d8e697737fb5b1,dd19811f111cf44a0e3d97b617373301,delivered,2018-06-11 17:29:39,2018-06-11 17:59:58,2018-06-12 14:01:00,2018-06-13 21:50:49,2018-07-12 00:00:00
b49fb5d1cf86975cf5a295431c278a33,919898139ad85605b36f05302f908a95,delivered,2018-06-11 18:18:36,2018-06-12 18:46:06,2018-06-15 14:27:00,2018-06-20 15:45:20,2018-06-28 00:00:00
af0875390f2817270f7f82048e3bc867,d92dad317923ebe6000da15d6e1aff00,delivered,2018-06-11 19:21:45,2018-06-13 03:55:14,2018-06-14 14:25:00,2018-07-06 15:22:04,2018-07-04 00:00:00
1870435c92e656773aba0cb7b5a49b26,362e8547ed41f5bc4e7eccffb84c698d,delivered,2018-06-11 22:50:17,2018-06-11 23:18:24,2018-06-15 12:24:00,2018-06-21 19:51:50,2018-07-11 00:00:00
bb9e31e54af342d8e3f32fc1cb2d8804,687dd24bd9fcbeec556d553371082a8d,delivered,2018-06-11 23:55:26,2018-06-13 03:06:02,2018-06-15 19:12:00,2018-06-18 19:02:46,2018-06-25 00:00:00
fa09bf06f137e4496f69f730fd93dcaf,093e07dbdcc9f26d16a5cf4c0b8173ab,delivered,2018-06-12 19:03:16,2018-06-12 19:27:31,2018-06-13 13:52:00,2018-06-26 18:38:24,2018-07-26 00:00:00
b335cf4d393acc627b82e83b3b3711fe,47c42b50ab59928b531c450e672ce223,delivered,2018-06-12 20:54:25,2018-06-13 02:36:32,2018-06-15 13:13:00,2018-06-22 15:48:47,2018-07-05 00:00:00
c3aa096e341a72813ecfb834df16b91e,df260d95c577d15b5163902632a1ff39,delivered,2018-06-12 21:45:04,2018-06-14 02:39:10,2018-06-14 15:41:00,2018-06-18 15:22:21,2018-07-11 00:00:00
265144aedd0822b898712f78e0c3cfc4,b4f485d5afa99fd25e4b31e4e1dfd52a,delivered,2018-06-13 07:30:09,2018-06-13 15:25:44,2018-06-14 13:04:00,2018-06-21 16:36:42,2018-07-18 00:00:00
723941d77928846a4b2ec4612303bd25,a1922ec4d4717efb23f7175f5de9a9b6,delivered,2018-06-13 09:34:53,2018-06-14 02:17:34,2018-07-03 13:34:00,2018-07-29 14:57:36,2018-07-12 00:00:00
5d2360b577af310633223b53506dcfaa,5859cd71917f97747721166e9289fe6e,delivered,2018-06-13 11:33:10,2018-06-13 11:55:13,2018-06-13 09:52:00,2018-06-29 19:12:05,2018-07-05 00:00:00
714d9fe4cfc8fdfedd10c4a30abd4f34,538ef759aab2dc4b84994589b92e3ef5,delivered,2018-06-13 12:16:02,2018-06-13 12:36:48,2018-06-14 15:55:00,2018-06-19 14:45:43,2018-07-05 00:00:00
7c0ed8940b941dd6795dbdf0eb639195,a480c58e3eee4e740cd829d7f38dc25c,delivered,2018-06-13 12:59:20,2018-06-14 04:15:15,2018-06-14 11:55:00,2018-06-15 17:24:00,2018-06-25 00:00:00
7c204785100c09c72acb28ef9a1f2fe2,d8997170c547894068db41c30a3c574c,delivered,2018-06-14 10:45:17,2018-06-14 11:01:45,2018-06-20 17:36:00,2018-06-21 19:26:31,2018-07-04 00:00:00
0acdae809654a2de1235d18a12cf73f3,3180b241917d07e27bd46aac80ded579,delivered,2018-06-14 11:29:22,2018-06-14 12:19:40,2018-06-15 14:22:00,2018-06-19 21:46:19,2018-07-05 00:00:00
d5e9734f54e05a41246389d38b732a51,bc46822a62f07f6f519876caf542661f,delivered,2018-06-14 15:52:22,2018-06-14 16:18:59,2018-06-15 13:48:00,2018-07-02 18:04:09,2018-07-17 00:00:00
1bb74bdf991ecc937ab8901c6b412a24,f72224709e8bef3430441583b08a2d64,delivered,2018-06-14 17:16:15,2018-06-14 17:39:48,2018-06-15 12:23:00,2018-06-20 20:54:53,2018-07-04 00:00:00
617b248faca8fe758da0640030f82f00,49fbaec7f8c365d12595c7b6cb6db285,delivered,2018-06-15 12:20:19,2018-06-15 12:45:55,2018-06-15 15:51:00,2018-06-21 16:21:59,2018-07-16 00:00:00
0159c6355a4e32f6ac68d838e2228150,bf0176bae5facd261148fb881ccb8cc6,delivered,2018-06-15 13:41:08,2018-06-15 14:03:58,2018-06-18 12:06:00,2018-06-19 23:21:34,2018-07-03 00:00:00
6d0f81ca5d316d5a79829a1cfaf85237,d81d1cacf9539ec096a3524d7923d932,delivered,2018-06-15 16:03:24,2018-06-15 16:19:33,2018-06-18 14:26:00,2018-06-25 13:57:33,2018-07-17 00:00:00
ddbcecddeac25c47d0e7fe54d81640fd,6c6ecb0678cda04c3ff926b0d091cc1a,delivered,2018-06-15 19:16:33,2018-06-15 19:42:21,2018-06-20 13:29:00,2018-06-24 14:56:49,2018-07-11 00:00:00
dec16dbd1d355316783dfd6844e61a2f,aeb3f13efa29908738bd76e97ded252c,delivered,2018-06-15 23:14:19,2018-06-15 23:39:21,2018-06-18 13:39:00,2018-07-07 15:51:05,2018-07-31 00:00:00
a66a0d868cc06abee5b71f206da03f4f,e9c505b4b9d21fde74008d694abd9bb2,delivered,2018-06-16 10:57:55,2018-06-16 11:50:33,2018-06-19 11:32:00,2018-07-03 15:22:52,2018-07-05 00:00:00
ec5a5d1ef3b5144148279ec0141de946,5f32480dc2343d4b17ca455a8784522a,delivered,2018-06-16 15:17:42,2018-06-16 15:37:57,2018-06-20 16:57:00,2018-06-25 23:54:29,2018-07-13 00:00:00
0b5de0076d26726a10d457e57b93ff25,ebddcc1c8f109e88a0f971a3c4aacfe6,delivered,2018-06-16 18:04:14,2018-06-16 18:21:10,2018-06-18 18:57:00,2018-06-28 15:24:45,2018-07-05 00:00:00
9b21d7e7e61740911f0008fc81681e63,29bc624eea63e77997d35b670c739591,delivered,2018-06-16 18:41:11,2018-06-19 06:56:59,2018-06-19 09:24:00,2018-06-25 17:26:37,2018-07-12 00:00:00
6dc5cd36ae0ca772e70e387e25f032e9,96b643bb9f71e44bd5c1a6681f7cc81d,delivered,2018-06-16 18:56:43,2018-06-16 19:18:04,2018-06-18 15:04:00,2018-06-20 12:04:37,2018-07-11 00:00:00
a5a6776969179ec8c6942c432d35bf3a,365b271927c18b2fc6711b435b202a9e,delivered,2018-06-17 01:20:47,2018-06-17 01:38:39,2018-06-19 16:32:00,2018-06-22 14:48:38,2018-07-17 00:00:00
fdaa819b4c4dba8f7ed72e2d1102971c,430bbd24755cc4be5a426827ce2f7e4b,delivered,2018-06-17 15:21:47,2018-06-17 15:40:46,2018-06-25 13:48:00,2018-07-03 01:08:50,2018-07-18 00:00:00
aa1bc9f5fb6999f433bcbf6990661542,a85297ea32b3433cbeb17e475762c23e,delivered,2018-06-17 16:35:37,2018-06-18 09:13:52,2018-06-18 14:37:00,2018-06-22 00:57:27,2018-06-28 00:00:00
d4cb1c0045dd65ebfe15e14c4d083281,71e0415715725a3be02b81d1d5222275,delivered,2018-06-17 21:29:01,2018-06-17 21:53:38,2018-06-18 10:06:00,2018-06-20 20:21:15,2018-07-24 00:00:00
61db74d30d7bc786bf4d981764f3e4eb,c87d1af106a3124ab0388c705633d546,delivered,2018-06-17 21:41:25,2018-06-18 21:58:01,2018-06-20 12:27:00,2018-07-03 23:24:55,2018-07-23 00:00:00
1fc147ecded099d8acf876cfaf66f731,ec7234ad72696a39eb528dc1720a962f,delivered,2018-06-18 11:55:25,2018-06-20 02:37:51,2018-07-04 11:37:00,2018-07-24 21:48:47,2018-08-07 00:00:00
431478a35228bb7816df8336af000672,8397d3c7e88a2f43a4d125c164045a32,delivered,2018-06-18 14:16:04,2018-06-18 14:35:59,2018-06-19 12:28:00,2018-06-27 14:40:47,2018-07-11 00:00:00
0dd85c67684153e61d0c14bf865103da,1ece1ad22029bdc9810c4d93cba3e11d,delivered,2018-06-18 15:20:40,2018-06-18 15:39:31,2018-06-20 14:24:00,2018-06-28 20:29:35,2018-07-18 00:00:00
6ad7862e05692cc6d511bc83ee4669d9,530f348c82e444464998a543250a2a3e,delivered,2018-06-18 22:24:49,2018-06-18 22:56:03,2018-06-19 14:55:00,2018-06-28 20:03:28,2018-07-13 00:00:00
5ba8500dac4dd5b631b8a82bce2400c4,cec09b32ae4d0d0cbaa540645255210c,delivered,2018-06-18 22:47:01,2018-06-18 22:56:20,2018-06-19 13:13:00,2018-06-21 18:50:58,2018-06-28 00:00:00
4686a4da19a101001bd53960ae99feae,1b4eefcef3c75cb129309be3e28e5fe1,delivered,2018-06-19 09:13:11,2018-06-19 09:36:47,2018-06-20 06:42:00,2018-06-26 22:16:42,2018-07-16 00:00:00
c9af854c75c421e3b6f3de0336c7fe65,d8b137e462d7f9a924b30933c057a539,delivered,2018-06-19 11:09:12,2018-06-19 11:35:13,2018-06-21 18:50:00,2018-06-22 13:31:55,2018-06-29 00:00:00
76d5f81776bd863daf8fa0a5a59b7f9b,a6e204cd1b59420e1e81ffb9c3bb2f0d,delivered,2018-06-19 11:46:45,2018-06-20 09:20:32,2018-06-22 16:40:00,2018-07-03 07:03:09,2018-07-23 00:00:00
d41ebe858c1aa2cef4e728fee0b07230,1400ebf0d96ab707b2ecf5cd40091a3f,delivered,2018-06-19 19:15:12,2018-06-20 03:18:30,2018-06-23 08:31:00,2018-06-27 14:11:36,2018-08-02 00:00:00
83bb596248fd091d99fa8d5aadde8fa7,d108157033079e1a1a7ff80773654263,delivered,2018-06-20 00:40:49,2018-06-20 00:55:54,2018-06-20 10:29:00,2018-06-21 15:41:24,2018-07-11 00:00:00
67756d84a71c958f3c19cd41a7580d9d,91a4d4f7a264cddaab3e19a5ad4ae8bd,delivered,2018-06-20 10:33:42,2018-06-20 11:08:14,2018-06-22 14:11:00,2018-06-28 23:56:33,2018-07-27 00:00:00
a081d126973c9d0ea499b22774b035c5,b405f10fd88896496f62f1ff2a7d4aab,delivered,2018-06-20 11:17:13,2018-06-20 11:43:49,2018-06-21 10:27:00,2018-06-28 14:44:48,2018-07-13 00:00:00
7a0698ce87fc4cd3e171e7361f0bc0b5,95b18ed2e0c4328d80daed9047b6d995,delivered,2018-06-20 12:39:18,2018-06-20 13:21:08,2018-06-22 16:22:00,2018-06-28 18:12:24,2018-07-16 00:00:00
181ff95f97fee531c4afa9e882186f18,ebf46ff530343a129926adc1f831dea4,delivered,2018-06-20 14:16:20,2018-06-20 14:38:41,2018-06-20 15:02:00,2018-06-27 13:18:47,2018-07-18 00:00:00
4c23c4164a5456caf473aa274df8b8b9,264962f8c8f5289ab19f1275c25b321d,delivered,2018-06-20 15:02:35,2018-06-21 04:36:18,2018-06-22 16:02:00,2018-06-27 14:47:41,2018-07-16 00:00:00
f31100a2f631a83441d0fcd3de9bb098,6ff2f20973c8de5038779940a6ec5cf3,delivered,2018-06-20 19:20:57,2018-06-20 19:39:58,2018-06-22 12:46:00,2018-06-29 19:02:28,2018-07-24 00:00:00
b4c86abf900a8e53f4b9622532c87ea4,8be057b6ab98f2f424902ba013556895,delivered,2018-06-21 09:46:27,2018-06-21 10:22:44,2018-06-21 14:21:00,2018-06-23 12:34:25,2018-07-04 00:00:00
683481ae11f5f4ccfd9263a3bd7f25d4,38e26bdd2add60a638859e52ea718cf2,delivered,2018-06-21 11:12:14,2018-06-22 15:20:36,2018-06-25 15:57:00,2018-06-28 17:11:45,2018-07-19 00:00:00
aa57296ceb0b170f4823d71a06a43037,a59ce5c8d691e10ba1759f1894dd8dc1,delivered,2018-06-21 13:26:40,2018-06-22 02:59:29,2018-06-22 12:45:00,2018-06-28 20:03:57,2018-07-27 00:00:00
f974be4f3b9bbfd12587321f437e77b4,091fea6ad6eea188d7ef495b8b0a3551,delivered,2018-06-21 22:56:48,2018-06-21 23:18:27,2018-06-22 14:47:00,2018-07-04 19:28:37,2018-07-18 00:00:00
eaa862b99d06a963cff6699021d83f09,1a187e61bc83d03ff6e887048de8b269,delivered,2018-06-22 00:17:50,2018-06-22 00:38:36,2018-06-22 13:26:00,2018-06-27 12:07:50,2018-07-05 00:00:00
fe456fd2155744fb9a7180989d61c30d,c583f53deb44f18dd6def0714c11cb69,delivered,2018-06-22 08:03:22,2018-06-23 01:40:22,2018-06-27 10:23:00,2018-07-04 18:46:43,2018-07-23 00:00:00
aed8a6355c72e229dbe6db611871f210,aa8825bc17f2b9387c3a0e0b2016f1dd,delivered,2018-06-22 14:31:06,2018-06-23 02:36:08,2018-06-25 14:17:00,2018-06-29 22:12:04,2018-07-16 00:00:00
2d8a0bc4abbb7bbb3a420f2219f02f93,4c80c9c4f15db841f85d24b515c68ba2,delivered,2018-06-22 21:39:34,2018-06-22 21:58:43,2018-06-26 14:33:00,2018-06-29 17:41:09,2018-07-20 00:00:00
a5e7e590a77dc838c0311d33e0c88abb,0a6860bf531cbda0c10e174657d4e375,delivered,2018-06-22 21:49:03,2018-06-22 22:17:32,2018-06-26 14:19:00,2018-07-02 16:03:38,2018-07-19 00:00:00
2966209e856b37a6b9be138d6d7910b5,3e596d8525490f4f775fa272e4f988b1,delivered,2018-06-22 22:18:21,2018-06-22 22:37:35,2018-06-25 16:22:00,2018-06-26 20:58:41,2018-07-05 00:00:00
9029ce944e85e8fd1f64bd03d9a36b9f,40d106e6d4c2c913ee99ca6afc70674c,delivered,2018-06-22 22:30:56,2018-06-22 22:58:18,2018-06-25 14:05:00,2018-06-28 15:28:53,2018-07-24 00:00:00
b6bcb5bd5e05b11cfde23235152ebc56,dceaf9dcd20fc507f743eedd7e67ec7d,delivered,2018-06-23 09:22:38,2018-06-23 09:54:46,2018-06-25 16:33:00,2018-07-04 19:08:46,2018-07-18 00:00:00
a526fe23020ad8b0d2b1081b7f769452,c4ab9534c84e6ebbc22853ff357ea2ae,delivered,2018-06-23 10:27:01,2018-06-23 10:58:46,2018-06-25 12:53:00,2018-06-28 13:16:34,2018-07-12 00:00:00
6704e7402168366c804f2bc1cf9c2163,f81a949b0915fdaf3b6592c5e037d637,delivered,2018-06-23 11:04:44,2018-06-26 05:15:25,2018-06-28 14:49:00,2018-07-04 16:58:33,2018-07-27 00:00:00
4d1469bf66cf37bc18f5ec280e25cac5,e3e6b14fba3ff05feff10bc128c63d24,delivered,2018-06-24 01:16:08,2018-06-24 02:08:06,2018-06-25 13:13:00,2018-06-26 12:08:54,2018-07-05 00:00:00
8e037d22abe0755825b4a5bd17135b23,29bafca28f3133a6055dd58892615b55,delivered,2018-06-24 13:16:32,2018-06-24 13:34:01,2018-06-25 15:27:00,2018-06-28 14:32:20,2018-07-30 00:00:00
55c2859a526d3cbf1df65ee601139c3a,0381ec58ea2fa26fb596e5d1af0e270d,delivered,2018-06-24 17:00:04,2018-06-26 04:58:54,2018-06-26 15:10:00,2018-06-27 20:38:27,2018-07-05 00:00:00
95d58200aba7137d350ed9a168c84421,494b947692488027345ce3669e0b8432,delivered,2018-06-24 17:20:32,2018-06-24 17:35:18,2018-06-25 13:15:00,2018-06-29 12:55:38,2018-07-17 00:00:00
d0c4a5b064e0ec72eca6b1c01ade0181,e5451dc58f17a2109be360902da779ca,delivered,2018-06-24 18:51:01,2018-06-24 19:20:07,2018-06-25 11:48:00,2018-06-26 17:33:40,2018-07-05 00:00:00
1dfe1249fb9a3871f918c37f1e5f68a6,630b53ee81b257e794880292133bf170,delivered,2018-06-24 20:38:56,2018-06-24 20:54:56,2018-06-26 16:43:00,2018-06-28 11:48:31,2018-07-18 00:00:00
465e35e9d79f4b18d9c506b78cf86c62,1d404a3fed19ccf4bb7fc225643848b6,delivered,2018-06-24 20:40:44,2018-06-24 21:23:55,2018-07-09 13:37:00,2018-07-12 21:42:53,2018-08-06 00:00:00
2f54db7250b3463f57049dc32ce4ff93,44d362ea0df5a265f0c1849be71794d5,delivered,2018-06-24 22:16:41,2018-06-24 22:38:23,2018-06-26 09:40:00,2018-07-03 16:14:45,2018-07-19 00:00:00
0866d83668146dad766bf1a583207b19,9a7a6d76d51978e29bbc282074409065,delivered,2018-06-25 09:22:58,2018-06-25 09:35:22,2018-06-25 12:06:00,2018-07-11 21:26:25,2018-07-23 00:00:00
61478fcfdfbc524f57df31651d8f38c9,b6b2ee6ffa76968a5613946608a33046,delivered,2018-06-25 10:28:16,2018-06-26 04:59:16,2018-06-26 14:56:00,2018-06-29 19:38:52,2018-07-25 00:00:00
b8197dddd8d9e9a9789a8573d6f84d7e,6576f2b9e987bdbdae321940fdbcc296,shipped,2018-06-25 12:01:55,2018-06-25 12:13:42,2018-06-26 14:19:00,,2018-07-31 00:00:00
c94206a6d6698d5852b7e9e14bdc2e79,0881e1574aa6b621c551a421297af5b8,delivered,2018-06-25 12:06:07,2018-06-25 12:15:25,2018-06-28 13:57:00,2018-06-29 19:24:41,2018-07-05 00:00:00
728aef02244c36e1fc4ccfa9c0399c7c,20702a6b4a67c5d475a07691aa3e837c,delivered,2018-06-25 13:09:22,2018-06-26 13:37:14,2018-07-03 13:25:00,2018-07-06 16:41:40,2018-07-20 00:00:00
8135d95a571b0c0529ad5624a7f72ddc,8c1b33c10c74c74b04db74ac8af6a75e,delivered,2018-06-25 15:28:03,2018-06-25 15:57:54,2018-06-28 14:50:00,2018-07-03 23:33:00,2018-07-23 00:00:00
c67e5216a65692a116a99fa61da0294e,7f47a7d349a434260b82b105c1f189a9,delivered,2018-06-25 17:47:06,2018-06-26 04:59:20,2018-06-26 09:19:00,2018-07-03 23:52:22,2018-07-24 00:00:00
0a7f55f1119615e9adba581bc94ee02c,344a27b3c9562cf236082962d1767630,delivered,2018-06-25 20:26:10,2018-06-25 20:35:20,2018-06-27 06:23:00,2018-07-04 21:06:48,2018-07-19 00:00:00
779b99958efa89d25b8c9a64164cdad8,645c3f2075121d0d138bd8c19d3d77b8,delivered,2018-06-26 00:34:53,2018-06-27 02:55:35,2018-06-27 07:56:00,2018-07-03 04:25:53,2018-07-18 00:00:00
c08a3a0b0a729cc378e7a36ebf5e9a95,393d64cafa977bd5aeeb4724bdf29d03,delivered,2018-06-26 01:07:23,2018-06-27 08:12:02,2018-06-27 11:31:00,2018-07-06 18:07:46,2018-07-24 00:00:00
a9810da82917af2d9aefd1278f1dcfa0,f2c7fc58a9de810828715166c672f10a,delivered,2018-06-26 11:01:38,2018-06-26 11:18:58,2018-06-28 14:18:00,2018-06-29 20:32:09,2018-07-16 00:00:00
7282809524b9b429bb37460b46596293,7321990745cede1147b728cd2726d9eb,delivered,2018-06-26 12:20:15,2018-06-27 12:15:29,2018-06-28 11:23:00,2018-07-03 22:04:15,2018-07-24 00:00:00
b45e33527c11959b80ea6d7c471a34cf,b0bb9bbd58b0d9380fcfda42355e4089,delivered,2018-06-26 13:21:07,2018-06-26 13:37:27,2018-06-26 15:03:00,2018-07-02 15:56:51,2018-07-27 00:00:00
a103bbccbbeb3e1d8354f83f08ed2667,a4ce15737ec0d3eb40545f0b738a8941,delivered,2018-06-26 14:00:54,2018-06-27 08:54:33,2018-06-27 11:27:00,2018-07-03 23:58:51,2018-07-24 00:00:00
a4285d97aac2bc967bd5b9f50db5b3c7,dfc5a96ced6dc9547e39a2e8e8df2192,delivered,2018-06-26 23:57:41,2018-06-27 02:15:34,2018-06-27 14:31:00,2018-06-29 14:42:14,2018-07-12 00:00:00
2d5a437d439fb3aed1979b2e5f9f6b39,96996a5c71cc84a8d12774fcba1aba1d,delivered,2018-06-27 11:13:52,2018-06-27 11:30:28,2018-07-04 14:48:00,2018-07-10 22:56:23,2018-08-01 00:00:00
6ba0683fc45576a6050dfba5f9c41bb1,0040a8417928d0d5abd5169cd7877181,delivered,2018-06-27 17:38:07,2018-06-27 17:51:07,2018-06-28 12:55:00,2018-07-03 07:41:41,2018-07-31 00:00:00
bbab2e9b3ccc0a66fa711c81e21821f1,f5eb470638c9fb7cd5e5131ec5cc7b04,delivered,2018-06-27 19:21:26,2018-06-27 19:30:24,2018-06-28 13:42:00,2018-06-29 18:02:46,2018-07-12 00:00:00
6cd5b34948dea7baaf9c2dd4f429c611,bb5c1372dbef9e6fc19079c6a5206ed9,delivered,2018-06-28 15:13:42,2018-06-28 15:31:22,2018-06-28 18:51:00,2018-06-29 23:05:31,2018-07-12 00:00:00
7fd922efa924f2c7b4f65128901590fc,519d4e9648eb8099708003c04939862c,delivered,2018-06-28 20:54:22,2018-06-28 21:11:15,2018-06-29 15:07:00,2018-07-02 19:29:42,2018-07-12 00:00:00
eb55f59a44f8ca8558eb570394b598da,98b1500707c943180b75a4c1bc110750,delivered,2018-06-29 21:28:13,2018-06-29 22:20:34,2018-07-04 13:52:00,2018-07-10 18:18:45,2018-07-24 00:00:00
1d2c5463089cdcd251914b1c08a4d103,edb83d7689cc0fb7147061d9a53e9452,delivered,2018-06-30 11:10:38,2018-06-30 11:30:13,2018-07-03 14:01:00,2018-07-05 19:28:25,2018-07-24 00:00:00
c568b098d9dd03c22f387c2f0eb4be8e,c0078a50a61a1fcaf1f3d7d3fca61230,delivered,2018-06-30 14:52:27,2018-06-30 15:10:14,2018-07-05 15:34:00,2018-07-12 23:52:49,2018-07-27 00:00:00
519478e4bc7d1ca7d93f2fcd7f9e54b7,b0ee592511423e8d39b952a4bdbbea13,delivered,2018-07-01 09:42:35,2018-07-01 09:50:09,2018-07-05 13:22:00,2018-07-10 21:19:41,2018-07-31 00:00:00
ddcc0f4f6de9d30500e9e39e2127046d,3db0c6eafbcffcb0396fd03367e7d40b,delivered,2018-07-01 11:19:16,2018-07-01 11:30:26,2018-07-03 05:58:00,2018-07-12 20:04:18,2018-07-30 00:00:00
89d6544684b9cbacd492feb38abe4fe7,69b38855459d81b0595cade99bc1706e,delivered,2018-07-01 11:51:47,2018-07-01 12:09:27,2018-07-03 14:15:00,2018-07-12 22:11:56,2018-08-01 00:00:00
a0190a8aa681fe129b9a9ae80dfd9266,79e2f6247cc5228c7deee6c5f8987669,delivered,2018-07-01 12:01:07,2018-07-01 12:10:14,2018-07-03 11:58:00,2018-07-05 15:44:29,2018-08-01 00:00:00
23c8185c60bb06f217a2437ffc73e45f,e3a4077cf3ad106c942f8a682505eb97,delivered,2018-07-01 15:33:02,2018-07-05 16:09:05,2018-07-05 14:50:00,2018-07-06 17:38:41,2018-07-18 00:00:00
98106dc1817ee224a51dc63feb059126,91407787d7bd9fb66491183a8dee3188,delivered,2018-07-01 17:27:54,2018-07-01 17:50:04,2018-07-03 12:28:00,2018-07-05 23:00:50,2018-07-25 00:00:00
0ac37dcbb2a733a4d81866a91ff65965,9e16e5717003b3e55ba4b40c22e8834e,delivered,2018-07-01 22:57:05,2018-07-01 23:10:12,2018-07-02 15:44:00,2018-07-10 20:10:29,2018-08-06 00:00:00
8b4bf0534cfd5d9ebd380e8ac3df9c24,281aacbce74cdd7b66d6aad538e47117,delivered,2018-07-02 16:44:40,2018-07-02 17:11:01,2018-07-03 14:05:00,2018-07-04 15:29:40,2018-07-20 00:00:00
23b6026f4aa837ed95e0941208f31434,535a1ea70ace4f44f74c6e88c26d2008,delivered,2018-07-02 16:53:10,2018-07-05 16:17:36,2018-07-04 13:44:00,2018-07-07 16:31:31,2018-07-30 00:00:00
61c3073707aeb0763a028eb696085d02,e7db0530c950f6fb98b796f0d2ff3757,delivered,2018-07-02 18:10:34,2018-07-02 18:31:15,2018-07-03 13:30:00,2018-07-11 21:46:27,2018-07-26 00:00:00
eb0aa3dd66fc926068964d23504f8426,7cac3d97424aaeb9e83351311224d638,delivered,2018-07-02 19:56:43,2018-07-02 20:10:19,2018-07-05 14:21:00,2018-07-06 17:48:34,2018-07-18 00:00:00
83a748270a134df5ad432092f4e26e4d,a103cd66a980f336d30492d01e9c3d71,delivered,2018-07-02 21:20:18,2018-07-02 21:30:21,2018-07-03 14:23:00,2018-07-04 15:19:00,2018-08-01 00:00:00
043e7f7cfe1fdc68f4ba3dc83504db83,dde9aa56108832961eb53e80ac4a2e5e,delivered,2018-07-02 22:03:59,2018-07-02 22:15:15,2018-07-03 12:46:00,2018-07-11 21:48:23,2018-07-27 00:00:00
20e966193a16a101f6a264df9dd92968,f90c709a935c79bd0451739c56511ff3,delivered,2018-07-02 22:42:14,2018-07-02 22:55:08,2018-07-03 13:34:00,2018-07-11 15:28:32,2018-08-01 00:00:00
d6e3732aea036f7d71b44db75163e2f4,0e030dda2e8d63beb191f52346ac0fbe,delivered,2018-07-03 09:45:53,2018-07-05 16:27:57,2018-07-04 14:03:00,2018-07-05 15:21:52,2018-07-20 00:00:00
3843764d4f30d3653388f1b55c3a9ac5,6f47bf761ea5cbc060f0ac4b4fce666e,delivered,2018-07-03 11:40:00,2018-07-05 16:09:12,2018-07-03 15:47:00,2018-07-06 12:14:57,2018-07-25 00:00:00
43db2bc49fcbe07b3ee17f03949557f4,d5898f068b0c163032a416dbe57e535f,delivered,2018-07-03 16:22:23,2018-07-05 16:23:42,2018-07-04 14:06:00,2018-07-10 20:50:52,2018-07-20 00:00:00
7c6146547d5509c612ec26867d1cd47b,7278b5baca0464a3bf8074b8b5cb6e6f,delivered,2018-07-03 20:59:44,2018-07-05 16:13:03,2018-07-04 16:17:00,2018-07-13 19:32:31,2018-08-01 00:00:00
12fb2d2b590f7359e3b473456bd1ca87,b9e7d8b529d10203729359b4660021ec,delivered,2018-07-04 08:11:03,2018-07-05 16:21:01,2018-07-10 14:33:00,2018-07-12 18:31:14,2018-07-19 00:00:00
199303a694a579a221dd258585150f89,df2939f9c79221e4653ea43744090d21,delivered,2018-07-04 13:17:52,2018-07-05 16:31:05,2018-07-06 09:42:00,2018-07-12 17:26:32,2018-07-20 00:00:00
923edd16abada2893b886d3757c73ffa,fe4d81bc8da17c071449cce9d7023407,delivered,2018-07-04 13:27:14,2018-07-05 16:16:59,2018-07-05 17:24:00,2018-07-10 18:12:33,2018-07-27 00:00:00
227a77cf2c1425f0207076c524b1bb5e,4c1b6904113f2fe66abb338150c60697,delivered,2018-07-04 14:48:12,2018-07-05 16:32:36,2018-07-05 14:22:00,2018-07-06 19:12:31,2018-08-02 00:00:00
7289e899d9083d1c93469d36a42d1dea,0f5e161db26d065ff8926895975c0ca6,delivered,2018-07-04 15:15:27,2018-07-05 16:07:07,2018-07-06 11:29:00,2018-07-10 14:51:31,2018-07-25 00:00:00
47852cb7df51fcfcdcf3f3f9969ac1b9,9eadd7c343bcf2da0b502394690fba4f,delivered,2018-07-04 15:45:43,2018-07-05 16:21:08,2018-07-06 11:13:00,2018-07-12 20:12:41,2018-08-02 00:00:00
341dc4ea81fabe7de6af564b72fcf3e2,8a8c2e93d6ec33bb908f101211d78227,delivered,2018-07-04 16:17:27,2018-07-05 16:30:57,2018-07-05 15:48:00,2018-07-12 00:28:33,2018-08-09 00:00:00
e44bc38d6b4a533a8bdf31db140f2d01,f677eaaee0e3de1cc2e76bd22676811f,delivered,2018-07-05 07:53:01,2018-07-06 07:51:20,2018-07-06 10:57:00,2018-07-12 13:09:09,2018-07-31 00:00:00
f1d18fb87d755ecddcf4c37e141aa4f0,77b08d9c6315882953ee9a24b9f92b5f,delivered,2018-07-05 10:48:42,2018-07-05 16:14:53,2018-07-11 10:40:00,2018-07-25 17:03:56,2018-08-06 00:00:00
864e3fdc082c07a108b48b135caf761d,b574ee4a89587d736036864a6838e61d,delivered,2018-07-05 13:09:10,2018-07-06 13:12:00,2018-07-10 19:29:00,2018-07-13 23:51:45,2018-07-26 00:00:00
421d08636eed6cd2041826b40405c194,52c7b6cbdef65469b3e42ada5bda15bd,delivered,2018-07-05 13:45:51,2018-07-05 16:07:14,2018-07-06 10:50:00,2018-07-07 14:17:27,2018-07-18 00:00:00
cd919470d4038db47af0ae7904777f68,520552b6d92c9877460cf4d6d15a5cfb,delivered,2018-07-05 16:05:10,2018-07-05 16:35:53,2018-07-06 11:01:00,2018-07-12 20:51:11,2018-07-31 00:00:00
6299bb8e855289b411394e216495f96f,9851deda7779662b5efe8b5242911c9f,delivered,2018-07-05 17:52:32,2018-07-05 21:15:19,2018-07-10 09:44:00,2018-07-17 00:41:09,2018-08-08 00:00:00
454e3d66dfb9e670fd53406db78100ae,64938ba76130bbfe20ee8a87e78ec8dd,delivered,2018-07-05 17:56:40,2018-07-05 18:10:50,2018-07-23 11:36:00,2018-07-24 14:57:39,2018-08-01 00:00:00
6a6c30136e870dc8e8338fbb826ee41e,318168026c8d63d150f69ebd54c3d887,delivered,2018-07-05 21:34:17,2018-07-05 21:51:44,2018-07-06 08:28:00,2018-07-13 20:12:07,2018-08-07 00:00:00
676e56b18ff6a72033c922409a9d3a02,150ef1b6b2d3073c20d4e0b9118e7986,delivered,2018-07-06 13:12:59,2018-07-06 13:31:15,2018-07-13 13:38:00,2018-07-23 22:49:22,2018-08-01 00:00:00
5e76d3cfcb1b71a6a78fabf6ec3ffb73,e5080a949c5c6925aa8b54b3f72bd8ba,delivered,2018-07-06 14:37:32,2018-07-06 14:51:15,2018-07-10 07:51:00,2018-07-13 22:08:43,2018-07-30 00:00:00
a33a09b1320a130c61d1d5d9b8aec5ee,3e05c1ad118dc0a4304a93b6b6012d5c,delivered,2018-07-06 19:08:05,2018-07-07 19:05:47,2018-07-10 15:54:00,2018-07-16 12:24:44,2018-08-08 00:00:00
ceb22e0ea85b325aeee259c87e85fde6,45ef46c6471c0832d4447b678d9956de,delivered,2018-07-07 10:44:58,2018-07-07 13:25:50,2018-07-09 08:28:00,2018-07-12 18:38:33,2018-08-03 00:00:00
26e0070f204a2cc8cae3504b038a0dfe,62d68fcfc1bfc0ece5098759a098a203,delivered,2018-07-07 18:42:58,2018-07-07 18:55:10,2018-07-12 15:57:00,2018-07-21 13:18:40,2018-08-07 00:00:00
997fd4b37386d10b57d4ac8cdec011a6,4c06b42fbf7b97ab10779cda5549cd1c,delivered,2018-07-08 09:59:19,2018-07-08 10:30:15,2018-07-25 15:12:00,2018-08-08 19:42:53,2018-08-16 00:00:00
c2d9d0e0c3a188dd8c70809844767fa5,14b2a904e8bcb72a2bbdbcf5b8e54978,delivered,2018-07-08 14:07:30,2018-07-08 14:25:04,2018-07-12 16:03:00,2018-07-23 17:26:31,2018-08-07 00:00:00
852fab0ef8986c549194d5959498f160,f92881178f911fd67d522597ac054472,delivered,2018-07-08 22:57:45,2018-07-10 04:30:21,2018-07-10 14:54:00,2018-07-11 17:22:12,2018-07-19 00:00:00
6076ec81706ee9060d085f2909a6fbe7,dc0bb7dd2728bf6c65fd99487754c55c,delivered,2018-07-09 08:22:00,2018-07-09 08:35:11,2018-07-10 15:04:00,2018-07-11 17:29:45,2018-07-19 00:00:00
be00cfaf4e0d5de6b164815a10ca0ad3,8e4a4bf8cb5a4231d1f6abafb41f5508,delivered,2018-07-09 12:49:51,2018-07-09 13:04:52,2018-07-11 09:52:00,2018-07-16 13:32:32,2018-07-24 00:00:00
defab1e640d2aed0c5c98b1465ceb7b7,9e4647d044b9cc509bafc345ce2fe5b0,delivered,2018-07-09 17:33:20,2018-07-09 17:45:15,2018-07-11 14:58:00,2018-07-12 20:15:25,2018-07-18 00:00:00
ef2ecde1a76f9bcc15c632e7970aca8d,df7ec75663c7db6cc97a8408c0e16e34,delivered,2018-07-09 18:25:18,2018-07-09 18:45:13,2018-07-10 12:40:00,2018-07-12 23:11:59,2018-07-24 00:00:00
1bfb96cdc9efb4a52f769d2833d992af,6fbfb8b2384f18f2f7aff6cf7d6fccda,delivered,2018-07-09 18:34:54,2018-07-11 03:45:48,2018-07-11 18:00:00,2018-07-12 20:51:27,2018-07-20 00:00:00
654c5ae02ab59fb154d128fc5d5418e4,28c6129715163112501f1ae6b4255df3,delivered,2018-07-10 11:08:51,2018-07-10 13:15:18,2018-07-10 15:36:00,2018-07-14 00:33:04,2018-07-19 00:00:00
b1e7ea6ef4104c3bcd94c0b9260717b2,54de4cb60651cd1a662722a1d14702b6,delivered,2018-07-10 14:29:23,2018-07-10 14:46:14,2018-07-11 14:21:00,2018-07-12 13:03:19,2018-07-18 00:00:00
15f8e1e2abf48b0c5161b2f0110ba6eb,dde23df9318a2e048149054f17aedaf3,delivered,2018-07-11 09:20:53,2018-07-13 03:04:22,2018-07-18 16:23:00,2018-07-23 19:09:13,2018-08-13 00:00:00
7b4dd7a1e967f3c305574c48bf4045f5,d730b3e51e279bb9c2e6592ea515ed2a,delivered,2018-07-11 11:08:40,2018-07-11 11:26:36,2018-07-16 13:37:00,2018-07-21 14:03:19,2018-08-13 00:00:00
f44845a8eeec9bf829093ad92c846c09,507928d99b23819eb6e79e0772dbbadf,delivered,2018-07-11 13:32:28,2018-07-11 13:50:22,2018-07-12 15:33:00,2018-07-25 01:21:59,2018-08-08 00:00:00
77e9d2f71c740441b1fce48743b8e358,a2310d62bc1f94364d79dd78841ea25b,delivered,2018-07-11 14:19:04,2018-07-11 14:30:24,2018-07-16 15:12:00,2018-07-30 18:39:42,2018-08-01 00:00:00
7f81d8bccb5531846cd177fd590ab260,312ec22f9f8df7a4d0d911a806e2357a,delivered,2018-07-11 19:46:18,2018-07-13 15:25:23,2018-07-23 15:07:00,2018-07-24 14:58:57,2018-07-27 00:00:00
a6a81ef0cba0e11e230b4d19a6e8c559,d3734b07069f813524d5e7b0787b3a3c,delivered,2018-07-12 01:27:52,2018-07-12 01:46:00,2018-07-13 08:54:00,2018-08-06 19:12:26,2018-07-24 00:00:00
20c50b79ccf3492546de6ef891c03ebd,f9571e20983191e5d5d13f9103581c11,delivered,2018-07-12 10:59:14,2018-07-12 12:06:02,2018-07-18 13:36:00,2018-07-26 23:52:34,2018-08-03 00:00:00
7e80537703a1b61bf60fbc4d67e0d641,cdc3c03dcbbe739ea43815cecb49523d,delivered,2018-07-12 16:36:22,2018-07-13 15:04:41,2018-08-02 05:27:00,2018-08-10 16:54:51,2018-08-08 00:00:00
7cb6e4af5a197f3923e8c8358ca71f0a,96a29a72deccaf02a77bdc0930c21f33,delivered,2018-07-12 19:20:21,2018-07-14 04:43:56,2018-07-26 18:11:00,2018-07-27 22:22:02,2018-07-27 00:00:00
3315a8038d5ead17040d6658a1377c7f,fbb26f2f32dc98bef32f0bcbbe89800c,delivered,2018-07-13 12:19:32,2018-07-13 12:35:12,2018-07-17 15:20:00,2018-07-30 14:48:49,2018-08-14 00:00:00
c37d41945512f0cfbcdd0f085bbd04d8,f4e2bcb516a63a0b3cf24b4c94ee2209,delivered,2018-07-13 14:58:58,2018-07-17 04:32:27,2018-07-18 15:00:00,2018-07-24 20:16:55,2018-08-02 00:00:00
2a5c45b004d16284b462d61b46ed1460,b6d0aa0a236de4891b11f88498c05f26,delivered,2018-07-13 15:52:07,2018-07-13 16:05:18,2018-07-16 18:34:00,2018-07-26 19:36:32,2018-08-13 00:00:00
f396e1280028fa9c8c83111abee5f2e9,20f5a1cf347e797ab4f304906b1557b3,delivered,2018-07-13 20:58:24,2018-07-17 04:31:53,2018-07-18 12:06:00,2018-07-23 15:51:06,2018-08-07 00:00:00
aaf2a2f9c59483fb9eb7d044abcafc4b,375abd2810522ed78eabfcb615929db8,delivered,2018-07-13 21:24:09,2018-07-14 21:24:43,2018-07-16 15:12:00,2018-07-30 19:31:50,2018-08-07 00:00:00
df2a380947167bc1d9d863cf7247713d,1c3b35f72d254156a28a610d975e9c90,delivered,2018-07-14 18:12:49,2018-07-14 18:30:20,2018-07-16 15:48:00,2018-07-30 11:15:12,2018-08-15 00:00:00
67be6410d453784501c125d4f0ecb741,3ace417f46e2feb1f83c8e8ee4186547,delivered,2018-07-14 18:19:56,2018-07-14 18:30:19,2018-07-16 16:20:00,2018-07-20 20:21:55,2018-08-10 00:00:00
a376666be364f3f82e0ca187cd014a86,936c4a5189882afd96a500e9650c7222,delivered,2018-07-14 20:02:11,2018-07-17 04:32:38,2018-07-18 15:03:00,2018-07-24 19:22:42,2018-08-07 00:00:00
ee6059ea51c2fe6fa582bfee8d1a725e,b3ebc63c630e8af49ff5cba1f321928e,delivered,2018-07-15 00:05:51,2018-07-15 00:24:01,2018-07-20 13:10:00,2018-07-25 16:19:03,2018-08-07 00:00:00
9845d84225d361cb655d4963c6aeaa87,c6cf18b71c8f0e99e92df766996aae66,delivered,2018-07-16 13:05:24,2018-07-16 13:15:19,2018-07-17 13:37:00,2018-07-23 17:19:38,2018-07-30 00:00:00
46bdec7cc92d926500bee756ee1df6dc,0cfcefc0ed0af6a2e601540feeac24e7,invoiced,2018-07-16 13:20:06,2018-07-16 13:30:35,,,2018-08-06 00:00:00
b898480abf81ccc16670a2642a0f3173,2b396f2065a37a6c85df1b5ec25ef942,delivered,2018-07-16 14:36:13,2018-07-16 14:50:20,2018-07-19 07:44:00,2018-07-20 15:05:00,2018-07-30 00:00:00
d35703faec55cda0ceeb4f50a4d584ae,d21101a81657215bf9d86ccc3da340a1,canceled,2018-07-16 22:08:56,2018-07-16 22:20:45,,,2018-07-30 00:00:00
50ef0803caecc37cffe206f09dbc70b3,3c80df07cebec87b189890f807670889,delivered,2018-07-16 23:53:40,2018-07-17 00:00:52,2018-07-17 13:33:00,2018-07-23 20:04:42,2018-08-14 00:00:00
2be45f506aff5e82c64c2b808fe8a93e,3c4686a68ad60da3cfffd677cb17c1f7,delivered,2018-07-17 07:31:56,2018-07-17 07:45:12,2018-07-19 14:56:00,2018-07-25 19:02:19,2018-08-02 00:00:00
4f2fa4f9710bf00b09c28ac555393d2a,c73e6e8a8b134f319bf99f491bfc147f,delivered,2018-07-17 11:34:34,2018-07-17 11:45:17,2018-07-18 14:30:00,2018-07-24 20:26:37,2018-08-07 00:00:00
9ff3f5e7cee88825b32940649a3a2162,33317e517270fa92b2001b0dbdb64362,delivered,2018-07-17 14:20:58,2018-07-19 02:42:42,2018-07-19 13:56:00,2018-07-24 11:46:23,2018-08-14 00:00:00
bf0d67707bc87fa3fe2cf74a1c2c693f,185e9b45f2f0219b52c196c4e066ee0a,delivered,2018-07-17 14:41:06,2018-07-17 14:50:28,2018-07-23 14:28:00,2018-07-26 20:40:46,2018-08-17 00:00:00
22f94104a2c1ac2af08122839aa708b2,528aaeab73d4582f7b8ee6c179db8fdd,shipped,2018-07-17 20:23:27,2018-07-19 03:02:30,2018-07-20 15:59:00,,2018-08-16 00:00:00
2d96648ebbad7ad9cfc40c4c9c820f92,5d152b976411db52ea2800964fd26cac,delivered,2018-07-18 08:46:54,2018-07-18 09:01:59,2018-07-18 15:06:00,2018-07-23 17:16:59,2018-08-03 00:00:00
60b4528b577937165a412ba177de3606,9a460b0b588e9ecea4e4fd2b169809fb,delivered,2018-07-18 09:11:35,2018-07-18 09:25:09,2018-07-23 13:21:00,2018-07-24 15:32:48,2018-08-03 00:00:00
6cac20dcd1e9ad064b34d1148de9b9ca,60e319c699f4ef80e0979447089367e5,delivered,2018-07-18 14:19:34,2018-07-18 14:30:17,2018-07-19 14:26:00,2018-07-20 19:06:49,2018-07-27 00:00:00
192280704cc4c1f82086c55f0622f09b,84078253c5f5620cfb1d3a9d08ecc582,delivered,2018-07-18 16:58:48,2018-07-18 17:10:09,2018-07-23 06:45:00,2018-07-30 17:19:48,2018-08-15 00:00:00
5471d5c0cbff5d04724a56e49cd4d308,a6d538e158ddb434374047d413315beb,delivered,2018-07-18 17:53:55,2018-07-18 18:05:33,2018-07-19 08:36:00,2018-07-20 17:27:30,2018-08-10 00:00:00
b76e1e63723d846f3382683973908122,39d556e9b4d5082c7dce489e24aa7163,delivered,2018-07-18 18:25:54,2018-07-20 05:05:14,2018-07-20 15:02:00,2018-07-25 16:52:04,2018-08-03 00:00:00
a43d72884af5f964762b9070af86b567,3e64ceeab7ec34164cc937c1b444c97d,delivered,2018-07-18 18:53:03,2018-07-19 18:50:13,2018-07-20 12:34:00,2018-07-27 18:49:36,2018-08-13 00:00:00
62ce4e3989a3477928510bb4d1064cc4,62ff903909cb86e2b07156a6d7cc48da,delivered,2018-07-19 01:35:59,2018-07-19 01:50:13,2018-07-19 13:57:00,2018-07-25 19:41:27,2018-08-06 00:00:00
c2eddb0c2651699e1839ee701627449f,f6711380491a31e279445b3b8442af80,delivered,2018-07-19 07:50:06,2018-07-19 08:02:41,2018-07-20 12:34:00,2018-07-27 20:03:09,2018-08-16 00:00:00
6e9b3d5868d4efc61bfafde4d03c6ae2,627af1392ef0888465cefc9f73a682c7,delivered,2018-07-19 07:52:33,2018-07-20 04:45:06,2018-07-23 08:58:00,2018-07-27 21:32:44,2018-08-02 00:00:00
da02757374a4765efdc08488ec40e778,c2a1da0b8e0ff83be4deb1f0a9243364,delivered,2018-07-19 08:06:26,2018-07-19 08:22:39,2018-07-24 14:20:00,2018-07-30 23:23:43,2018-08-23 00:00:00
127f6cc9849c481c4f0daf043a91a129,5a7beedd2aa09902d76977734156ad91,delivered,2018-07-19 10:21:06,2018-07-20 10:15:20,2018-07-23 15:25:00,2018-07-30 15:48:53,2018-08-09 00:00:00
45ee4a244dd8a9df576959533aca1d6b,f37a6d2033b44cf9861292d6e4561c44,delivered,2018-07-19 11:10:14,2018-07-19 11:25:21,2018-07-19 12:36:00,2018-07-26 15:57:40,2018-08-07 00:00:00
fc4de496aefe84390ddbb5471ace9a8c,0905bd9a4436e519b45948d992a8a04d,delivered,2018-07-19 12:02:21,2018-07-20 09:43:42,2018-07-20 14:37:00,2018-07-26 01:53:36,2018-08-13 00:00:00
1751f4e14a08d5188324c3a04175f76f,b7a90f561b18304e3b27a624a291fe5a,delivered,2018-07-19 15:42:35,2018-07-19 15:55:14,2018-07-20 10:30:00,2018-07-27 21:58:35,2018-08-24 00:00:00
9949f7af3885f27e84044841513de26e,6ff5db926f197c0c624b1fcdd6ce0d0f,delivered,2018-07-19 16:03:52,2018-07-19 16:23:19,2018-07-26 15:46:00,2018-08-03 00:02:44,2018-09-10 00:00:00
1f3e98938afd17558e267ed6afda4c95,f79697f293f0508c1ccafd3a4b64b55b,delivered,2018-07-19 17:20:57,2018-07-19 17:30:22,2018-07-20 12:37:00,2018-07-26 19:39:28,2018-08-02 00:00:00
05426618bfbb87e04fdd3a60a5bfef38,60eff00208ce766f18aed247d50c4cba,delivered,2018-07-19 19:39:12,2018-07-19 19:50:10,2018-07-20 16:08:00,2018-07-30 16:12:14,2018-08-13 00:00:00
2291ee4be39fe350accf088e1b57a5d1,2c1d9cb5468d2428f8e95a5c084396a8,delivered,2018-07-19 21:43:16,2018-07-20 05:03:25,2018-07-20 11:36:00,2018-08-01 20:42:31,2018-08-07 00:00:00
b1829b9fc61d2f28d8668cd5bde29e3f,bd371cfbb78aa6bd8d2ad4dc52565d8f,delivered,2018-07-20 01:38:27,2018-07-20 01:50:13,2018-07-20 21:43:00,2018-07-28 15:26:43,2018-07-30 00:00:00
141b860df8159c748ea4d24301992689,68b23619fcff7f2ce50230a2af1b925a,delivered,2018-07-20 04:05:49,2018-07-21 03:15:31,2018-07-23 12:25:00,2018-07-24 17:44:47,2018-08-07 00:00:00
f6284b20e702b2576ee9a3531fde571d,b9e21fd96c08b1563793c5def420b9a3,delivered,2018-07-20 08:47:09,2018-07-20 09:03:24,2018-07-20 11:48:00,2018-07-28 16:18:37,2018-08-08 00:00:00
e1d639704794372882078d60df591264,a6e559ec06e9b44d48ea61550d678be0,delivered,2018-07-20 10:26:30,2018-07-20 10:35:17,2018-07-23 09:01:00,2018-08-01 22:03:42,2018-08-07 00:00:00
9c28244a57606ad0cd766dbef78f98a8,0cdc56cae92a99834552b88218f2baa5,delivered,2018-07-20 12:26:01,2018-07-20 12:43:35,2018-07-20 14:37:00,2018-07-24 19:33:23,2018-07-31 00:00:00
542dd8c7a80f7006b56c9cbb95e6433b,416d7934b96e1c5d46b332d32ee0e356,delivered,2018-07-20 17:53:08,2018-07-20 18:05:18,2018-07-24 09:39:00,2018-07-30 22:54:34,2018-08-08 00:00:00
875c175eb6577637f9001b99dc54a7e1,93fff67bdcb09ec8a3dc8926a7c1b3c3,delivered,2018-07-20 23:27:39,2018-07-24 11:32:55,2018-08-15 15:41:00,2018-08-27 15:26:59,2018-08-15 00:00:00
f4cf1adfbef386f1559758ebe5db01b1,5d970c9d83f58152d477d717c7affd80,delivered,2018-07-21 10:39:29,2018-07-21 10:45:19,2018-07-25 09:40:00,2018-07-27 16:02:10,2018-08-08 00:00:00
367d9f6d184cf1d060d92bdc71810d2e,75baf74d97b2339e14e57681073a42ef,delivered,2018-07-21 11:21:29,2018-07-21 11:30:18,2018-07-24 14:21:00,2018-08-06 13:06:43,2018-09-04 00:00:00
7fb2f6ef625bf7ef303f984bd8cd2267,a1834c0ebc51d0c1f1165d4647daffa1,delivered,2018-07-21 18:51:27,2018-07-21 19:05:11,2018-07-23 15:07:00,2018-07-25 18:17:47,2018-08-20 00:00:00
1166c0cee90e165a1b3cf275339be6cc,01514a0b29d64250fc301b3413aa0ba3,delivered,2018-07-21 19:29:35,2018-07-26 23:31:24,2018-07-24 14:27:00,2018-07-30 21:38:00,2018-08-13 00:00:00
1e575fc9d2c56fa7889923cd298830f1,984ccc607ad9b036402d780a2a10f4b2,delivered,2018-07-21 22:33:25,2018-07-21 22:45:12,2018-07-25 06:09:00,2018-07-27 13:58:11,2018-08-13 00:00:00
346fa124d404d88a793438c41f21932b,331c5690c13e397b0e1fb1fb407c4f9f,delivered,2018-07-22 00:51:56,2018-07-23 11:30:58,2018-07-23 13:19:00,2018-07-31 17:34:50,2018-08-22 00:00:00
b7daca2d24a93ab9351485e0bdcbb7e6,002d597546b2cf44428232c9f237f873,delivered,2018-07-22 09:29:19,2018-07-23 11:32:10,2018-07-23 07:19:00,2018-07-30 16:38:58,2018-08-16 00:00:00
fe437c0788b9f47d5ec164c87988cbae,d3de790e516d9c92c74ddffad4a48fbd,delivered,2018-07-22 10:37:51,2018-07-23 11:30:47,2018-07-23 15:23:00,2018-07-26 18:52:34,2018-08-06 00:00:00
c67c6e7178cff9848b2d6556d1670fd8,3237a9ea092013b7b44c0c8d5174006d,delivered,2018-07-22 13:32:50,2018-07-23 11:32:05,2018-07-24 15:07:00,2018-07-25 17:57:42,2018-07-31 00:00:00
a7fafbfc43a11e5ba3d934121a63bb43,90343859e0ae243dc57b3e95b2a517fd,delivered,2018-07-22 14:30:01,2018-07-24 11:33:00,2018-07-24 14:59:00,2018-07-25 12:48:29,2018-08-01 00:00:00
3569dcadd0374718b87bead0d7241d6d,22639d78f0649eceeb30ebfc80c24cc6,delivered,2018-07-22 16:09:08,2018-07-23 12:32:35,2018-07-24 15:31:00,2018-07-26 17:18:34,2018-08-01 00:00:00
1bd518c15ee16570e9b8c8e29fde9ab6,002905287304e28c0218389269b4759b,delivered,2018-07-22 17:13:46,2018-07-24 11:33:00,2018-07-31 09:25:00,2018-08-08 00:32:44,2018-08-17 00:00:00
1e51b2b229678b37addbfeb359d0e3ab,b2de21eac1284b5492269771d68da739,delivered,2018-07-22 17:32:59,2018-07-23 12:32:11,2018-07-23 17:56:00,2018-07-25 21:11:54,2018-07-31 00:00:00
80e834c250ad9420643210e6f3b5bd37,e2cbdb854a28ff842deb8592e8ef834f,delivered,2018-07-22 20:07:43,2018-07-23 12:32:03,2018-07-24 07:15:00,2018-07-27 20:39:21,2018-08-09 00:00:00
479b6ef981f240df12226a5ba0abffef,5176f5c4d07111ebc72ac16365971ae1,delivered,2018-07-22 21:48:14,2018-07-23 12:31:45,2018-07-24 14:49:00,2018-07-27 15:58:52,2018-08-01 00:00:00
8f0057f230f19e9f7ad1a5566ef6a980,912f70eeb92c8bdb884de7561ea5c6c5,delivered,2018-07-22 23:14:34,2018-07-23 12:31:55,2018-07-31 12:57:00,2018-08-03 18:57:04,2018-08-14 00:00:00
b35a771164a9defa3b4767f1b66918b1,db72b1bc11dfa3a7d4dc04332a77b651,delivered,2018-07-23 00:49:15,2018-07-25 02:50:18,2018-07-25 13:32:00,2018-08-03 10:03:31,2018-07-31 00:00:00
4d3d69fc5da58b96ec1c571580f89070,da8b9783e21781bf0cdd0e580d4b4db9,delivered,2018-07-23 10:12:07,2018-07-23 13:31:11,2018-07-30 15:54:00,2018-08-06 21:52:46,2018-08-17 00:00:00
97823d6731e59cd6b4f9d3ea113a976e,f73735edd848cf439de47e82b57abce2,delivered,2018-07-23 11:26:36,2018-07-28 23:30:58,2018-07-24 07:14:00,2018-07-27 12:03:15,2018-08-09 00:00:00
53595a8aa421790cc9d2e85db64cb3c1,ae08c85c944806edb02d28ad32e03fa4,delivered,2018-07-23 17:45:45,2018-07-24 10:31:27,2018-07-24 13:40:00,2018-08-10 23:02:55,2018-08-13 00:00:00
5c2d1d55c31db1cbe069dc9b6454b897,15bea20cd005ed59d34db54c6b32ec98,delivered,2018-07-23 18:27:07,2018-07-24 10:32:48,2018-07-25 14:10:00,2018-08-01 19:31:47,2018-08-10 00:00:00
a445af0d83713885b6b576796191b1fa,c0717bf8d4587e085bfb7bb4e8a52e33,delivered,2018-07-23 19:07:01,2018-07-24 10:31:44,2018-07-24 13:48:00,2018-07-27 17:24:37,2018-08-09 00:00:00
5c4e9b69cfdcd45f69531467695237e4,c5da1fb3c49637fc168e5a95a67b73d7,delivered,2018-07-23 20:09:23,2018-07-24 10:31:01,2018-07-24 15:03:00,2018-08-01 20:12:56,2018-08-13 00:00:00
db274d549125d73b0e1052886af9422e,4438ad15cf7315f2de20eebdb7b12840,delivered,2018-07-23 22:35:59,2018-07-24 10:31:07,2018-07-26 07:22:00,2018-07-27 20:41:49,2018-08-03 00:00:00
6ad40910813e5836d9698b103b222e65,3b0083b0418552bc7b8a1a083d03b56f,delivered,2018-07-23 23:48:21,2018-07-24 20:44:16,2018-07-26 12:41:00,2018-08-01 11:03:56,2018-07-31 00:00:00
60b17021cb20c803ad265dc1847f06a4,1435646705531d9d7ecba595d247bd50,delivered,2018-07-24 17:06:32,2018-07-24 17:24:18,2018-07-25 14:17:00,2018-07-27 15:38:32,2018-08-08 00:00:00
7ea0402bb982f8ff37a8a8ef5adc4786,66cbcef072a77824c522cede2fca861a,delivered,2018-07-24 22:31:47,2018-07-24 22:45:06,2018-07-25 13:17:00,2018-07-26 23:48:36,2018-08-01 00:00:00
082730bdb06cc2b755fbb33becd6ccec,1909b44d6c01d36a4d946e60f46036b3,delivered,2018-07-24 23:00:55,2018-07-24 23:15:14,2018-07-25 14:50:00,2018-08-01 16:28:49,2018-08-10 00:00:00
9dcc4e7d4978e71c0c8c8562a72935fd,b8e4ac09d4bd2a74ff84aca7d2ffd511,delivered,2018-07-24 23:12:10,2018-07-24 23:25:09,2018-07-26 15:12:00,2018-07-27 20:34:22,2018-08-07 00:00:00
14def5e6b6021ae117c181c039258033,ad0676d6d6e115c03a6d60dd2c9a00ee,delivered,2018-07-25 01:25:29,2018-07-25 01:35:12,2018-08-21 12:14:00,2018-08-22 17:51:41,2018-08-10 00:00:00
935cbf337f50d03fc7ecfb5a601dc7fc,78e5e5a5de6f4de446c8eb4509755a13,delivered,2018-07-25 08:15:09,2018-07-25 08:25:14,2018-07-26 13:44:00,2018-08-01 20:35:40,2018-08-15 00:00:00
df7e2759236fdf704508c65069fb6dbf,fa32335a910037a330a6903984218b1a,delivered,2018-07-25 09:48:02,2018-07-25 10:05:11,2018-07-26 12:19:00,2018-07-30 22:34:32,2018-08-24 00:00:00
161dded9453a3c4d5b6fd484128249a3,90452d352349254ec634a77c0730f087,delivered,2018-07-25 16:21:06,2018-07-26 09:04:38,2018-07-26 12:03:00,2018-08-08 00:17:52,2018-08-31 00:00:00
8872e48bafe00195f92e3a6f1d81bfbc,e11ae7b2848f4b2351a3f81350d2cddb,delivered,2018-07-26 09:04:33,2018-07-27 02:15:16,2018-07-31 14:18:00,2018-08-07 14:58:25,2018-08-30 00:00:00
22e4add79c3efc7828d1119a222b76da,770eb9ce225c3301e8a8811d27c5da10,delivered,2018-07-26 09:08:44,2018-07-27 02:24:26,2018-07-27 15:38:00,2018-08-01 22:24:34,2018-08-10 00:00:00
e13fd2b405c7a3685ff6214f38b86e79,44cca1fa7d1de86eb3543ac5bb900c30,delivered,2018-07-26 09:41:39,2018-07-27 02:05:14,2018-07-27 14:05:00,2018-08-02 14:51:43,2018-08-13 00:00:00
6ae0348c0cca83cc28ca3bf25d9e60fe,df77f41a959a77fa0f3e9b375277106d,delivered,2018-07-26 14:15:21,2018-07-27 13:10:17,2018-07-31 11:56:00,2018-08-06 17:08:01,2018-08-27 00:00:00
1fd64d652fae27df0e9aac1f4e605984,731a2e445bb92b757cb2fc658826d80f,delivered,2018-07-26 20:49:06,2018-07-27 20:45:15,2018-07-30 13:51:00,2018-08-03 00:10:07,2018-08-17 00:00:00
5a0911d70c1f85d3bed0df1bf693a6dd,b18406a3ade96967766b9868c6989d5d,delivered,2018-07-26 22:26:36,2018-07-26 22:35:28,2018-07-27 10:54:00,2018-08-08 18:31:17,2018-08-22 00:00:00
7d37719edab33266657f56d6739b837e,1d2a414889f397a2f5e4ab18dc408a58,delivered,2018-07-27 09:33:29,2018-07-27 09:44:16,2018-07-27 13:54:00,2018-08-03 16:26:42,2018-08-16 00:00:00
e4cbb88fcf9a02837b22b1f6f812a9ed,d875cdbfacf9d0e5aecaf6d2a9d77f9d,delivered,2018-07-27 10:49:59,2018-07-27 11:04:25,2018-07-27 13:29:00,2018-08-03 22:12:43,2018-08-20 00:00:00
53fa17c349c4b3dcbbadd8aad2eb559b,de4347cfed448a35884a19949bc53087,delivered,2018-07-27 13:09:23,2018-07-27 13:43:56,2018-07-27 17:58:00,2018-08-09 13:44:54,2018-08-21 00:00:00
d94600e5b855ffe8db3b9bc06e21b1bd,9f35486803ac72d115dedc28ef6156e1,delivered,2018-07-27 14:33:28,2018-07-28 03:35:16,2018-07-30 12:17:00,2018-07-31 21:22:11,2018-08-06 00:00:00
67f38c0b9d8a42541af92de7b6a19ea5,46ae9e1a0e2b936715ed2634a524f8ab,delivered,2018-07-27 16:59:35,2018-07-27 17:15:17,2018-07-30 12:17:00,2018-08-01 16:08:40,2018-08-06 00:00:00
2e4ef279d418d092749185f9a030d1c2,91a61266fcdfa17c60eab874c7f2ad15,delivered,2018-07-27 17:05:29,2018-07-27 17:15:26,2018-08-06 14:44:00,2018-08-07 17:02:15,2018-08-08 00:00:00
eba1872af76af0cd06f3a63bdef90a37,76bd340b071ad08aa83e7b9c25451128,delivered,2018-07-27 20:40:18,2018-07-31 04:10:17,2018-08-06 08:27:00,2018-08-17 01:58:41,2018-08-20 00:00:00
9e79eaf24f3a351f51692b227136741e,79d9271e1bd3984404a8b296a6de3c42,delivered,2018-07-27 22:23:49,2018-07-27 22:44:10,2018-07-30 18:16:00,2018-08-07 21:08:46,2018-08-15 00:00:00
30d5a8ce8a4195b742a8342c739efe91,d5c1cc3d673b9f1e655ffba6b3aab893,delivered,2018-07-28 13:09:32,2018-07-28 13:24:10,2018-07-31 09:24:00,2018-08-03 12:48:42,2018-08-14 00:00:00
50ef6a06a587a4f97f8483946c692e70,f4c1daadf5d94cf9f1fa530df0992dea,delivered,2018-07-28 13:13:21,2018-07-30 18:31:23,2018-07-31 13:16:00,2018-08-03 19:11:55,2018-08-23 00:00:00
2c12150c742ae2fa48bc703964c16c5f,ab0cf72dfe0538a63a57d6905ccb7b57,delivered,2018-07-28 17:55:27,2018-07-29 18:30:31,2018-07-30 14:54:00,2018-08-03 17:46:46,2018-08-16 00:00:00
a1534509a270687ff2247cebc502baae,4b0a0df498777c35ebaed6d77ea7b4fa,delivered,2018-07-28 18:28:01,2018-07-31 04:05:37,2018-07-31 13:24:00,2018-08-06 20:51:15,2018-08-13 00:00:00
1db8c2514e276b566dd44aad287362aa,df57c18507600c6ed4e010f3ebdc516e,delivered,2018-07-28 19:04:17,2018-07-31 04:05:52,2018-07-31 12:19:00,2018-08-10 10:48:46,2018-08-17 00:00:00
8bbbef97d763f4dcf2e12cc5b5e0cee6,61ce7eba15a872699599957e5d18f0e8,delivered,2018-07-28 20:07:49,2018-07-30 18:31:17,2018-07-31 14:51:00,2018-08-07 14:17:49,2018-08-16 00:00:00
1d7542bb5262913fe0516f7943b69a58,a7bf5e6fa311950360efc620e590fa74,delivered,2018-07-28 23:32:46,2018-07-28 23:45:09,2018-07-30 11:33:00,2018-07-31 19:06:21,2018-08-02 00:00:00
73863aca434e1d117e45109bea6f1937,f3f7e581618408da1e8d5ebe236082b3,canceled,2018-07-29 00:05:24,2018-07-29 00:15:14,,,2018-08-15 00:00:00
c91255e49926cfb63353034df59a25d5,2a7fe4ffcadfbf65ae5c06b02964e929,delivered,2018-07-29 14:09:00,2018-07-30 18:31:19,2018-07-31 13:51:00,2018-08-08 13:38:43,2018-08-10 00:00:00
7e772cb45f952aa56139d1cce1c308dd,f1a9c5f4eb8a4d8cd2eb314107f615a4,delivered,2018-07-29 17:29:59,2018-07-29 18:04:22,2018-08-01 12:52:00,2018-08-06 15:58:52,2018-09-11 00:00:00
897b4da63b6edde1a33a9fb7caf1dd10,7adb5b6a71b330eb4b3027a470fe74b5,unavailable,2018-07-30 07:38:21,2018-08-04 23:31:16,,,2018-08-16 00:00:00
fb2e0a2eb0a7cd9fc655c3fdda628acc,cfebfc0e3c40c12fa6153e1e76d2685c,delivered,2018-07-30 10:17:54,2018-07-31 10:31:06,2018-08-06 10:46:00,2018-08-14 16:27:35,2018-08-20 00:00:00
2ad4df0af7a71d632dccc0129bee3268,915ce1e45a3b10fb61f5d32924bdb7f6,canceled,2018-07-30 12:04:19,2018-07-30 18:31:05,,,2018-08-02 00:00:00
c1f7501bdc05e68361a9d1c71ef75dcc,c028679f52ba4535e788d2d70f32d7cd,delivered,2018-07-30 16:51:36,2018-07-31 04:31:33,2018-07-31 15:39:00,2018-08-01 19:18:48,2018-08-03 00:00:00
9c9519dbd0554cfc5c787fdc7fa8ff42,e77c725677d8c9c7a37159276095b116,delivered,2018-07-30 19:58:23,2018-07-30 20:30:51,2018-07-31 14:18:00,2018-08-07 20:22:47,2018-08-28 00:00:00
59a28b77022aecabe93b43fa323de71b,3bb38d7e15146509176acff3db811f13,delivered,2018-07-30 19:59:14,2018-07-30 20:10:15,2018-07-31 13:12:00,2018-08-02 20:14:51,2018-08-07 00:00:00
d8d875126ddbeec8b736ffd7f0b1a4c0,8c78a97fcd0fbb96167dee28dacd58bf,delivered,2018-07-30 20:53:30,2018-07-30 21:40:05,2018-08-01 12:31:00,2018-08-15 00:52:56,2018-08-21 00:00:00
7e27277184720891692df939d3a7b048,8fbf900a62f8963e652dc8fcb3a5256b,delivered,2018-07-30 22:14:14,2018-07-30 23:00:06,2018-08-03 16:27:00,2018-08-08 16:42:13,2018-08-21 00:00:00
da1a0dd3bf29adb14c8a77fca7388c11,68f3666fedabd658c5aae67697b67e61,delivered,2018-07-30 22:17:50,2018-07-30 22:31:32,2018-07-31 10:00:00,2018-08-06 22:39:20,2018-08-10 00:00:00
eafa53108733896f6f18e2f8daca6f37,7300450cedf7e4c35c243c4a03c1e8a6,delivered,2018-07-30 22:31:37,2018-07-30 23:31:33,2018-08-06 09:52:00,2018-08-13 23:58:41,2018-08-17 00:00:00
8da23e61aecf8f2c23c49d53c6d16d40,2b3d94ad32203f90d7f85edb7a199bc6,delivered,2018-07-31 00:36:04,2018-08-01 03:31:59,2018-08-01 09:04:00,2018-08-08 01:03:29,2018-08-15 00:00:00
39b07544f44827ecfb759a3544ccab72,dcbfb65ae9125d8e25367087650ad49c,delivered,2018-07-31 12:39:25,2018-08-01 03:31:38,2018-08-02 12:53:00,2018-08-03 19:22:12,2018-08-08 00:00:00
22d03f81f36cfd05e90af56d5dc63e74,86d3fe4ddf2692de0699c9b1c9e8df57,delivered,2018-07-31 13:22:30,2018-08-01 16:31:37,2018-08-01 11:19:00,2018-08-16 16:07:46,2018-08-27 00:00:00
553682ad4457471eb0db66f89c9bedd5,dbafb27f4934a7d05ad5c80b5dcb8d0f,delivered,2018-07-31 13:39:33,2018-07-31 14:40:16,2018-08-01 14:33:00,2018-08-07 19:12:53,2018-08-22 00:00:00
b3abe697965039908d3203cd063a2ce6,5feb65652220fea019c7efd7146849d4,delivered,2018-07-31 14:45:52,2018-07-31 15:40:20,2018-08-01 16:01:00,2018-08-02 14:08:45,2018-08-08 00:00:00
22e737b729bfdec35e6fcbc9bbc518e0,a24eb5ce89cb76e022bfa66a14535522,delivered,2018-07-31 15:06:09,2018-08-01 02:35:14,2018-08-01 12:13:00,2018-08-07 21:32:19,2018-08-23 00:00:00
78652a80b5afacab99c641f855a4b00f,cf3901625675486ec08d60d5fa7bb1cb,delivered,2018-07-31 16:00:40,2018-07-31 17:31:25,2018-08-01 13:17:00,2018-08-06 17:48:45,2018-08-13 00:00:00
fe784ed3dfc728fd4de44fa9918fe1eb,534ae76adc5da4b4f9c7b505a756d59d,delivered,2018-07-31 18:24:05,2018-08-02 03:05:19,2018-08-02 15:22:00,2018-08-06 16:47:28,2018-08-22 00:00:00
a8898844029abdc3064b4fed7ca04a47,e1220cc414aac1eca24ea42ee3cb5d29,delivered,2018-07-31 19:14:18,2018-07-31 20:04:12,2018-08-02 13:38:00,2018-08-07 18:11:40,2018-08-21 00:00:00
ec88ef2191b5e44c70cd7fc05d9b5e95,373e936792314f96a1e0ac22efc99414,delivered,2018-07-31 19:27:37,2018-07-31 20:04:09,2018-08-02 17:46:00,2018-08-14 16:29:03,2018-08-28 00:00:00
fc9a5afd96050ceb0d9f12a4f8c5d9f0,98fe6ae8410f2e46f8169623ccfa5e6d,delivered,2018-08-01 09:08:40,2018-08-02 05:15:10,2018-08-03 15:10:00,2018-08-09 17:11:42,2018-08-13 00:00:00
5a5cbced9c57dbafd90dd9b04594b2d7,868a6893007668f7b4b5b545d16d4726,delivered,2018-08-01 09:34:28,2018-08-01 10:04:26,2018-08-03 10:28:00,2018-08-08 18:54:34,2018-08-16 00:00:00
13d341318c77969f10d77e1382957542,3b6cfa5c62f4bfb3c09652d9ac539a8d,canceled,2018-08-01 09:43:22,2018-08-02 05:30:46,,,2018-08-08 00:00:00
fa501c06e7a60e98b43e678fd5205c37,be930903506aa698f5dabbb2c0ca2c9b,delivered,2018-08-01 12:31:30,2018-08-01 13:24:12,2018-08-02 13:56:00,2018-08-07 14:18:34,2018-08-22 00:00:00
0c6a2732270e3f0f66bd73dbde93b59e,e93df84b6db60bf18610814d86332a1a,delivered,2018-08-01 13:43:51,2018-08-01 14:05:21,2018-08-03 14:37:00,2018-08-04 18:51:28,2018-08-10 00:00:00
997cd4e2027406aafa35d5c0e270fe1b,fa5cde2f984262f2398e3180c7638648,delivered,2018-08-01 13:47:38,2018-08-01 14:31:41,2018-08-07 15:02:00,2018-08-17 01:42:33,2018-08-27 00:00:00
abcb42831f6165cda2570c76e90cda5d,ee23d61fedfc4227bb0e188654c28d08,delivered,2018-08-01 14:42:37,2018-08-02 05:25:18,2018-08-06 13:11:00,2018-08-09 17:32:16,2018-08-09 00:00:00
d147001bf6f7a4295040343db205d9c1,af5555169a360e0fdd4e79ad4e5497ef,shipped,2018-08-01 15:42:20,2018-08-02 05:15:19,2018-08-02 13:24:00,,2018-08-10 00:00:00
07e74b39ce62a7c6f7063b3168748191,908fefed2615ed41b2880512db12c758,delivered,2018-08-01 15:46:14,2018-08-02 15:43:58,2018-08-03 10:09:00,2018-08-06 20:28:38,2018-08-06 00:00:00
aca44cb492f80075220916b0a4486b10,a8a3a97e5508758040e4f84de88931bb,delivered,2018-08-01 18:55:10,2018-08-01 19:05:21,2018-08-06 08:27:00,2018-08-15 18:06:54,2018-08-14 00:00:00
38d4786d1c7b6dae14470fdfb8616bb0,f5498d05cf105bdd3bc601ff77601d7b,delivered,2018-08-01 20:32:43,2018-08-02 20:25:17,2018-08-03 13:26:00,2018-08-09 21:34:50,2018-08-21 00:00:00
c39ffdd77f5ddda482650795f30f7aac,2bd76f7c3456afd0a6885eb89e8bc212,delivered,2018-08-02 12:29:52,2018-08-02 13:15:26,2018-08-03 13:39:00,2018-08-07 11:12:07,2018-08-14 00:00:00
1bb0ce15a167cb42d0bc628a99395f66,b8e3175fd78ba4c60826fbc7016dfbb5,delivered,2018-08-02 16:13:07,2018-08-02 17:20:08,2018-08-03 14:05:00,2018-08-08 21:52:29,2018-08-15 00:00:00
57cbc8e34a5ceffb92f8b3193e4ffdb8,186ec83c7ec57c2073127c57d48d6549,delivered,2018-08-02 16:24:47,2018-08-03 02:50:33,2018-08-03 16:39:00,2018-08-08 19:26:39,2018-08-16 00:00:00
aa6e1f3a2b645a2b22e70084a30d2cd0,9ebb135e8db1fb56993ab9b2486c7aea,delivered,2018-08-02 18:29:03,2018-08-02 18:43:56,2018-08-03 08:00:00,2018-08-08 23:32:43,2018-08-21 00:00:00
045fb730a757a5379d79bdbc42d4e84b,57cffec2e5c21ad9bee83cc699bfc9b0,delivered,2018-08-03 06:19:40,2018-08-04 04:10:19,2018-08-13 14:45:00,2018-08-17 00:31:36,2018-08-23 00:00:00
8f4dff9c7bdbfd26aee6064637637f24,59d30339943de8792b79b2a7835e1752,delivered,2018-08-03 10:47:35,2018-08-03 11:04:09,2018-08-03 14:57:00,2018-08-06 16:09:01,2018-08-09 00:00:00
5c02bbcf8ee00ff276723c431b064505,358f85cf4c0ce9baccddaf17d8e5936c,delivered,2018-08-03 11:53:27,2018-08-03 12:05:24,2018-08-16 09:02:00,2018-08-22 00:06:25,2018-08-13 00:00:00
c4ee82a6c0873cfdbe96e41596698248,c9be31eee5d42b016032f115e6640689,delivered,2018-08-03 12:28:01,2018-08-03 12:44:04,2018-08-07 14:24:00,2018-08-14 00:08:35,2018-08-15 00:00:00
223f7c98cbcab2327a6e8b11e0f13838,fe9d789522315169a83d6740ffb2117d,delivered,2018-08-03 14:35:07,2018-08-04 04:05:18,2018-08-06 15:22:00,2018-08-16 18:48:37,2018-08-29 00:00:00
3924ecb5e299e5fb70a6f38e34aa4c1a,4a223eaeee96be7f334e992863178d50,delivered,2018-08-03 16:58:12,2018-08-03 17:10:19,2018-08-08 14:01:00,2018-08-13 16:51:50,2018-08-29 00:00:00
f0dabde4fd77bc24990f7107e4c46474,35d517e1d32bc3c1d8c759bd4d3635dc,delivered,2018-08-03 17:17:33,2018-08-03 18:00:06,2018-08-06 14:21:00,2018-08-09 15:18:39,2018-08-13 00:00:00
49e46b4388f4b9ea96901467bd26eb6d,788cffe37a94186e4ad9a9940f0f858f,delivered,2018-08-03 20:20:47,2018-08-03 20:30:31,2018-08-07 14:21:00,2018-08-13 09:47:40,2018-08-14 00:00:00
41c843dab306ff15365492a2dd8c3cef,b974cf42b879bfcaecef8c31a6d906a5,delivered,2018-08-04 08:04:13,2018-08-04 08:15:14,2018-08-06 14:04:00,2018-08-08 18:23:51,2018-08-16 00:00:00
fd54537438233bc798bd3fdac32bcfd9,201c90f4f548f6ac85f821578528b42d,delivered,2018-08-04 12:46:14,2018-08-04 12:55:25,2018-08-06 12:45:00,2018-08-09 19:54:54,2018-08-23 00:00:00
890c646ac2f95965fe8b02b81cfcdc5b,f8f826b1eb7cf181af923e9329849aa5,delivered,2018-08-04 12:49:52,2018-08-04 13:04:10,2018-08-06 16:55:00,2018-08-07 19:56:38,2018-08-09 00:00:00
60c2fd4bd6d23ab4fa7a910b61dac591,f50ad8aad42ad296a4604a07de96b236,delivered,2018-08-04 14:23:25,2018-08-04 14:35:16,2018-08-06 12:21:00,2018-08-09 00:51:16,2018-08-13 00:00:00
c8223ab24b18df53e6a37eae1fd69d48,74c8a024a6cee2c76e1c680e2dd69812,delivered,2018-08-04 15:38:44,2018-08-04 15:50:10,2018-08-06 16:56:00,2018-08-09 18:42:47,2018-08-15 00:00:00
3b3725fa3dfc009ca1e6ebc503a0bd16,214da6d258e415ee782fd14c108be3a2,delivered,2018-08-04 20:26:33,2018-08-04 20:44:16,2018-08-07 10:44:00,2018-08-13 17:57:39,2018-08-21 00:00:00
bcdad86f44c780bf1aaf24b66dd97753,f3f955ae1cc137ab2ec810ee255b2662,canceled,2018-08-05 03:49:18,2018-08-05 04:04:24,,,2018-08-20 00:00:00
47d160e3b388f73aa2dfad3c508f4ca3,3328834615c63920c7aa70de65af963c,delivered,2018-08-05 09:35:33,2018-08-05 09:45:08,2018-08-06 15:36:00,2018-08-11 16:38:43,2018-08-20 00:00:00
a2b932dba58739e74b19e8216b7de165,5c1b11db401fab28fdc97fa8b34f739e,delivered,2018-08-05 10:55:11,2018-08-05 11:10:06,2018-08-06 14:49:00,2018-08-09 19:24:27,2018-08-21 00:00:00
076dc4ca874b482e0fed6263b1ff1b5f,eb7fff6ffc8d18a259c9612f642c70a9,delivered,2018-08-05 18:03:44,2018-08-05 18:15:18,2018-08-08 11:57:00,2018-08-14 15:41:05,2018-08-17 00:00:00
a8e595153c8bec02b29e66399b21e1ae,36cee34dc9a7b76544d0f8c2ce2b54f1,delivered,2018-08-05 19:25:28,2018-08-05 19:44:19,2018-08-06 09:32:00,2018-08-13 17:12:53,2018-08-28 00:00:00
1d911134e95ec6f299e80fe19b5b88c5,4dfe57404141dbca39b1eae2ec077e78,canceled,2018-08-05 22:27:23,2018-08-05 22:35:17,,,2018-08-28 00:00:00
672dbfbd96238e4d07021fcdd9152b6c,b775111784ea2c3a1f3fd11125a07add,delivered,2018-08-05 22:28:27,2018-08-05 22:44:19,2018-08-09 14:44:00,2018-08-14 20:51:25,2018-08-29 00:00:00
bfdc8cc8e1e3a146d1adb471208f0a72,a01fcde31529708c8755a0226631c0d7,delivered,2018-08-05 22:57:54,2018-08-05 23:10:13,2018-08-06 15:16:00,2018-08-07 13:59:05,2018-08-09 00:00:00
675696464e3f1ec45c04dc5b171b2ed4,981cb320d6e0696b7ec07411513b18c2,delivered,2018-08-06 08:32:54,2018-08-06 09:04:22,2018-08-06 14:47:00,2018-08-13 22:08:34,2018-08-16 00:00:00
2d3bc1f6ed458a137c51adc3cab7a488,e620a9a4cdf12ab1e817c17496e9c5d7,delivered,2018-08-06 09:21:25,2018-08-06 09:35:13,2018-08-06 12:32:00,2018-08-10 17:18:42,2018-08-20 00:00:00
5f862e4fe640e66110b40cced6911038,65a6a03c07caddea4ed54b719663fce1,delivered,2018-08-06 10:21:02,2018-08-06 10:35:50,2018-08-10 12:07:00,2018-08-12 16:16:31,2018-08-09 00:00:00
5f3c3f02ee527647eadaeab108a89f51,14fd66ddf6349b2c9c874aa2094196ae,delivered,2018-08-06 10:55:03,2018-08-06 11:05:27,2018-08-13 09:32:00,2018-08-17 14:34:52,2018-08-22 00:00:00
95160939719ddfef2f951cc36e468567,d6da9177e020c24c7aa0eea0c9a1761e,delivered,2018-08-06 11:01:30,2018-08-06 11:10:20,2018-08-07 14:00:00,2018-08-09 23:50:31,2018-08-10 00:00:00
c3c8037bfac88b34744bb96cfed9c7f7,ed3a502932ab63e9bfb5a0eadb3b63ff,delivered,2018-08-06 13:41:58,2018-08-08 03:15:15,2018-08-08 13:58:00,2018-08-13 18:03:32,2018-08-22 00:00:00
bb63df7449a5caa0edc362d01cf54f36,3dc088a229ec165ccd91eab616197b90,delivered,2018-08-06 17:40:47,2018-08-06 18:44:39,2018-08-10 14:16:00,2018-08-13 11:52:37,2018-08-14 00:00:00
63ac66255bb4562cd506681eb19c5be4,0e27a2aeccb3a049d9d3acf1b9561fc3,delivered,2018-08-06 17:44:32,2018-08-06 17:55:26,2018-08-07 13:29:00,2018-08-10 14:06:17,2018-08-24 00:00:00
d6e4899000744aee28d41363a581e3c2,3f4fc8799a67c8500c491d9822e365fb,delivered,2018-08-06 19:11:34,2018-08-06 19:24:36,2018-08-07 07:52:00,2018-08-08 16:55:08,2018-08-20 00:00:00
42187cae0bc6e0829886d8131b4c4864,b284e1052e6386e2fae8af6ab3f0215a,delivered,2018-08-06 20:27:28,2018-08-07 20:25:07,2018-08-08 07:44:00,2018-08-14 18:36:35,2018-08-21 00:00:00
fcfd2d9dca1b759a8838eac01a9ce2eb,c5ea7eaffd9007a6eb4f4ec61f705def,delivered,2018-08-06 21:06:19,2018-08-06 21:15:27,2018-08-07 09:44:00,2018-08-15 22:04:41,2018-09-03 00:00:00
3b881091c6fc2687191b01c705287c13,f31eb05ebdef1ede72cebeba759e7c92,delivered,2018-08-06 22:25:10,2018-08-06 22:45:09,2018-08-08 15:01:00,2018-08-15 20:38:36,2018-08-27 00:00:00
e56eaa15f5d9c288f33592ab67c02692,5019c820100e38e2e46aa80ed4916fea,delivered,2018-08-06 22:27:04,2018-08-06 22:45:02,2018-08-10 10:00:00,2018-08-20 11:47:37,2018-08-14 00:00:00
bb68ace3e06362eec8e986719378ba29,51cac74ce6915363d1ea1c919362864b,delivered,2018-08-07 09:27:58,2018-08-07 09:35:16,2018-08-13 14:14:00,2018-08-27 13:29:49,2018-09-05 00:00:00
6e1c9b0136456e44d5b1d74c5abfae85,55a8e20a0cd1dff15232a9a6cb339e58,delivered,2018-08-07 09:30:10,2018-08-08 03:10:25,2018-08-08 14:49:00,2018-08-14 19:32:53,2018-08-28 00:00:00
5daaa187e63c2f1c7636a129c6afc3c3,6e395adcac53d7819940f584122d9fa9,delivered,2018-08-07 09:46:50,2018-08-07 10:04:48,2018-08-09 07:14:00,2018-08-20 13:09:15,2018-09-14 00:00:00
5ec17d5853c4bad3b18adb6778b3ac0d,8bc1170e90f388332edae6f23c388d38,delivered,2018-08-07 14:36:35,2018-08-07 14:50:16,2018-08-14 14:09:00,2018-08-15 17:03:37,2018-08-15 00:00:00
dadeb032c1f01467182f4f0716bdd141,ab1696e7c2c629e56ad0edc9daf39330,delivered,2018-08-07 14:39:17,2018-08-07 14:50:16,2018-08-08 14:44:00,2018-08-15 19:16:39,2018-08-22 00:00:00
f55dcacbda42aa97458735683d9fbb76,3d49b9dfdeac4e852719df5c71618426,delivered,2018-08-07 14:59:42,2018-08-07 15:10:23,2018-08-08 14:20:00,2018-08-17 18:28:44,2018-08-21 00:00:00
862510fc0a355d6cfe5c4add63ae9566,a83105a7f769fb04c0209dca18f3d17c,delivered,2018-08-07 16:05:28,2018-08-07 16:15:21,2018-08-08 14:59:00,2018-08-20 19:25:25,2018-08-27 00:00:00
788fdf598d5dbd1de9c4865b1b1824bd,1700391c8dfc8bd005f553a061675982,delivered,2018-08-07 19:38:33,2018-08-07 19:50:16,2018-08-08 17:05:00,2018-08-09 21:40:54,2018-08-13 00:00:00
fb73306df41afb7ed9222b25f9ebdfb4,41e82f26c88a900c85541441e25faf06,delivered,2018-08-07 21:22:51,2018-08-07 21:35:21,2018-08-21 05:37:00,2018-08-25 17:04:28,2018-08-28 00:00:00
64c43896c03b8f6f3ee2a5927ff67d7b,e73156cad1d0758c32d99e5cc2ee8880,delivered,2018-08-07 22:03:21,2018-08-07 22:15:18,2018-08-08 13:50:00,2018-08-18 11:22:57,2018-09-03 00:00:00
fbacb2717f779ec85691cc7fcec4f1d7,e217d743b426efd03312d4a04d1dedfe,delivered,2018-08-07 22:09:21,2018-08-07 22:25:16,2018-08-22 09:02:00,2018-08-25 00:11:29,2018-08-27 00:00:00
498fddb261b6ddd5974cf8bea3374388,99c8c2b1c8b9cb95024ca7cd1c84059e,delivered,2018-08-08 09:01:31,2018-08-09 03:45:14,2018-08-10 13:55:00,2018-08-15 21:26:42,2018-08-16 00:00:00
ad1c343f53639ad550761c2653c191b0,38563843fdf71adbd87b421a7932d94e,delivered,2018-08-08 10:04:29,2018-08-08 10:15:21,2018-08-15 07:53:00,2018-08-22 11:32:05,2018-08-31 00:00:00
c393997142861148ab156520bb0ed1fb,09c804cb1bb9c05c716227a2dd3d6116,delivered,2018-08-08 11:39:50,2018-08-08 11:55:14,2018-08-10 09:54:00,2018-08-30 16:46:29,2018-09-18 00:00:00
e6eea6fed0b356b11cf7e35f76320b03,235e60205492c88cd6f41bfea21f7b62,delivered,2018-08-08 12:18:01,2018-08-08 12:30:15,2018-08-09 14:43:00,2018-08-10 18:06:54,2018-08-15 00:00:00
22f3a2b22f414d974640db425514794d,2fb63e788bc5a760404afcf3ef8ff164,delivered,2018-08-08 13:37:57,2018-08-08 13:45:18,2018-08-09 14:47:00,2018-08-20 17:38:04,2018-08-30 00:00:00
50016ee0bec18cb823bd67b9c438267f,fc0570252f406543994dea3f61ffefc7,delivered,2018-08-08 13:47:02,2018-08-08 14:04:58,2018-08-09 15:08:00,2018-08-10 19:06:44,2018-08-13 00:00:00
69cc23e617dbfab387624fc10fac7167,77c0e0ac4e38289361b25cfdb1845bcf,delivered,2018-08-08 15:16:18,2018-08-08 15:30:21,2018-08-10 13:51:00,2018-08-13 21:52:50,2018-08-15 00:00:00
dab23a46abb860b6b4816df41eacd610,52239878c74211b0fd1a56a264763761,delivered,2018-08-08 15:42:27,2018-08-08 15:55:11,2018-08-08 14:56:00,2018-08-11 17:04:47,2018-08-17 00:00:00
9c78e72b5160190f45195d6ecf7875dc,699e9912d1a73f5886be955cdadc3b83,delivered,2018-08-08 17:09:38,2018-08-08 17:25:11,2018-08-24 13:40:00,2018-08-29 18:41:58,2018-08-23 00:00:00
f0ef4a7e953d49418b658852e46ae239,a514686ba42450bf705222bd5ffacc70,delivered,2018-08-08 19:07:27,2018-08-08 19:15:15,2018-08-09 12:51:00,2018-08-13 19:12:46,2018-08-21 00:00:00
fb7df543b6622d01dba2c9340a23bb30,0971e2b38bc165dd8bf1b9d24a054890,delivered,2018-08-08 19:56:36,2018-08-08 20:10:21,2018-08-13 16:20:00,2018-08-18 18:13:48,2018-08-31 00:00:00
fcfb164cd88eaf05a44e1cb84c5153e6,56c4226c4e5c136eefa7fa8e992c1875,delivered,2018-08-09 00:08:06,2018-08-09 08:25:11,2018-08-10 06:53:00,2018-08-18 00:02:55,2018-08-27 00:00:00
f99b507d95cd5bfaee408ab6cd51070d,a3ec2256ff70cc52f3cca6d8ca3018b9,delivered,2018-08-09 12:09:29,2018-08-10 03:15:17,2018-08-10 12:30:00,2018-08-14 00:48:35,2018-08-16 00:00:00
909fe8229847328fa7b5fa59b253ba25,adf9134ea7338307a33c4af9026a6b1f,delivered,2018-08-09 12:58:10,2018-08-09 14:30:16,2018-08-10 15:57:00,2018-08-14 13:27:56,2018-08-22 00:00:00
a0d0610703403a3ae85d5777c8c5897a,50540fa104b2cb99c95d9e5d53efb109,delivered,2018-08-09 13:11:54,2018-08-09 15:05:34,2018-08-09 14:04:00,2018-08-10 15:37:02,2018-08-14 00:00:00
6e25a89b2b006e7da0ff978bdcfe66db,36ee1c55ea025fdce1759f64ad07aab7,delivered,2018-08-09 13:14:29,2018-08-11 02:50:25,2018-08-15 12:12:00,2018-08-20 20:21:55,2018-08-27 00:00:00
6fa0c125ee7d870f6602c97e33d87bc5,fcb4cecebc159e210cd769d5b767d113,delivered,2018-08-09 19:32:42,2018-08-20 15:59:54,2018-08-14 15:43:00,2018-08-17 20:51:25,2018-08-23 00:00:00
e1410714b40ecb7735ebc3f823d60745,672341d53a98728f79fb5b46a0fe859e,delivered,2018-08-09 20:57:18,2018-08-10 19:50:21,2018-08-14 10:56:00,2018-08-20 21:38:37,2018-08-20 00:00:00
7e03ea2749db964d64386d5ba76cad36,b205df5e86441d2b2f404ffc0c762fe5,delivered,2018-08-09 22:58:56,2018-08-09 23:10:11,2018-08-10 14:59:00,2018-08-20 20:51:19,2018-08-27 00:00:00
291581a794f0e6ee707314d0a2cbc1c7,b7a967989bdb842c391631e30df67e47,delivered,2018-08-10 08:31:16,2018-08-14 04:30:24,2018-08-14 13:58:00,2018-08-22 23:51:10,2018-08-22 00:00:00
8dbdb81783a3c754dc9441826510a36a,2d0c34b4b379c290f079d39df12304e2,delivered,2018-08-10 14:54:25,2018-08-10 15:10:27,2018-08-13 14:00:00,2018-08-17 20:51:49,2018-08-30 00:00:00
ab34db6c283d8f91f11773a52711c317,fc09a873aa71b2e8e25f65711da23938,delivered,2018-08-10 15:02:34,2018-08-10 15:10:19,2018-08-15 14:22:00,2018-08-16 21:12:09,2018-08-21 00:00:00
4c2c1ba64cf96059fe8443c06557c0e1,7cee5343384a8cc476c390eada3ecbca,delivered,2018-08-10 17:13:19,2018-08-14 04:30:17,2018-08-14 15:08:00,2018-08-21 15:04:55,2018-08-28 00:00:00
f4929b75acb29f2ae641fdf4848b8ec2,94f4d0765f25acb851c5c0a5452303fd,delivered,2018-08-10 19:45:59,2018-08-11 19:45:20,2018-08-13 15:27:00,2018-08-14 23:08:59,2018-08-17 00:00:00
7a0256c1bbed2e05c3c312f6b89aba71,a39b1a4ba781c82a8b9166d20c127414,delivered,2018-08-11 00:15:46,2018-08-11 00:30:17,2018-08-13 15:03:00,2018-08-17 22:28:28,2018-08-23 00:00:00
8d7ec00a7df1f84149ee7f5ea8a73c41,d65bbb03192f8c34ba26b0208ab6cd32,delivered,2018-08-11 13:27:25,2018-08-12 13:25:09,2018-08-15 14:58:00,2018-08-21 03:24:31,2018-09-05 00:00:00
25b07f3f8652eeb49c6badad653a014b,052de1fe665ac4765f9f00a663057442,delivered,2018-08-11 14:20:29,2018-08-13 21:15:24,2018-08-16 15:18:00,2018-08-21 21:20:56,2018-09-25 00:00:00
46a807245872949237fba36f6f00b2b4,352b6f640af26b0d36b6d2c8760cf5d2,delivered,2018-08-11 14:56:20,2018-08-11 15:05:17,2018-08-13 12:19:00,2018-08-17 01:06:38,2018-08-23 00:00:00
a275bfdfd07b6503afeea57892d3976f,df2554dfedbe850dff2ae6c179fb21b2,delivered,2018-08-11 19:54:45,2018-08-12 19:50:08,2018-08-14 07:18:00,2018-08-20 19:51:52,2018-08-24 00:00:00
ddbc0e193a190c97a92bdb12aed510b8,18e4e3b5b035ce0777b667468ba0d774,delivered,2018-08-11 21:17:58,2018-08-14 04:10:18,2018-08-15 14:53:00,2018-08-16 20:31:48,2018-08-20 00:00:00
2ff04f721a0ccf086506b4ba443d924a,4e2c2516338a95c5199f59106b5c79c3,delivered,2018-08-12 13:52:05,2018-08-14 04:24:29,2018-08-14 15:34:00,2018-08-17 22:20:57,2018-08-24 00:00:00
f52ec1996d054ab03ddef4968ff41fa5,93c43171fb6570c1c278167d386a5db6,delivered,2018-08-12 15:13:40,2018-08-12 15:25:19,2018-08-13 14:34:00,2018-08-17 19:18:24,2018-08-30 00:00:00
0a881bec2e3ae03ba47a8d04d5dfc450,88723f3ea83df04c26dd60644da2dd6b,delivered,2018-08-12 17:48:03,2018-08-12 18:04:31,2018-08-13 16:17:00,2018-08-15 18:06:51,2018-08-17 00:00:00
b511f786475cb429361d4d269c1bbef9,1da2620e2c9b0badca933d988c22e79a,delivered,2018-08-12 21:58:25,2018-08-12 22:10:11,2018-08-14 11:24:00,2018-08-22 00:57:42,2018-09-04 00:00:00
67e2b633b65efc08fed5fb68e325761b,bbeef4c749841c05d99c16fbc63a89ea,delivered,2018-08-12 23:05:02,2018-08-13 23:04:10,2018-08-16 13:00:00,2018-08-23 23:32:43,2018-08-30 00:00:00
dd24afdeaec4b19f1252b69021aa4ab8,b9bd73f728d683f7c204786409f411ca,delivered,2018-08-13 01:18:39,2018-08-13 01:30:16,2018-08-14 14:26:00,2018-08-16 15:41:44,2018-08-20 00:00:00
b14970227d9071f5930ab1774bc471dd,f571c1233e373065899833efd71ad0ad,delivered,2018-08-13 07:44:15,2018-08-13 07:55:16,2018-08-13 16:09:00,2018-08-14 13:31:10,2018-08-16 00:00:00
1a5800523e4a42619420e13b49c522b6,ec9ca22307897a31bb0635c4811cf672,delivered,2018-08-13 09:38:37,2018-08-13 09:50:19,2018-08-13 15:26:00,2018-08-24 20:58:30,2018-08-29 00:00:00
3b2639c14a48df0a716ce3bb0c9c6735,81d88de363d7b38da09c6600a7993d7f,delivered,2018-08-13 12:04:39,2018-08-14 12:24:01,2018-08-14 11:51:00,2018-08-24 17:11:58,2018-09-04 00:00:00
ca56cc083a7aeed15fdfd437874cd0e3,87e60e619ad3ef385afa955728751bf9,delivered,2018-08-13 17:36:48,2018-08-13 17:50:24,2018-08-17 07:27:00,2018-08-21 21:44:57,2018-09-04 00:00:00
836f9b5adb4fe06d8980fb71fa06b691,87ac54f29caef172849cce57d5128967,delivered,2018-08-13 19:30:37,2018-08-13 19:45:16,2018-08-14 06:03:00,2018-08-17 16:44:29,2018-08-30 00:00:00
35c2d3179daf2ef475f47ff2d29c068e,1bbbdd3468f6b74b00350a5b699f0315,delivered,2018-08-13 20:42:30,2018-08-13 20:55:29,2018-08-16 14:11:00,2018-08-20 23:32:10,2018-09-05 00:00:00
13e46245791ac3c971ba82ef45a1a280,e73fdd4cc3f5e747efe34d888c1505cb,delivered,2018-08-13 21:32:54,2018-08-13 21:45:10,2018-08-14 13:31:00,2018-08-21 17:21:25,2018-08-27 00:00:00
4c3a834add3595c42eaefa65d28d6fbe,9d2b760186a269cef1fbac0a2e6e56f7,delivered,2018-08-13 22:17:40,2018-08-14 22:15:13,2018-08-16 15:08:00,2018-08-21 12:02:50,2018-08-27 00:00:00
72bab69c50432c6f94d8b50a5f84b69a,a7c125a0a07b75146167b7f04a7f8e98,delivered,2018-08-13 23:45:05,2018-08-13 23:55:13,2018-08-15 12:11:00,2018-08-17 20:03:08,2018-08-30 00:00:00
36377e52aa9971718dd22913580b7799,be7fd77bf39879f67d00f9f8c433b46d,delivered,2018-08-14 08:38:20,2018-08-14 08:50:16,2018-08-14 13:25:00,2018-08-21 15:38:49,2018-09-06 00:00:00
c9c382f83e175303a797ca7de7240679,a3969268e289143c8a672a9d36942206,delivered,2018-08-14 09:58:16,2018-08-14 10:10:12,2018-08-16 15:18:00,2018-08-21 20:38:39,2018-08-29 00:00:00
05ebeda0c1aefd787e0ddc914af75039,c440fc4fd60fd9083395f183aada6d4c,delivered,2018-08-14 10:07:51,2018-08-14 10:24:42,2018-08-16 13:14:00,2018-08-22 17:09:05,2018-08-31 00:00:00
f7a8ec3f633e448f2e6a8e76622eeb9f,34a79f5a6da69d0473adf86a8a622f56,delivered,2018-08-14 11:22:55,2018-08-14 11:44:12,2018-08-14 15:02:00,2018-08-27 16:14:34,2018-09-06 00:00:00
71c467da99c1f688a401a10d9ba6814d,0546c71e7b8f6ea44bc1324beefa72ea,delivered,2018-08-14 16:21:35,2018-08-14 16:35:14,2018-08-15 12:53:00,2018-08-23 00:18:28,2018-08-24 00:00:00
dd787ad9c97e5504d6ea0bd294906902,c4f27e4018dec8c1bb82c0e2ce63d47e,delivered,2018-08-14 17:02:40,2018-08-14 17:15:32,2018-08-31 15:09:00,2018-09-05 22:22:01,2018-08-29 00:00:00
f81e71dd7c044a9ee7c1d6e37d68d64f,953f71324f3a770118c88a42363655b2,canceled,2018-08-15 08:34:42,,,,2018-09-12 00:00:00
78275af5c9a2f3d0e1d19f9f4bc62922,99182e080513861b4cd1c88dae4c020c,delivered,2018-08-15 10:31:34,2018-08-15 10:55:21,2018-08-20 14:25:00,2018-08-21 14:38:56,2018-08-23 00:00:00
b178d37bc8cf0346e18f4ebeff294dcc,dcc0611ff5be7beee83892383507927a,delivered,2018-08-15 18:14:08,2018-08-17 03:31:14,2018-08-17 14:51:00,2018-08-28 18:51:21,2018-08-31 00:00:00
4c0b7cef000c9351cd7f160ad283a0f8,a4f81e9b7951f9295bc9286fbd48f7cf,delivered,2018-08-15 21:01:07,2018-08-16 03:25:14,2018-08-16 14:12:00,2018-08-17 13:41:30,2018-08-20 00:00:00
5187083897017a7ef1f9992070d898ba,9642a0bb9a77aa2ede0187891ff98976,delivered,2018-08-15 22:18:51,2018-08-16 10:50:21,2018-08-16 14:05:00,2018-08-24 21:38:38,2018-08-30 00:00:00
bfcc7c29cd728eb97a04e55544a978bd,e6a8da622bb70c1d4e4a4380caaf8365,delivered,2018-08-16 09:27:20,2018-08-16 09:43:58,2018-08-23 14:49:00,2018-08-31 05:20:37,2018-09-03 00:00:00
f51c9940410ef77422e4efbca407c161,ceeaae7ee13b40a086d0140281bef2ac,delivered,2018-08-16 11:05:14,2018-08-17 03:30:17,2018-08-17 13:40:00,2018-08-27 13:26:40,2018-09-05 00:00:00
f80896ddec0878ff2475719a8784d53c,502e8addaeba926b9c154da9f3bbbecf,delivered,2018-08-16 15:02:31,2018-08-17 15:09:48,2018-08-20 13:22:00,2018-08-28 22:08:29,2018-09-24 00:00:00
e0e56ee9a26b56fbc06c26bdfd061f2b,219d6f108f8b4383b5e0c1c87510514c,delivered,2018-08-16 15:45:56,2018-08-18 03:09:44,2018-08-21 13:01:00,2018-08-24 21:59:39,2018-08-27 00:00:00
c8e8f8ab00ec5d13a1d93718f5af9e4a,136e5f727307a6bed0a74338d7ee9a3f,delivered,2018-08-16 17:00:18,2018-08-16 17:10:16,2018-08-22 13:47:00,2018-08-27 15:11:11,2018-09-06 00:00:00
5482a1c74b1b5fb1af78a425b7ceabb8,4622254cdb12f6f815e6a8461ae9ddea,delivered,2018-08-16 17:07:25,2018-08-20 14:56:20,2018-08-22 13:11:00,2018-08-30 17:58:52,2018-09-11 00:00:00
358f7c2eece902dd795421e4937f0142,a0c8900e3c9534021c33b400989cbcaf,delivered,2018-08-16 17:57:18,2018-08-16 18:10:28,2018-08-17 14:14:00,2018-08-22 18:03:52,2018-09-03 00:00:00
6a29f292d5b7ce8ed3760e8480da5f55,f01b83934eef46cde6b154916592bb15,delivered,2018-08-16 18:45:12,2018-08-17 18:49:53,2018-08-21 14:20:00,2018-08-28 10:05:22,2018-09-06 00:00:00
7d8cd4ac1b0c3a31fddc3198d69fc133,cdb5bda2e2203d57f2880dac0d661f43,delivered,2018-08-16 22:38:58,2018-08-17 09:29:41,2018-08-23 13:31:00,2018-08-28 15:16:38,2018-09-14 00:00:00
8734de190473a38f024d7d620012510b,93f981296c84d4bb5e58924a81e11e0b,delivered,2018-08-16 23:47:07,2018-08-16 23:55:14,2018-08-17 14:02:00,2018-08-21 14:20:38,2018-08-28 00:00:00
2a5fb538dd11c749a13dd935a06a7c39,555d18cdb92307f6fc7046a3579bc675,delivered,2018-08-16 23:53:09,2018-08-18 02:50:29,2018-08-20 12:28:00,2018-08-24 23:18:48,2018-08-29 00:00:00
2193f5bb6c9f9d32aa596cda03c6aa03,7ef663a8207160332584b183b6cdd739,delivered,2018-08-17 11:52:18,2018-08-17 12:09:46,2018-08-17 19:37:00,2018-08-20 16:42:28,2018-08-22 00:00:00
7feef5128350d0b84c9b26309b475e8c,9bfc8eb502450374e1c3a5989a0b7174,delivered,2018-08-17 13:09:12,2018-08-17 19:10:40,2018-08-20 14:20:00,2018-08-24 20:56:28,2018-08-30 00:00:00
0745fd0c5e5bd55f752798a152b1d04b,c24fc4f24d2c6bd64d612774f52d6a97,delivered,2018-08-17 15:45:42,2018-08-21 04:30:19,2018-08-21 14:53:00,2018-08-30 16:08:27,2018-09-19 00:00:00
aab255ef2ea7066420316c7ae7094fe2,9b21003409394a234def7b16a139b70f,delivered,2018-08-17 18:47:21,2018-08-17 19:10:26,2018-08-20 11:24:00,2018-08-21 14:44:46,2018-08-23 00:00:00
15008182975b6283817426f03e9f79a7,9203fb0fa970d00bb279ae3265dac0bc,delivered,2018-08-17 22:29:33,2018-08-17 22:49:38,2018-08-20 14:41:00,2018-08-24 16:08:49,2018-09-19 00:00:00
c6df71a18bb2d9e7d88ee3e4d7080982,b5cfb32c2e07f8782e9c3d5e9e18918b,delivered,2018-08-17 23:22:33,2018-08-20 10:55:23,2018-08-29 13:44:00,2018-08-30 21:16:31,2018-09-04 00:00:00
d7ae451c4d63fe188ba2e8787a3852bc,14926af09825dc08d4d15878f3c545bd,delivered,2018-08-18 12:01:39,2018-08-18 12:11:05,2018-08-22 12:33:00,2018-08-23 20:28:52,2018-08-27 00:00:00
4a8493d781a65dfb623103a5dedf44fa,d721d37c2317b409cf35b0de1fd9438b,delivered,2018-08-18 22:35:15,2018-08-21 04:55:37,2018-08-22 08:25:00,2018-08-29 14:21:54,2018-09-11 00:00:00
2c039eca196d1a548fd739e82713a1b1,211edf902a95b6f72c38ea7d669911d9,delivered,2018-08-19 11:28:18,2018-08-20 12:15:33,2018-08-21 12:36:00,2018-08-23 18:41:51,2018-08-31 00:00:00
d8be7210368c4e44be491b1e395b293e,9a60d8600530488c1d7baada5a3658d8,delivered,2018-08-19 18:03:24,2018-08-20 12:50:44,2018-08-20 15:55:00,2018-08-24 20:08:45,2018-09-03 00:00:00
9d3da55bc185ccdbeccac8824c7330ae,991158e376be091fdccc2d9ffe663968,delivered,2018-08-20 01:09:22,2018-08-20 14:32:57,2018-08-21 14:12:00,2018-08-27 17:58:26,2018-08-24 00:00:00
3b2c1076db50e3fbc99981ae5ca1e6aa,303fb7551f5f1e31c71dc4a84e202375,delivered,2018-08-20 16:27:48,2018-08-20 16:50:01,2018-08-21 14:35:00,2018-08-27 15:12:35,2018-08-28 00:00:00
e2cdcd4c94e29518c33449c5afe27583,98ce198be4b03c0a9057329b3d3c3035,delivered,2018-08-20 19:38:19,2018-08-20 19:50:41,2018-08-21 14:14:00,2018-08-28 01:39:35,2018-09-04 00:00:00
0c4af986e0aaede577f05163c1ee5911,b825c71fecd094d9809cf05cfa80eb37,delivered,2018-08-20 21:51:20,2018-08-20 22:10:23,2018-08-22 08:42:00,2018-08-24 20:04:51,2018-09-04 00:00:00
b69bd58058e7fc58b745d22ad1c62eb6,10bdb4d046daa3102b2a3336b8ac6626,delivered,2018-08-21 10:00:51,2018-08-22 03:45:15,2018-08-22 13:11:00,2018-08-27 20:45:41,2018-10-05 00:00:00
0fb9645c128ac84788798f0129496ca7,80a4c819314e5ff01e66ba8780857b4e,canceled,2018-08-21 10:15:51,,,,2018-09-04 00:00:00
db048ddab46bdb6a29c27f08073e29b2,89130e32fe11dc4bceeae5136bcb3a2e,delivered,2018-08-21 11:11:03,2018-08-21 11:31:19,2018-08-24 13:36:00,2018-08-25 11:37:49,2018-08-29 00:00:00
7a892f60ab55f0706eb2386da59a4849,44c20ee7bb9efb350b8031c272a030a6,delivered,2018-08-21 12:11:17,2018-08-21 12:30:42,2018-08-22 12:58:00,2018-08-27 22:03:29,2018-09-05 00:00:00
2bf9fdd42a3609f2c440bec186b10ff7,f257e9cbaee084fabf915bb3eef2404c,delivered,2018-08-21 14:30:46,2018-08-21 14:50:03,2018-08-22 14:00:00,2018-08-27 17:22:45,2018-09-21 00:00:00
f162504b437717036cc81bdd9a02c4ba,f45dc44959f8086d22e2d52553f15f57,delivered,2018-08-21 14:42:00,2018-08-21 14:55:10,2018-08-22 14:26:00,2018-08-30 13:37:38,2018-10-03 00:00:00
b2a25b6f671017afa5190546ca5b89e9,1520225ce891e1d6768c68b12052d208,delivered,2018-08-21 14:52:52,2018-08-21 15:10:43,2018-08-22 14:28:00,2018-08-23 21:44:39,2018-08-27 00:00:00
f01221bdbf37c9c792b4cc3e78dc5dc8,589dfc0372826753089617cbd63265e2,delivered,2018-08-21 16:12:34,2018-08-21 16:30:46,2018-08-22 12:07:00,2018-08-27 18:54:49,2018-08-31 00:00:00
dfc5bd74d2e77292cdd66e032ac3cae2,609eaf3a9736c26e1956c125c5cda487,delivered,2018-08-21 17:43:47,2018-08-21 17:55:19,2018-08-22 14:10:00,2018-08-27 22:28:46,2018-09-05 00:00:00
2fc59b5605bf0cfc03638cb2cca26b16,fac64b6875bc7840442069be52752e14,delivered,2018-08-21 18:24:35,2018-08-21 18:35:27,2018-08-22 13:09:00,2018-08-24 21:51:58,2018-08-29 00:00:00
79f9a48657445e95909801ea6a7e44a3,9be56b2c15bdf5ad08472fe9a4d77938,delivered,2018-08-22 10:38:51,2018-08-23 19:31:40,2018-08-24 14:46:00,2018-08-25 12:18:33,2018-08-30 00:00:00
0e1670a6f68c72266681ed85b4e4f73a,d3bd738261705a7ca540dad36d95623c,delivered,2018-08-22 11:05:15,2018-08-22 11:24:34,2018-08-22 13:16:00,2018-08-28 02:14:48,2018-09-10 00:00:00
02036bc298ab3c1efc98b116f420d646,1b0555269127c13e727a1f3cb545faf2,delivered,2018-08-23 06:32:15,2018-08-23 06:45:07,2018-08-23 12:28:00,2018-08-27 23:26:29,2018-09-10 00:00:00
91bb03327725cc7058e5890bc6afda69,b68c49b9c29f5a6aa75b3c0cb741af32,delivered,2018-08-23 12:47:56,2018-08-23 13:05:06,2018-08-24 09:16:00,2018-08-29 18:31:24,2018-09-04 00:00:00
bec3652605143e5f7e0265d993793eba,d1f3606bb1135de704d89880f90cc675,delivered,2018-08-23 12:49:42,2018-08-23 13:24:57,2018-08-23 13:05:00,2018-08-28 17:36:54,2018-09-04 00:00:00
ceebdce96388304b96726edf9115e1f3,391d2acf2981defd7dd6eb8d1f66aa36,delivered,2018-08-23 19:14:36,2018-08-23 19:25:13,2018-08-27 14:56:00,2018-08-30 22:38:55,2018-09-06 00:00:00
3a94d54e3301d9e4da748ee3766e0585,b470a81d390fcf882cf81afe227a8d6f,delivered,2018-08-24 00:35:51,2018-08-24 01:05:16,2018-08-24 13:24:00,2018-08-29 15:38:41,2018-09-12 00:00:00
b095ce1bfaa02fb7b9e58c39b30c4ae3,ad55d9bcb0f228522867e22a73cbb7ec,delivered,2018-08-24 12:02:28,2018-08-24 12:15:15,2018-08-27 11:14:00,2018-08-30 19:59:29,2018-09-13 00:00:00
bc60b588a732fb42a8145a501c6a61d2,d71c6edfaf2850bafce5d8a655d34413,delivered,2018-08-24 14:09:35,2018-08-24 14:24:32,2018-08-27 11:14:00,2018-08-29 02:54:50,2018-09-10 00:00:00
790e0b2139af1d5c7719c82db89f56d1,6d05f45a66bd81b14e17504d8c64f14c,delivered,2018-08-24 19:08:03,2018-08-24 19:24:23,2018-08-27 10:42:00,2018-08-28 20:32:25,2018-09-26 00:00:00
aee59dfc7dd589a60400818c624a6f91,45b209938dccf191d33989996400173f,delivered,2018-08-25 00:59:40,2018-08-25 01:10:11,2018-08-27 14:36:00,2018-08-28 21:52:42,2018-09-04 00:00:00
748db62700c925a0db2c4b00ee25849c,d065739818d474d19dfdb51d54c0a1e9,delivered,2018-08-25 11:24:40,2018-08-25 11:35:18,2018-08-27 14:41:00,2018-08-30 14:08:32,2018-09-05 00:00:00
ad8ba259cbff3b36ec0a6c88e0d78443,a4ec438b6110111c8f8dce1e01866c66,delivered,2018-08-25 11:43:42,2018-08-25 11:55:18,2018-08-27 11:46:00,2018-08-30 19:04:47,2018-09-19 00:00:00
49626271ea0fa255a99b34978f50ae68,def4d98085d84e247e9d57847e3b1423,delivered,2018-08-25 20:27:21,2018-08-25 20:35:17,2018-08-27 15:02:00,2018-08-29 17:58:32,2018-09-05 00:00:00
f7a0b8c521ea81bf3536ad4ef99fd376,faef2f2f4a3880d56b17a30c8aa683ce,delivered,2018-08-26 10:08:49,2018-08-26 10:24:05,2018-08-27 14:59:00,2018-08-28 20:41:49,2018-08-30 00:00:00
f53fa17609006c9c6669b5371ce08044,3654b6ccbba27cc2fc3fc52ac93ba937,delivered,2018-08-26 20:58:26,2018-08-26 21:10:28,2018-08-27 15:14:00,2018-08-29 20:32:21,2018-09-04 00:00:00
427fb603381c1e7a4b224eac2a5acb29,3f27dab6f20dfabd52490c042b6a517b,delivered,2018-08-27 12:11:07,2018-08-27 12:25:11,2018-08-28 11:54:00,2018-08-30 11:21:53,2018-09-06 00:00:00
a73d469a8747dea1740e9545d1051002,fa5e5ede73e8f02fe888b6f3bd44a714,delivered,2018-08-27 12:41:49,2018-08-27 13:15:50,2018-08-28 15:07:00,2018-08-30 22:24:46,2018-09-10 00:00:00
a5ee139d1586d2d22c21ce7048e1d36d,7501487f2c74cc52064641b5793bbf4e,delivered,2018-08-27 15:15:03,2018-08-27 15:30:24,2018-08-28 18:04:00,2018-08-29 16:28:39,2018-08-31 00:00:00
e91a3bc14b8d125d82f0334371c39926,befe184e4eb181470e6063a1a368a093,delivered,2018-08-27 17:01:43,2018-08-27 17:10:27,2018-08-28 14:56:00,2018-08-29 20:04:52,2018-08-31 00:00:00
0c1f1a0595fb30e05d526ab83576cd24,e350a18244c16257e0bac342c17e3d1a,delivered,2018-08-28 09:18:03,2018-08-28 09:30:39,2018-08-28 15:43:00,2018-08-30 17:32:25,2018-09-03 00:00:00
18995da0f41134f344ebeb2e97965d2d,feb2fb674b5b45151ac0b7a79694650a,delivered,2018-08-28 11:51:45,2018-08-28 12:05:21,2018-08-28 14:35:00,2018-08-29 15:54:46,2018-09-03 00:00:00
54282e97f61c23b78330c15b154c867d,4b7decb9b58e2569548b8b4c8e20e8d7,shipped,2018-09-03 09:06:57,2018-09-03 17:40:06,2018-09-04 15:25:00,,2018-09-06 00:00:00
4637ca194b6387e2d538dc89b124b0ee,a73c1f73f5772cf801434bf984b0b1a7,canceled,2018-09-03 14:14:25,,,,2018-09-10 00:00:00
0d3adebce4bebc1f80a7f36e9833f497,a7c87c25dbdded68c26c640582cb5ddb,canceled,2018-09-03 18:40:50,,,,2018-10-02 00:00:00
cfdfd7862e532c4ec1ed1c6a1b56d320,0ab5ac09913dfd3f247c7929a3799799,canceled,2018-09-03 18:45:34,,,,2018-09-14 00:00:00
afb61112fb99b07fe17e591c68c0c84c,36b182c39933d55e307096ccc3fd2970,canceled,2018-09-06 10:48:12,,,,2018-09-19 00:00:00
4d59cc2a2e7bb6c0a851725f5888a9b5,ead83a4f8f7be8c3034b2e98754a6147,canceled,2018-09-06 14:50:07,,,,2018-09-21 00:00:00
a89abace0dcc01eeb267a9660b5ac126,2f0524a7b1b3845a1a57fcf3910c4333,canceled,2018-09-06 18:45:47,,,,2018-09-27 00:00:00
21a00b08cbeb5716bbb66105e3dbd850,002b5342c72978cf0aba6aae1f5d5293,canceled,2018-09-10 17:51:25,,,,2018-09-20 00:00:00
87ae60ef8b08ae0e5f903cacb53a6904,fea4d57ed3a45455f89c25ef3dae8ee8,canceled,2018-09-11 16:45:54,,,,2018-09-26 00:00:00
1ad22e16129698e1a3cc11e4350d2cb7,d6441eef3f37c3edb0d5634c3c85120b,canceled,2018-09-12 15:32:16,,,,2018-09-26 00:00:00
ea844c92cf978ea23321fa7fe5871761,6ddc45ad08e6a2c885ca2255fc52d6df,canceled,2018-09-13 09:56:12,,,,2018-09-27 00:00:00
bd35b677fd239386e9861d11ae98ab56,ad2eb5d02c0808bcd8743117f6383cf6,canceled,2018-09-17 17:21:16,,,,2018-10-01 00:00:00
ed3efbd3a87bea76c2812c66a0b32219,191984a8ba4cbb2145acb4fe35b69664,canceled,2018-09-20 13:54:16,,,,2018-10-17 00:00:00
5aac76cf7b07dd06fa4d50bf461d2f40,7a8a02e54cf3472df427e927f8b9c046,canceled,2018-09-25 11:59:18,,,,2018-10-11 00:00:00
869997fbe01f39d184956b5c6bccfdbe,55c9dad94ec1a2ba57998bdb376c230a,canceled,2018-09-26 08:40:15,,,,2018-10-25 00:00:00
392ed9afd714e3c74767d0c4d3e3f477,2823ffda607a2316375088e0d00005ec,canceled,2018-09-29 09:13:03,,,,2018-10-15 00:00:00
616fa7d4871b87832197b2a137a115d2,bf6181a85bbb4115736c0a8db1a53be3,canceled,2018-10-01 15:30:09,,,,2018-10-23 00:00:00
a2ac6dad85cf8af5b0afb510a240fe8c,4c2ec60c29d10c34bd49cb88aa85cfc4,canceled,2018-10-03 18:55:29,,,,2018-10-16 00:00:00
b059ee4de278302d550a3035c4cdb740,856336203359aa6a61bf3826f7d84c49,canceled,2018-10-16 20:16:02,,,,2018-11-12 00:00:00
10a045cdf6a5650c21e9cfeb60384c16,a4b417188addbc05b26b72d5e44837a1,canceled,2018-10-17 17:30:18,,,,2018-10-30 00:00:00
