order_id,payment_sequential,payment_type,payment_installments,payment_value
00042b26cf59d7ce69dfabb4e55b4fd9,1,credit_card,3,218.04
000e63d38ae8c00bbcb5a30573b99628,1,credit_card,1,56.78
003d804eef0e1b856881cd18e0cc0d4c,1,credit_card,3,312.74
0046e1d57f4c07c8c92ab26be8c3dfc0,1,credit_card,1,15.57
0049edf42837aa808e03552a62bd2158,1,credit_card,1,67.5
004ca5ae248069d68e8594df8abf6ce0,1,credit_card,4,221.08
006127b8b9a1681a982313ed7129c3c0,1,boleto,1,556.22
0068c109948b9a1dfb8530d1978acef3,1,boleto,1,103.38
00750f68bb64537034e93554c64b41b5,1,credit_card,4,137.16
010b0f6bd323a9effd095a743e660f26,1,credit_card,3,36.71
011105c3b5b8693eda1bfb1f152cec2a,1,credit_card,5,251.59
011bf86f1b7dacebda2c874333cf656b,1,credit_card,10,108.64
012eab2625c5f8aaac6f37f2c19ef62f,1,credit_card,6,97.22
0136bcc7370d7fdf44bd916a6dd583c6,1,credit_card,1,46.31
0159b449009b3f8748ed7c56e9d84afe,1,credit_card,2,23.78
0159c6355a4e32f6ac68d838e2228150,1,credit_card,15,242.11
0168a7f186c1f066748d15d8c51f489a,1,boleto,1,158.2
016d1bdf6efab4f6b805df1c03043113,1,credit_card,6,71.05
019886de8f385a39b75bedbb726fd4ef,1,credit_card,2,188.4
0199edc5b01351df8e73a674aa473ee7,1,boleto,1,101.0
01b02139ac5f79a5de2c56284af7bb3e,1,boleto,1,148.51
01c18108db50c163daf7dfe461093fb7,1,credit_card,1,127.92
02036bc298ab3c1efc98b116f420d646,1,credit_card,2,42.97
021d0261c214591da7db51193c9aeb29,1,credit_card,10,188.94
0221d784b11a24077b3531e860b73434,1,credit_card,1,49.63
02701a0103fedd7310a8d575f9a8d291,1,boleto,1,190.75
029863af4b968de1e5d6a82782e662f5,1,credit_card,4,41.09
02c8a77069dc7fd1cf273312c3a6e499,1,credit_card,7,295.54
02d0cd05f04ab2e3c1acc473b0abc865,1,credit_card,3,56.4
02d0cd05f04ab2e3c1acc473b0abc865,2,credit_card,2,29.64
02dade411839b1c334363dc9058e1124,1,credit_card,2,231.39
02f8584bbcb3aeae87d8e697737fb5b1,1,credit_card,5,106.07
030c39b681ff2f80d984e9190524a029,1,credit_card,6,64.03
032445a7ba9d6dc90dfc011a48e5c954,1,boleto,1,142.31
03344155603005842bd94ce8d65f2607,1,credit_card,6,148.33
036ea72a17833a6fbbcd3e4df8250292,1,credit_card,1,85.14
0372d2e3d0ac2600aa8e08e6c46cb7dc,1,credit_card,4,76.65
037ded3ba29ebe9a96acb1177cc52b51,1,boleto,1,61.75
038297c93a230b204ceeca7e2720b464,1,boleto,1,44.09
03be2f620301ed720f761e04f00270d4,1,credit_card,1,158.37
03c1d25d82f404ea1fdfae8eb0b4c314,1,credit_card,1,117.04
03dd7d68a345c4fb5061f35f29ad959a,1,credit_card,1,55.0
041082480b107a1303236e0c21b8bcd5,1,credit_card,4,216.06
04211073930bd30b88b8170431a071ed,1,boleto,1,34.0
043e7f7cfe1fdc68f4ba3dc83504db83,1,credit_card,2,140.03
045fb730a757a5379d79bdbc42d4e84b,1,boleto,1,48.48
048d699adf41881d80ac3ed5f632a3aa,1,credit_card,1,186.79
04948f70a0acaf8f9bcbc5602c4a7a47,1,credit_card,8,346.96
04a2b4ee7fcf9fa8bf25b8d5bc770152,1,credit_card,10,192.15
04b2afb6447774881079872788d97883,1,credit_card,5,53.59
04b8c60eb3cceaecde917716daa30bde,1,credit_card,1,16.75
04b8c60eb3cceaecde917716daa30bde,2,voucher,1,61.05
04d93c61c57f9d6d4886adce5a64a9b0,1,credit_card,1,147.06
04d95724f8e595ca13c0806541d39973,1,credit_card,10,138.28
04e289ce03d58b279959796d73dee219,1,credit_card,1,47.0
050db8a61ea366db684e7d127082b5da,1,credit_card,2,102.03
05426618bfbb87e04fdd3a60a5bfef38,1,credit_card,7,385.74
054316a4a3afc149108b6b1431d11274,1,credit_card,1,54.0
05a4879e7e161809c8bf4d8171b0c670,1,credit_card,3,147.16
05b7ab671d6b51e0b44ea73a54d9f739,1,credit_card,6,437.19
05cb67bde9e73ef4ed72519d1497e006,1,credit_card,2,308.45
05d27719c66597da0628a53f6009ed67,1,credit_card,5,254.76
05ebeda0c1aefd787e0ddc914af75039,1,credit_card,5,407.68
0606297cba03ae6663495514f5bdae0d,1,credit_card,1,55.07
061bf20146d98ef4698d0324dc4392db,1,credit_card,2,58.13
061f2692f309a270bc04537e0a2508bb,1,credit_card,8,102.23
06263a9c3476eea0ca0fd70081bc7cda,1,credit_card,3,166.58
062b1b23a7928be5abeb406e5889e08e,1,boleto,1,508.38
062ce984a468dfa021e43bdf17ae158c,1,voucher,1,115.23
062ce984a468dfa021e43bdf17ae158c,2,voucher,1,17.53
0653cf037de0812e8ba775b4a0ea9c2f,1,credit_card,4,97.71
06970f3ad11e6267192d7d98af40a8f5,1,credit_card,5,104.37
06a6627d9cc91a04e9d146bf65fee0a2,1,credit_card,1,113.62
06b29dbcb820a53c15525933a91ada27,1,credit_card,1,110.69
06b2c7035561ef12b16045ef4bf459e2,1,credit_card,6,68.02
06b7df1d1d3dd3e36628fc7078908592,1,credit_card,2,200.63
06c4d1be000d2b0d30d56ff06dab667d,1,credit_card,3,31.43
06c94a45382f44abb2968a87bcee9bcf,1,credit_card,1,137.6
06eda05597492635e3b91e00aa434332,1,boleto,1,216.14
0700a8e0947d76a90800538ff87da453,1,boleto,1,33.23
0713892246596f649555ebebe57a9a7b,1,credit_card,1,103.55
071a4b7cb627e6acfcbde9c7ec233893,1,credit_card,2,66.19
0745fd0c5e5bd55f752798a152b1d04b,1,boleto,1,103.68
076dc4ca874b482e0fed6263b1ff1b5f,1,credit_card,3,39.05
0799a27b55977a0aedea205def0a6297,1,credit_card,2,204.98
07c81434b5f46c9c3eacd48e60d50747,1,boleto,1,32.37
07e74b39ce62a7c6f7063b3168748191,1,voucher,1,136.64
07edcfe51903bc7e23501f6b87f2bc46,1,credit_card,7,205.99
082730bdb06cc2b755fbb33becd6ccec,1,credit_card,1,48.31
08273b57741a2ee2f20725323393b0a2,1,credit_card,1,252.83
085bc46be56c7b3c4d5d805843d02e5e,1,boleto,1,46.01
0866d83668146dad766bf1a583207b19,1,credit_card,2,51.92
08935d5052c6414b1960eb67796d01f5,1,credit_card,4,117.39
08b9d47b3be61595c61eddc50b42ee02,1,boleto,1,219.72
08db2dff56f31598b313e96bd2b04520,1,boleto,1,82.98
08e4ca5f437f69407fb01cabd2d7a0b8,1,credit_card,1,98.22
08e5962f7b156426e52078f8504e9b9e,1,credit_card,3,326.94
09026ebcef956ddfbc9af4af7c46d377,1,credit_card,1,26.53
09026ebcef956ddfbc9af4af7c46d377,2,voucher,1,51.04
0923cc4965fb98b0adcc8a7c6ee32f7c,1,credit_card,10,176.33
0944dd6401b58739dc030557fb149b25,1,debit_card,1,62.0
09476766faf9215ae60de94d7c259801,1,credit_card,3,94.48
096d4376832d3c6a12a5b6815590a657,1,boleto,1,76.9
09729990b5d8f5499917697c409b55cc,1,boleto,1,184.92
0990523dcb57830447203c2e6d8804d0,1,boleto,1,183.95
09ab8a3234b24017600673c296756fdf,1,credit_card,8,323.54
09c29dc1d814f755a8183dc859945531,1,credit_card,6,141.33
09eb1ae749fc79af3f5a2f4481efae6d,1,boleto,1,36.72
0a3c7a080b1152884a662e6da68906e7,1,credit_card,4,40.85
0a44ca66dfa067a69bc92ef82ba68acf,1,credit_card,5,153.36
0a4717812af08b022a25c46f110d881d,1,boleto,1,43.98
0a50b1ae078d9638440048842b7cd5c4,1,credit_card,5,574.7
0a7f55f1119615e9adba581bc94ee02c,1,credit_card,1,24.23
0a881bec2e3ae03ba47a8d04d5dfc450,1,credit_card,2,138.07
0a89bc2ec7e822a78b0cef45518d6217,1,credit_card,8,427.98
0a8f8c393d9dbc5901daf7d157afc427,1,credit_card,1,13.64
0a8f8c393d9dbc5901daf7d157afc427,2,voucher,1,34.45
0ac37dcbb2a733a4d81866a91ff65965,1,credit_card,3,71.35
0acdae809654a2de1235d18a12cf73f3,1,debit_card,1,66.07
0af646de6e8d7191b1020ec0a5defcee,1,credit_card,6,109.68
0afa4eb653f04cb1809253eb3b1f9768,1,credit_card,3,335.46
0b39d78b430d574a6eafefe82c11b4a3,1,credit_card,1,25.0
0b3d6a94ff1d643af663f55ca8418520,1,credit_card,1,121.09
0b46d65f233663a9d675570799f42914,1,credit_card,4,210.28
0b5de0076d26726a10d457e57b93ff25,1,credit_card,5,56.88
0b7b12a402b064d880d3cb31051f6d29,1,credit_card,1,86.83
0c065ce922f289db756e5505cb2d71d7,1,credit_card,1,97.13
0c1426109d8295a688ee4182016bba59,1,credit_card,5,61.11
0c1f1a0595fb30e05d526ab83576cd24,1,credit_card,1,22.29
0c41f512e2783cc1d84227b9afee153d,1,boleto,1,163.83
0c4af986e0aaede577f05163c1ee5911,1,credit_card,5,147.59
0c6829c9d92a6bb545d7bf1734d094c6,1,credit_card,14,146.37
0c6829c9d92a6bb545d7bf1734d094c6,2,voucher,1,8.95
0c6a2732270e3f0f66bd73dbde93b59e,1,credit_card,1,2.14
0c6a2732270e3f0f66bd73dbde93b59e,2,voucher,1,19.24
0c921abc41428f29f1b5d4c52714fe44,1,credit_card,4,43.13
0ccb884361ec00003176dab0ea647f59,1,credit_card,2,133.08
0cdea1c34ce2e9ca670b2e6df1d6c207,1,credit_card,3,70.25
0cee13b4c26d8a1508693a49a3859285,1,credit_card,5,269.28
0cf2af331f55382bd5698864658e73f0,1,boleto,1,72.27
0d05881e40ca056d5ad848217bc92cb1,1,credit_card,3,335.48
0d336209744bc116bc1a7accb463c189,1,credit_card,4,208.01
0d3adebce4bebc1f80a7f36e9833f497,1,voucher,1,94.63
0d4429188b4311015ad2b6b091cc5f9c,1,credit_card,1,38.17
0d6fee6350875c4d645f6490e7f3ee5b,1,credit_card,1,44.38
0d8a7787ec26d5fb6e97f946e95e2c89,1,credit_card,1,58.71
0d8b3fb610ae4ac24891052ed60e8a2a,1,boleto,1,107.8
0d9664d8da1dc4337269071b39e19423,1,credit_card,2,267.49
0dbd48af8e89b595eec029357764af2b,1,credit_card,10,454.76
0dd85c67684153e61d0c14bf865103da,1,voucher,1,111.1
0dfb6682877b58ca5105919c6cd2b741,1,credit_card,1,58.09
0dfc5762a0ff5c737811e18023883a86,1,credit_card,7,77.84
0e1670a6f68c72266681ed85b4e4f73a,1,credit_card,1,60.41
0e33e4ed66579e92794c46a5232e51dd,1,boleto,1,44.0
0e3743eb1b447eb4747eaafc9221fb41,1,credit_card,4,173.52
0e3ec3c17b64c6cc7bc01bba21e7afdf,1,credit_card,5,119.48
0e3ec3c17b64c6cc7bc01bba21e7afdf,2,voucher,1,25.84
0e577169a545cf287894094d0146feba,1,boleto,1,55.0
0e5c4fff98e1b7885f4ce7e7e13e37f1,1,boleto,1,102.72
0e66712947a6d0ae935240a304775a17,1,credit_card,2,200.16
0ebe7b603e2e4b83d9adf9f169585f0d,1,credit_card,1,19.35
0ee0bf166bf18f991a111ecfe817c951,1,credit_card,6,761.82
0ee38d8cb24b76282ac30b971bc020ba,1,credit_card,10,167.2
0f0dcff95d53d151facf1af7575432cb,1,credit_card,3,149.31
0f286dcb49da58061b9ae488027e4033,1,credit_card,1,7.68
0f286dcb49da58061b9ae488027e4033,2,voucher,1,50.0
0f30693cac68f8597594c35a1dc38a8e,1,credit_card,1,83.13
0f32b97a3ceaa816f0ffa6af3ca4e0d6,1,credit_card,5,1192.04
0f43f4cfe3c1717621349b811d2a85c1,1,boleto,1,52.54
0f7f5047fb2535359f03240b1697085a,1,credit_card,1,48.7
0f7f5047fb2535359f03240b1697085a,2,voucher,1,50.0
0fb9645c128ac84788798f0129496ca7,1,voucher,1,66.47
0ffc72fbf456655a67de48c1bd094594,1,credit_card,1,72.76
1017e188d93cee2c3292c71a98dbec38,1,credit_card,5,67.62
1017e188d93cee2c3292c71a98dbec38,2,credit_card,5,97.46
104d1e3a6ba2bf9d8856a54af9c6c681,1,credit_card,5,53.98
10516d5059a1ebd2841eafd0124d43ba,1,credit_card,2,128.26
1057bf6391c17f9b6960dd996029e1dc,1,credit_card,1,0.33
1057bf6391c17f9b6960dd996029e1dc,2,voucher,1,18.12
1057bf6391c17f9b6960dd996029e1dc,3,voucher,1,29.43
1057bf6391c17f9b6960dd996029e1dc,4,voucher,1,33.46
1057bf6391c17f9b6960dd996029e1dc,5,voucher,1,24.22
1057bf6391c17f9b6960dd996029e1dc,6,voucher,1,14.96
1057bf6391c17f9b6960dd996029e1dc,7,voucher,1,20.54
1057bf6391c17f9b6960dd996029e1dc,8,voucher,1,9.46
1057bf6391c17f9b6960dd996029e1dc,9,voucher,1,16.15
106dccd8cf01a9d15921ba6b3028a09d,1,credit_card,1,57.68
107c4b8b68f41c60258f21df32424c83,1,credit_card,4,99.9
1093c8304c7a003280dd34598194913d,1,credit_card,3,36.01
10a045cdf6a5650c21e9cfeb60384c16,1,voucher,1,89.71
10c7b16de7ade26ab82b8d6a42017e1e,1,credit_card,10,168.61
10cba0be7bc27288b512d87a719b97e5,1,credit_card,1,0.22
10cba0be7bc27288b512d87a719b97e5,2,voucher,1,23.79
10d1e90a86d2be981a52b6a927c97dc5,1,credit_card,2,467.2
10f19649ff10ef887aee3d8d536f5da1,1,credit_card,10,546.45
110d11411569c88d2745d55180027f3e,1,credit_card,3,70.74
113e0c165fdf93f9e1017dae01292548,1,credit_card,3,68.87
114b047e7bac7728e93bdf39f7031875,1,credit_card,2,123.18
115778b69ef3f8bece387ae594bcecba,1,credit_card,4,111.19
116665b63c365f63f79ab891a4a88cfd,1,credit_card,3,134.0
1166c0cee90e165a1b3cf275339be6cc,1,boleto,1,108.88
118b09c1cf1b29c8401cb7833d29c10a,1,credit_card,3,223.12
1190543041e25468b0370ddae215f01d,1,credit_card,1,87.43
11913ca0eb4a5aaedf1c5fcb3a69899a,1,credit_card,8,551.96
119e67c344bd250bb9d6a6f1028fd678,1,boleto,1,100.34
11a132c691ba6602d0cad2e1eea1bc14,1,credit_card,3,206.08
11a239a4801f822c98f826b625fc9baa,1,credit_card,2,117.85
11a9b7e0a0da34849647a487b13ef821,1,credit_card,2,67.02
11cf686bd51e6060001abd7c3eb9b05c,1,credit_card,2,175.56
121bf0ddd1c3d94dd344d3f0e81de607,1,boleto,1,262.1
121e29055e551edf515b58477ca53c39,1,credit_card,1,135.0
122d77201f2281c9420f54d73240b310,1,credit_card,3,80.73
123e27a1a4d0b2481d8618ac3dff7d4e,1,credit_card,10,221.84
125976e5bb61accc5b6c27bc74f08d49,1,credit_card,6,133.6
125f791fad1cb7d8545189f70f1be885,1,credit_card,1,87.1
1261388c490047bbb0ea823f9b75cc29,1,credit_card,2,121.62
12764e11143d316ea2257118daa2e3bc,1,credit_card,1,27.29
127ddd8ed5c8c31ad7d8f4c54d58997c,1,credit_card,2,131.44
127f6cc9849c481c4f0daf043a91a129,1,credit_card,1,517.72
129752a77c2cbf91fc9892660f83dc79,1,credit_card,10,225.79
12aab7cb25bc6ae86c66cb3e7dc35a76,1,credit_card,10,546.65
12aef789cfc998f5f44ddf27c24e354d,1,credit_card,3,138.24
12c281ebecb5a750bfb59174f5660243,1,credit_card,5,177.55
12fb2d2b590f7359e3b473456bd1ca87,1,credit_card,1,236.7
130654953b9f4e7e9f1bd08b1b882bf4,1,boleto,1,189.19
1308401e91987ef9e69d495e612e7919,1,credit_card,10,235.9
131b770dae46d4fbf6e9a62a1b177ed1,1,credit_card,1,82.42
137d0174b6161980026a858b907762fc,1,boleto,1,42.27
137e61abfdecd3bfc15f45999fbe8809,1,credit_card,2,40.09
13bc2aa1a887b018329663498f5e00ab,1,credit_card,2,53.27
13bc2aa1a887b018329663498f5e00ab,2,voucher,1,150.0
13bc2aa1a887b018329663498f5e00ab,3,voucher,1,150.0
13d341318c77969f10d77e1382957542,1,boleto,1,38.86
13e46245791ac3c971ba82ef45a1a280,1,credit_card,3,58.37
141b860df8159c748ea4d24301992689,1,boleto,1,48.83
1434f15909999c1562d1c4a24a4409cc,1,credit_card,4,84.23
143a9d75c62a9bc296541b7318f8a8bf,1,credit_card,2,45.01
144e2a5f3cce02b2f4678bb2bd5107d7,1,boleto,1,109.9
148988b3acaa4d165fe1b3cfeff74a1f,1,credit_card,1,77.09
14b01335f19b97fce1437168032ae388,1,credit_card,3,162.39
14d1d66db4507c974f85b272b16a2e6d,1,credit_card,3,36.76
14def5e6b6021ae117c181c039258033,1,credit_card,8,180.46
15008182975b6283817426f03e9f79a7,1,credit_card,3,244.29
15044169648e6a6e9b1ffe21405b6391,1,boleto,1,373.3
151a3f0bc95fa85152c33fb906012832,1,credit_card,1,134.48
156168da8a5dcb5224afcebe8b0a9c88,1,credit_card,1,57.68
15775cbae05fe929de188870848e4129,1,credit_card,6,71.85
1593ad9516af3ed6b4bfa1769d77f0b0,1,credit_card,10,743.56
15b5cb72b88eef3759d55a8d7cbf0a6c,1,credit_card,1,195.63
15e0c6109167c1c2789e0bc78ddaa70a,1,credit_card,6,204.81
15f8e1e2abf48b0c5161b2f0110ba6eb,1,boleto,1,152.94
1600c77ccd20164d6da4e2285d3ced92,1,credit_card,7,76.7
1600c77ccd20164d6da4e2285d3ced92,2,voucher,1,36.75
1610bbd775aa73327d7741d006c09fb2,1,credit_card,8,86.85
1612081119e8f23745698ad3367cc14b,1,credit_card,5,117.48
161b62294734a5b8c35890b6a607c7d8,1,credit_card,1,108.21
161dded9453a3c4d5b6fd484128249a3,1,credit_card,2,213.33
1643b03ca11567c439096a981a2dc14c,1,credit_card,1,68.87
16816559da5727e021514080413bf96d,1,credit_card,2,82.99
169d7e0fd71d624d306f132acd791cbe,1,credit_card,1,98.33
16aaefde5d48ac55cb13be6353f9d415,1,credit_card,1,47.52
16d56a02b43b518cd146d842555b22ba,1,credit_card,7,72.43
172eb17b2fa12d49f274ad27404ad1b9,1,credit_card,1,64.1
1751f4e14a08d5188324c3a04175f76f,1,credit_card,1,118.49
175f436110df7b451689d7d969ec64f5,1,credit_card,1,127.53
17660939d5287b04a8f9ecb64c178966,1,credit_card,6,184.59
17741d347806fbe91c72a69918b484ca,1,boleto,1,56.49
17774450f243f686546b04633a04dbdb,1,credit_card,4,666.68
178358411049ad27f877b8964564528a,1,credit_card,1,2.05
178358411049ad27f877b8964564528a,2,voucher,1,12.0
178358411049ad27f877b8964564528a,3,voucher,1,12.0
178358411049ad27f877b8964564528a,4,voucher,1,12.0
178358411049ad27f877b8964564528a,5,voucher,1,12.0
178358411049ad27f877b8964564528a,6,voucher,1,12.0
178358411049ad27f877b8964564528a,7,voucher,1,12.0
178955fdb788182bcd71cb34542b1067,1,boleto,1,67.18
178a419a329f2b4bf50a68f7357f8fce,1,credit_card,1,39.6
17a64f4aa50ee9ab751db1cfb720776f,1,boleto,1,21.77
17e3bdfb40f275e758587eb0df1e7516,1,credit_card,1,32.39
17f6b36b21f52d18d86ad4b667495d03,1,credit_card,1,166.29
181ff95f97fee531c4afa9e882186f18,1,credit_card,1,126.57
18378468bb910957d971170b04dcab36,1,credit_card,1,472.41
183a7d0aaaf6b16afaa897a44424494b,1,credit_card,1,173.53
1857ec1a182661136fe7584592437d51,1,boleto,1,566.63
1870435c92e656773aba0cb7b5a49b26,1,credit_card,4,48.83
1874385b2e1267b83f06520d354ae9fd,1,credit_card,1,27.6
18995da0f41134f344ebeb2e97965d2d,1,credit_card,1,66.03
18a0085788733945772c772b19bceed7,1,credit_card,2,106.9
18af086e1527bd81145db05cf74a0188,1,credit_card,4,40.86
18d03c24d935b80a422c0f6ce80a2457,1,credit_card,4,177.39
192280704cc4c1f82086c55f0622f09b,1,credit_card,8,82.33
1932b344119786d8f945d699f339ee91,1,credit_card,3,180.82
19530a2973e25dffb52a39210f27ebb0,1,credit_card,1,106.77
196750f3a540bf20f0d449337221bd1f,1,credit_card,1,255.44
197b967f01bda6ab29436b91844e5e90,1,credit_card,10,131.82
199303a694a579a221dd258585150f89,1,boleto,1,188.63
199333052066b5ab18aeb76df7c69429,1,boleto,1,47.82
19a88878097106f2e1dc6f056cba940f,1,credit_card,4,112.1
19fe6cd13dca5943f17abd2c37c46abd,1,boleto,1,97.87
1a144214f8799bd9e27e84ab6d55fbbf,1,credit_card,4,87.89
1a17c1925a4d5a18c4880b06b51c2b0f,1,credit_card,5,55.0
1a46043f18f483b119bbeebb563aa77a,1,voucher,1,40.1
1a4d91c156fe4c45c0ae24f67d49dc50,1,boleto,1,656.89
1a5800523e4a42619420e13b49c522b6,1,credit_card,1,164.32
1a8128463da10115b1c21e2f0b7ee4c3,1,credit_card,3,163.68
1a95c6f54a52a5b725f80bdbeac6cfda,1,credit_card,3,94.44
1aabc8c7c8525b6ada34a6a07d88e26d,1,credit_card,2,303.46
1ab55c7db816b2ab39b5b324a22f4251,1,credit_card,1,35.38
1ab69e6a88c55054f55e82b7ea1c9d34,1,credit_card,6,629.27
1ab73bf6573a454e2ea4a88dea0ba430,1,credit_card,10,693.52
1ac0eff2487c84f0181b8204a9bf6124,1,credit_card,2,44.0
1ad22e16129698e1a3cc11e4350d2cb7,1,voucher,1,84.58
1af38227c088980113da10c4e6d925cf,1,credit_card,10,163.69
1af8d93c6e62a97baeb370a572abe758,1,boleto,1,65.17
1b27045ffd0c3cc49c737c6ec7c4756a,1,credit_card,1,628.42
1b2a8a35effe3c031684be53784ac90c,1,credit_card,1,503.86
1b2a8a35effe3c031684be53784ac90c,2,voucher,1,423.96
1b334143e8a49b412fca6260ffb12e76,1,credit_card,3,134.71
1b60d2efd91abb75b6a78ba9041a3f15,1,credit_card,3,36.01
1b73fc583f45c471c55fd8d81945db74,1,credit_card,2,66.99
1b7714170035431aeb7b711f2b09ec1e,1,credit_card,2,133.48
1b797eb66e743460a6dd5afa1ad3c6f6,1,credit_card,3,71.56
1bb0ce15a167cb42d0bc628a99395f66,1,credit_card,6,153.96
1bb74bdf991ecc937ab8901c6b412a24,1,credit_card,5,56.88
1bbd797e11dcb66d689e9b52df1784e9,1,credit_card,5,96.87
1bc50e93f3ab76ab6677faad4dd5216b,1,boleto,1,47.84
1bd0359d89e511c3c49753133e831bb8,1,credit_card,8,82.87
1bd518c15ee16570e9b8c8e29fde9ab6,1,boleto,1,31.7
1bda188949c33f08bbd8a295ecd2c05a,1,credit_card,3,41.75
1bfb96cdc9efb4a52f769d2833d992af,1,boleto,1,40.37
1c2bcfd34cbb64f130a03aeb7c0d6c75,1,credit_card,4,244.38
1c3a799cb7d9d4ea2c60a373c8f46342,1,boleto,1,96.8
1c518c9a4da98619eea4bc6fb9651832,1,credit_card,10,132.69
1c68c68cddc15f7e365dc53a0e91e8f5,1,credit_card,5,84.77
1c72f6c4fb7c7f004287761dd7fa32aa,1,credit_card,1,51.42
1cba415ed9929ef8517f8915b418bbf4,1,credit_card,2,106.25
1cbc5d1981e34d5c950e9418aa02217d,1,credit_card,2,181.76
1cc21285010bbdedb27bdf5995367df5,1,boleto,1,201.74
1ceb22464e4c11a0441f0e153435696e,1,boleto,1,63.23
1cebcb9fc81f76f727c7be020cb6cb49,1,credit_card,1,64.63
1d03ab3055cbeb857235ddc26b6fc88a,1,debit_card,1,95.22
1d2c5463089cdcd251914b1c08a4d103,1,credit_card,2,129.53
1d3b8d78074e0b50f10346941e67e9de,1,credit_card,4,45.14
1d3b8d78074e0b50f10346941e67e9de,2,credit_card,8,80.09
1d3b8d78074e0b50f10346941e67e9de,3,voucher,1,26.07
1d7542bb5262913fe0516f7943b69a58,1,debit_card,1,457.38
1d8f8ed077e12bbaeb0ee6675167d40f,1,credit_card,2,52.5
1d911134e95ec6f299e80fe19b5b88c5,1,credit_card,3,50.24
1d9609dad08db33f39e233dad7556bbe,1,credit_card,1,38.89
1db8c2514e276b566dd44aad287362aa,1,boleto,1,75.89
1dbdc102b987762075cb2b4684ee141a,1,credit_card,4,185.69
1dbe2e0c5594a384eac781a7e46c6011,1,credit_card,7,72.08
1de86d094f7dd41cca13d246d3b7fd07,1,credit_card,6,61.97
1dfe1249fb9a3871f918c37f1e5f68a6,1,credit_card,2,82.51
1dfe1249fb9a3871f918c37f1e5f68a6,2,voucher,1,41.03
1e24c66f40e16d38609ed026af8b4c94,1,credit_card,8,93.15
1e43fdb774abdae4d882174e2f08e495,1,credit_card,1,29.47
1e51b2b229678b37addbfeb359d0e3ab,1,credit_card,3,171.3
1e575fc9d2c56fa7889923cd298830f1,1,credit_card,5,220.86
1e9bf802b8192eb97af61fd92b586471,1,credit_card,1,38.68
1ee4d0544d11c277367d2df9c25ae406,1,credit_card,1,69.94
1ee5be25d6e54e1ea3c75d3fc9ca3d6f,1,credit_card,10,249.57
1f04c2d89c92de520d7c6d5708b5b676,1,credit_card,1,44.63
1f252fa03fef3a7b2d16c2dd20de006d,1,credit_card,1,148.24
1f3e98938afd17558e267ed6afda4c95,1,voucher,1,327.47
1f40ace91ba066aaaeb2a36066eb5391,1,boleto,1,42.68
1f77203b7fe6e2c54ddc8dde5276b9e3,1,credit_card,10,107.78
1facf0f943e2e863012876581d779f16,1,boleto,1,102.22
1fbf181e068d25051390f9f53d45ce0d,1,credit_card,3,91.35
1fc147ecded099d8acf876cfaf66f731,1,boleto,1,196.34
1fd64d652fae27df0e9aac1f4e605984,1,credit_card,2,197.35
1ffc479954398d74d9e8e0df789842fe,1,boleto,1,74.66
2011387fcf68d0d56838be05771c4db8,1,credit_card,2,86.15
20179c04ba0e2e024542349ec1d5d263,1,credit_card,10,645.26
204afbf2adcafc867358369a658ea7aa,1,credit_card,3,121.34
204c3a076103a93b98207df2faeb6b4c,1,credit_card,10,226.22
2053554187588f29cdeb57a88d331e83,1,credit_card,1,51.71
205600cda4d43b1596093a3297908ea5,1,credit_card,1,67.5
20648e7d48939d4edd1dec4781fc1680,1,boleto,1,256.08
209ee6cc42b6f0628db36da5d69fd1f7,1,boleto,1,79.17
20adf99f2d48669a45b5ef435b116b09,1,credit_card,1,185.91
20b99bf1ea8fdeca4e8f4872c584d0ec,1,credit_card,3,34.99
20c2a60238ac437bd325af95c7148e06,1,credit_card,2,244.0
20c50b79ccf3492546de6ef891c03ebd,1,credit_card,2,161.9
20e1fe47866114539324803e7f7547c9,1,boleto,1,26.68
20e966193a16a101f6a264df9dd92968,1,credit_card,4,94.74
20ef96a94887a09470ce16449d10b185,1,credit_card,1,28.0
20f4a0b8b5726a8e9a32a246e345b9d1,1,credit_card,3,229.63
2112e59b69d2f316f9fe16796ca0db5e,1,credit_card,4,97.94
21359e988a499d8217626005d16a61d6,1,boleto,1,118.5
21427785ea63ce9a9fa59a41a32fe78b,1,credit_card,1,26.71
2193f5bb6c9f9d32aa596cda03c6aa03,1,credit_card,4,46.27
2197e55dca60ccd268157d328616d64e,1,credit_card,1,175.87
21a00b08cbeb5716bbb66105e3dbd850,1,voucher,1,51.17
21be7b54dbb2dffade63645014982524,1,credit_card,3,90.17
21c4830753ec0aef4a21072587e6711b,1,credit_card,1,33.68
21f27570ef536f54c3f27f4c9e9c9709,1,credit_card,2,211.6
21fffc2b5c2da5c102a2faec84d352b8,1,credit_card,2,38.96
223f7c98cbcab2327a6e8b11e0f13838,1,boleto,1,167.25
227a77cf2c1425f0207076c524b1bb5e,1,debit_card,1,77.91
2285f789479857a3883d50453a7279e2,1,credit_card,3,229.03
2291ee4be39fe350accf088e1b57a5d1,1,boleto,1,48.79
22944b4163f09171dfb645a94b87e645,1,credit_card,2,311.33
22d03f81f36cfd05e90af56d5dc63e74,1,credit_card,1,63.42
22def07395185c22de97ddf37643037e,1,credit_card,5,195.55
22e4add79c3efc7828d1119a222b76da,1,boleto,1,86.41
22e737b729bfdec35e6fcbc9bbc518e0,1,boleto,1,144.49
22f3a2b22f414d974640db425514794d,1,credit_card,1,82.39
22f94104a2c1ac2af08122839aa708b2,1,boleto,1,85.24
2304fd42f10881dd456928039a1ef576,1,credit_card,8,80.47
231f58de0228723d0b6d6b562d352d90,1,boleto,1,126.68
236923fe36df7c931b0fb65f493e39e4,1,credit_card,10,154.92
237377b772b133dc1eae831d81a1005c,1,credit_card,3,31.71
2373908388bcaa9a225c34e33d9e9f0d,1,credit_card,2,130.56
23b6026f4aa837ed95e0941208f31434,1,boleto,1,70.28
23c5dff7c1173d8220f26bb0e881e2c8,1,credit_card,4,55.09
23c8185c60bb06f217a2437ffc73e45f,1,boleto,1,191.76
23d23296f19f96722556d7712d45ca0e,1,boleto,1,321.34
23df618cc33c091a2663120f9de8dbfd,1,boleto,1,513.22
23e117ca8f65562000f29a26f19f1a3b,1,credit_card,1,62.66
23e2c5b211e209606334c66afd07fe51,1,credit_card,1,45.0
241de5ef157f84bf8aa6c7ec7cc6f113,1,credit_card,4,169.37
244fa75a78000346e4055ffd6fabfcce,1,boleto,1,69.94
245a8cb9d360630691eb4449b1994017,1,credit_card,1,68.05
245ddaef16302f47bdda5b7549ea20fe,1,credit_card,2,85.36
246c8cf4ca9e3c50e4a172a4ba462a11,1,credit_card,10,240.22
248907ae8054cb8e93d5aa44857779b4,1,credit_card,1,45.09
248f977b0cbdc09f2c33465578b76873,1,credit_card,3,125.23
24bfe29693d0dbabd5e08b3b3bf1064c,1,credit_card,6,221.19
24d9966e0448b19c57091951a299c0c4,1,credit_card,1,43.1
24f2edef847fd6eeeddc6aa5dd82209b,1,credit_card,5,50.0
24f926887373bfb98b4f309ecabab893,1,boleto,1,173.36
251f7157d5e425718ae0767439991dec,1,credit_card,1,37.34
2522de34f8d922703d83ac636084a756,1,boleto,1,106.77
252aabc5aca2bc51672fb4ded077dcd7,1,credit_card,2,62.01
257b9cbebe66bbd37b4233212ec1a909,1,credit_card,10,597.44
2590e980b10a80b8a69f0120addc6590,1,credit_card,3,105.28
25a04f7590fe68b84a1812d281ef019c,1,credit_card,2,60.85
25b07f3f8652eeb49c6badad653a014b,1,credit_card,2,571.95
25ce3a22fa2537206c22c8bef4f9b593,1,credit_card,2,101.74
25fe494885908cc898eceec3e6594d2f,1,boleto,1,49.1
260ec445d18b2120c8ab6f87ecae2a1d,1,voucher,1,129.42
260ec445d18b2120c8ab6f87ecae2a1d,2,voucher,1,91.17
262118ce178bb3e4590a3adcf6d62e6b,1,credit_card,5,126.12
2629c961d080657de062559a9187b49b,1,credit_card,6,285.54
264ce11c5e766e56fad7ef4046030511,1,credit_card,1,82.92
265144aedd0822b898712f78e0c3cfc4,1,credit_card,10,544.41
268270567c35e07af0d2f8c8cc978410,1,boleto,1,138.54
2688613ae3d2299ed6dfa709d64750b7,1,credit_card,1,153.72
26bd26a21d87b4594128d26b3b24e8d8,1,credit_card,3,156.73
26e0070f204a2cc8cae3504b038a0dfe,1,credit_card,1,39.41
26e3ef9735227d94c5e14a0a461d0ab5,1,credit_card,8,103.26
273fa2f569d3e879930f38dbc3d79eda,1,credit_card,3,225.45
27428009109805ea69e0638806aa97ef,1,credit_card,2,91.66
274954faa1775d863067ba1e0e5dfe9b,1,credit_card,1,75.16
2787b157e624680cffc26163900e2543,1,credit_card,8,169.11
2792c4f95b24c1a72641cd404561bdd8,1,credit_card,6,242.62
27a8d640e6a7be5a3b77ee064c07feea,1,boleto,1,53.1
27ccb6f42b7ff7e079004d6192ab12bb,1,credit_card,8,233.63
27da527c266684c5bfb86fc601060406,1,credit_card,1,113.42
282798d3d9e90c0c2c02697bdb07b839,1,credit_card,4,190.33
284b41fb8245e3c8c07c32ddb7572217,1,boleto,1,74.07
28572ca6264628bbdcd513eb363d6b3a,1,credit_card,4,110.0
28583c5f21217c9d51f9578b37a4b224,1,credit_card,5,637.49
287ef6e54574f46625b43dc4c5d5078b,1,credit_card,2,127.2
288ec48ad5ea4c98afe99ea53d523b78,1,boleto,1,54.38
28b33b3ff1e1ef5e83ff16ade701d262,1,credit_card,4,106.28
28c04306e978f12f75bf6d7a989a4ccf,1,credit_card,1,41.1
28c3c716d01cc934376d3bebea04da92,1,credit_card,1,34.0
28cdccd6158be1d2d9a246963df39be3,1,credit_card,5,1175.58
28cf49bbfe2683759d3cf866b7fda22f,1,credit_card,10,150.6
28f07abcb98384e4f6999f70c7ff3d13,1,credit_card,8,188.52
29124c072d8e7d7681a0bebfe267c67a,1,boleto,1,458.72
291581a794f0e6ee707314d0a2cbc1c7,1,boleto,1,32.72
292fa4655c8e30747b2b465a8f4d14f7,1,credit_card,1,53.68
294d70a37f9e32ceb08958fd03ee49fc,1,credit_card,2,57.68
2966209e856b37a6b9be138d6d7910b5,1,debit_card,1,89.3
298ee6136c29ce0b78bb3cc68591404a,1,boleto,1,206.44
29adb190ea6b3fbffaeca57ecb48623d,1,credit_card,1,41.28
2a5c45b004d16284b462d61b46ed1460,1,credit_card,8,572.87
2a5fb538dd11c749a13dd935a06a7c39,1,boleto,1,85.17
2a5fd2bee90721df67729d2e85221278,1,credit_card,2,53.14
2a631e30de2dfb9f193f5f25f13a3a36,1,credit_card,1,122.18
2a63765c400304a82efd12bd16d8f1d4,1,credit_card,2,140.94
2a8132eaf9676f8a46d18b33cfe3a993,1,credit_card,2,211.89
2ad4df0af7a71d632dccc0129bee3268,1,credit_card,3,249.42
2b0b75a2e7ebb3fa4a95e3b6ab121e86,1,credit_card,1,70.72
2b29ddaabb47afeacb5daa2c68670baa,1,credit_card,3,235.28
2b2d14ba52a8e26e96997f82fa596480,1,credit_card,1,35.13
2b5a652c5e22d7c846b463c4888c5896,1,credit_card,3,128.0
2b7c0e3fb7de6dc7f388783e33800777,1,credit_card,1,167.81
2b7c67fca0696d8eae5f3deb33637a2f,1,credit_card,3,31.11
2ba2becdde8cc656098cdc16496a90c6,1,boleto,1,91.29
2be45f506aff5e82c64c2b808fe8a93e,1,credit_card,1,47.86
2bf9fdd42a3609f2c440bec186b10ff7,1,credit_card,10,490.99
2c039eca196d1a548fd739e82713a1b1,1,credit_card,8,250.42
2c12150c742ae2fa48bc703964c16c5f,1,credit_card,7,77.5
2c293bd3c9f41735731112a36cbcaf81,1,boleto,1,184.17
2c559a6f1ac48c4f100f4775a1362ea1,1,boleto,1,1083.2
2c898efc01eadc9d297ade3fd9fe540d,1,credit_card,1,38.0
2cd2c33cd5532a92a508168bd185dac4,1,credit_card,5,80.73
2d0aa670db1b1678d2de5127f85c0729,1,credit_card,3,147.45
2d1cfcc5ed3232215b908e86ff33da61,1,credit_card,7,158.3
2d26f440845a3b31ac584864e2d1a82e,1,boleto,1,69.03
2d3bc1f6ed458a137c51adc3cab7a488,1,credit_card,6,1139.17
2d5a437d439fb3aed1979b2e5f9f6b39,1,credit_card,2,139.11
2d7112fbe786c9c56050866c853e3a7f,1,credit_card,8,89.67
2d74fd323d42fddd4e9a4398d5c589c6,1,credit_card,3,212.59
2d8a0bc4abbb7bbb3a420f2219f02f93,1,voucher,1,33.13
2d96648ebbad7ad9cfc40c4c9c820f92,1,credit_card,1,147.0
2dafb4132a26189c56b5443762cba44e,1,credit_card,1,152.06
2de291f751850e8d254b73ddae39bb91,1,credit_card,2,64.09
2dfb87489b5804dbc8293320a24aac0f,1,credit_card,8,133.25
2dff08c63cc9d29788c8cccfc3799bf4,1,boleto,1,157.65
2e2c60b99754ae1e4d8b18846cfec9f2,1,credit_card,4,542.66
2e4ef279d418d092749185f9a030d1c2,1,credit_card,3,392.02
2e571b4487c7119502acdb48043efcee,1,boleto,1,1078.43
2e84d66424ec0ddb081078d1411fb1db,1,boleto,1,76.66
2e98befb6d10b5b83de9d9b4a6f836f9,1,credit_card,1,246.92
2ecd94a0ab2a50927b7c0020efb4b063,1,credit_card,1,159.94
2ef7655210817ffa67b86a61331b4c92,1,credit_card,1,196.92
2f246ee329fce6932458bc7a10625d2a,1,credit_card,4,41.69
2f2f33a69a673fb2559f95de9f14538c,1,credit_card,1,32.42
2f336c3bd8fa1208e968bb0601eb8b92,1,credit_card,2,49.24
2f4f4e713ba94c2880bd26d5adb142e1,1,credit_card,1,37.49
2f54db7250b3463f57049dc32ce4ff93,1,credit_card,1,117.9
2f67ec476091f734246617044852096f,1,credit_card,3,74.11
2fb597c2f772eca01b1f5c561bf6cc7b,1,credit_card,4,345.15
2fb7dfe5fec51c8a96ee5349c1faf9c0,1,credit_card,9,146.68
2fc59b5605bf0cfc03638cb2cca26b16,1,credit_card,2,49.58
2fecaf598801440c691c00e5f378d0b2,1,credit_card,1,32.77
2ff04f721a0ccf086506b4ba443d924a,1,boleto,1,32.13
300f31d0edc9f2e0110bc756c906a154,1,credit_card,4,48.44
3027797ce35841bf74917c0b0ea1a38d,1,credit_card,2,176.23
303edeab6728412b08ad9c17990159a4,1,credit_card,4,173.53
304d007435759582067e51e9f3c44cc1,1,credit_card,1,214.16
30d5a8ce8a4195b742a8342c739efe91,1,voucher,1,45.14
30db3beab6efd31f72732fb15c2862dc,1,credit_card,1,137.99
30e476c243252bdf160c2490607bc3f0,1,credit_card,1,37.17
30eefcc39df18702a6f28ff1a98a0a61,1,credit_card,10,494.55
313c8d52d3e2c7c1fa9e1e1882171a24,1,boleto,1,627.65
314309621e99dff004e43be09afbbb3c,1,credit_card,3,180.91
315525dbd71c2330c3f38a92d8fbba32,1,credit_card,1,77.08
31725408e39733c6fbccf9559d25f0e4,1,credit_card,5,264.54
31a10d7f77b91046e15fcb519bad27e1,1,credit_card,1,119.65
31a5a68f9d077c999f8b5b3dc297989c,1,boleto,1,28.4
31a6cbe67abc9e5414688f0f59681ec0,1,credit_card,8,93.38
31db4f9c6c262ac89aab6f7e4c9014e7,1,voucher,1,224.71
31db4f9c6c262ac89aab6f7e4c9014e7,2,voucher,1,17.18
31ef673f8e35f0cde11a5945a4f7a39d,1,credit_card,6,181.1
31f2b7c70b716879e5c4080ef87f20bc,1,credit_card,6,67.36
321b1257cfaf6c0ca8a709d230158920,1,credit_card,4,440.08
3237c01ca83d6c17feee532d5b7e6b72,1,credit_card,1,28.86
3239c022d37dc6c0fd3b8749bb7a0b1e,1,credit_card,6,133.76
324bba1a05579faca9bea05049eda757,1,credit_card,4,179.04
32c6cdfda3c983d4b4d2953b9af3dbd3,1,credit_card,4,172.52
32d8aa395f9c9f357e1e3f7b214b9082,1,credit_card,1,103.68
32f133e6183197d366f71e2d37f823bd,1,boleto,1,130.82
3303ae257c7df7d22445570e801fbe6e,1,credit_card,1,181.51
3315a8038d5ead17040d6658a1377c7f,1,credit_card,1,46.88
332e264249f30a888b81bffd7a84e03c,1,boleto,1,131.47
334bdd786e5d50231aac545ecdc7e291,1,credit_card,7,77.94
3366858be589fddbcf6a199aab0058d4,1,boleto,1,27.77
338d127554d67a15cb4e257742847056,1,credit_card,3,1140.58
339063a819f93e6e25102c3bb66ab667,1,credit_card,5,53.29
33b85e6449a3f1684051b4a02f871871,1,credit_card,7,92.94
33b85e6449a3f1684051b4a02f871871,2,voucher,1,16.91
33bf2ecd9c887519e7c11288384fa270,1,credit_card,7,150.09
33c011fdacf02b14181fcd81f4b5ece0,1,credit_card,2,162.1
33dc68ee07456f6fa5da352d9cca5d93,1,credit_card,8,521.56
33f7f48fbeb5932ce834c34dd204a6d3,1,credit_card,5,161.19
341dc4ea81fabe7de6af564b72fcf3e2,1,credit_card,2,162.63
341ec2709ac1eea8f492c24d31a06942,1,boleto,1,58.28
34334129c5fc3f38fec577b122930761,1,credit_card,1,188.66
3440f090efa1949bc4e9ebd0b89b2b6c,1,boleto,1,69.45
3454a64b94a71420a518187d8f96b47d,1,credit_card,8,211.91
346fa124d404d88a793438c41f21932b,1,credit_card,1,163.17
349af77e71491a1aed28d6bf0528e09b,1,boleto,1,135.7
34adfe85692f724087a52976282ea92f,1,boleto,1,263.28
34d79427f2177b6ab8397e13d4233a85,1,credit_card,1,46.78
34e578b2d8c11db4288447dd459f9690,1,credit_card,10,194.0
34fe5a39b9e65ac47aac2872c3538c41,1,credit_card,3,264.88
34fefcb94e75fb1b7a0cd863796ce6e5,1,credit_card,2,60.46
350508df3bad3da1cf8a3ac50f8c0406,1,credit_card,8,565.91
35138e39f9a22af41b39da5df0cc6790,1,credit_card,1,114.44
3516e5d5f67c23496363aa89756c4cba,1,credit_card,7,145.57
3522a71840bea6bd1cd78ae529622ff4,1,credit_card,10,150.89
3549d4f44bac42a299415349e0fcad15,1,credit_card,5,206.08
356447440f7c0f7fc6bd04c27ed18216,1,credit_card,2,85.73
3569dcadd0374718b87bead0d7241d6d,1,credit_card,1,35.45
358001862da7e31fc81214650e2f134a,1,credit_card,2,54.0
358f7c2eece902dd795421e4937f0142,1,credit_card,8,376.61
3599e4616c45ae9b879c2e6c54d76120,1,credit_card,1,43.09
35a6518f311840d6bbc5998c7201db80,1,credit_card,5,108.0
35c2d3179daf2ef475f47ff2d29c068e,1,credit_card,2,200.35
35e01ab254440427a82909f981fa9ff7,1,credit_card,5,102.96
3602a80b09d914236f74c733631f3b8b,1,credit_card,1,133.03
360b84029c125bb8d4ede52585f058f2,1,boleto,1,31.77
36171c1a53103b4062540c678efb379b,1,boleto,1,38.28
36377e52aa9971718dd22913580b7799,1,credit_card,10,173.47
36377e52aa9971718dd22913580b7799,2,voucher,1,25.89
3644a0f31cdec4bf8c4b7b9285a21c9b,1,credit_card,3,72.39
36783db8698edf3ba7585d93b5a1c4bf,1,boleto,1,48.13
367d9f6d184cf1d060d92bdc71810d2e,1,credit_card,3,333.76
367d9f6d184cf1d060d92bdc71810d2e,2,voucher,1,100.0
367d9f6d184cf1d060d92bdc71810d2e,3,voucher,1,100.0
36970c35cfe02cb355e55690bae4ac02,1,credit_card,2,179.86
369736d4fdf5f12b5b823fe2abb3e485,1,credit_card,3,72.66
3699ca6aff3879a2990159cd64537303,1,credit_card,3,169.08
36a21ebc447622cc9eb08312851c256c,1,credit_card,1,70.27
36beeab200d5cfc98103d1fe0b00669d,1,credit_card,1,39.25
37c9baad44854a2d5ac7022b4228dbab,1,boleto,1,134.2
38191a080c6c22b7c4268a2d51a8ac60,1,boleto,1,65.0
3819e7793eb12f5a299706cd17215d45,1,boleto,1,39.17
381d16906fcc904fe66028d7438ebc3c,1,boleto,1,116.94
3843764d4f30d3653388f1b55c3a9ac5,1,credit_card,2,128.77
38503f70701540d016bbec9c5f9ad4cb,1,credit_card,2,67.29
387ec4e22c1949a34d31106d809641e3,1,credit_card,2,374.32
38d4786d1c7b6dae14470fdfb8616bb0,1,voucher,1,87.17
38d4786d1c7b6dae14470fdfb8616bb0,2,voucher,1,23.79
38d4786d1c7b6dae14470fdfb8616bb0,3,voucher,1,23.79
38d4786d1c7b6dae14470fdfb8616bb0,4,voucher,1,0.43
38d4786d1c7b6dae14470fdfb8616bb0,5,voucher,1,26.73
38d4786d1c7b6dae14470fdfb8616bb0,6,voucher,1,31.72
38d4786d1c7b6dae14470fdfb8616bb0,7,voucher,1,18.97
38df543e1956e91a0b4ee89c4a49dbf3,1,credit_card,1,138.81
38ead2ac61ab32ce96209301f9d365f6,1,credit_card,1,41.2
3924ecb5e299e5fb70a6f38e34aa4c1a,1,credit_card,4,445.59
3925b740d70eb26c3aefd1cabe5c8143,1,credit_card,2,29.22
3928bef4d3f8fa821470cf243db72d24,1,credit_card,1,74.17
392ed9afd714e3c74767d0c4d3e3f477,1,voucher,1,137.03
394706e9971fea983907cd09aa349ed8,1,boleto,1,284.9
3957b45bce42070cac232014ad4d001b,1,credit_card,1,163.74
3957b45bce42070cac232014ad4d001b,2,voucher,1,250.0
39787d0779e9c0f1326d35469d0239c5,1,credit_card,1,95.5
39b07544f44827ecfb759a3544ccab72,1,boleto,1,420.96
39cf873ad8dfacb60ab26448e511723a,1,voucher,1,46.78
39dd6ee10ed18591bddeb83c8136dd52,1,credit_card,3,40.18
3a17fd4120bf394dc3968c52f703fe07,1,boleto,1,142.08
3a391869ded1afe6a2b03e4205aa9a2c,1,credit_card,5,121.37
3a3946583c464f57913a9df9c134ba0f,1,credit_card,1,240.45
3a94d54e3301d9e4da748ee3766e0585,1,credit_card,7,77.59
3aa0bcd95f24f4a91c0ca3f0a160ec9f,1,boleto,1,31.84
3aafcd1ad1ad58bf5b66b06ed8935de9,1,credit_card,6,144.14
3ad540acc809c0ce95b1dfe9cb4b4343,1,debit_card,1,137.53
3b0dd50dc2aa331331704962064c8a8d,1,credit_card,5,356.79
3b12b05b1ef9fd1f18face4e10c50c2e,1,credit_card,1,275.5
3b2639c14a48df0a716ce3bb0c9c6735,1,debit_card,1,302.37
3b2c1076db50e3fbc99981ae5ca1e6aa,1,debit_card,1,169.13
3b3725fa3dfc009ca1e6ebc503a0bd16,1,credit_card,4,200.33
3b513d4810b2c2de5e551d0edee87865,1,credit_card,2,29.0
3b6411f7911e3b69fa3f27220c7df366,1,boleto,1,77.55
3b694fa216b9963c2df0ad993a355551,1,credit_card,2,56.94
3b7620f0a3652abfdf6bc1b145b9117c,1,credit_card,10,148.2
3b881091c6fc2687191b01c705287c13,1,credit_card,10,189.34
3ba290d869362a67994eede4e78130f0,1,credit_card,9,102.86
3bdbd9f5f42278fb48aa879475fb33b4,1,boleto,1,176.2
3becc6bf91be2f15e6373b353532e294,1,credit_card,2,144.78
3befd8331efa9255d2e09585a7042fc3,1,boleto,1,89.93
3bf64404e90aaf774854f9d82327af00,1,boleto,1,35.0
3c2a7cc75899d6a06e8735da9b7fa302,1,credit_card,1,21.7
3c2ce68a8ae197f1c0761e0e49486673,1,boleto,1,63.13
3c31094fbd7da6168cc190beedf23888,1,boleto,1,160.12
3c557fef5b5d9315a99f7442ef013a8e,1,boleto,1,49.48
3c5c2cfeea91d9a57ac3c979ec6c9d62,1,credit_card,6,67.53
3c964e5625c2d5b6ace8c0b038a03460,1,credit_card,1,28.75
3cc50a462016d06a3cebf8f5731d3ee6,1,boleto,1,116.74
3cd82d2cfb48466fdfcb8594444e211d,1,voucher,1,40.34
3cd82d2cfb48466fdfcb8594444e211d,2,voucher,1,18.49
3d1015779173f2ac043082581b12e826,1,boleto,1,52.18
3d17d211984312889a4d60f359859535,1,credit_card,3,155.65
3d31baf1573b52990d33a1f9d2f03ce5,1,credit_card,4,144.99
3da82f366802e4512789763543d67ee2,1,credit_card,12,283.93
3db0dfe8a379d76e5c29f635c277325f,1,credit_card,2,54.28
3db932725b90f4f388d2e361b0f1247e,1,credit_card,2,25.0
3dff7447814a5f3da382bcedafa59462,1,credit_card,1,129.65
3e22545eb8e4b43efed7c34d5a8be84c,1,credit_card,2,66.22
3e28393f83efb34c56df093513721d60,1,credit_card,10,149.14
3e4875148a652a619d8615653b4c8e3c,1,credit_card,4,86.25
3e4e46d0c15b204178fc5dea7c9644de,1,credit_card,4,206.92
3e7433883ed362df81977e1b24e3d6ec,1,credit_card,3,31.84
3e7bc2221b2c46fafa06f741386784fc,1,credit_card,1,240.0
3e7d62de8eab0ea8d37a2983df8f7af9,1,boleto,1,30.09
3e84398caa2b0be876731343bab75b06,1,credit_card,1,39.96
3e92efabf5eaa46e4ab7f20a10864785,1,credit_card,10,189.61
3ea886b4bdd5f739ff9eca6e87e08d18,1,credit_card,3,153.34
3ec2bc5de0fe81f5d14adb115df88e36,1,boleto,1,56.78
3ed44f394dcafefbeb7377f0450ba269,1,boleto,1,44.6
3edb50273f0fec7a7e340030467076bc,1,credit_card,8,196.08
3ef3c91a36437f7a1e4d4556a0543004,1,boleto,1,81.68
3ef3c976c86d9ea7e4758728a87732f0,1,credit_card,8,217.45
3f35e6f6080a0f108570a0f177f8c2bd,1,credit_card,6,138.73
3f4d752085db597cc5c802381e0a2488,1,boleto,1,154.1
3f72d2b757e725cd48a4726f831c7789,1,credit_card,10,267.49
3f79a9c310a0d09cddd05f95b3ebb4d6,1,credit_card,2,116.24
3f7ac2772804d1316e995c3621024c7f,1,credit_card,1,35.77
3fbd798d7e8c262456edce32abaee496,1,credit_card,5,190.48
3fc92f79759d64684c5d19448a12642f,1,credit_card,1,25.72
3ff04db80f0b2c359e8e47fdb913d826,1,credit_card,10,691.0
3ff25314bbe9dc1ec7c983499bdff8f2,1,credit_card,8,100.15
3ff25314bbe9dc1ec7c983499bdff8f2,2,credit_card,1,10.82
3fffdbcdd7ed6b3acdb0bdbc5c96df52,1,credit_card,3,235.28
40235386473717246bb2eb10fe48037a,1,boleto,1,35.0
4048279d4b6d7122d030e5487857a305,1,credit_card,2,216.18
4054f3a02c9191a518601fba04f06742,1,credit_card,4,45.0
40566e07284e5387c3c479d0ac7aab9c,1,credit_card,10,136.99
4068a5daf06244e4aa1a85a67983cc62,1,credit_card,4,94.32
4069c489933782af79afcd3a0e4d693c,1,credit_card,1,0.47
4069c489933782af79afcd3a0e4d693c,2,voucher,1,9.33
4069c489933782af79afcd3a0e4d693c,3,voucher,1,14.69
4069c489933782af79afcd3a0e4d693c,4,voucher,1,9.83
4069c489933782af79afcd3a0e4d693c,5,voucher,1,13.6
4069c489933782af79afcd3a0e4d693c,6,voucher,1,16.55
4069c489933782af79afcd3a0e4d693c,7,voucher,1,15.84
4069c489933782af79afcd3a0e4d693c,8,voucher,1,9.42
4069c489933782af79afcd3a0e4d693c,9,voucher,1,7.67
4069c489933782af79afcd3a0e4d693c,10,voucher,1,38.38
4069c489933782af79afcd3a0e4d693c,11,voucher,1,11.37
4091882136d80ac3ff9058c8d81e10a4,1,credit_card,5,151.58
4093f51e15660b0278941a5b38e694c8,1,credit_card,10,706.07
40956e6dd1d3604c48f437352e4dc3d3,1,credit_card,10,138.95
40b6a430e16e22f01fcf64a0a39d8aad,1,credit_card,1,328.62
4103cb8c02ddae6eff9f233ba22ae0ad,1,credit_card,1,25.09
416b0ed65ba7a348e1041689147debd1,1,boleto,1,57.48
4173b7694f9c23cfbbaa1bfb2f9593b3,1,credit_card,8,286.76
418c957162c86b348f44688790168fb2,1,debit_card,1,60.35
41944cf624269caf43e02d939e33e8bb,1,boleto,1,52.22
419c1fa500ceff6a8d5ee78cf19d2a6d,1,credit_card,1,138.08
41a48f4dc75f01b16dfa7e32cb456ebc,1,credit_card,2,129.41
41c843dab306ff15365492a2dd8c3cef,1,credit_card,2,138.93
41d0050b0a103c674289659fdd6f602e,1,credit_card,10,185.1
41d3c3f700ca5ccd7c9068d16f4a4821,1,credit_card,4,45.09
41d6a7b15ec6c87722ac10f480c1d5e3,1,credit_card,1,70.34
42187cae0bc6e0829886d8131b4c4864,1,credit_card,1,47.91
421cf19961f42317267a94c6ed066cf9,1,credit_card,5,55.1
421d08636eed6cd2041826b40405c194,1,credit_card,1,64.66
42292e831d26e43153b9bc1e5e440681,1,credit_card,1,84.14
4248cc55f19d24204c0c33dbb85fb696,1,credit_card,3,162.96
42752f96b7094cee19928f7b4317d7c9,1,boleto,1,29.28
4277dbc4f6e73a6cd3378628f7883f92,1,credit_card,2,76.78
427fb603381c1e7a4b224eac2a5acb29,1,credit_card,2,68.43
42f42f42e7e1be68ce691280f140b2b6,1,boleto,1,92.46
430bd310105f069ac72ef7758f40299b,1,credit_card,6,317.85
431478a35228bb7816df8336af000672,1,credit_card,2,110.3
431e57fb445e35e908a2d4867bfc9b27,1,credit_card,1,94.26
4334cbad2570eb17ab0f2be70bcc22b7,1,boleto,1,23.78
433c1d6f7fd7b4f0fda2d4ebfa84036e,1,credit_card,2,26.87
4351879fb74d0a37b9c8dad7ba7e59de,1,boleto,1,137.18
43d5b31ed2c5e37b66622cdc0c4f6452,1,credit_card,2,102.27
43d640d9d8add3920e35acc0d8ca9411,1,credit_card,2,191.68
43db2bc49fcbe07b3ee17f03949557f4,1,credit_card,6,94.77
43e4d5ff99bd1ca2d1cecbbf81067f4d,1,credit_card,10,639.9
440d8c2b46ef6f71cfa424597bbc6744,1,credit_card,3,76.65
441cf7155f976d42536081646f9f4714,1,credit_card,1,47.09
442f0c23874c2066610c590e95ebfa4a,1,boleto,1,89.5
4433ebc14c69e56090cb4e96d574d9c3,1,credit_card,10,428.19
44440fdd29ac17b06eb5c690b95d19ed,1,boleto,1,197.79
4445dce651ca1507b70574af329d7405,1,credit_card,3,72.93
44851597b52d19f80a0b05ff48be5530,1,credit_card,4,128.88
44978a07c53273143a18ff837c2dd68d,1,credit_card,6,83.57
44b7e745838a4567bea39348717073cb,1,credit_card,1,49.87
44ec3a74b2c9dcfe0f2fa9031613065d,1,credit_card,2,176.09
451d82f07a1528cdce26398f1f04f8f7,1,credit_card,2,314.54
451fbdf4d10b8d3d4da3f5d226bc5ae9,1,credit_card,2,30.0
452659f1bbc22357a8b75386eb2beb34,1,credit_card,5,253.22
45390ff93f092f0de1524d486a172c33,1,boleto,1,182.58
453b1d86b22e9fdb0d1da9c446dd2828,1,credit_card,1,72.43
454e3d66dfb9e670fd53406db78100ae,1,credit_card,8,147.13
4556e8c7a1fb280f57f939007f33c799,1,credit_card,5,272.84
45b0a3cd00a2eb44c271fdacffc8d859,1,boleto,1,114.42
45b0b9012eea515351639078d2676a65,1,boleto,1,35.18
45d0086d88024df86e193e5bf86bc989,1,credit_card,8,268.31
45d3bab2e12de78e29ba522146da7e91,1,credit_card,10,209.97
45ee4a244dd8a9df576959533aca1d6b,1,credit_card,5,108.78
4637ca194b6387e2d538dc89b124b0ee,1,not_defined,1,0.0
4642b5eb7edc14a4a0dd2c2eb7b68e14,1,credit_card,5,70.72
465bf9fa1326d9215c7f699901a7b30a,1,credit_card,1,35.0
465e35e9d79f4b18d9c506b78cf86c62,1,credit_card,3,107.72
467d8823c7b37e758ad17a9a61c347bf,1,credit_card,2,207.27
4686a4da19a101001bd53960ae99feae,1,credit_card,1,193.98
4698210068ff4fe55a812e51e337a80a,1,credit_card,1,86.88
46a807245872949237fba36f6f00b2b4,1,credit_card,1,67.44
46bdec7cc92d926500bee756ee1df6dc,1,credit_card,3,112.46
46c7c115d719ca780eebedf719fbd4e1,1,credit_card,4,59.71
46ed7de79e3d33078ef83b3d1a75c182,1,credit_card,1,60.62
4723d255a158f5b6c5a872264e3529c5,1,credit_card,4,68.72
4735d69a263ba04fa00533b8f3d317b1,1,credit_card,1,115.48
474871bbd62988ab38f2d15c093f3233,1,credit_card,3,392.72
4749a1374297f0088e587cf8cd9cc3f6,1,boleto,1,122.17
4753fcd70058320b38a45cc68f6de6c7,1,credit_card,4,217.29
4759a81f4e1a2f8f8a7fba72b1f29868,1,boleto,1,60.85
47852cb7df51fcfcdcf3f3f9969ac1b9,1,credit_card,6,120.61
479b6ef981f240df12226a5ba0abffef,1,credit_card,3,140.45
47aa1d8d4f3edcd905a4ec406c3b5ab8,1,boleto,1,65.22
47d160e3b388f73aa2dfad3c508f4ca3,1,credit_card,2,162.9
47fff6498d7050f55018f7c001885f3a,1,credit_card,12,127.48
4821d5af4c2ac98b0f70e47c5d845520,1,credit_card,3,69.11
4821d5af4c2ac98b0f70e47c5d845520,2,voucher,1,75.96
482a3e5009a4090348fe6f7d637a53a4,1,credit_card,10,142.12
4832ff0402c0e07fcf802721babe2b05,1,credit_card,1,1201.55
484d8bdbb5839ffad3b48130d17db006,1,credit_card,1,103.43
486fd37a365a65189747be8c6c4f05af,1,credit_card,10,135.08
4877379c51fc3c3826e6a62427675966,1,credit_card,8,127.54
48d007b3d7183bc54336d813b1380d26,1,boleto,1,64.09
48dcae389be2ddd6ad3ba930055ebe4f,1,credit_card,1,8.12
48dcae389be2ddd6ad3ba930055ebe4f,2,voucher,1,50.0
48f680279ad00e30a9d82f4faa85b992,1,credit_card,6,65.36
4932255e68f63e3a5f809bd4b96fc9a1,1,credit_card,1,91.82
4955ee3a893b3b780fedd621473486b7,1,credit_card,1,66.01
49626271ea0fa255a99b34978f50ae68,1,credit_card,1,70.07
4971e311356ab2972110bcebd76e48c0,1,boleto,1,333.51
498fddb261b6ddd5974cf8bea3374388,1,boleto,1,141.65
499db357fa1bac9b96c44bd42dd17718,1,boleto,1,141.11
49bab3f94ce298f6fde6208f426978b4,1,credit_card,6,160.51
49ca48df0a214b5dd020f41336cedf5e,1,credit_card,3,147.57
49e46b4388f4b9ea96901467bd26eb6d,1,credit_card,1,62.68
4a02bc45b72b95ce8a16efd46f2e1e47,1,credit_card,1,53.88
4a0b498204bb56ab863db1f1acd84288,1,credit_card,1,24.15
4a0b498204bb56ab863db1f1acd84288,2,voucher,1,133.98
4a0e80769135f6a7ee952872fb2f7fc4,1,credit_card,1,73.0
4a34792ebbc108e28a7d9cc2332ed0e1,1,credit_card,2,55.78
4a500df6bccc8012825a767ea8d04a28,1,credit_card,1,347.4
4a5a742a2a571604208cc3f88ea253fc,1,credit_card,3,253.79
4a6309669545b27a89528e2afcf76b6e,1,boleto,1,418.92
4a71e2b3cccb7dba085c8961c746578f,1,boleto,1,45.61
4a74e1934860e224f8750db3cbc1e991,1,credit_card,1,111.42
4a8493d781a65dfb623103a5dedf44fa,1,boleto,1,238.63
4a8dd75d2cdd9cb708636e1aa5a1bb29,1,credit_card,4,201.65
4a91a1ba7768e400ff40aad6730251ed,1,credit_card,10,249.08
4adbbb43be305843794e05fc4265f143,1,boleto,1,49.99
4ae6c814370d0a4b396355a8aabbbfdd,1,credit_card,1,88.92
4aec55e14c04fce6d0faa0e1bebe3126,1,credit_card,1,80.56
4b007a72f108b589a20227ab419705c9,1,boleto,1,36.38
4b04e5a08d1176f2e591c79479364956,1,credit_card,4,43.22
4b06a335eb20f25b8c5ba42e29355b6a,1,credit_card,7,86.32
4b06a335eb20f25b8c5ba42e29355b6a,2,voucher,1,15.4
4b47ca7c3201379f99ee4c1f4d0c80b0,1,credit_card,2,96.47
4b4983c2c40d67af0bd3ec2ac12e0ffe,1,voucher,1,58.49
4b56b0f11819efbf57af78ef26982ca5,1,credit_card,2,1160.77
4b7597bd96f89b605623a55db1471b1d,1,credit_card,1,167.92
4b8267d1f715adb8eb69ac677662c100,1,boleto,1,229.7
4bafa54db6b060da198f23f810835969,1,credit_card,2,28.16
4bafa54db6b060da198f23f810835969,2,voucher,1,49.32
4bafa54db6b060da198f23f810835969,3,voucher,1,8.13
4c004439e63485114caf4e97ed9befe1,1,credit_card,3,87.8
4c0b7cef000c9351cd7f160ad283a0f8,1,boleto,1,25.78
4c23c4164a5456caf473aa274df8b8b9,1,boleto,1,208.34
4c2c1ba64cf96059fe8443c06557c0e1,1,boleto,1,194.37
4c3499a7df623b40778ee01a90811a2f,1,boleto,1,168.14
4c3a834add3595c42eaefa65d28d6fbe,1,debit_card,1,728.74
4c4ac3e2dfb16b17d057cf101265b24c,1,voucher,1,54.65
4c4ac3e2dfb16b17d057cf101265b24c,2,voucher,1,53.13
4c7c07c668cc6ddf5697998d547e6d41,1,credit_card,7,140.3
4caaa2c8d6544804296a156b210a8d47,1,boleto,1,423.63
4ce0878b1fe7231ce22e503117abc62e,1,credit_card,2,149.72
4d0de3f8be3ad40e85a5d6fe37054d9a,1,credit_card,1,86.94
4d107edcce9acf824db9d203dcf9fecf,1,boleto,1,32.69
4d1469bf66cf37bc18f5ec280e25cac5,1,credit_card,1,47.64
4d3d69fc5da58b96ec1c571580f89070,1,credit_card,1,138.97
4d43556083ebb5d85e8a49e87730add6,1,credit_card,8,249.79
4d483bf690ca21bdc005df9b623673c7,1,credit_card,8,433.05
4d52285d3673e01e94e3a68ad2104288,1,boleto,1,104.59
4d59cc2a2e7bb6c0a851725f5888a9b5,1,voucher,1,69.46
4d5edcd8dc3dd4c5a02b9a0d0773b621,1,credit_card,6,339.12
4d6654ead4a57a151e3df6fb20052675,1,credit_card,1,27.81
4d6654ead4a57a151e3df6fb20052675,2,voucher,1,46.35
4da3bd761ca73d692ae0f5c252495546,1,credit_card,1,26.44
4de6fae240d7acb7e1a830665d941ae2,1,credit_card,1,49.42
4e16a9ec5cf02e97e8f7fb665cc89391,1,credit_card,6,66.74
4e6d546fa72049694bdc912c60fc4953,1,credit_card,1,88.08
4ec007fa66327a51919a32d840b49395,1,credit_card,1,39.09
4eca6c2d172953276c75dd0e1bedce25,1,credit_card,2,74.83
4ecd4654955a39a165e7cde49b3ec0fb,1,credit_card,3,180.25
4ecdafc07882d357b5607a05e3a1a46f,1,credit_card,2,41.59
4ece3211dc7b96c8b646fa8a727039e2,1,boleto,1,23.39
4edb04562e9ffe632e82e59f5b6fc115,1,credit_card,1,42.38
4ee25083ee6cc047adea4955dce72c6d,1,credit_card,1,66.96
4ef1fb511f57ffa4b73140b0ac2d1908,1,credit_card,1,68.22
4f0d4b217cab0b16c36d9bb7aa71b6f4,1,credit_card,1,81.89
4f13ee1d03583de54e86a2e4f640d0f2,1,credit_card,1,50.84
4f26458e3155ac93aa479a6d3ab6f909,1,boleto,1,42.42
4f2fa4f9710bf00b09c28ac555393d2a,1,credit_card,2,68.35
4f61042cd85285c68606c18b44a1b13a,1,boleto,1,110.02
4f8bcc599bf25aa16aa67fd4ebf895dc,1,credit_card,3,114.64
4faf80dc9fb66032ad2dfb5a78c2c56b,1,credit_card,1,203.69
4fc507af490f1dfdd4eefcc6a0144b40,1,credit_card,1,120.43
4fc72988165ca65c53de230e436b1073,1,credit_card,1,53.38
4ff17917a5050a11678d9af3fb12ef57,1,boleto,1,164.79
4ff976f3269ceebad2dcd032489c9ec9,1,voucher,1,161.37
50016ee0bec18cb823bd67b9c438267f,1,credit_card,1,73.02
5010ab6b12449f4912c2aa83c16bf2bc,1,credit_card,4,99.33
5039c86e0392fa512d40a377555e64c3,1,boleto,1,49.86
505d775eb158590af72d04189474e23c,1,credit_card,8,81.11
50affbf242adb2cf23efc823a471d621,1,boleto,1,50.53
50cbc0ce14ba62ab76c2c353dbf6bb7d,1,credit_card,1,14.64
50cbc0ce14ba62ab76c2c353dbf6bb7d,2,voucher,1,195.34
50ef0803caecc37cffe206f09dbc70b3,1,voucher,1,85.58
50ef6a06a587a4f97f8483946c692e70,1,credit_card,1,49.31
510c73928b73404e2d64851f6b4bfdc5,1,credit_card,10,246.28
51192863a004d47d0e4f5bf5384bf88f,1,credit_card,5,51.75
51427a59ed7cf06820364d94af7a6f7a,1,boleto,1,65.56
517c5482beb73742b5f8b08e4197dde6,1,credit_card,2,34.0
517edfde8ef25f2a7f7da80e82c77c27,1,credit_card,4,274.56
5187083897017a7ef1f9992070d898ba,1,boleto,1,154.56
518fcf931a950e2fdd0c4de17b5ed862,1,credit_card,8,175.63
519478e4bc7d1ca7d93f2fcd7f9e54b7,1,credit_card,2,24.73
51a7e6cfd3daa5187a2f973c44a74a74,1,credit_card,1,40.79
51d7a5256a29ae35eeaa4d7bbf14931a,1,credit_card,1,55.09
5209e430c4a82e1eb7cd636ecbb573a3,1,credit_card,5,137.99
5210b81b464dc0a92a977632cb6e8a6e,1,credit_card,5,139.0
522527427b29a3fefe865a02a7a78962,1,credit_card,2,115.44
523d5e9ab692bee9c8dfd7063351f696,1,credit_card,1,7.63
523d5e9ab692bee9c8dfd7063351f696,2,voucher,1,35.08
52593a44fbe53f7472cc1560a85b1cb0,1,boleto,1,64.1
5296a60e3eef35a29bfacb328de58d94,1,credit_card,8,133.87
52a547866cd2082c600fb72eced19331,1,credit_card,7,78.18
52c5b44c805ae7434617748f59467320,1,credit_card,1,59.41
52d66d69f14ca67b1764e6ca25025a3f,1,credit_card,6,64.1
52f8732e6b72c0e21fa23aa1101c88ea,1,credit_card,10,117.1
5337d26d14027f547caacb7fee230f81,1,credit_card,8,256.76
534100b99398bfa0b9ffbf40fc8c7757,1,boleto,1,79.24
534c285356eb06898b7ea7edbb14476b,1,credit_card,5,279.1
53595a8aa421790cc9d2e85db64cb3c1,1,credit_card,1,87.39
53892f0dd25da0289fbdb0053853bc34,1,credit_card,6,129.59
53f3f52eca823461e5ee857dd46fb101,1,credit_card,8,294.7
53f4a393eb9126386cfc207f1aa6ac34,1,credit_card,1,196.01
53fa1584e9fc3d9b50f19da601874fd5,1,credit_card,3,108.1
53fa17c349c4b3dcbbadd8aad2eb559b,1,debit_card,1,44.82
54282e97f61c23b78330c15b154c867d,1,voucher,1,166.46
542d558d7cd9f734858beabe2622b2bd,1,credit_card,3,110.59
542dd8c7a80f7006b56c9cbb95e6433b,1,credit_card,1,53.24
544238f04f24765a69670a0195dc23c5,1,credit_card,1,86.15
546a729b8042c31a71745ad37ad453cc,1,credit_card,4,319.37
5471d5c0cbff5d04724a56e49cd4d308,1,credit_card,2,217.88
54761f5e42ab5a33268fe64804e92448,1,credit_card,2,121.27
5482a1c74b1b5fb1af78a425b7ceabb8,1,debit_card,1,45.19
54b74eb9e20b816d9cc07605650b592c,1,credit_card,1,95.27
54c4c0c7e9a1d272defcf15ea985bef7,1,credit_card,2,160.4
54d65ba100747f2456fc1d1e314ceb26,1,credit_card,5,248.38
55314fbf301db20ce06d233511d4fdbd,1,credit_card,1,293.12
55361b153c0444dab69a4f7fc00bbb66,1,credit_card,5,553.04
553682ad4457471eb0db66f89c9bedd5,1,credit_card,2,133.36
55567a8e851b2400b53f74ec9b974221,1,credit_card,1,36.43
556e5ad87434de71e0948b9bca0046f5,1,credit_card,1,56.22
55af3f02d418fbfae46c0e04bffe4676,1,boleto,1,111.19
55c2859a526d3cbf1df65ee601139c3a,1,boleto,1,35.84
55ca27587481961b3a085c32da46f015,1,credit_card,4,141.55
55e1aea2308e1c019ef7ea60766c5f7c,1,credit_card,1,27.96
55ea3316ceef824308738752d1c12ae3,1,credit_card,1,50.71
55f6044cecace75277ac3fb0335bf9a5,1,boleto,1,87.64
56682efd6be4b8aaa662d4536084b09b,1,credit_card,3,76.75
566d9c868488d3e11feef9ec86a29357,1,credit_card,3,122.17
569d4a814b28187752cfacdd96077037,1,credit_card,1,24.68
56a4b8bc220c0a92f54ecb2e2ba0029e,1,boleto,1,112.12
56ccc1571462d48192dc45fba66fb7d5,1,credit_card,2,50.69
56d77478af78c445066db1c9876e9e84,1,credit_card,3,170.76
56e74cf3d3be617b843ad339dd83706a,1,credit_card,1,24.55
56f324c9f0ec2e68082d34b849622244,1,boleto,1,72.28
56f4b702b959eee297b018acdb60c380,1,credit_card,8,91.82
570a37e6dd991a6c2c6b032f41487e04,1,credit_card,1,147.16
571ceb25e5db8f2493bdc932ae31e994,1,credit_card,1,43.09
574a92fb05e01159e32c2a4cba131e3e,1,voucher,1,10.7
574a92fb05e01159e32c2a4cba131e3e,2,voucher,1,16.04
574a92fb05e01159e32c2a4cba131e3e,3,voucher,1,31.58
578403214d22590a9874c89eaf3c09b9,1,credit_card,2,115.07
5795641bab8a44216bb7f551187af034,1,credit_card,1,217.06
57a10b4e5b1a9982b487b6e33d8cc0bf,1,credit_card,1,46.22
57c18f4284e896f80e8b81086c4f95ef,1,credit_card,1,38.01
57c6fa4668d9985ee3ffbcbdc15b77f6,1,credit_card,1,68.89
57cbc8e34a5ceffb92f8b3193e4ffdb8,1,boleto,1,113.33
57d2d40a9a06d20a610316800f82ace3,1,boleto,1,105.37
57e27e0f4ce02fc858627e4c46e51e9d,1,credit_card,7,75.72
57e84fe39881c28f3079d56d038459e3,1,credit_card,1,53.37
57e89dc6246f64c869d73f264a6e505b,1,boleto,1,26.71
58199a8d18062ab7c3fee55f16366d45,1,credit_card,1,29.38
5825f62edda362144cd0c349124fa927,1,credit_card,6,858.31
5837fff4c5c9ea52b2e96674efccbc66,1,credit_card,4,87.17
5873a59a3969d04a260ce297ee1b3ce3,1,credit_card,2,85.12
58ac1346bc2ee0cfbe205aacad678d60,1,credit_card,5,59.34
5907e332dfb01556b0eff58839cc2f75,1,credit_card,10,101.34
594c468bf0e84130d7184c7c872d7e11,1,credit_card,1,71.63
59a28b77022aecabe93b43fa323de71b,1,credit_card,1,35.36
59f26737bbeea8142a7e982cfce13e7a,1,credit_card,4,194.85
5a0911d70c1f85d3bed0df1bf693a6dd,1,credit_card,2,110.13
5a1f6d22f7dfb061ef29216b9af687a1,1,credit_card,4,47.69
5a56d595adbe321751c4f42b708ccc35,1,credit_card,1,82.33
5a5a4a1319679a5e560257abd2fa1273,1,credit_card,2,132.99
5a5cbced9c57dbafd90dd9b04594b2d7,1,credit_card,3,167.96
5a7b40567394cf2a17b67ace5ea32329,1,credit_card,1,49.59
5a8cbabf9050846cfba3b3f011e2cad0,1,credit_card,10,286.9
5aac76cf7b07dd06fa4d50bf461d2f40,1,voucher,1,221.54
5b163ebdd5ac559f04d06af2069e23d3,1,credit_card,4,48.01
5b1ff9c294ce6149733c6912262c60f9,1,boleto,1,186.54
5b52136f452a7ee355f34fd4b2eb99b2,1,credit_card,4,235.31
5b564ae719f89063362d24f1729d7ca2,1,credit_card,5,413.75
5b8d793745f3ac9e033f77ff0f8ea88c,1,credit_card,3,174.1
5ba8500dac4dd5b631b8a82bce2400c4,1,credit_card,1,47.64
5bdb0867cd3ddd505f79a2fc7b2d315d,1,credit_card,1,137.06
5c02bbcf8ee00ff276723c431b064505,1,credit_card,2,81.5
5c19e256f5972c1dc427a1a1f9940a3d,1,credit_card,1,238.76
5c1d89aac6e3b4a8f69d548ea030179a,1,credit_card,1,31.77
5c2d1d55c31db1cbe069dc9b6454b897,1,credit_card,4,117.45
5c4e9b69cfdcd45f69531467695237e4,1,credit_card,3,36.94
5c54f727a59912aa9d995d04a4fa2e83,1,credit_card,3,37.38
5c748cfa838e65b06c230b1f917ec95e,1,credit_card,1,40.78
5c7d0a72d5ce2ffc03f4a86238abcd9d,1,voucher,1,257.79
5c92503c98d68728d4c409d18b268c31,1,credit_card,4,612.59
5cfaa2e60887ab4aed7d4e637efe2156,1,credit_card,5,50.5
5d146abaaa0996f8cabcb5a3fa96bad7,1,credit_card,1,75.07
5d2360b577af310633223b53506dcfaa,1,boleto,1,67.03
5d389775a013b9eb8fcdab4cdc1eae1d,1,credit_card,1,34.42
5d9aa8310b11548297163fbfa1f78184,1,credit_card,6,67.22
5da33f2ec794bb55994fc59563a04107,1,boleto,1,103.36
5daaa187e63c2f1c7636a129c6afc3c3,1,credit_card,5,162.87
5dbd99a1d0b13836606e44c8efe79fa9,1,boleto,1,87.71
5dd757355fed8ec589b18d6d5c47e6a2,1,voucher,1,17.78
5ddb2ce1958a158606319b7a9204fd8e,1,credit_card,1,93.3
5de6387107c3165295d2f19ab2db7be5,1,credit_card,3,159.86
5defd57f9849f19ee76815ca3a3c8956,1,credit_card,2,139.16
5df11955c9e776e57bf66071651f6db7,1,credit_card,6,105.17
5e235e61ce267978794f9d8f22465386,1,credit_card,1,63.89
5e235e61ce267978794f9d8f22465386,2,voucher,1,100.0
5e24ecfdf90a8dfceb3cd8ed37db5c26,1,credit_card,4,59.3
5e3f975c4be17dfadd26987a66fd8061,1,credit_card,3,86.2
5e5d1342989d05440629e2162fa52d07,1,credit_card,1,48.61
5e5d67ba461a7218183df5ac644c4a8e,1,credit_card,3,147.45
5e76d3cfcb1b71a6a78fabf6ec3ffb73,1,voucher,1,445.64
5e76d3cfcb1b71a6a78fabf6ec3ffb73,2,voucher,1,108.71
5e7e66344d4f127f114875c930d621f9,1,credit_card,5,59.0
5ec17d5853c4bad3b18adb6778b3ac0d,1,credit_card,3,236.7
5edee244fe02fdbeb9a2d97a4e8cf17c,1,boleto,1,45.1
5ef8f0f9c9d95604cd61fd97ab176835,1,boleto,1,726.84
5f2a70479467ace7fca14db6d059eea1,1,credit_card,3,147.16
5f2f3348a05e38d5f31b04f858c606f4,1,credit_card,2,124.6
5f37c7c9cfd25572ee87b69b77f27b8c,1,credit_card,4,217.87
5f3c3f02ee527647eadaeab108a89f51,1,credit_card,4,166.04
5f48e612805a732c3ebd58c26f2c06ad,1,credit_card,1,37.01
5f6a08ae6b18361b3f12fcc746567974,1,credit_card,10,474.37
5f71bc83356f39cf9e9b8004f39a989a,1,boleto,1,241.73
5f834cc4ee109c58dff88c60b8ba5ecf,1,credit_card,1,96.23
5f855e92f134f2d544ec90a5864bc73e,1,credit_card,1,35.13
5f862e4fe640e66110b40cced6911038,1,credit_card,1,29.41
5f9e345bd69028860ff1b6a72c26dc45,1,credit_card,5,50.61
5fb184d57598bf4e6e126258d3cca7cb,1,credit_card,1,86.02
5fb669725665771911c8ecc187870553,1,credit_card,10,211.91
5fcbedfee2eec6f8ecdcac610148b4c3,1,credit_card,2,29.38
60058a96e9d74aba1c66b86edbd0535e,1,credit_card,5,107.0
6010e18fb4f51bda7cdf59826fb9157e,1,credit_card,3,162.55
604970dd9342c16efde4207c42f38f2d,1,boleto,1,30.6
6053546de45b3aa8422ee0020b1a2da4,1,credit_card,4,95.21
605690e3394de4516b0c3646e06a9599,1,credit_card,1,71.22
6076ec81706ee9060d085f2909a6fbe7,1,credit_card,1,54.58
60a0b0a1df29ff83dd9083ffa44b6580,1,credit_card,9,95.34
60b17021cb20c803ad265dc1847f06a4,1,credit_card,1,152.64
60b3fa9424e97cd3b6b95ca799d511c6,1,credit_card,8,116.94
60b4528b577937165a412ba177de3606,1,credit_card,1,30.06
60c2fd4bd6d23ab4fa7a910b61dac591,1,credit_card,2,87.72
60d9a5e952b00c9a481aa0e3d641b354,1,credit_card,2,369.71
60e43c5f5ba559d9dd19357ed72cb2f2,1,credit_card,2,78.3
6129370214b115f45a7b9b13e33c83d9,1,boleto,1,89.17
61478fcfdfbc524f57df31651d8f38c9,1,boleto,1,342.16
61587185bfde7d7fc6a93030ddf4a57c,1,boleto,1,117.85
616fa7d4871b87832197b2a137a115d2,1,voucher,1,80.38
617b248faca8fe758da0640030f82f00,1,credit_card,4,48.3
617feb6ceb857d95ee0250e05f43e70e,1,credit_card,10,231.27
6191c14b9afcc6173831a7275f92c55b,1,credit_card,1,37.48
61c3073707aeb0763a028eb696085d02,1,credit_card,2,126.9
61db74d30d7bc786bf4d981764f3e4eb,1,credit_card,1,153.72
61fc1e01fc9cd8344b0d1fda336a8be1,1,credit_card,10,670.51
62073ec6b54b8e6322037fc0f3591ad3,1,credit_card,10,1316.14
620b0acb9258b51defbc51804c5298d5,1,credit_card,10,451.44
621eb879252e1ef32bfbe6f3eab23b57,1,boleto,1,121.09
62246c16a32a0866943f17d7b42db940,1,credit_card,6,69.35
622dd1cb69dbde1c7e0685d12015a2da,1,credit_card,1,33.72
623517cfdfeda91679626490fe32aecc,1,credit_card,2,245.27
62492d216bd7ca39cab1f24109b6bfd7,1,boleto,1,215.94
626add0c9183e7802564bf732e183dd1,1,boleto,1,112.02
626b349f722088587417d2c277329c5c,1,credit_card,10,122.01
62721ddb070ffb1e00edd35d85a2f616,1,credit_card,1,51.7
628892249eb28e0376c57474af8ffb26,1,credit_card,2,211.01
6288c084b4b8b9ed59cddc6793eba928,1,boleto,1,162.0
6297b306b33b7a9028dfaa203b9742a3,1,credit_card,8,82.67
6299bb8e855289b411394e216495f96f,1,boleto,1,371.94
62a2786bc58bb6ccba3e93b2d9664045,1,credit_card,1,71.75
62ce4e3989a3477928510bb4d1064cc4,1,credit_card,10,276.34
62cebc207886dce8b9f4460a1266bfdb,1,boleto,1,99.33
62e32bcad390a6d5236b810ab2034edd,1,credit_card,1,120.08
630d50b3a0f69b6ee270ae91d0594969,1,credit_card,5,126.05
63521dde368b991f973cd4ae332dbe1d,1,credit_card,10,124.84
635c8d3ab47b7448b5d6c81dc9b7526e,1,boleto,1,48.94
63ac66255bb4562cd506681eb19c5be4,1,credit_card,1,110.44
63cb6e6a5632d2fa0406a8f3c6eae8cf,1,boleto,1,100.12
63e7f3b68db3707aee7cb7b4c10db358,1,credit_card,1,58.72
63ec341d048559b0cb4216945930a486,1,credit_card,1,42.58
64214eee33528e79cda8311c1a40d259,1,credit_card,6,61.76
642a8a89c36a8b2f4884cd8e68168247,1,credit_card,3,71.72
6442e3b05a42edab01b9e1d93da84bc1,1,credit_card,4,41.75
6478538d03095a03a2562a4fa6a658f6,1,credit_card,3,195.56
6482040c4887d33a7129473d3db4d0bd,1,credit_card,6,215.19
648e0ac5cc6c2c2f7fa83738b193516a,1,credit_card,2,210.36
64a49ec4515de1ebb60ba7e7b26a3893,1,credit_card,2,139.0
64a6930359fc275c86dcadea2086895c,1,credit_card,3,106.78
64c43896c03b8f6f3ee2a5927ff67d7b,1,credit_card,10,151.83
64cc5ef24e102ee02c47f7a1967b8d27,1,boleto,1,60.85
652436e8f3a1ba0f1eb9798fedb75426,1,credit_card,4,84.23
6542055e71e2ba285676fe57d0822618,1,credit_card,2,40.37
654236657c61378a35416f08170ff0ad,1,credit_card,1,81.68
65492cb556d99eb900c65a4ff79fd3c4,1,credit_card,1,36.78
654c5ae02ab59fb154d128fc5d5418e4,1,boleto,1,96.35
65a9d3006386a380f4b594577a01cef0,1,credit_card,8,431.28
65ac166c30ce56f69586b063209ba83f,1,credit_card,3,71.91
65d13486abbd44fdd686246bc21c5b75,1,boleto,1,224.87
65d5ab70320210b215c305db9ff2f1c8,1,credit_card,1,101.84
65dd9664feba93680da24da77168ad7b,1,credit_card,9,182.15
65e560b80ca884377880a124eb79a349,1,boleto,1,86.15
6605d4026bc07926d30228dc4de3f89c,1,credit_card,6,82.34
660a7ffb4e94f34f45b4a1e2c04916d6,1,credit_card,1,117.96
6611a632dd160c4990e284877626223d,1,credit_card,4,86.99
661d0bde7291e9a8761e0769cf4d954c,1,boleto,1,164.84
6644170ea0130942cfb3064dce01004a,1,credit_card,2,333.68
66460ca7e4dff034a9ac0ec80c7fdea8,1,credit_card,2,83.02
66460ca7e4dff034a9ac0ec80c7fdea8,2,voucher,1,14.98
666ee8dddb0138c7703e3e2a8bb8919f,1,credit_card,4,114.58
667d5edf566de718db1489ba407232ee,1,boleto,1,182.36
667e11eca18e4b0a93611781f8b18302,1,credit_card,4,91.18
6684083994ae824286f8b72945b60758,1,credit_card,1,63.65
66b9e5412dab143acd97cce94000eaf7,1,credit_card,3,82.74
66e4624ae69e7dc89bd50222b59f581f,1,credit_card,9,91.68
66f09793372dff42b079b7578f7157ee,1,credit_card,1,82.33
6700e4a77b114b2f0fac57e19e6182d6,1,boleto,1,91.05
6704e7402168366c804f2bc1cf9c2163,1,boleto,1,156.74
6709606f3773c59d8bed53c0d9bb614d,1,boleto,1,108.64
671d3f16cc641e15fb8b5df50be64cac,1,credit_card,6,125.22
672b229b951f5c0e6a574808b406bd53,1,credit_card,6,91.75
672d0085da7d96c6350cb54170e4b944,1,credit_card,2,324.64
672dbfbd96238e4d07021fcdd9152b6c,1,credit_card,2,911.01
6732b3592160273b239f331a101494ff,1,credit_card,3,75.29
67418605ab8f9414a2e238bbcdde1312,1,credit_card,1,139.89
675696464e3f1ec45c04dc5b171b2ed4,1,credit_card,5,113.89
676dc08d3b7a83fc6f45f5e0eb1a2d9a,1,credit_card,4,243.4
676e56b18ff6a72033c922409a9d3a02,1,credit_card,3,148.2
67756d84a71c958f3c19cd41a7580d9d,1,credit_card,1,105.63
67773c483666d5120da1ff6188d8a00a,1,credit_card,4,44.0
678e948d6ef6324c0891d0c714d23946,1,credit_card,3,292.37
67be6410d453784501c125d4f0ecb741,1,credit_card,4,785.2
67c158dbe43ced83f43cdf4ff66f556a,1,credit_card,3,64.1
67e2b633b65efc08fed5fb68e325761b,1,credit_card,3,49.67
67efc48800e617879edb36f04f815c59,1,credit_card,3,814.96
67f38c0b9d8a42541af92de7b6a19ea5,1,credit_card,1,30.42
682c57bc2cd98a0a198ef4e82e7c806d,1,credit_card,5,105.73
683481ae11f5f4ccfd9263a3bd7f25d4,1,debit_card,1,150.78
68507de712879fdc905ed762ee009d0b,1,boleto,1,186.82
686c017e3f991d5b96cc80cfb89d7d4f,1,credit_card,5,51.64
687b92f8f248395050a7f8147dab1ac8,1,credit_card,1,61.19
689213e7743f18906e01c88ccd31e880,1,credit_card,1,149.62
68b3cbc68e4cd1fe19bec35f1d3bb7ee,1,credit_card,8,80.33
68ba2f5321a125f8524a6e7b2fcbfd94,1,credit_card,5,204.06
694197f98148ec200eaeea667995bb35,1,boleto,1,253.69
695b3b57992d9247ea1b44bc6ec32978,1,credit_card,3,328.08
69727f8e9f934f9177e36f31d1865c2a,1,boleto,1,70.47
699787f56da4a1d2e5ef4ac575681986,1,credit_card,1,121.4
69cc23e617dbfab387624fc10fac7167,1,credit_card,2,109.35
6a18a1eddac5656cac7e8bc4f06562c2,1,credit_card,1,28.75
6a276c227b7bb9659f04c271e30d381d,1,credit_card,2,197.41
6a29f292d5b7ce8ed3760e8480da5f55,1,credit_card,3,130.27
6a3c03b4d8dd9b6cf04b7c09c5cf6627,1,credit_card,1,46.5
6a5843185f8ef3ed2de016f4d88be0ec,1,voucher,1,110.36
6a5c14e6b9a898873a371e04d2e8f4d2,1,credit_card,2,116.1
6a6c30136e870dc8e8338fbb826ee41e,1,credit_card,10,1498.46
6a82abcbfecb37ea8663513f7c4bf302,1,credit_card,5,500.85
6a92e66b9d3bd75efeb50c6494ede745,1,credit_card,2,64.13
6abcaedd175c7aa362cb758f3f728053,1,credit_card,5,271.43
6acc8234fbe95cdf6e5e160bc5a23ad0,1,boleto,1,207.33
6ad336dba0613cde0e5717f50dc8c669,1,credit_card,1,86.83
6ad40910813e5836d9698b103b222e65,1,credit_card,1,104.54
6ad7862e05692cc6d511bc83ee4669d9,1,credit_card,7,76.07
6ae0348c0cca83cc28ca3bf25d9e60fe,1,boleto,1,179.12
6b2f7dba402cf63ca207bbe2cc05ef67,1,credit_card,7,71.01
6b9ac2a31d647731d9523ae035f17dbc,1,credit_card,2,139.03
6ba0683fc45576a6050dfba5f9c41bb1,1,credit_card,5,219.49
6badfcc75dd97eb3cce25aa4bc7dd773,1,boleto,1,999.68
6be9be082a8d228c8d43056cfce0c147,1,credit_card,8,111.89
6bef43b399ad748e06bfbd0a31efcfb9,1,credit_card,5,198.9
6bf16500099d133a8d085444083a6c90,1,boleto,1,71.96
6bfc71c2f11f45fc225b1e1476d0b6cd,1,credit_card,1,150.89
6c0537a01fc638909ee26a49faa4c8a6,1,credit_card,1,51.75
6c5139dc6f51884e3aef7c8359d820c5,1,credit_card,8,190.98
6c6e0980a0b7646b5ccc523ced08876b,1,credit_card,1,54.03
6cac20dcd1e9ad064b34d1148de9b9ca,1,credit_card,2,98.1
6cd5b34948dea7baaf9c2dd4f429c611,1,credit_card,1,47.64
6cfa5243a13a7ea9c5b37fba140d4f9d,1,credit_card,4,140.56
6d0e0e8907efa53405051c14ba17f58e,1,credit_card,3,58.13
6d0f81ca5d316d5a79829a1cfaf85237,1,credit_card,4,313.86
6d182a625d3780efba31f2ad22cec6ba,1,credit_card,3,121.09
6d2d513c85c6b40a59a24c477959acdc,1,credit_card,6,129.95
6d6175b9c1b238c3d6b510b070f96ed1,1,credit_card,2,207.27
6d6491e68b2e416f68ec6e23e004d3a3,1,credit_card,8,154.26
6d885151b431516792fbfc7d393c90cd,1,credit_card,2,163.7
6d8d761e59ad4c88b15467b203d3367e,1,credit_card,10,258.68
6d97e3d5d9043bb4fa4f8fd0b4d9f230,1,boleto,1,38.68
6dab6db52d5bc33fff997ca478ef2f5c,1,boleto,1,86.79
6dc5cd36ae0ca772e70e387e25f032e9,1,credit_card,7,146.0
6dc67cb39f917644a71c8f9410d6505a,1,credit_card,7,147.06
6dc82b96e967ee5e211d1690573f8de5,1,boleto,1,141.75
6dd1e9171ca5bf5283a7ba404d491d7f,1,credit_card,12,198.41
6dd49a48b361f1d0f6d8241dd029dd22,1,boleto,1,116.85
6ddbe0f503c2940cf5d24e1d8efee655,1,credit_card,10,811.29
6defcba2f5df4f21c16be676addd3ce7,1,credit_card,3,101.12
6df5b7fa93966d4105dd318883a09a41,1,credit_card,1,45.77
6e1c9b0136456e44d5b1d74c5abfae85,1,boleto,1,87.58
6e228f845ad0d104a3e3c343dbfd0c19,1,credit_card,1,26.84
6e228f845ad0d104a3e3c343dbfd0c19,2,voucher,1,33.34
6e25a89b2b006e7da0ff978bdcfe66db,1,boleto,1,140.76
6e4136c5ace9e2c496768e5f6e97abe5,1,boleto,1,315.92
6e810ea04c2e8b0bd5983f29be221d11,1,credit_card,10,247.75
6e98c6485a5b20c9644e1dd3125e40ed,1,boleto,1,346.51
6e9b3d5868d4efc61bfafde4d03c6ae2,1,boleto,1,34.71
6ea05fe0bc7ce79a766cea430fb1ea56,1,credit_card,4,98.22
6eae3cf9505d45a6663aae819a2252e9,1,credit_card,1,21.04
6eb436e1a42af6f8b731fc54576181a5,1,credit_card,3,63.27
6eccf2d285566975653dcf25ec2f21ed,1,credit_card,6,105.52
6eccf2d285566975653dcf25ec2f21ed,2,voucher,1,68.83
6eccf2d285566975653dcf25ec2f21ed,3,voucher,1,5.02
6eccf2d285566975653dcf25ec2f21ed,4,voucher,1,6.18
6ecdb27739986bd7ba9b2817c39159e9,1,boleto,1,30.0
6ed3f553337457d7804e8c39b580ce89,1,credit_card,10,113.62
6ed97d236b7eb297787b4002f3efee17,1,credit_card,7,141.63
6ef401cf776e0393085115618d39f6a9,1,credit_card,3,158.77
6f4452481a003461b40a81ffa3605ac6,1,boleto,1,22.33
6f45fec2b3df1efa2877044cda7a6143,1,credit_card,3,138.73
6f51907687d51529d5d0a147cf761f0c,1,credit_card,1,77.89
6f5e589af963263dc343906250c323ce,1,credit_card,2,150.17
6f7167ff12cbdba10fcff1ad215166b7,1,credit_card,1,26.83
6f8c04e8edee74deceff537063bd46cc,1,credit_card,1,260.46
6fa0c125ee7d870f6602c97e33d87bc5,1,debit_card,1,45.71
6fd3f9bf79e48b384ee918cb691483ec,1,boleto,1,131.61
6fe1a563bdf47496b8bba2d6c5149468,1,credit_card,5,185.32
6ffb3f1686bceae3466facf7e02ce3fb,1,credit_card,1,32.0
701908713ef197558a29b03c00fa4ded,1,credit_card,6,63.1
704be8bf8fd6f9246d75c2e09734cdf7,1,credit_card,4,40.29
70644768ae200b063d8fc6d47cc85ce4,1,voucher,1,30.0
70644768ae200b063d8fc6d47cc85ce4,2,voucher,1,22.0
707ce3d3698a90d1ab9d9c2dc47223c2,1,credit_card,2,128.85
7090915026396fe970a03b8c4c6f0d95,1,credit_card,3,71.42
709926b31b6288e322d926e2b93459b6,1,credit_card,1,93.68
709c6595b82e501a8c6a767b30aaefbb,1,credit_card,2,64.0
70a186c8d58272cd86453ce487362fc2,1,credit_card,1,35.0
70dc1650fbe7679b733b3d80d3073765,1,credit_card,3,99.33
70fe4499137ae8b063ffb41f3833c2b4,1,credit_card,3,148.18
710d9b541d2ae52ef56ef33f5e1b795c,1,credit_card,8,308.27
711b9be9c346d9ecdb9d38a5e1e7e39b,1,credit_card,10,202.77
711f88786eb588f0a5925cbc8282f3e8,1,credit_card,1,174.04
7144ca093cbdecfdfc3e76d49da6ffb9,1,credit_card,2,205.24
7147bfba27147cf06600e5a1577d3a4b,1,credit_card,6,122.78
714d9fe4cfc8fdfedd10c4a30abd4f34,1,credit_card,8,233.38
714e708f39c09ff4048aa43423ab2a0a,1,boleto,1,202.63
714fb133a6730ab81fa1d3c1b2007291,1,credit_card,4,96.01
715645f32042763c55a177d5460e0c38,1,credit_card,1,49.51
71603031182fa8f497b5bae069bb9361,1,credit_card,2,63.5
7166be578429d02a7a8b066cfd4a7969,1,credit_card,8,87.36
717655141667e7ddd98d141db089030f,1,credit_card,3,205.55
719a96d91d44ae214ba638b02db33331,1,credit_card,2,29.24
71a0049f34d4d5b556c2194855da9771,1,credit_card,2,151.18
71b3ddf23337fe1597d27c6af949d17a,1,credit_card,3,125.51
71c467da99c1f688a401a10d9ba6814d,1,credit_card,3,75.06
71f3711def0641f613b693af7bf61083,1,boleto,1,82.12
723941d77928846a4b2ec4612303bd25,1,boleto,1,174.39
724b19e5eca8ec552146bf7904b4cbeb,1,boleto,1,87.8
7264146dc0b366ab7e89b2f947bff7ef,1,credit_card,1,70.83
7282809524b9b429bb37460b46596293,1,voucher,1,79.51
7289e899d9083d1c93469d36a42d1dea,1,boleto,1,141.45
728aef02244c36e1fc4ccfa9c0399c7c,1,boleto,1,264.31
7296ad758e6c852b351261c5eb31bf51,1,credit_card,2,80.39
72bab69c50432c6f94d8b50a5f84b69a,1,credit_card,2,136.93
72be45eab146087612b9ee932e825574,1,credit_card,6,128.55
72bee274b97b852ee7741bfa0b924105,1,credit_card,2,132.6
72c1d87887d0b9a3965557013e74f543,1,credit_card,2,139.69
72ef7195413663ba7dbe40abbdf02617,1,credit_card,2,69.7
733022e671d2bb3d8f678175a31177d0,1,credit_card,10,124.27
736813b41544d3ca0ed5d508802f4ca1,1,credit_card,1,77.57
73863aca434e1d117e45109bea6f1937,1,credit_card,2,1841.75
7388c6ff667e30b4ba78bdca9dccd818,1,credit_card,9,506.48
73aff38a1baa00056cd97d9a0e8e0c4a,1,boleto,1,101.34
73d5596cd40ea2ece8accb9b4e5fc938,1,boleto,1,54.62
73df19345d0de1ae473fdfd37070f16c,1,credit_card,6,368.92
73e1aa6df2a82994c73c52e4f46f1043,1,credit_card,2,225.51
73f38e238737fb52c78ba2002c2e9213,1,credit_card,4,43.94
742dbb1a78c6cd58266bd0ee8fa0c89e,1,credit_card,1,147.15
745e2506fb647deca4669e1c88ce9783,1,credit_card,8,491.52
748db62700c925a0db2c4b00ee25849c,1,credit_card,2,112.42
75213e459cfe44a61c496c864e0a8c63,1,credit_card,4,48.1
7532f61a8fc7649fe822d89af2ff0a76,1,credit_card,3,36.35
754f7ec0dafafb537986302c08311dc6,1,credit_card,1,45.1
75559e14f308f4ff08427c567ae0a370,1,credit_card,2,151.99
75926452a6f0f64a617dcb3b3b35a96e,1,boleto,1,50.0
75e8542a91d9e76f206025e089a981f2,1,credit_card,5,228.02
75f0605fdfa742b228b0d080be350b26,1,credit_card,1,69.85
75fc2d6227460881589d526e733e0499,1,credit_card,3,82.33
762e4a2e910d175a0fdabd749ae55d5a,1,credit_card,5,52.23
765442de6466c0bb079c22b8b20e0eab,1,credit_card,2,367.65
76c077c302894d52a9cecbb6bc322b24,1,boleto,1,110.3
76ccfd1f50385cff04dc3ba521500b47,1,credit_card,2,45.1
76d5f81776bd863daf8fa0a5a59b7f9b,1,credit_card,2,257.78
76f27a60facc0c9b7ee8344eeb60c7a1,1,credit_card,10,957.8
771b1c1071afb60efdf55afffd0ad25b,1,credit_card,1,95.22
773df75aea7caa830e319150c9e54c90,1,voucher,1,47.45
7743e2bae1581bacb82f160d1c69a54c,1,credit_card,8,629.13
7772d2a6ca50ce99296982433145582b,1,credit_card,2,55.13
777b4b0b8467866361a717d277ef1b1f,1,credit_card,3,94.52
777f517b51cac586a9532d1d8b596c10,1,credit_card,1,144.12
77810238ed0e20808a213bcdb0de6ae5,1,credit_card,4,53.79
7787da2148a7cb3d33fb258e674f8a3e,1,credit_card,1,137.99
779b99958efa89d25b8c9a64164cdad8,1,credit_card,4,182.84
77baa217632fcbf3656de4ec4a66b0c4,1,boleto,1,204.17
77e9d2f71c740441b1fce48743b8e358,1,credit_card,3,67.49
78275af5c9a2f3d0e1d19f9f4bc62922,1,credit_card,3,89.3
782d3bc431fb7dfe50633f53fff4ac62,1,credit_card,3,46.63
7853cfd26dee49109295b3e604567180,1,boleto,1,125.8
7856cc6567e7f703152d17ff0c152e3c,1,credit_card,3,197.82
78585e48819bf50518947925be68ab86,1,credit_card,2,210.11
7859b34c6e7f3afe12f010b2f1d997b5,1,credit_card,1,70.83
78652a80b5afacab99c641f855a4b00f,1,credit_card,1,40.81
787ae1110521f3a8bc19a7ac93b8c914,1,credit_card,2,25.03
788fdf598d5dbd1de9c4865b1b1824bd,1,credit_card,1,111.62
789be7af719fd7c9ac8ece69f76f876f,1,boleto,1,101.93
78c13513d30056e98c389d49a5634361,1,credit_card,1,53.32
78e9bbe6fc21f7945284233b6be94154,1,credit_card,8,218.64
78eccf94d43a3769c3eff6e740758c1d,1,credit_card,2,130.11
790e0b2139af1d5c7719c82db89f56d1,1,credit_card,1,36.61
79286de1c26bd9ff41852780758aeb89,1,credit_card,3,68.12
7937987ff13bd22aa39304d525e1eafe,1,credit_card,8,921.05
79398f97f77a8ba43fdb4e00b1d44cc0,1,credit_card,1,42.01
7958d9e7f3083099780539e0054d0c54,1,boleto,1,48.08
799236014ffd7f07bb4ab4172f2f9a56,1,credit_card,1,112.71
799e53347e276d82f68872b6741bf731,1,credit_card,8,116.85
79d1b9fc8db94431a92d87a19439ecf5,1,boleto,1,93.0
79f9a48657445e95909801ea6a7e44a3,1,boleto,1,39.22
7a0256c1bbed2e05c3c312f6b89aba71,1,credit_card,1,76.58
7a0698ce87fc4cd3e171e7361f0bc0b5,1,credit_card,1,138.94
7a2c45e504da96aebfc8a8268e49b920,1,credit_card,2,42.78
7a53fed7f9006ef9325efa365e6a1992,1,credit_card,1,446.2
7a7375f58149053d599aae579288fd96,1,credit_card,5,448.51
7a7d2c889e27d93b2005462a8788e168,1,credit_card,3,35.86
7a892f60ab55f0706eb2386da59a4849,1,credit_card,1,93.19
7ab1a9babde2a1355e3075d07ea895e3,1,boleto,1,35.19
7ab64f42a8f9ab290e920eed320d7e60,1,boleto,1,76.08
7ae08d7647a19235b8c81f7769a1714a,1,credit_card,2,61.11
7ae97f48d1e1624e8baae4a3faee4837,1,credit_card,2,312.74
7aec44a29db806091272db5aeb0007d4,1,credit_card,5,90.39
7af55e090c72474dfc02e91b82ed8c25,1,credit_card,1,61.73
7b1ac4e60f6fa1bcc21cbd258f6ea1bd,1,credit_card,6,120.69
7b2c820a0c74e5a87489ee2463ae2492,1,credit_card,2,107.78
7b4dd7a1e967f3c305574c48bf4045f5,1,credit_card,6,68.4
7b69c36bb030670f6cdf3f18ef627824,1,credit_card,1,39.44
7ba66cc7f94f613ad60852e42e42e7e7,1,credit_card,1,34.0
7bbf1280be83a8ea2790e7b3a5aab7e6,1,boleto,1,125.06
7bdcc37d1c5c4c392f14375e50a41a04,1,credit_card,2,106.15
7be469d9b115e2a08cf56be2d9250b8c,1,credit_card,10,315.63
7bec0ef2b65e6c75fc082d823d0a59ca,1,boleto,1,94.94
7bfaace314d5c68160cbbb20c50b1438,1,credit_card,2,114.73
7c01abde845d563a594a467b6a2afb67,1,credit_card,1,76.28
7c0ed8940b941dd6795dbdf0eb639195,1,boleto,1,117.36
7c204785100c09c72acb28ef9a1f2fe2,1,credit_card,1,36.29
7c6146547d5509c612ec26867d1cd47b,1,credit_card,8,433.69
7c6b6a9c3d77dcb56f9d216b3edbb1a9,1,credit_card,1,7.36
7c6b6a9c3d77dcb56f9d216b3edbb1a9,2,voucher,1,100.0
7c91c3456c73201bef537307835f6ac4,1,credit_card,2,29.77
7c94a691cda1b50778849a3e52d45dfc,1,credit_card,3,60.0
7ca78299e5ac08885988b1cc259d16a9,1,boleto,1,75.07
7cb6e4af5a197f3923e8c8358ca71f0a,1,boleto,1,399.88
7d11acc91c9f1986270f23fbf9c93e4d,1,credit_card,1,88.88
7d265b674601988f57e127c10abba93a,1,credit_card,8,409.5
7d3636cf3c3e12cd619c2ba47773c24f,1,boleto,1,28.75
7d37719edab33266657f56d6739b837e,1,debit_card,1,173.67
7d71b84967ce50629f24530e64ba7938,1,credit_card,10,569.16
7d7bf3ee337c36ce012762da5f28f53a,1,credit_card,1,170.3
7d8cd4ac1b0c3a31fddc3198d69fc133,1,debit_card,1,45.2
7da4df77f0a4adfa2546db02ff7f23e0,1,credit_card,5,181.79
7dfc0c4ee8e0efa633fe97c0409da2ea,1,credit_card,6,143.15
7e03ea2749db964d64386d5ba76cad36,1,credit_card,2,140.56
7e27277184720891692df939d3a7b048,1,credit_card,1,78.54
7e2dddf174cc4d2768bf39c43ab2bd7a,1,credit_card,1,159.35
7e441aaf6e4a5f2985bbe36be6e59208,1,credit_card,5,187.96
7e4465ad21a49af2c190e90895c3edd4,1,credit_card,4,84.22
7e772cb45f952aa56139d1cce1c308dd,1,credit_card,3,72.8
7e80537703a1b61bf60fbc4d67e0d641,1,credit_card,3,176.2
7e95334097aff5b45c6ff379ab492cf3,1,credit_card,3,48.11
7ea0402bb982f8ff37a8a8ef5adc4786,1,credit_card,1,139.06
7ebb465e553544cd857833f5421c456b,1,boleto,1,32.69
7ec4063a8ed5b8e7ab1b7bdd7951ffa9,1,credit_card,3,121.39
7eddb5687b87b586fd0b69083ad64b43,1,voucher,1,97.78
7ef2e75823b06b05aec1e71f3b2b22fa,1,credit_card,5,120.45
7ef689cb709f1d6e42a9f52a93e2da25,1,credit_card,5,188.34
7f126ce314da7b5c37034cc7b24873a5,1,boleto,1,80.98
7f3a98ba983d8671d25c8cbcae5e9ee1,1,credit_card,9,485.51
7f52fe36580dffc15fb684d226b12f32,1,credit_card,1,82.61
7f724def94965291ea5556ad34f72a3a,1,credit_card,3,190.86
7f81d8bccb5531846cd177fd590ab260,1,credit_card,10,303.54
7f8627b25121727150b46207617a168a,1,credit_card,5,119.29
7f9df823add120adeb81bec9c2c421a0,1,credit_card,2,106.16
7faf8b9448b66f4a3ac98a312b3e7609,1,credit_card,8,1018.11
7fb2f6ef625bf7ef303f984bd8cd2267,1,credit_card,3,134.63
7fc9cfbe25b5e0d747a0b4ca5678aaf3,1,credit_card,3,243.11
7fd35dbb2e6b19af4c9e7814a650597d,1,credit_card,4,82.33
7fd922efa924f2c7b4f65128901590fc,1,credit_card,4,42.51
7fe1044f8a2fca89a6cc85fead509a72,1,boleto,1,59.78
7fe2184e6a2c80fe87a7ec1008364829,1,credit_card,8,237.07
7feef5128350d0b84c9b26309b475e8c,1,debit_card,1,145.12
7ffcf0c67ae44cd430cf6dae850cb79b,1,credit_card,1,44.09
800b8ee7ba7b89e615910b52e4b2f4f0,1,credit_card,1,60.0
802a16d8b5c3a74a38cf9216f429c469,1,voucher,1,13.4
802a16d8b5c3a74a38cf9216f429c469,2,voucher,1,14.29
804e5ddab73def7d5e86b8ae6f27e83b,1,boleto,1,156.18
805bde3649dd9d348ea3b77004f1c6d5,1,boleto,1,27.39
809c4ebcc270057a021dc813195717e3,1,boleto,1,70.29
80cc0c2852de298dd40b80a78677f13e,1,credit_card,4,49.38
80d0ad65de53f6ff0e3ebcbc52d3b3b8,1,boleto,1,78.65
80de3fd8e8d43a2f1c9b9561e8c2ff4b,1,credit_card,2,63.41
80e834c250ad9420643210e6f3b5bd37,1,credit_card,3,32.7
80f2ad91eff25a16d7c2f14250d84274,1,boleto,1,430.04
81039bb5e28d76cd6757558d5800a617,1,credit_card,3,95.58
81111cf83100722b6a554323c86a10b8,1,debit_card,1,191.95
812086848825c140a1472472a845a774,1,credit_card,1,499.29
8135d95a571b0c0529ad5624a7f72ddc,1,credit_card,3,137.93
8136bf2406388feb89749d0801840cbc,1,credit_card,5,64.22
814f83a0c457db5d3220e5e7367a944d,1,credit_card,4,94.21
8193580d95dea97d43937711060b2846,1,boleto,1,1391.79
81939d40c8467167b0946455d61ca8a7,1,credit_card,6,66.67
81c2d284094f3b39baddefb519a30149,1,boleto,1,319.9
81e59ee7e0269d15ff2b3c7dc8377f3e,1,credit_card,1,27.69
820c39d59fdb0ec31f14070eabca7a15,1,credit_card,1,16.95
820c39d59fdb0ec31f14070eabca7a15,2,voucher,1,212.47
820dae5229a9c2f6d7cfcf9e327c46a7,1,credit_card,8,232.47
8219ae90c37589227838ee62848266ca,1,credit_card,1,76.02
821c1b3c87d17a24efad81096bee5f09,1,credit_card,2,138.33
822430c455b49b1714466db2a15f4322,1,credit_card,10,991.2
823bfedb2c6c0e1d98750d4d7fb3c1a0,1,boleto,1,32.28
82546b6c4067f92f498a1cf281dd791e,1,credit_card,6,88.9
828b618008ee0b34f4648124668023f0,1,voucher,1,189.37
828cb23d35630c92b140ab22ff23c485,1,credit_card,8,106.38
82a914d5f7af95901a18ef83b388bd4f,1,credit_card,4,43.63
82b9b991770e6880a10a11c5a29da6d4,1,credit_card,1,60.0
82d48f3eb08cf0beca3cead1f85f525a,1,credit_card,3,71.14
82d8553c3dd123ec5e37807edc69fc76,1,boleto,1,76.89
82f67231caceb165dadf21bcc8f0ee72,1,credit_card,8,316.4
830f2dd158e996fbc6d363d90978d530,1,boleto,1,30.09
83170393ec3a57a446d28e0b5fe1f232,1,boleto,1,88.28
836f9b5adb4fe06d8980fb71fa06b691,1,credit_card,8,1222.46
83812118bb682267a9880ea1b261ac4b,1,credit_card,4,277.81
83832d7a696d54e9e32347d7cc7df962,1,boleto,1,173.84
838539a55877b06f3f297a3a0b7f46ca,1,credit_card,1,143.69
8391a032db0a71458e548af0b6e9eb8e,1,credit_card,5,335.47
83a748270a134df5ad432092f4e26e4d,1,credit_card,10,355.78
83bb596248fd091d99fa8d5aadde8fa7,1,credit_card,7,104.8
83c1379a015df1e13d02aae0204711ab,1,credit_card,5,271.01
83f24bbc4f76a2730ba9c9cfa32e6d07,1,credit_card,3,231.45
84152c38452eb1dec5ddae4198266724,1,credit_card,3,85.14
841a1c15177c6184088d268bc0f263f4,1,credit_card,1,166.29
842f46cb12e63f6ed6e5266efd2959ce,1,credit_card,4,134.59
8484c5fe4c5e00deaa868795d62d1db9,1,boleto,1,450.19
8490980aaf59839a601c4184474b9220,1,boleto,1,160.57
8497feec743d70689576b2849a5ae95f,1,credit_card,1,107.17
84b1048a4e9d46efbb9e5a65c973cd11,1,credit_card,7,142.54
84ce3bfa332a0a5e57045f91f6dce21e,1,credit_card,6,127.4
8505cbf7005b6ec865878f42abdb291a,1,credit_card,1,50.0
851edd7bad3021e86dd7fa72e9a5688a,1,debit_card,1,165.48
852fab0ef8986c549194d5959498f160,1,boleto,1,22.6
8531a53599c482d78f5eab067187c7fd,1,credit_card,2,196.01
853bcc471d6ed0eb620a497023eb9fa6,1,credit_card,8,138.25
854f58d1737ef431b98a28f2149a7125,1,credit_card,1,74.84
8553cd91f67faa93fd2aa45148bcc3c8,1,credit_card,1,37.59
8564eda5247ce8353cdf36e0ccd2f2c7,1,credit_card,3,116.68
85b1e09d7a230790544ffb86902bf77b,1,credit_card,6,157.44
85e3fe590f151c833f6a8a7e21983712,1,credit_card,3,69.04
85e414384871e93a0c457ccf0b0d68b8,1,credit_card,1,38.9
85f8ad45e067abd694b627859fa57453,1,credit_card,10,1961.0
85f8ffb0071e850ecba540ba938f32a9,1,credit_card,2,306.1
8624c1e28cde5fd7175aa2e87e03d494,1,debit_card,1,81.61
862510fc0a355d6cfe5c4add63ae9566,1,credit_card,3,245.0
864a3b3cc4c7ea1045528ea46f1848e9,1,credit_card,3,72.85
864c35df1adf744f8b1aed55f947f192,1,boleto,1,129.15
864e3fdc082c07a108b48b135caf761d,1,credit_card,3,68.45
867323864f390e786132fb596893b398,1,credit_card,9,94.21
867a96f5ffe70eb3e90140ff7c81cfc6,1,credit_card,1,43.62
8683ae8607ec5fd83805116545a82385,1,credit_card,1,59.22
869997fbe01f39d184956b5c6bccfdbe,1,voucher,1,94.63
86a864127a2656c4b4b742ae4a67bc1e,1,boleto,1,128.88
86b6e717cea86f8854d74e5b1df23e95,1,credit_card,1,63.87
86c8daa5f37e9b3e6b4cd745c6ed0a61,1,credit_card,1,45.5
86d6fa41b6c66125efbca077e4eb2d6b,1,credit_card,3,212.83
871785b214cc8a90e501c4a4200f25e4,1,credit_card,3,62.78
8734de190473a38f024d7d620012510b,1,credit_card,4,192.81
875c175eb6577637f9001b99dc54a7e1,1,boleto,1,190.82
87625edd5358ed519f479259e703b1fa,1,credit_card,1,79.24
8798b3a8e3d4a597bcde0dab8ad1de17,1,debit_card,1,140.08
87ae60ef8b08ae0e5f903cacb53a6904,1,voucher,1,258.67
87b11e8650942d90851905d1bebae8d1,1,voucher,1,64.02
87da0bebd85724d8dc20289da550ce1b,1,credit_card,1,55.01
87da4e556d02332032278169c291d571,1,credit_card,9,98.62
880835c91a5227560bdb8d0f45c60579,1,boleto,1,96.98
88130f20a472f28fcca9dd5d50358820,1,credit_card,3,447.49
8872e48bafe00195f92e3a6f1d81bfbc,1,boleto,1,72.18
887b522c355bcd896b5168f84a11e6f0,1,credit_card,8,490.52
8881dc280b8de23e6913aaee6bf61bb5,1,credit_card,2,173.91
889ea351c8a3773acec1c4652d87a9c1,1,credit_card,4,83.32
88b09d34d523862ed31c57b3c3b310e3,1,credit_card,1,292.72
890c646ac2f95965fe8b02b81cfcdc5b,1,credit_card,3,56.6
893164a028d4c803fb8a597327b48488,1,credit_card,2,195.0
897b4da63b6edde1a33a9fb7caf1dd10,1,credit_card,4,330.48
897b4da63b6edde1a33a9fb7caf1dd10,2,credit_card,1,14.0
898a3c6ae100548e40cb528dd26df687,1,credit_card,1,108.44
89bed55dd88d035e3b1b2489862e53cc,1,credit_card,1,9.6
89bed55dd88d035e3b1b2489862e53cc,2,voucher,1,50.0
89cb4134e0fefa08caaca5c92dce938a,1,credit_card,8,634.83
89d0eb869dcc92ab2efe63169f5b65ce,1,boleto,1,37.69
89d6544684b9cbacd492feb38abe4fe7,1,credit_card,8,643.34
89d9b111d2b990deb5f5f9769f92800b,1,credit_card,1,21.77
89dcf119ac3433da8745b713ac6e1e4d,1,credit_card,1,74.89
89e2bc56c561f718d762250d9d6eb0bc,1,credit_card,2,112.92
89fda551a6bc59c3a9d868a580cc6ca6,1,credit_card,1,128.31
8a15d9098e2b9a4a791e07691801bd9f,1,credit_card,1,80.56
8a302d5e7a9bf8493bce42dd0d629643,1,credit_card,6,307.69
8a5631237c1d8626971f2867b25c076e,1,credit_card,10,912.79
8a5fcb4314afcbf3906bd354138b674b,1,boleto,1,39.08
8a723730400b508cbf47fbef4a76ec8e,1,credit_card,1,80.91
8a9c9e6f36131fb108495efe07936f02,1,credit_card,4,204.45
8a9e16e628ff47d5e3cd022089c9082a,1,credit_card,10,162.45
8ac52bf45b719c91c665c11e5696f199,1,credit_card,5,234.86
8b1be6fcc4f86f65c9f71a73ed439f05,1,credit_card,10,640.16
8b4bf0534cfd5d9ebd380e8ac3df9c24,1,credit_card,1,27.68
8b5a2d60eee784b4c2f3c6d1f6e8811c,1,credit_card,3,115.21
8b888647a2115442e3a034d649699df7,1,credit_card,3,96.8
8babefcbfff85cc907e0ec86e9f0ffd8,1,boleto,1,54.82
8bbbef97d763f4dcf2e12cc5b5e0cee6,1,credit_card,3,154.7
8c0d3e155b9fbc9742ec0200abbc6c6f,1,credit_card,4,210.6
8c389c12aa23b689926d20a01729206d,1,credit_card,2,93.64
8c43035f1afa3fca88c0514d32ff70f7,1,boleto,1,146.68
8c58b2a5e9f75210cd15eae77b7441f4,1,credit_card,6,165.8
8c64ba171311b3312bd880905b8da534,1,credit_card,10,122.69
8c78d01de3a9009e23d6877a7cc9be20,1,credit_card,7,249.72
8c7b47a875c412c4303eefc88e9d92c9,1,credit_card,4,43.1
8c8d824536e2e08f134637875b9154ba,1,credit_card,1,852.49
8cbc1df0d0a62f36bd6de6496435e51c,1,credit_card,2,175.08
8cbe9120736aad9c8fdbf431bcd16e5e,1,credit_card,1,38.62
8d24e39cc7ee4017efd53c88a131b000,1,credit_card,3,112.23
8d40f6aeb11aa6d03d17b3fa59b14fbe,1,credit_card,1,188.06
8d7ec00a7df1f84149ee7f5ea8a73c41,1,credit_card,1,119.79
8d8a1fb20cc3bcbed0c51fd0c70bc538,1,credit_card,3,211.86
8d9a9808c4a5546adb15d524d6ab2e91,1,credit_card,1,14.86
8da23e61aecf8f2c23c49d53c6d16d40,1,boleto,1,145.11
8dbdb81783a3c754dc9441826510a36a,1,credit_card,2,117.2
8dc26b80bce71bfaf67ee6cccc4a141c,1,credit_card,3,103.14
8df2feeda535c3b57a1e8fd9bbb9e95c,1,credit_card,3,39.09
8e037d22abe0755825b4a5bd17135b23,1,credit_card,6,81.06
8e4f9161e403e220dee5b8eb22f0a3c2,1,credit_card,5,279.29
8e60a511ac30aacb9ded963801a906af,1,credit_card,3,198.38
8eac09785112ead8f11813bff461fa91,1,credit_card,2,53.9
8ed46f28f884bd76db1f8d95fc27a5f4,1,credit_card,10,267.48
8ee530ebcd1df2efa8f0f5b08ef3beb7,1,boleto,1,395.32
8ef7f8c19a00b45667841442d36ad903,1,credit_card,7,157.3
8f0057f230f19e9f7ad1a5566ef6a980,1,credit_card,8,838.83
8f3c52ba80c75571b11705b0405b8696,1,boleto,1,188.81
8f48df24381903f850d1c20b035f4a86,1,credit_card,4,52.47
8f4dff9c7bdbfd26aee6064637637f24,1,credit_card,1,56.6
8f5c0b7943a43043c30c4ed2cc43fda3,1,credit_card,1,70.17
8f91b7a70604c68b017c9f0f74149c1c,1,credit_card,1,54.22
8fd10b4326b26a7131022cf8f659abef,1,credit_card,2,135.22
8ff88873f03f1912c00741f8e5ae6c79,1,boleto,1,71.14
9028ef4088169735678d41597586d167,1,credit_card,1,147.47
9029ce944e85e8fd1f64bd03d9a36b9f,1,credit_card,1,78.51
905295157bd28424f6c3139dcde920aa,1,credit_card,4,106.16
90656a29c767bd72285cc656d21c0d51,1,credit_card,8,237.0
908c80ba9160e9d87007015b15aada39,1,credit_card,1,85.19
909fe8229847328fa7b5fa59b253ba25,1,credit_card,2,85.49
90a2ae3a8c450a4b8baba2fc8eb0fa59,1,credit_card,2,58.86
90b3ce1268706ec7923743d5867f26a1,1,credit_card,4,1251.02
90e4a419d8ab272d501cbed937d46920,1,credit_card,2,47.79
90f6194c9f26e2f8d1f955c7bf4c5f5b,1,credit_card,3,118.72
90f6194c9f26e2f8d1f955c7bf4c5f5b,2,credit_card,1,15.04
913677abacbcdc2b2f18b3ec362a0cdd,1,boleto,1,134.25
9183260cf469f329e0804feccc1cf0f4,1,credit_card,8,397.3
91b6cbbbf1622738a27f04f25306a6d6,1,credit_card,3,224.01
91bb03327725cc7058e5890bc6afda69,1,credit_card,4,175.33
91e6838f3091d5ea8d82bc61a52b5d58,1,credit_card,4,43.7
92067448c4d19cbdc8e0f8dd683e63b8,1,credit_card,3,178.4
923edd16abada2893b886d3757c73ffa,1,credit_card,1,53.76
92580e7039e427da2884d35809a95996,1,credit_card,2,105.74
926282951ac5113c0a44287b4a30d5bf,1,credit_card,12,157.22
926f8e6e4b3febd66f57a92de958be15,1,credit_card,1,119.48
927b55d4e72a05e5af01fa69bea2a4ac,1,credit_card,3,293.86
92a507a7a3a1fa4b94cdeb6699913e0d,1,boleto,1,103.58
92af9bafd80bcd2636471ac01bc77f60,1,credit_card,8,204.11
92b8ad8746bdc2d63f544dd75b17d7b3,1,credit_card,1,88.31
92bdfe9e203d9d027f9c26b8b39f6ec8,1,credit_card,1,31.75
92d210ae0a4555c611b5ffdf82bba88c,1,credit_card,1,77.66
92e3bc2d87e3b3c8d2357a4525d5af8b,1,credit_card,5,347.84
934803b43ca04b1cd088ae5e65a5ae76,1,credit_card,1,51.42
934b7f6dbf65d976b415011a2e286581,1,credit_card,1,1.15
934b7f6dbf65d976b415011a2e286581,2,voucher,1,26.95
935cbf337f50d03fc7ecfb5a601dc7fc,1,debit_card,1,57.68
93720f5a467d2edd5e84e209e8a9a4f6,1,credit_card,1,92.46
93b68446f352031c3899ff57f76f0a68,1,credit_card,2,135.22
93e89f81c82a22b8095dd19f7f973abe,1,boleto,1,47.38
93fac531a5d1aa75846d96103217e85b,1,boleto,1,47.5
94153bbf95f273c5b6c342d2acc6d017,1,credit_card,3,61.05
941eccbab1cd0aec1888e669e608e5bd,1,credit_card,2,186.79
942ca92b6dd15a40d979cc95c6b8c761,1,boleto,1,95.56
943eaec3487658de2dc5291e9c051e51,1,credit_card,1,65.0
94a4b177f8c0189f23514b5390fb396f,1,credit_card,5,143.12
94be3df49130338a06b3ec80bd606771,1,credit_card,1,136.8
94c0774e80f38694744a5ae2bcc9e1aa,1,credit_card,1,223.37
94c302f23bee09a61c1aab616b01b7b0,1,credit_card,3,76.56
94cbeb924291c55038f6d70ce58944d1,1,credit_card,1,210.08
94f522c26f2681ad053b999e34e7b317,1,credit_card,8,210.01
94f94ebc2e26aeea2aa9e8945cb9fb0c,1,credit_card,1,144.66
95160939719ddfef2f951cc36e468567,1,credit_card,1,57.83
9524a52b2633d2f96da98b947c60a4de,1,credit_card,4,217.64
953a453190f96f0f32ea10b03af65a08,1,boleto,1,97.9
955b3eccb8e0c21820f39caeb0309789,1,credit_card,3,30.79
9564dd2ea4d0f6f0f66b46258208ff73,1,credit_card,3,74.85
9567f25dfe794bcd32a2a16ec00d7e96,1,credit_card,6,67.6
9587bc545d7f5e1b8687a14fb3d2f6a9,1,boleto,1,162.65
95cf53396116b5dd518b5ba1c11a0bb5,1,credit_card,1,76.84
95d58200aba7137d350ed9a168c84421,1,credit_card,2,49.31
95dae95803419f516509a4b5fc8a2d09,1,credit_card,1,71.62
95e97906186d7174caa3a682de6d7653,1,credit_card,9,189.16
95f5c913e50f7b1edfe05e8a38ba88d4,1,credit_card,1,96.62
963dd4dc90067e6cc40c3ddb89e991be,1,credit_card,4,99.9
9646824929f3639e4b1733a40e3ae25a,1,credit_card,2,164.09
966816b575380366cf697b71679a90ae,1,credit_card,1,113.15
9692f3f8431de918c3daf5fd26a66668,1,credit_card,2,88.95
96a2b5167187b3cfde60cd245d421132,1,boleto,1,48.22
96c4604cd628d2deeba98d012743a455,1,credit_card,4,95.68
96d79140e31422ba9f8f990f4ed1addb,1,credit_card,1,66.67
96e4e8d7578138ee620bd65cced420db,1,credit_card,2,157.94
96e78a16640bdff7370dd73cb821fc01,1,boleto,1,41.99
96e9ecc667e4daf9dffd5ee2173815bd,1,credit_card,10,210.0
96f236475cf9ab0ff0c202d36a84b311,1,credit_card,1,123.81
96fbb3c21966b51cc6e5176010070f2b,1,credit_card,1,17.66
96fbb3c21966b51cc6e5176010070f2b,2,credit_card,1,19.09
9725871b2a067d972355980be11e7d1d,1,credit_card,2,132.03
975d1705d55439b69ab5bdbe5195624c,1,credit_card,10,117.94
97790d570870606aaa458c9ddad507c4,1,credit_card,1,58.1
97823d6731e59cd6b4f9d3ea113a976e,1,credit_card,3,30.69
97d6c1727b0d36b8d04035e35d86f40f,1,credit_card,1,132.64
97e11582eb8cdd7b83e35a4243d81f79,1,credit_card,2,196.12
97f6c1beeb18315f25509f009a45b111,1,boleto,1,148.06
97fa69d1dadf68e14380efff921e2f08,1,credit_card,2,165.81
98106dc1817ee224a51dc63feb059126,1,credit_card,8,333.81
9814a337a2470787f24426bf0af8b16b,1,credit_card,1,192.55
982f203457d0f597a575b40512d66b1d,1,credit_card,1,34.0
983878e0dee08c5570f8ec3162ac5927,1,debit_card,1,909.31
9845d84225d361cb655d4963c6aeaa87,1,credit_card,10,168.5
9855d762d535fda66aa7f273116aa77d,1,credit_card,10,166.29
9855d762d535fda66aa7f273116aa77d,2,voucher,1,72.4
985db56d4cabd2577d0960194dd2cd5a,1,credit_card,8,154.29
98750f114ae6088d04ea0d3cfe3f137f,1,boleto,1,24.52
987cfe3348684fc007a1e9a4825eadb4,1,credit_card,3,138.74
9887daa2e1181336df4be8ea011d196a,1,credit_card,2,123.32
98b2c1f7a79d3a9b3c053ac187ca9ac3,1,credit_card,1,33.39
98b59311f54a330a4abb1037b2a1449e,1,credit_card,2,60.46
98c809bf2e8392fc389fdf8e2bfbb856,1,voucher,1,569.77
98c809bf2e8392fc389fdf8e2bfbb856,2,voucher,1,469.13
98f75acaf1c9b0c2424f3b0fc6a22bdc,1,credit_card,7,74.07
992820d1ce536d61c8eecb0352245944,1,credit_card,2,115.15
9949f7af3885f27e84044841513de26e,1,credit_card,5,130.8
997cd4e2027406aafa35d5c0e270fe1b,1,credit_card,4,97.43
997fd4b37386d10b57d4ac8cdec011a6,1,credit_card,6,315.75
999b8d758771edb14fdf3f1a280d8a60,1,credit_card,1,45.0
99b504380657b5d582c36a7748f77842,1,credit_card,4,53.72
99bd93d530d8b588cc9fe65dddee7411,1,credit_card,2,65.71
99cf0f831c62dfbd52e4523910879f0d,1,credit_card,1,138.6
99d738d6bfcf410fa6924ed854246917,1,boleto,1,960.49
99daacedd8423e3b5169338429be0110,1,credit_card,10,205.9
9a0b2a68507680a6e151319e4b6e68f7,1,credit_card,6,891.86
9a3e437ab219133c20a7033be9087edf,1,credit_card,3,164.21
9a5e801a0c51ede9c94e91758554d57d,1,boleto,1,73.34
9a87b7f9b871b4725233e41e08811caa,1,credit_card,3,93.97
9a900606a9398af4cfd33ef935bb00ed,1,credit_card,2,77.66
9a9958a5b85d3a8dc6b52dd8c79b516b,1,credit_card,3,106.37
9abcbe39820292dab15332cef33e7a3c,1,credit_card,2,98.72
9ae2615288bae316687074b5dfadaf46,1,credit_card,3,54.86
9af6f205c7247ac28685a350094ce865,1,credit_card,10,398.86
9b11f3c4f8e84ce1374d64914b6a00b0,1,credit_card,3,160.53
9b156799a5b75cdf61bd52c0f7e04b61,1,credit_card,10,288.13
9b21d7e7e61740911f0008fc81681e63,1,boleto,1,124.93
9b32795311e821b3314911f55bb8a327,1,boleto,1,124.5
9b41711934b43494976d4412d62deb1a,1,credit_card,1,55.22
9b45de49b277899b23ba41cbb79d3a5e,1,credit_card,1,72.68
9b4b42fc4f3a0ff13e896d031a9723c8,1,credit_card,10,108.51
9b692faed4adf2e5efb7c98de308aad0,1,credit_card,1,7.9
9b692faed4adf2e5efb7c98de308aad0,2,voucher,1,50.71
9b86b1c24ecef19a6dec20a8750341f9,1,credit_card,1,55.69
9b92d4432c1758cd4215f3fdb1d623a3,1,credit_card,4,186.36
9b95554e4a79777fcb0168932c4a9522,1,boleto,1,1641.51
9b959fa2a6e44d5301822150a060b9b4,1,credit_card,1,47.05
9b95a53cadb5a007d0928bd00265ea08,1,boleto,1,25.0
9b9bad2c285cab8257e0dbadf191d8d9,1,debit_card,1,36.17
9ba0521c38be94b8c0028f57a8ec1625,1,boleto,1,84.23
9bad44921c98e1f220a667504bcffb9e,1,credit_card,10,448.3
9bc5c73ed95bec088ff04d924946fa45,1,credit_card,6,427.9
9bd1262011363cf74478ba1d6f04ab28,1,credit_card,8,149.26
9bd2f19fdebcf5928f0971caeac464d9,1,credit_card,3,369.0
9bd90698ab1e822ca4cb1e2a0de42fd4,1,credit_card,3,99.9
9bee2a0789ef47ce6515c171c803a285,1,credit_card,3,195.46
9c28244a57606ad0cd766dbef78f98a8,1,credit_card,8,131.76
9c5da765587b0ee5c54bf7fb708b4659,1,credit_card,6,135.96
9c64098aed08a0e6989201c41dd75136,1,credit_card,3,175.02
9c78e72b5160190f45195d6ecf7875dc,1,credit_card,3,117.73
9c7f5f2dbba113d7f850c122bf2dec03,1,credit_card,2,113.09
9c8b8ff59ab268b976e66d35464ac79b,1,credit_card,4,150.75
9c9519dbd0554cfc5c787fdc7fa8ff42,1,credit_card,4,257.34
9cc8a145d8be894ab07cdbd8503c4887,1,credit_card,9,271.54
9ce48efca38264fece92fb03a3e33562,1,credit_card,2,71.14
9d033f810cbd1a45838c0d451bbae981,1,credit_card,2,116.97
9d3978b7f31f3af1566b7acab0b91a88,1,credit_card,1,37.38
9d3da55bc185ccdbeccac8824c7330ae,1,credit_card,4,40.28
9d7f2c9f33008498700ffdc3162878fb,1,credit_card,2,114.22
9da02db988be4c6560597e90391a4cdc,1,credit_card,2,127.98
9dbf98463571bd46e501a18aa7c2899a,1,boleto,1,107.85
9dc0a33bcfa9c6bfa29e7434029a8631,1,credit_card,1,13.15
9dc0a33bcfa9c6bfa29e7434029a8631,2,voucher,1,18.02
9dcc4e7d4978e71c0c8c8562a72935fd,1,credit_card,1,308.79
9ddffc0194a79dd25662255b87eb9e09,1,credit_card,2,247.23
9df65e0ad2cbfa0485262629bb2b6605,1,boleto,1,72.65
9e677b4bbd5d55506d4d8f1e5182dcb9,1,credit_card,3,33.16
9e79eaf24f3a351f51692b227136741e,1,credit_card,5,52.92
9eb401aae2d502a73f4a27f97d3bebf5,1,credit_card,10,629.76
9ed3fcbe70866599d450a2a00492f7e7,1,boleto,1,50.09
9f101be6d0a10cb40cc622691e49714c,1,credit_card,2,146.68
9f26d6e7d343f91817f608ab2cb56cdd,1,credit_card,2,134.0
9f2c6714edee90964b0b631c22a22448,1,credit_card,1,203.7
9f76e95321ab8f7aa87cb1ec8152b38f,1,credit_card,6,176.99
9f7fdd2f2c7e4bb38623b722c3782e5d,1,credit_card,2,238.79
9f9dbdaa390ccbff68e07b6181e0b06e,1,credit_card,1,108.77
9ff3f5e7cee88825b32940649a3a2162,1,boleto,1,57.07
a005841d24a8532b663e347f1237ba30,1,credit_card,2,149.36
a0190a8aa681fe129b9a9ae80dfd9266,1,credit_card,4,59.82
a0224d0bc0030c9226e9613d6561a7aa,1,credit_card,1,73.96
a04e5564f7cbcf78fee1ccaab8d3b0f2,1,voucher,1,35.86
a05690d552685ceea5a59b90a278823d,1,credit_card,2,36.85
a05b1831c01baf69ce6c81050cc1405e,1,credit_card,2,116.24
a0718048b8aff866bc9372ef2e3c961e,1,boleto,1,171.0
a081d126973c9d0ea499b22774b035c5,1,credit_card,1,29.72
a0aef57f230423695817deb4c1b4fe7b,1,credit_card,1,20.29
a0c3da7d3585f46a33508178a1c205c8,1,credit_card,8,229.22
a0d0610703403a3ae85d5777c8c5897a,1,credit_card,1,85.79
a0e5cf8a708c50312bc633668bc0e306,1,boleto,1,112.02
a0f9594b2c2253769e88d55a77a469c6,1,credit_card,4,58.95
a103bbccbbeb3e1d8354f83f08ed2667,1,boleto,1,123.49
a10f8134732c1979eea697d926498112,1,boleto,1,166.5
a113213b73eab23b8cc9744a43f7f65c,1,boleto,1,34.84
a11b617c5514af0a6b5181041a897b39,1,credit_card,1,28.75
a11cd01ac67beef7e8bf09740d8a35c1,1,credit_card,2,103.28
a1534509a270687ff2247cebc502baae,1,boleto,1,151.7
a17fec30c4ce5a766edee3f4c7701c0f,1,credit_card,1,64.42
a1a43def14457b1136b6fb625b7553aa,1,credit_card,1,24.02
a1b0796198555011b19eb375a001b2c4,1,boleto,1,74.49
a1d7522558e6fc188998886235fbf164,1,credit_card,8,305.78
a1ea1bd909502b5214a0b425746fca5c,1,credit_card,3,159.39
a2253f696c9e2cba89d15e599caf280e,1,credit_card,5,107.85
a23f7ba42e3c12b58d1e24b1b7615d05,1,credit_card,10,367.22
a271a428c3186d0c7325878c2075a8d8,1,boleto,1,42.75
a275bfdfd07b6503afeea57892d3976f,1,voucher,1,49.49
a2ac6dad85cf8af5b0afb510a240fe8c,1,voucher,1,197.55
a2b932dba58739e74b19e8216b7de165,1,credit_card,1,37.73
a2c925a9aed482554a03fe2729c7b0e5,1,credit_card,1,29.69
a2e269d426176695531c8cc824265489,1,voucher,1,37.77
a2fc0d6559cd85b95e1a02c8d97d55ec,1,credit_card,1,27.38
a312bb85adfdd8a06eff1dbd25f527b7,1,credit_card,10,511.02
a319e5a7d941ce5f60830d792323b3d2,1,credit_card,1,22.38
a32f136cacf2a9b45eaeb507057b33f2,1,credit_card,4,115.94
a33a09b1320a130c61d1d5d9b8aec5ee,1,credit_card,3,138.11
a35bf517586a9609441f4d6f8db9f6d2,1,credit_card,1,51.01
a376666be364f3f82e0ca187cd014a86,1,boleto,1,193.98
a37bfcf3d20f35acbeb8802726c3fabd,1,boleto,1,116.36
a3a09d0a201027720550355df943b598,1,credit_card,2,155.16
a3a43dd512f51c100ca62a18f50076b6,1,credit_card,8,440.19
a3a81e0b3771258744b5002e1ab03ee6,1,credit_card,2,27.42
a3bb66c7c27c79c21aeb788254e52626,1,credit_card,1,80.82
a4285d97aac2bc967bd5b9f50db5b3c7,1,credit_card,2,157.3
a434cfda13115168ed9fbb287031eff1,1,credit_card,2,115.9
a43bf41cb94b07041262735892521605,1,credit_card,1,15.76
a43bf41cb94b07041262735892521605,2,voucher,1,125.67
a43d72884af5f964762b9070af86b567,1,credit_card,10,837.31
a445af0d83713885b6b576796191b1fa,1,credit_card,8,225.57
a4736d7f64163c9072e4aaeeb18f3aa8,1,credit_card,3,163.79
a4f9f0de4e3a9448542ac5a53197839d,1,credit_card,3,218.55
a526fe23020ad8b0d2b1081b7f769452,1,voucher,1,349.49
a5286db4d5cd7fc8c7d997f24a7fe85a,1,boleto,1,206.29
a52f0272f9150859ede915bb2eef1bf9,1,credit_card,3,220.4
a542babfe6f6339952a1f699ddc1868b,1,credit_card,2,248.51
a5a6776969179ec8c6942c432d35bf3a,1,credit_card,8,289.95
a5be0f3a1b2874d7a949d0234acd688f,1,credit_card,1,312.39
a5bee526a0ca9f2a66f3704b82ad7833,1,debit_card,1,26.24
a5d049fb139be4e41df304569addeef7,1,credit_card,3,118.2
a5da284831a584245b8ab3cbce6eea11,1,credit_card,2,128.88
a5e7e590a77dc838c0311d33e0c88abb,1,credit_card,1,168.04
a5ee069718f4fc72e7a0567f4a45ba53,1,credit_card,2,107.46
a5ee139d1586d2d22c21ce7048e1d36d,1,credit_card,1,28.56
a5ee139d1586d2d22c21ce7048e1d36d,2,voucher,1,28.04
a5f429a0b94f15b78d957ff59c461c44,1,credit_card,1,30.44
a5f8439f1e560659a492608e370ecde2,1,credit_card,10,232.19
a5fec99e63565d20d4b127479d9947d4,1,credit_card,1,107.27
a61af3cdf328f1d0a9f63286918c67bd,1,credit_card,5,100.83
a6401d6c8f6d0df7821a17a628c1f36a,1,credit_card,1,30.84
a6456e781cb962cc3f412b04de4fed7b,1,credit_card,6,66.05
a653bb2e2418fd13d746e3639879aa83,1,credit_card,1,1028.3
a66a0d868cc06abee5b71f206da03f4f,1,credit_card,1,148.61
a6a81ef0cba0e11e230b4d19a6e8c559,1,credit_card,2,117.27
a6ba138c34e43a8e0613646f065fcf57,1,credit_card,1,70.56
a6d26cc151cf55506e5fa88970b09edf,1,credit_card,3,159.86
a6ecc069c60805396f6a256b7b8e0883,1,credit_card,2,172.14
a7068cfd6d38617e2a752a01e40230f5,1,credit_card,4,92.02
a7087dc75317cad3db08ed7830b09723,1,boleto,1,168.2
a7144d3b7979d21c288cab0a459f7bf0,1,credit_card,5,417.81
a73d469a8747dea1740e9545d1051002,1,boleto,1,545.51
a762b5e99e0962bc51711998c7be8280,1,credit_card,7,84.16
a794d432d0990aa47220cda510a0a872,1,credit_card,8,249.02
a7a43f469c0d7bdb0a23a82db125aefa,1,credit_card,3,54.1
a7b3902a1a640e1f0d4f861d468c588a,1,boleto,1,114.45
a7b5e82b294d8eac1109824b0194abb9,1,voucher,1,105.98
a7b5e82b294d8eac1109824b0194abb9,2,voucher,1,38.0
a7b5e82b294d8eac1109824b0194abb9,3,voucher,1,36.81
a7e81b5cf4f8a13c638129228f4696fb,1,credit_card,8,165.37
a7f3eb9a2e38d344a3311dbbf4c5d9ba,1,credit_card,1,31.35
a7fafbfc43a11e5ba3d934121a63bb43,1,boleto,1,26.29
a8096d0b94faa1314dbd562efc6a0967,1,credit_card,7,87.05
a811f33c743a891f34de752bba733292,1,credit_card,4,193.39
a826cc67324e880829ebd6954f6ed5e3,1,credit_card,2,142.18
a84a2c86f42a79c101ac5783d3881645,1,credit_card,4,192.78
a8898844029abdc3064b4fed7ca04a47,1,credit_card,2,58.37
a89abace0dcc01eeb267a9660b5ac126,1,voucher,1,107.13
a89c7ca4e54f3cad7dbdb78b5e33c4f7,1,credit_card,1,18.66
a89c7ca4e54f3cad7dbdb78b5e33c4f7,2,voucher,1,34.27
a89e14734d926ba4f06da4c653abf873,1,credit_card,1,98.84
a8afd0d68136bf98efa8ecc64a0df6c1,1,credit_card,1,461.2
a8b53c7a7288e0478af915b26764b54b,1,credit_card,2,179.16
a8bac9fbf4f824af91ea3ec34f454ae2,1,credit_card,2,190.05
a8bbc485329f055ce3addabfbf8d4f86,1,credit_card,2,100.34
a8c12ad0f19ddd006359fef29b1eafc0,1,credit_card,2,113.24
a8dbaf4197af2f96f35fb65ad457c912,1,boleto,1,153.72
a8e595153c8bec02b29e66399b21e1ae,1,credit_card,4,47.29
a8f5a2b22f55e0af45b300929d1fdc7d,1,credit_card,1,47.59
a8ff452116db2ff4a2963f490afe5471,1,boleto,1,104.37
a91929c58be362dc4929f9b9c542a4ae,1,voucher,1,116.6
a91929c58be362dc4929f9b9c542a4ae,2,voucher,1,4.79
a92cb0dfef8b722e7edb2b8945fd8baf,1,credit_card,8,173.46
a9451e0c97199724d8edfc301ea8ca65,1,credit_card,1,255.69
a9456d47156dc580a5421d6b0a12074b,1,voucher,1,150.0
a9456d47156dc580a5421d6b0a12074b,2,voucher,1,17.2
a94c3f9f786e8db6bb345f6489942a3a,1,credit_card,3,113.21
a9514842c946fff73632509db47cc683,1,credit_card,1,86.64
a96157730ca02d9de4c4e4ac2fc49f2c,1,boleto,1,146.36
a966231d1abc5095725cb52a810d5694,1,credit_card,2,252.03
a96cbf770c38f70192fa361dba05fe32,1,credit_card,6,141.67
a977d2aee8b0f8204693983195733cf9,1,credit_card,10,275.23
a9810da82917af2d9aefd1278f1dcfa0,1,credit_card,1,24.39
a994e6b51de39d9a263918e2b37c859e,1,credit_card,6,216.51
a9b8ca11d1c4f895787b4503f3772706,1,voucher,1,133.9
a9c12c3dbd383763a49141b30627fd5d,1,credit_card,2,203.09
a9ebd6bcbc1aed90a92d93c774f2cdd2,1,credit_card,4,197.37
a9fa4232de4a87398cfab2a5bcbecc56,1,credit_card,4,213.83
aa0cbb40775d50f0535c3e4a38603b3c,1,boleto,1,82.24
aa19638830b7cc5740500c18ace611f6,1,boleto,1,162.47
aa1bc9f5fb6999f433bcbf6990661542,1,credit_card,8,236.8
aa45e41799067f67755e2e4e41925aa3,1,credit_card,10,171.44
aa57296ceb0b170f4823d71a06a43037,1,boleto,1,66.44
aa6e1f3a2b645a2b22e70084a30d2cd0,1,credit_card,2,43.2
aa732419bf67ca56341e5067fa0bc357,1,credit_card,2,42.77
aab255ef2ea7066420316c7ae7094fe2,1,credit_card,5,154.34
aaf2a2f9c59483fb9eb7d044abcafc4b,1,credit_card,6,132.91
aaf3296abd366f76ed7d26fe0ea4cdaf,1,credit_card,3,83.23
aafbb7deb8b53a1b559f530bd24ea506,1,credit_card,5,57.69
ab14fdcfbe524636d65ee38360e22ce8,1,credit_card,4,2262.8
ab260012c90cd3ee59bb8d18b97b851a,1,credit_card,6,99.03
ab2dca30f9aa2566e582854315d22d95,1,credit_card,10,215.14
ab34db6c283d8f91f11773a52711c317,1,credit_card,2,177.59
ab64dd52ffac216882def99c2768daec,1,credit_card,5,117.85
ab6ccded40dba2056dfa826368b5adf3,1,boleto,1,34.75
ab7342290dcd818479042d1def7583fa,1,credit_card,1,115.16
abc3e842e38ace4030133da4ebd501f5,1,credit_card,10,119.24
abcb42831f6165cda2570c76e90cda5d,1,boleto,1,72.57
ac28887de5f5bbd520cb77370e8b219d,1,credit_card,3,79.33
ac2dcc9201c601c1030aa6daa7337f95,1,credit_card,2,197.6
ac5dbdd1bd9d027a65020cace8e357ba,1,credit_card,2,68.61
ac67d8fc34e7d40fe10f3f99609eea60,1,credit_card,1,47.79
ac71263052acddd3b2031b5937f8fc30,1,credit_card,10,133.28
ac9dfcb098b29edba5d0cbd3b4febefd,1,boleto,1,44.78
aca33246293a698b982644421ce2170c,1,credit_card,10,558.74
aca44cb492f80075220916b0a4486b10,1,credit_card,3,199.96
acbe07f22f29ad7e5a78f30008cc6ec7,1,credit_card,2,124.12
ace21e63d47750bf1c9d30301b61db13,1,credit_card,4,215.25
ad1c343f53639ad550761c2653c191b0,1,credit_card,3,192.03
ad2a607cb972296b63c687849e21dd34,1,credit_card,2,162.9
ad37eddb1c31a48b3a6677488593b984,1,credit_card,4,97.08
ad5bf590212b05339591fac819fec669,1,credit_card,1,162.21
ad5e4b37aefeac1f582990bd5f5097e8,1,credit_card,2,34.66
ad6375df4d400deedc67049cfe1ae46f,1,credit_card,1,68.33
ad8ba259cbff3b36ec0a6c88e0d78443,1,credit_card,5,50.46
ad9a8214948a5bbd4fa03af2ea598a20,1,credit_card,10,340.2
ad9ad462491a04f6673a43f6ec4a54d3,1,credit_card,3,155.63
ade4397f52cb13f72b87939c8250e292,1,boleto,1,157.45
ae270175ffc265c84f5ce6a63c3a56aa,1,credit_card,10,184.39
ae2756437d2b0a5f0c9702d7ea130e41,1,boleto,1,44.09
ae55c180decfe41ac363c68f08a16003,1,boleto,1,40.09
ae647800f7009520d784c9c9ab2de7be,1,boleto,1,309.22
aed4ee357f34e0cc3ce296eb5829d7ae,1,credit_card,12,207.08
aed8a6355c72e229dbe6db611871f210,1,boleto,1,94.77
aee59dfc7dd589a60400818c624a6f91,1,credit_card,4,87.32
aef24fc9e8f2acb0fd975391c6be7ff5,1,debit_card,1,169.94
af0875390f2817270f7f82048e3bc867,1,boleto,1,177.93
af1c0dc1f2cdfc4a74069019fe837717,1,credit_card,10,420.07
af2bfbdf0c8be1e12b54c65605a0214b,1,credit_card,1,64.56
af42a8855a3f0b15c3878111efa19ba6,1,credit_card,1,37.6
af42d1d70bc955e5272039f5d271c392,1,credit_card,5,193.67
af5248d345341f797de31954e0d3d2f4,1,debit_card,1,138.54
af74091f111e705ab46de44f0f46aee0,1,boleto,1,105.97
af79884abd4a25e4ed96f94bc7db48b3,1,credit_card,4,142.12
af83f5e5f987977b6420b4763517beae,1,credit_card,4,100.34
af922ed57b4035c102a373ebdf34dbbb,1,boleto,1,92.25
afb61112fb99b07fe17e591c68c0c84c,1,voucher,1,2266.61
afc1e4183307b101e5e2dbdd876a213f,1,boleto,1,267.79
afd6fcb99a54aac6b88ff635b2e687ea,1,credit_card,10,226.68
afeb3354fc3b7d5c309239667cbee2b8,1,credit_card,2,102.64
b0478e447df29ef9a7efd1eb63de629c,1,boleto,1,66.78
b059ee4de278302d550a3035c4cdb740,1,voucher,1,222.03
b062c88d0db22ff6a4e37c2df0f85333,1,credit_card,8,148.22
b06d6a76d26b5692a9a6f974dde874ec,1,credit_card,10,227.26
b07680c80c64e1f1ca41d4337b5e773a,1,credit_card,6,136.37
b0945a79c684fa367896247e7afa4628,1,credit_card,1,86.73
b095ce1bfaa02fb7b9e58c39b30c4ae3,1,credit_card,1,57.97
b0a793772ff8d61844c0b654b342321c,1,credit_card,1,110.82
b0aab42458e44a4368d8e548c55f998a,1,credit_card,1,45.22
b0b0d3285e59abf2f6c9d7e1bf761323,1,credit_card,10,3044.12
b0b11a045f01b17c63a50af48627e177,1,credit_card,4,210.08
b0b2c1eac18964a383e18b20e718e806,1,boleto,1,105.24
b0b49de4bb38c36e7acd74d879631d6f,1,credit_card,1,87.1
b0cc2434ee3727e682222a0f745a5948,1,credit_card,3,145.01
b0cfe2eb432bba9a53dce35cd5793946,1,boleto,1,86.73
b102a55650928a816173fab1295e4759,1,boleto,1,60.11
b1135445c9efaedf0b492762d692bbcd,1,credit_card,8,156.74
b11e6ce66d797ee9120c9bfbd376ef01,1,credit_card,6,318.27
b124967afcc82ef17ec41020fe2a9136,1,debit_card,1,58.87
b12e5d725658a4566286153c51727af2,1,voucher,1,20.75
b132124ca9d69faf63989e08a5851151,1,credit_card,3,125.45
b14970227d9071f5930ab1774bc471dd,1,credit_card,3,85.81
b165a0179ee138cb24d5cffb1129afb5,1,credit_card,2,81.48
b178d37bc8cf0346e18f4ebeff294dcc,1,boleto,1,125.75
b17bd9337504cfa6cc07d6e08fe9c884,1,credit_card,2,238.69
b1829b9fc61d2f28d8668cd5bde29e3f,1,debit_card,1,28.57
b19f37ba4b4c83791c9bead49f965926,1,credit_card,10,1902.55
b1a4848ea79dd95fd703aa8eebcfdf28,1,credit_card,4,76.89
b1a4d93b091b621c2080d96449ded73a,1,boleto,1,189.15
b1b0b7314cdf43b80c205664d0199dcb,1,boleto,1,43.78
b1b1b0b5750f064412720744d890eaf0,1,credit_card,1,61.93
b1e7ea6ef4104c3bcd94c0b9260717b2,1,credit_card,3,73.61
b1f9095a10dfd9fcf032d74f71348e44,1,boleto,1,28.13
b203926285e72ba51c04c68b70666e32,1,boleto,1,125.75
b210c676cae65f95f7e08a49d195e1a1,1,credit_card,2,85.14
b22050106236d9b58750e8bc6418298b,1,credit_card,12,182.42
b22d306e18b3b665d49f2ce7d060742e,1,credit_card,1,36.79
b22d306e18b3b665d49f2ce7d060742e,2,voucher,1,60.41
b25640291e5a59b69aa7a1e7096925bf,1,credit_card,3,89.61
b262d7f5db1e8a9c23bfb44558c7e4ba,1,credit_card,5,94.31
b2664e0e967b1c146e574185530e813d,1,credit_card,3,125.39
b28e2ea00a9403b195f0c47428dde994,1,boleto,1,103.53
b2a04f1e9c3932855c266b1c8ba7b7c5,1,credit_card,4,133.56
b2a25b6f671017afa5190546ca5b89e9,1,credit_card,1,15.89
b2aadb128e84058f8ff560dbe7466c1c,1,boleto,1,344.33
b2ad7cad7381ae63e968c60fa8f7f7a2,1,credit_card,1,17.78
b2f3774fcd52e817b5f0e8b459e1db17,1,credit_card,2,106.17
b2f92b2f7047cd8b35580d629d7b3bfb,1,credit_card,1,31.21
b2f92b2f7047cd8b35580d629d7b3bfb,2,voucher,1,20.0
b2f92b2f7047cd8b35580d629d7b3bfb,3,voucher,1,20.0
b335cf4d393acc627b82e83b3b3711fe,1,boleto,1,83.22
b34d8ec665f905d3c7583b291f54b605,1,boleto,1,44.9
b35a771164a9defa3b4767f1b66918b1,1,boleto,1,30.42
b362e77722405d304dc6fb5947ea3bea,1,credit_card,2,117.85
b3656ff96573b07910d0f54a4505454b,1,credit_card,4,43.89
b3656ff96573b07910d0f54a4505454b,2,voucher,1,63.42
b3656ff96573b07910d0f54a4505454b,3,voucher,1,28.28
b365b927da19a3d58a252e1c5695c86c,1,credit_card,1,101.73
b37ae92c72d3335c241ea5be05dbc077,1,credit_card,1,1.65
b37ae92c72d3335c241ea5be05dbc077,2,voucher,1,27.68
b37ae92c72d3335c241ea5be05dbc077,3,voucher,1,27.67
b38c1ea8a0202a0c367fa61b498b1749,1,credit_card,1,362.96
b3abe697965039908d3203cd063a2ce6,1,credit_card,1,57.6
b3e6486207807fc3780f9c802e5bbbc2,1,credit_card,5,147.78
b3e86749e6dd7b4df4f345abbd329912,1,credit_card,10,164.45
b3ef4de1762699288ca5c55a1e574a12,1,credit_card,6,253.84
b3f3f413f89e281887189ce9f68f4ff9,1,credit_card,10,327.38
b41c58f1cdb089998bf02e8fae313c90,1,voucher,1,200.0
b41c58f1cdb089998bf02e8fae313c90,2,voucher,1,12.12
b44d71edad65f41824d2e177470ef8f6,1,credit_card,4,61.64
b45d11b61c2a68756bbbd7665d67e812,1,credit_card,8,106.38
b45e33527c11959b80ea6d7c471a34cf,1,credit_card,8,733.53
b46dae9e3868b50ceafa02001dd5a1e0,1,boleto,1,39.62
b48b2c58981c8d7d31ec325569338e78,1,boleto,1,133.25
b48cb919226eab68275c008f1c5057b8,1,debit_card,1,92.97
b497a58303bca7160ad663bd22cea268,1,debit_card,1,416.36
b49fb5d1cf86975cf5a295431c278a33,1,credit_card,4,407.8
b4b047bd2b601010cf106a8d20437c2e,1,boleto,1,74.01
b4b74b67e8e09c1539e6f838e5eb8fa4,1,boleto,1,190.62
b4b9e15f3787253b781c561f2d8f7eb7,1,credit_card,4,41.09
b4c86abf900a8e53f4b9622532c87ea4,1,credit_card,3,270.32
b4cc15026eee314f397bdfe9767a0a9e,1,credit_card,3,73.15
b4cfd92086298b1af6fd30b2625583c8,1,credit_card,8,96.8
b4d02f5e2416f97c4879e0585170855e,1,credit_card,3,70.03
b511f786475cb429361d4d269c1bbef9,1,credit_card,1,35.19
b513b10ef81dc22d15e850789a8a96b1,1,boleto,1,197.53
b5199c66306c07a949f9a9069f7fda57,1,credit_card,8,342.02
b58cbfb87064005d62cb9fccbc720966,1,credit_card,8,100.14
b5b362ec945720b946181f08eb7bdd04,1,credit_card,4,56.86
b5c5a6fb605260058c01713e1fb97aba,1,credit_card,3,73.34
b605af5fb88eb77cc70df27f2df3a883,1,credit_card,7,144.82
b624512c534133dd5a23c9a1acb8e2b0,1,credit_card,3,117.23
b6369b16620510273273fe0d6be68744,1,boleto,1,217.64
b643582fcd5b151f498b5383a0195f33,1,boleto,1,80.87
b66045a5fb8e241a3a6ed1b80d90a456,1,credit_card,1,128.08
b6659c7944e48c1be78a188b4d51dbeb,1,credit_card,1,40.05
b674e463ea07d8a8fac9951be50283f1,1,credit_card,8,246.26
b675c85f6d0f5171914694e00382548d,1,debit_card,1,41.88
b69bd58058e7fc58b745d22ad1c62eb6,1,boleto,1,127.79
b6b8305352b7f21764d7a8e573f1e8aa,1,credit_card,2,576.56
b6bcb5bd5e05b11cfde23235152ebc56,1,debit_card,1,367.45
b6d51ca2b26deb9b9bc37e6b3ea34244,1,credit_card,9,92.62
b6f999c6eccbf4df9af77d67c77a8e52,1,boleto,1,53.11
b719af721da8bc41ee0636c4ca0d7960,1,boleto,1,206.63
b73183cb490ec16839818660ffc3d832,1,credit_card,4,142.85
b73b19c4bb2d3aded7b9714199bb83eb,1,credit_card,3,92.57
b75335994c32baf97dc6ab68ecc64e4f,1,credit_card,1,135.6
b76e1e63723d846f3382683973908122,1,boleto,1,147.0
b79fa3320d9e28aa6994cd6864da40ba,1,credit_card,4,111.8
b7a194de2e14ca9f41580f8c6eb13660,1,credit_card,1,62.63
b7a35c9ba09e4651caf5b9b0e9fadd21,1,credit_card,4,113.37
b7daca2d24a93ab9351485e0bdcbb7e6,1,credit_card,1,117.74
b7e23b7efc57795b6806ef873f1e5ab0,1,credit_card,1,46.84
b7fe42fc0d57642abd6b868ce754865c,1,boleto,1,42.11
b80a30ad4fad5c35fbc7904d46cb25e6,1,credit_card,3,35.75
b8197dddd8d9e9a9789a8573d6f84d7e,1,credit_card,8,718.99
b84a1e6e6311e6c40724fee7551a915b,1,credit_card,8,153.14
b84b9f8e6380570cdabdb0af246d6b9c,1,credit_card,2,248.94
b8572787e40305c2a619dba4a1d78820,1,credit_card,3,53.54
b866af202be0692766081310cd4085e1,1,credit_card,8,206.65
b87287b5e32f2ab2319f41ce30055288,1,credit_card,3,100.24
b87c9466fb7a6b04a632222b07c1922d,1,credit_card,6,125.42
b898480abf81ccc16670a2642a0f3173,1,credit_card,1,78.7
b8b6924f004e191923963e8ab1655ed9,1,credit_card,2,191.68
b8e8b6e0bd1954b4dd4559fb2e7665ef,1,credit_card,3,87.9
b8fdf0a70040d5461adca8f95ba4171a,1,boleto,1,107.78
b9189dcba2f5219bc348356dce47d124,1,credit_card,3,154.04
b9499283a775ccfa9da92e6e75e9b4b9,1,credit_card,1,37.18
b956b417947842f743b0ca3d0c3fb1fa,1,voucher,1,453.48
b956b417947842f743b0ca3d0c3fb1fa,2,voucher,1,257.5
b96a0998be02fcdd701b834f5d66f235,1,boleto,1,166.33
b97ba48cd74f9ae244f54338636046b3,1,credit_card,1,78.2
b98a5e1f2c386eb67df00a633c98848e,1,debit_card,1,309.89
b9964fe824ef79f3fe90110b41e048b2,1,debit_card,1,81.52
b9de8e8832759dcda0d6543a57db6715,1,boleto,1,47.38
b9eb8b76c59fb1d0c2bd45104f5a9cba,1,boleto,1,56.1
ba242a1dd9c9df31f97af85c25e0e1bf,1,boleto,1,37.77
ba4f4ffc1063e52435824b76fc7933a6,1,credit_card,1,102.74
ba637aace31b817e0f186405ae78ccca,1,credit_card,1,55.69
ba874dd7cf834e16c5bbf9c2c1b4eee7,1,credit_card,1,51.09
ba8d16a572292d042403094d3c0fc354,1,credit_card,4,43.78
baa3ed04931dc1b84c68896bc5cfeffb,1,credit_card,1,87.05
baa95b09efafaa994da8b394b11f8814,1,credit_card,8,538.84
bab38c27fa5095e8c2d70c3973cc78cd,1,boleto,1,100.34
bab4c3b7d9e904b2e991490cd65ccae7,1,credit_card,2,86.15
bacd96c90a381b246902e1882c0fb7d1,1,credit_card,4,90.28
badb0dd3be1e47b016f7ce9a3a7168b8,1,boleto,1,54.0
bb0254422b24df86bddb238203a16aa4,1,credit_card,4,87.35
bb0d948ef00e3ece9ae9b9e80264efe9,1,credit_card,1,33.99
bb13fa2703eaccdcb1e263eab3be6de4,1,credit_card,2,165.98
bb1cb0653f2664a83f30a4bc0b483f94,1,boleto,1,255.33
bb63df7449a5caa0edc362d01cf54f36,1,debit_card,1,27.3
bb68ace3e06362eec8e986719378ba29,1,credit_card,2,167.99
bb780bb5301c5109cb6eb07d06f3bd14,1,credit_card,5,72.79
bb7ae981de452cd0404838ff44ffdc79,1,credit_card,8,114.92
bb87d6748da724f69c5e62274dc7aae6,1,credit_card,4,118.48
bb8feb5c5a3d07a1e5e2ae3670a27910,1,boleto,1,78.65
bb937ae1ca42e99347c215a7b0d05847,1,credit_card,3,45.69
bb9e31e54af342d8e3f32fc1cb2d8804,1,boleto,1,310.29
bba6a2e9b906e6d432207b56db6b1452,1,credit_card,2,87.64
bbab2e9b3ccc0a66fa711c81e21821f1,1,credit_card,1,79.24
bbab597cf5357b95cfff24d3ce830088,1,credit_card,3,162.39
bbb8f308ef79e2783aa8714a4fa7e2a8,1,boleto,1,310.29
bbc2ceb7904160da9ea4967f93a1a087,1,credit_card,3,74.77
bbdcda6bc4c7d4051fb9d26422a602ea,1,boleto,1,195.71
bc1e260c14566150f353c716e61215e4,1,credit_card,10,152.16
bc2851f553a887920c83a1367a23dded,1,credit_card,3,192.88
bc2e4d7ad808e01f4e639fc4c447966a,1,credit_card,1,62.51
bc31e8bedc7ea2cb76e1cb0e913ffa40,1,credit_card,1,165.95
bc3b36d86572b02655327f69e10504d2,1,credit_card,1,117.85
bc60b588a732fb42a8145a501c6a61d2,1,credit_card,6,107.79
bc6f0d20151b72e478b552a053707ec6,1,credit_card,5,600.43
bcbc8a3ecee336fb4246953d88479a9a,1,credit_card,6,121.78
bcdad86f44c780bf1aaf24b66dd97753,1,credit_card,8,142.48
bce2a9ffe2e596e54d92ad2a47a10a36,1,boleto,1,106.19
bd3458e3df5a23eb95e6d526dc86bf2c,1,boleto,1,860.4
bd35b677fd239386e9861d11ae98ab56,1,voucher,1,84.58
bd54f9327a96271651655fe63b50ec1c,1,credit_card,1,71.75
bd859dd7a6a1b8c1df9fcb75c3604eaf,1,credit_card,2,28.69
bd8de0e9e67e7b99e86ed5f18b600577,1,credit_card,2,262.56
bda5db8afd8df3d2537a32c2a35169c4,1,boleto,1,45.09
bdb92d2b88b1514aebc54ba49ed0c20d,1,boleto,1,168.06
bdd42e997b3dafd18ddcc233ad9c5195,1,boleto,1,161.62
bdf0dff2c16a74482f5ffce31586700e,1,credit_card,1,72.18
be00cfaf4e0d5de6b164815a10ca0ad3,1,credit_card,6,171.77
be28f879f9c5e345df9e5b5fb441e6de,1,boleto,1,127.99
be382a9e1ed25128148b97d6bfdb21af,1,credit_card,1,2039.2
be3b8d058b8100d8a2539ce0b2c6ec0b,1,credit_card,10,1223.06
be59e03672bb8d48da16e07a0fb660a8,1,credit_card,1,59.59
be6229f5b2e1673b034fe6de9141b667,1,credit_card,1,90.31
be69ded8b4b06a199c55fa74d7de978e,1,credit_card,1,81.09
bea1d77e861b4f44276f02d599d25705,1,voucher,1,96.02
bea8e045e01a9594d652427ef4ae7236,1,boleto,1,106.29
bec3652605143e5f7e0265d993793eba,1,credit_card,3,77.25
bf00ad2335cd5715823f0f1980a8e8ab,1,credit_card,3,138.72
bf0d67707bc87fa3fe2cf74a1c2c693f,1,credit_card,4,126.19
bf593abe2928b23b60cee1ff3471a4dd,1,credit_card,1,11.65
bf593abe2928b23b60cee1ff3471a4dd,2,voucher,1,25.41
bf593abe2928b23b60cee1ff3471a4dd,3,voucher,1,16.94
bfcc7c29cd728eb97a04e55544a978bd,1,credit_card,4,79.79
bfcf79aaae774aa4030a0d2e2046c525,1,credit_card,2,48.1
bfd53bc941fd49984cc67168afbbd531,1,credit_card,4,230.78
bfdc8cc8e1e3a146d1adb471208f0a72,1,credit_card,3,68.32
c02bcd4d35c9e36597256b02d86d33cd,1,credit_card,1,104.79
c037dd9db2ac27aa44381219612e91ba,1,credit_card,7,73.13
c03c0621cf2e7845908985db3355f9e0,1,credit_card,2,184.92
c03ece81b9b15ca2f4fae4b061076d49,1,boleto,1,114.03
c046afaf1c43c061d5347d5ac3c6ff5e,1,credit_card,3,555.94
c04ccf5367e419a74f5589f156a0b8e1,1,credit_card,1,73.34
c0585e6e7446a97905280a732d27ac4a,1,credit_card,3,36.78
c083067a0c4c5dc8446fb1a11b345cb4,1,boleto,1,77.84
c08a3a0b0a729cc378e7a36ebf5e9a95,1,boleto,1,425.04
c0ac92509aa6420f0f3d6f78748793e1,1,credit_card,3,34.09
c0e57db4a4a6ef32aa28911d1c07df81,1,credit_card,3,48.79
c0e97734cd5f14ad83087abe8d29073b,1,credit_card,4,159.76
c0f5eb23b8443f0945a621152bb6bd62,1,credit_card,5,96.8
c101853f695b94e64c34f41941ff1048,1,boleto,1,48.69
c12f6da2e568142b38a24c3c2bcf13a2,1,credit_card,1,45.69
c13bcd05a0786cade9dec7974f1b5cc1,1,boleto,1,83.23
c13f7e0f6e68493d056654349be6c15b,1,credit_card,3,62.78
c157dbddbf8cf9a086acf9ef8eb8cf92,1,credit_card,1,36.69
c15a3ce7617aeffb3bfed1f6340d66e7,1,credit_card,3,32.38
c17789b6bce81222eaa468ad01dcc9db,1,credit_card,7,116.26
c1b6e4f2ff6555773a6764c3a3286101,1,credit_card,4,40.84
c1ecc15bc30548ecad160437f07df801,1,credit_card,4,84.13
c1f7501bdc05e68361a9d1c71ef75dcc,1,boleto,1,57.99
c1f81880aca45c52130764058999025e,1,credit_card,10,111.8
c2036cc87daa31d91f63b204717a9602,1,boleto,1,217.96
c24a00c414738de9ee6121f179ebba9c,1,boleto,1,107.87
c264a40f0928de690a343e0f86c8e320,1,credit_card,4,126.92
c26761f0a70b2b7e0bb437aef502ffc1,1,boleto,1,29.09
c26c0e4d81f8dabd04bd61f7545ece54,1,credit_card,1,36.09
c2792ecd230f2d8f50741f6b37649fb1,1,boleto,1,97.99
c2899525db44fcc73342e7713b932dea,1,credit_card,5,51.84
c29713133e5e33937af1a6e1e1370552,1,credit_card,8,103.04
c2a6e9e49e5282ea4882c738f6137303,1,boleto,1,48.13
c2d9d0e0c3a188dd8c70809844767fa5,1,credit_card,2,51.03
c2eddb0c2651699e1839ee701627449f,1,credit_card,10,204.41
c2efd7dd7ea9e5bad9dffbb89653491d,1,credit_card,3,67.53
c2f195a14dc5e3a2f1f0fef011fa7273,1,boleto,1,286.83
c33d265d1050e0a3ddf9796301141a81,1,credit_card,10,154.74
c36fe9947bce36c97cd3eb1a5c9303aa,1,boleto,1,167.07
c370da0f0fd81902eafd8ed8fbc86804,1,credit_card,2,88.89
c378d1766ed412f14e38a4fd8547f9e9,1,credit_card,2,21.77
c37d41945512f0cfbcdd0f085bbd04d8,1,boleto,1,222.08
c38813ffe793f98e9c552fdd4f0a21ee,1,credit_card,1,70.12
c393997142861148ab156520bb0ed1fb,1,credit_card,3,168.96
c39ffdd77f5ddda482650795f30f7aac,1,credit_card,1,50.24
c3aa096e341a72813ecfb834df16b91e,1,boleto,1,126.82
c3c8037bfac88b34744bb96cfed9c7f7,1,boleto,1,173.84
c3d9e402b6a0fbe2a5f7fc5b41117c38,1,credit_card,4,237.45
c40c104dd1bde11aba73864c16a42f21,1,credit_card,18,1232.85
c4449cba74f34a08a7c57edd66351427,1,credit_card,1,137.41
c45c354aed442407610326035c6c44d6,1,credit_card,8,893.0
c4b41c36dd589e901f6879f25a74ec1d,1,credit_card,1,18.62
c4dad201936ed30eef3c94fafa59ed6e,1,credit_card,1,267.66
c4ee82a6c0873cfdbe96e41596698248,1,credit_card,2,129.49
c4f5504eb498132dfe82275f26005459,1,credit_card,2,179.79
c531cb50fa0506125473379b2d74356b,1,credit_card,3,166.05
c5334d330e36d2a810a7a13c72e135ee,1,credit_card,6,183.98
c568b098d9dd03c22f387c2f0eb4be8e,1,credit_card,3,78.47
c58478c0a746d4188108e2ec71001110,1,credit_card,1,51.13
c58bd581144192869f091dd6fbabceea,1,debit_card,1,238.78
c596d8640962b115481b374c7b881f6a,1,credit_card,2,162.83
c5b8cd8bc7a66f7e451018f7eb332b76,1,credit_card,3,75.01
c5f0b9e8bd23e3d37855d76739573355,1,credit_card,3,76.08
c5f72d97d28261afcce1192481123758,1,credit_card,1,41.84
c6122e6a623a45c8dfc876f10733682f,1,credit_card,1,63.78
c6735c93a3773ffe872b4184ccfdad09,1,credit_card,1,155.76
c67c6e7178cff9848b2d6556d1670fd8,1,credit_card,1,31.25
c67e1765730119d92f4b8f54cd71a8e7,1,boleto,1,176.81
c67e5216a65692a116a99fa61da0294e,1,boleto,1,63.1
c6a9e39db5f61068d017ee903b277478,1,credit_card,1,102.12
c6bd73c66f32639f81a7e47304535c96,1,boleto,1,42.71
c6c76014b61dcf511dd9db142760ae34,1,credit_card,1,55.09
c6df71a18bb2d9e7d88ee3e4d7080982,1,credit_card,1,19.36
c6ee046b85d59deed2e71242e970d437,1,credit_card,4,119.48
c6f52d94c1f44ee12e0fecf4b347bdc6,1,credit_card,3,167.51
c729462935fadd2c85ec76f13e0421f2,1,credit_card,1,60.19
c73711f15f170e7cd7717f6cca7c32c2,1,credit_card,4,138.53
c760cdc6e5179c774d347aced5107555,1,credit_card,2,145.11
c776863a93dc0740c6e7d78104b21413,1,credit_card,3,264.08
c78c4581ef415a62752949676aee4b2c,1,credit_card,2,65.22
c79387fbdb009010c07a17127bd21f0d,1,credit_card,5,72.68
c7d894c7be2eb461fb04d81e82f0814d,1,credit_card,1,100.22
c7dd54b6015ecbd1bb94612862927514,1,credit_card,5,91.28
c7e1e46af92704b1c2e1924de96e7479,1,credit_card,2,132.64
c811b2b32820eb21f261701e61e863c5,1,boleto,1,117.58
c8223ab24b18df53e6a37eae1fd69d48,1,credit_card,5,527.23
c82430e4a84f03b67cc2a82fecd873f0,1,boleto,1,300.76
c854a1f42d7cddb25891587ddd91caa6,1,credit_card,1,11.33
c854a1f42d7cddb25891587ddd91caa6,2,voucher,1,67.62
c887c09a3acf3b6fe0ba319d68d385a8,1,credit_card,10,441.25
c88fd0ebff880ffd57fe7f6528f8dc6d,1,credit_card,5,266.89
c8e8f8ab00ec5d13a1d93718f5af9e4a,1,credit_card,1,40.17
c8f63be082f4089d15558376d18c77e7,1,boleto,1,56.69
c8ff0e33e2f8df953767f28065a3a6e0,1,credit_card,6,197.98
c91255e49926cfb63353034df59a25d5,1,credit_card,1,30.69
c915c070ee2f91af30208cd30cd0dee0,1,credit_card,5,162.88
c919ace1499c5ef88133bf33307ba863,1,credit_card,9,227.73
c91bb9b296c26b316c8acead6501905a,1,boleto,1,84.14
c94206a6d6698d5852b7e9e14bdc2e79,1,credit_card,1,37.36
c94821db10df06a6d17a8054d3a0b919,1,boleto,1,717.11
c9af854c75c421e3b6f3de0336c7fe65,1,credit_card,3,162.44
c9c25c5398564d49b8e1db3c3e620d4d,1,credit_card,5,571.73
c9c382f83e175303a797ca7de7240679,1,credit_card,8,170.76
c9cf1b341e0a14fb94022101fa6c4604,1,credit_card,3,147.48
c9fddd8d2730610e00bbcda3e79fdcca,1,credit_card,5,166.8
ca1533a4041a98501d0c3250c7dff345,1,credit_card,1,114.88
ca3b8093576a51bea61c9782c7771f62,1,credit_card,6,60.95
ca46dc3fa4fe36c0a82c9e69bcb94fb6,1,boleto,1,531.45
ca51acb0ea778cd548d56dadc66f014f,1,credit_card,2,369.98
ca56cc083a7aeed15fdfd437874cd0e3,1,credit_card,1,110.47
ca7296a83aa279afb28c2388a4f48891,1,credit_card,3,102.96
ca7c7cc82b6d5531b6ff87a7e232357c,1,credit_card,3,164.29
cad42b09c7b0a54df0097a65da14d324,1,credit_card,1,93.86
cae1cef56202db2581379f836268bfda,1,boleto,1,32.09
cb0bbf1c3c3c44727e7374c8ec944154,1,boleto,1,37.38
cb183ad1472c27844f8e8a96ba2afcc5,1,credit_card,3,294.8
cb503219f1a73d8a4dfe8561be373c99,1,credit_card,1,161.37
cb5b7fb63c0add7098c025cb737df02e,1,boleto,1,134.25
cb71bd92e29c501f67b650fa19bee739,1,credit_card,4,178.08
cb891a8a4daa2130941d2458f013b1b1,1,credit_card,3,136.46
cb9dbf05ec6c88696a808bd2ec55f31a,1,credit_card,3,210.86
cbcffd62e7d1e6d26d3a6657731cb96a,1,credit_card,1,54.0
cbd1b65ad17e5be3c2c8dd66d0e581a2,1,credit_card,2,105.28
cbe19a86b0486bc9bfe295be1a564ff9,1,boleto,1,86.97
cc5e9d025a1ae5c0918b83318788f125,1,credit_card,1,53.99
cc61a8a634ed495116b2ce1fc8d1a1e1,1,credit_card,1,104.28
cc80e8ed42d1d4ac3dbe8e800672d01c,1,credit_card,4,81.16
cc90dde77b3316b9877c87637a6f87d3,1,boleto,1,116.85
cc92b6f226e07df00f790972584285da,1,credit_card,1,52.53
ccb44718a5b5b8bde31b24e888d56d09,1,credit_card,1,76.76
ccd8c28b87350369cecbd3d56662c116,1,credit_card,1,202.1
ccf6899464ad94a5d61964bafc6a4f0a,1,credit_card,8,103.55
cd1709e97dc100d3eea6e801ca6f3a29,1,credit_card,1,175.98
cd1d0fcb30750e22b9aa142cefdd532c,1,credit_card,2,114.55
cd3d84e6743d5f2e14233c017e9bd10a,1,credit_card,1,29.94
cd3e9759dc483946db2133168746fddf,1,credit_card,2,185.57
cd3f1c4c9d4aaf1ea8940fbb22adced5,1,credit_card,10,511.18
cd44314b084629fc21d3a0dca3147f7d,1,credit_card,10,465.27
cd466631c2bd74fbc4e744b131819ea5,1,credit_card,2,58.94
cd5b7d5b405a2cee7a15972eaa47f1d3,1,credit_card,10,233.92
cd623324c25a5749845117a6d628b994,1,boleto,1,165.29
cd81fccdeffb11e33de701e2c53c85c6,1,credit_card,1,83.61
cd919470d4038db47af0ae7904777f68,1,credit_card,5,381.32
cd9d1d8f26cd28414908863fd4538ef6,1,boleto,1,57.69
cda07ad4f2f777317f2d6b2e3621a5cd,1,boleto,1,50.48
cdaa3fb8ca6c3e104eb00fe8a33c88f6,1,credit_card,1,40.49
cdc0800fdbf7580a26201f0a1529ee1f,1,credit_card,1,78.71
ce06972fe7c25dca520903409efcb744,1,credit_card,6,326.21
ce243573aa83a8e70bb99ca6133a210e,1,credit_card,1,165.72
ceb22e0ea85b325aeee259c87e85fde6,1,boleto,1,83.26
ceb58b0818e117cb6dc6c1030b89d8ab,1,credit_card,1,137.63
ceb9cfd5bb1caf536006196e9469e396,1,credit_card,5,291.43
cecf84099dc3067ec87149ddac39105a,1,credit_card,1,58.63
ced9efa04f0d7b0543fa0d8ab9472a6c,1,boleto,1,150.54
cedce2be74a9e660cec99d6f9c6674f3,1,credit_card,3,57.75
cee919bd7163243ec1de9cab6b7b7bc8,1,credit_card,4,623.48
ceebdce96388304b96726edf9115e1f3,1,credit_card,1,62.17
cf307f492c4cc991cceb55f6c2a2370f,1,credit_card,4,44.09
cf47ad2fb60cae3f74b943646f685c94,1,credit_card,5,661.75
cf49bdb4bd3a57ea5f439199c69d5911,1,credit_card,2,491.03
cfb5c71374e62ce7dfd7688c5adcd0a9,1,credit_card,1,197.2
cfdfd7862e532c4ec1ed1c6a1b56d320,1,voucher,1,197.55
cff314344e536186940328c1c6ceec96,1,credit_card,1,48.11
d0c4a5b064e0ec72eca6b1c01ade0181,1,debit_card,1,89.1
d0d6f28c88378bb68aaed959896a43f5,1,credit_card,1,27.77
d0e7c11999696d6e68df274547d2bd99,1,credit_card,2,163.46
d10d073e94c144befb776edab73b84b8,1,credit_card,1,18.19
d11fc5b9e5bf7a0c4ce41b04a59f0154,1,credit_card,6,353.3
d12cad0b8ea6cca0ee8d2d4f4105cee1,1,credit_card,2,108.51
d147001bf6f7a4295040343db205d9c1,1,boleto,1,136.91
d16387aa75d92aec2dbfa45f9510ec65,1,credit_card,8,86.67
d16f8ec8edbb1c3652f142cc60042a86,1,credit_card,2,373.16
d16f8ec8edbb1c3652f142cc60042a86,2,voucher,1,900.0
d17f9e855544f741648a953891e93288,1,credit_card,4,468.95
d185b3d0bd26a99d5c96601c1fcd2fc7,1,credit_card,4,131.73
d18a9528e8077026b951849741ab227b,1,voucher,1,86.2
d1906aaa99334bb372ca6bb31b8ae5d5,1,credit_card,5,59.62
d194fbbc2e37d685b6adbf21897ed49d,1,credit_card,9,98.74
d1b501557cbea543fbaeba346ba6ca8d,1,boleto,1,34.62
d1bca6bd89a51ad2a0753b608c06f469,1,debit_card,1,73.53
d21d7411b251f35ead1b210dc946ca70,1,voucher,1,9.67
d21d7411b251f35ead1b210dc946ca70,2,voucher,1,50.0
d21d7411b251f35ead1b210dc946ca70,3,voucher,1,18.38
d21d7411b251f35ead1b210dc946ca70,4,voucher,1,50.0
d21d7411b251f35ead1b210dc946ca70,5,voucher,1,50.0
d21d7411b251f35ead1b210dc946ca70,6,voucher,1,50.0
d21d7411b251f35ead1b210dc946ca70,7,voucher,1,48.85
d22f0b06e1519065d7eddb2ba6b79b63,1,credit_card,6,66.64
d2d67121a09535b3a7b6a000e58d8625,1,credit_card,1,65.46
d2dd28b2a74faaeb77da8d3e53a9bd75,1,boleto,1,84.65
d347a4ddae83c0b8a9438522ecb7dfb6,1,credit_card,1,36.69
d347f2967d904f9f8657e9919366545c,1,boleto,1,34.0
d35703faec55cda0ceeb4f50a4d584ae,1,credit_card,5,252.27
d367a93b215e8828942054fc3799c834,1,credit_card,1,40.87
d367a93b215e8828942054fc3799c834,2,voucher,1,122.82
d37a4faa7cb8cd88246d73aee035a327,1,credit_card,5,226.69
d392709d59adcaff2d80dee55da91748,1,credit_card,5,52.01
d395475d71e6042e654407cef55e3c47,1,voucher,1,34.27
d3a3e3dd365abc6013aa6321b0c12c79,1,credit_card,1,429.19
d3e8a13414ab6f219caf1745f1384b48,1,credit_card,3,132.05
d41ebe858c1aa2cef4e728fee0b07230,1,boleto,1,78.42
d433f15d756ab14939321574177af37f,1,boleto,1,254.41
d43f72571877365b197ee657196d8d30,1,credit_card,1,97.76
d465c10f1f89099cfd6c57cd84249f6f,1,credit_card,3,35.77
d4bf023e837c3f54ebf5a9abe045fb93,1,credit_card,1,37.65
d4c1356b86dcc8a86c603174ba27d9bc,1,credit_card,8,86.02
d4cb1c0045dd65ebfe15e14c4d083281,1,credit_card,4,93.65
d4d7c1beb2c6dc87bb984a3179558ac4,1,credit_card,5,286.9
d4daa9ee1fe28458773297759dbfe2bc,1,boleto,1,810.52
d52140bee663636aa4f6057e50bc06a3,1,credit_card,3,147.28
d54bea5ba90238aa83323565749538a1,1,credit_card,10,2264.9
d56cf7e9548584ea9583339b170f8314,1,credit_card,2,156.51
d572cde58d2fd1fcd7d019dae26cd911,1,boleto,1,157.21
d578a6c1bb288c7f9a25b8cfbc3ab962,1,credit_card,6,132.02
d59d424384cb6fa0956cec1af3f179ac,1,credit_card,1,131.01
d5b1124327e83f25ce12d9c48c9ecfe3,1,credit_card,1,120.04
d5b836c3e4d3591c11cfbc0d8a32948e,1,boleto,1,58.62
d5bd0af0e37b739b88fa363a30301220,1,credit_card,2,124.42
d5d5a70a76401ecc139ee16c5299df4d,1,credit_card,5,693.59
d5e9734f54e05a41246389d38b732a51,1,credit_card,1,53.35
d5f471ea9cffc82fb64e8b07d247cb3f,1,credit_card,5,67.68
d62ce432bb1d1056c58fc8b58d30d260,1,credit_card,1,393.12
d66702922aef0a934935edfba929e95a,1,credit_card,3,95.78
d6735b4006968f903a39b74f740dac04,1,credit_card,1,51.1
d694c1f3e3e0bd20d4673555d43c875a,1,boleto,1,179.86
d6c486ebb46b4882e3ea353fcff04ff6,1,credit_card,2,120.6
d6d22504739cdf3c8ebce460d0a08199,1,boleto,1,175.32
d6e3732aea036f7d71b44db75163e2f4,1,credit_card,3,182.81
d6e4899000744aee28d41363a581e3c2,1,credit_card,1,112.85
d70611b8e23ca3e2ad56889d3144c086,1,debit_card,1,71.62
d712c9d57be3d48a79c033437994908b,1,boleto,1,204.62
d719d2c72e0dfc9d994ee85c1d594861,1,credit_card,4,108.22
d7361a834a2dd8db2f6f133ce291ab6b,1,credit_card,1,28.72
d74e29bbba41049b6c17603fd9fabc58,1,credit_card,6,65.12
d74e29bbba41049b6c17603fd9fabc58,2,credit_card,6,60.45
d75cb3755738c4ae466303358f97bc55,1,boleto,1,37.69
d77031d6a3c8a52f019764e68f211c69,1,boleto,1,39.95
d79b6cf112bad1936bd72b03f20909ce,1,credit_card,3,54.34
d7ae3c10c3a4c7a721e64ba401ee745b,1,credit_card,10,187.56
d7ae451c4d63fe188ba2e8787a3852bc,1,credit_card,2,77.6
d7b6d0af984b10e088f7420344115d2c,1,credit_card,2,134.68
d7c3a90ab28bbb07e47e1fccdbae401c,1,credit_card,10,132.03
d7db188906a24b4ae6a02dc37693752c,1,boleto,1,463.53
d824a4f31c8c8abaf5c415c8dd473a59,1,credit_card,10,284.23
d83706c29baf36eedf5e8adfb0da304e,1,boleto,1,43.95
d83d899f5a20b2d05342270eab088987,1,boleto,1,717.82
d865bc459503b9c8a19382a7634ed5d5,1,credit_card,6,77.98
d8716a985f69a46751cc046b0fea0d98,1,credit_card,1,87.08
d8be7210368c4e44be491b1e395b293e,1,credit_card,1,42.77
d8d875126ddbeec8b736ffd7f0b1a4c0,1,credit_card,1,16.06
d8d875126ddbeec8b736ffd7f0b1a4c0,2,voucher,1,31.07
d8f68e0ae10289264edb3f3bf8cac054,1,credit_card,4,192.09
d94600e5b855ffe8db3b9bc06e21b1bd,1,boleto,1,57.36
d9650d5b64446b09351a038e66c19467,1,credit_card,4,57.23
d9985b5e60fcad79a6e2eed78bafedf4,1,credit_card,1,76.89
d99b88619176350e49d910a4e548b951,1,credit_card,2,66.01
d9ba89fb1ef0cec7d158b8a2679186f7,1,credit_card,1,40.09
d9f8510c453819ec4a9eb91851ea5fc4,1,boleto,1,186.27
da02757374a4765efdc08488ec40e778,1,credit_card,1,62.21
da0571dd2e59b32cca46279a02bfb40e,1,credit_card,1,72.5
da095f1f4d7e0e3111772d51a08ad079,1,credit_card,5,119.02
da1a0dd3bf29adb14c8a77fca7388c11,1,credit_card,4,91.21
dab23a46abb860b6b4816df41eacd610,1,credit_card,2,83.79
dacd9ea86285f197d0b7495e8af14781,1,credit_card,1,2.62
dacd9ea86285f197d0b7495e8af14781,2,voucher,1,12.34
dacd9ea86285f197d0b7495e8af14781,3,voucher,1,12.34
dacd9ea86285f197d0b7495e8af14781,4,voucher,1,12.34
dacd9ea86285f197d0b7495e8af14781,5,voucher,1,12.34
dacd9ea86285f197d0b7495e8af14781,6,voucher,1,12.33
dadeb032c1f01467182f4f0716bdd141,1,credit_card,1,20.89
dadeb032c1f01467182f4f0716bdd141,2,voucher,1,72.3
daed0f3aefd193de33c31e21b16a3b3a,1,credit_card,3,65.43
daf0e5a480cf841aaad91caf8783080e,1,credit_card,6,184.9
db048ddab46bdb6a29c27f08073e29b2,1,credit_card,2,34.64
db274d549125d73b0e1052886af9422e,1,credit_card,3,85.75
db2e05029f564b8953ddf3766e3b99f5,1,boleto,1,51.69
db46ef9887e9ac7aec3ad2f66978d632,1,credit_card,4,137.6
db7b88e881d8890d4ea491444d0e43ed,1,credit_card,4,288.47
db92c37a984bfe99f6cc7cda7839c86b,1,credit_card,5,55.01
db9f2956d5aa9406afedc858c51c2f5f,1,credit_card,3,243.45
dbd1cbc05d31e4c71790b63eb1fc870f,1,credit_card,8,226.24
dbf8b161073da5d187b1b739a7dc9b86,1,credit_card,5,246.99
dc18a044b56ed174037ca164cdf2e921,1,credit_card,10,1227.78
dc282855b102a2d5cffe41332d73c196,1,credit_card,1,71.14
dc34d61bf65f9f7362aafd4fdc35d21a,1,credit_card,10,125.18
dce5d8be76c73098306a8f74b197fb6f,1,credit_card,3,64.44
dcef4484357754fc205095e165e01504,1,credit_card,1,137.73
dd0488bddbf592ba7d9855279f65af62,1,credit_card,1,401.24
dd24afdeaec4b19f1252b69021aa4ab8,1,credit_card,1,37.53
dd2f898dab99df4fea7aeb02b77fcd25,1,credit_card,4,131.26
dd691e4f12c592067339680ffc3dd443,1,credit_card,3,35.0
dd787ad9c97e5504d6ea0bd294906902,1,credit_card,1,58.57
dd8b565021d8781e5b1a93e85ec5aba4,1,credit_card,5,113.71
ddbc0e193a190c97a92bdb12aed510b8,1,boleto,1,107.41
ddbcecddeac25c47d0e7fe54d81640fd,1,credit_card,1,50.35
ddcc0f4f6de9d30500e9e39e2127046d,1,credit_card,5,145.81
dde5f036dff77c8687173aee04967268,1,credit_card,1,35.42
de396a46ff91b76a683f05d1f1f9b2c1,1,credit_card,5,102.37
de60de4b79d5011e2b037dec761a4876,1,credit_card,1,44.75
de8f4a82099fe4fa6bcb8952ca51420f,1,credit_card,6,64.83
de9df170e0b97a46f12f9bc8eca0e0b7,1,credit_card,1,35.42
deab869c61051ea9df4fcc0daf282c0f,1,credit_card,3,53.69
dec147b0fad4d41a208b7873dd7900e6,1,boleto,1,31.69
dec16dbd1d355316783dfd6844e61a2f,1,credit_card,6,238.32
dec5c8b31036f767ced1d8a698be9a8e,1,credit_card,10,124.51
dec6267e55fe1ef26725cbd4c28d9a90,1,credit_card,1,209.28
dec95374a1bf2366249bf770e0568a85,1,credit_card,3,78.11
ded094084602b9a58f2615372fd3a99b,1,credit_card,5,53.58
defab1e640d2aed0c5c98b1465ceb7b7,1,credit_card,3,112.09
df2a380947167bc1d9d863cf7247713d,1,credit_card,1,86.87
df2bdc45d6c56cd6dce35aea5c391f4e,1,credit_card,1,69.97
df6378bbbc39d69ba74b22e63d3bbeae,1,credit_card,5,197.02
df7e2759236fdf704508c65069fb6dbf,1,credit_card,1,49.32
df9cda79de3c1e888f839780ae7b2706,1,credit_card,4,43.09
dfc5bd74d2e77292cdd66e032ac3cae2,1,credit_card,8,102.35
e001ff2589d23a48871d224d2a54e187,1,credit_card,1,20.69
e01d0329ac61c8582a1c115d9af33530,1,credit_card,2,106.09
e04cfa713960b9fe50d64e5082155c8b,1,credit_card,3,199.51
e04f1da1f48bf2bbffcf57b9824f76e1,1,credit_card,7,76.19
e0656680044e57cdeb0d3ec00c152a39,1,boleto,1,49.02
e079ed774a2fadd1906622fb9dc89f87,1,boleto,1,127.01
e0aee1eb2d57773753d8744277ddf472,1,credit_card,2,98.23
e0bb8d950282b26db2d1090b296244fe,1,credit_card,3,32.0
e0e56ee9a26b56fbc06c26bdfd061f2b,1,boleto,1,76.62
e0f95c3628b0822fc14e8e2436f0da4b,1,credit_card,1,78.62
e0fc6abd74320ea468f697164f069f8d,1,credit_card,1,155.76
e0ff8fbdba29b1192269bb50ef72245e,1,credit_card,4,226.05
e11780f33e850a77d1b3c2fa13ed5d4b,1,boleto,1,175.57
e1215367814d0d82c496bf4c6b2ba6f7,1,credit_card,5,133.9
e13d1b8079da63aa71fa8ad68b3c3586,1,credit_card,8,245.35
e13fd2b405c7a3685ff6214f38b86e79,1,boleto,1,93.07
e1410714b40ecb7735ebc3f823d60745,1,credit_card,3,627.54
e156c06e2ceacafe7263782d2115fca8,1,credit_card,2,80.35
e156efe18c91ba079f1b2d16ee45b4a0,1,credit_card,5,126.85
e15b3513c9d37fdf4a36b88911a5c515,1,credit_card,1,86.39
e19abb91d2afddbb8df6f4cffe899579,1,boleto,1,31.38
e19dd6039c472289bc42c1f39c693dd4,1,credit_card,2,193.45
e1a2c11d0c4c0ecbced319c04d688255,1,boleto,1,90.88
e1d1213b6608018866541300bc7e095c,1,credit_card,5,433.28
e1d639704794372882078d60df591264,1,credit_card,1,73.05
e1d6a83cd8b98c4eb29f2bb0f5a07138,1,credit_card,3,102.64
e1df61c61699c690427a33fc1b6b540c,1,credit_card,1,39.28
e1e5a84a3748808d3ff0dcb4b58ac5dd,1,credit_card,8,1317.04
e1ebf9d9fbf1f356179a8f969dc8c4c5,1,credit_card,3,34.22
e257fe6c043babc3b737247f4f2a88c9,1,credit_card,1,133.76
e2747b7f8ef2d891fc5c127dc44c68b5,1,credit_card,10,161.71
e28b309a54ca704f4ef3c6fa95da3fb5,1,credit_card,2,55.78
e2af4ae300d48b96b78846e01a26c034,1,boleto,1,88.36
e2b99663c1c172f743e86cd9b29b96fc,1,boleto,1,585.12
e2bdd50123225ac6e08ff517b00fd06c,1,credit_card,4,455.49
e2cdcd4c94e29518c33449c5afe27583,1,credit_card,1,101.68
e2d21f16357e9da293db665a9d8a646e,1,credit_card,2,36.78
e2f9342700902ec06e33f82cf4d279d8,1,credit_card,2,147.03
e326a262b6e44dcbb1df6b74f9aea574,1,credit_card,1,22.03
e352178ae3b81e3d7d67ee7edd973a43,1,boleto,1,69.73
e35528176e3374bcb21842931b5a3e8a,1,boleto,1,118.81
e36361f00e1c093432050d4a52860c8f,1,credit_card,3,158.13
e36821475008c5656ee16e2433f91133,1,credit_card,10,107.76
e3770527e77ed1a6d8b5992c286dc4ea,1,credit_card,1,157.3
e387acf12982c1b307ea89d69c292345,1,credit_card,5,75.53
e3e1d2fe1c3f816ace8a772a4dff8a1d,1,credit_card,3,166.59
e40ab8f901bb919f04246d31ab76970c,1,credit_card,1,170.85
e41c6da781772f030e857c2b427a917a,1,debit_card,1,340.07
e44bc38d6b4a533a8bdf31db140f2d01,1,credit_card,10,1004.52
e460c3e09735ad9e71e6e6b84d5cd085,1,boleto,1,118.17
e4792daf8d9ddb74de6985c5d6980409,1,credit_card,1,129.04
e49a1046c2917c7dd73d6f9ae9a94afb,1,credit_card,8,472.02
e49e382e440b76f65be6ce311948835c,1,credit_card,1,148.72
e4a9d5a37203129914a3e9371fd5af07,1,boleto,1,52.1
e4aac63ea6f6b75b6d91ead05207fb43,1,credit_card,3,138.15
e4b40fda48f1528f2b88921fa069b2ac,1,credit_card,4,135.54
e4c2e14a7b74c353045f9b611e4e87f7,1,boleto,1,98.51
e4cbb88fcf9a02837b22b1f6f812a9ed,1,credit_card,1,32.02
e4cbb88fcf9a02837b22b1f6f812a9ed,2,voucher,1,25.0
e4cbb88fcf9a02837b22b1f6f812a9ed,3,voucher,1,25.0
e4cbb88fcf9a02837b22b1f6f812a9ed,4,voucher,1,25.0
e4d8efa70d39268e478a400cd60f6e05,1,credit_card,3,88.95
e4fa46e65ad5c0c84cffc9dcd3176c66,1,credit_card,3,131.16
e53550183258c1680dd24b5923d44e7e,1,credit_card,5,52.26
e55b46bf1f7b0739a890db6c07478c9e,1,credit_card,1,28.78
e56eaa15f5d9c288f33592ab67c02692,1,credit_card,1,91.23
e5733d96d53e3a8a13f59a0fe4c38d74,1,credit_card,2,190.89
e576bdc500f0c1c9a1b2a3ccce7000fb,1,credit_card,6,60.35
e583169435fd3724212034fc16805ee0,1,credit_card,1,45.09
e5ab716f8e12b45fff646161c4c83ed0,1,credit_card,4,200.75
e5b56ce7a1b3dd73d7425145a4319df5,1,credit_card,1,35.93
e5c32f239371faa3bdade23da46b2921,1,credit_card,5,184.58
e5d30ef739b1ed6f89f11ff5fd9e285a,1,credit_card,3,93.5
e5da8f29d47b6f0f3ef8ab33a013a0b3,1,credit_card,1,74.16
e5df40271cc99ceb080a6681f786bf7a,1,credit_card,3,443.51
e5f0df20f3f036b329b93eb2fde29a61,1,boleto,1,149.87
e601f404ef484e156f2242dc5ebd5554,1,credit_card,1,144.3
e60892b75a62acf30d28e0423f8ba80c,1,credit_card,2,196.01
e62d530c9b5d79b0b222e5a4542d71be,1,credit_card,1,33.43
e63b37ab1f91c70300e77e21b27ad11f,1,credit_card,6,359.43
e64219e0a4f33d57e6dbb217dfa73564,1,credit_card,4,46.84
e6657617ef1f4cc4cc2413cb0a6630ae,1,boleto,1,103.14
e684d169c6ce5450a7cf6af58dfeb900,1,credit_card,4,46.0
e6ac453a32e67906ab8b3f79608341c3,1,credit_card,10,612.54
e6b545944786339d4e5205e99554e8aa,1,credit_card,1,67.68
e6b62f5711fd308616f3db4e2061673c,1,credit_card,1,73.34
e6eea6fed0b356b11cf7e35f76320b03,1,credit_card,7,159.62
e6fad28cb7f01e461467af959930ae8a,1,credit_card,2,101.51
e6fd05b126cb5c89f360d14068a14e78,1,boleto,1,236.2
e706d614326b76f48f24d82f86c0b2ed,1,credit_card,8,473.1
e747b099854432937d27178c640102bf,1,boleto,1,36.78
e78008ab9ec891077c0b9e1bb4cc9f29,1,boleto,1,23.71
e7b2fd1afe0ea1687d1766b2b4f2d197,1,credit_card,1,147.99
e80d57705140f5094ac949c1c982fe70,1,credit_card,1,228.61
e82c65a674b5f012420311da34ece20c,1,credit_card,6,86.0
e893f8f38397c526df32b5b1add8fda5,1,credit_card,3,292.39
e8aa9a21409da6ead91fa2b68f7408b8,1,credit_card,8,136.87
e8c8d04eb8aefee37534cee9af6cefa9,1,credit_card,1,32.38
e8ea9d1180aed78c71b3a9361bcdb9cb,1,credit_card,5,154.83
e90e7c747cb478cb9b973c929c0994e5,1,credit_card,1,98.34
e91a3bc14b8d125d82f0334371c39926,1,credit_card,1,53.48
e9412fef2accbb245c4232829673c90c,1,credit_card,1,15.89
e9412fef2accbb245c4232829673c90c,2,voucher,1,136.68
e9435c6647559b99f3fd1fb54fb566eb,1,credit_card,7,154.47
e94de4ac53c1d7b914bf6cdb13fd9ce0,1,credit_card,4,216.6
e9541359c8913cd9c5a99703b92f84fc,1,credit_card,2,169.9
e99d985e66dc0f62859946b86b5beaff,1,credit_card,2,47.34
e9cd104dfc8837e084c067292c013b0a,1,credit_card,4,47.71
ea4379fe06f33b88de9ffd4fcdddd6ba,1,boleto,1,157.3
ea452bd7da485c9376c3112226d21b25,1,credit_card,5,276.2
ea63d003e45a23a57429b135d4595111,1,boleto,1,116.33
ea72383cf738914448322568a400d37c,1,boleto,1,132.05
ea844c92cf978ea23321fa7fe5871761,1,voucher,1,414.04
ea884b5a25f86e605e1750bd936e0122,1,boleto,1,460.05
ea88ef80cceb79ad79ed25ed33d0b7d9,1,credit_card,2,54.59
eaa862b99d06a963cff6699021d83f09,1,credit_card,1,62.65
eaad68bfbcd87a733cc317cf18af4bd2,1,credit_card,1,38.21
eabb26aeb1ce1147b26952c40f719f0f,1,credit_card,1,54.27
eabfb81cf01d772d65405ff27c793ddb,1,boleto,1,374.28
eaf654ecfd0270019b5a997aad141e80,1,voucher,1,29.1
eafa53108733896f6f18e2f8daca6f37,1,credit_card,3,175.33
eb0aa3dd66fc926068964d23504f8426,1,credit_card,1,66.15
eb55f59a44f8ca8558eb570394b598da,1,credit_card,10,280.59
eb6c151662d92e0f9c6b1c3f30122348,1,voucher,1,89.45
eb994ff501ea0ee354f36776225f3fb5,1,credit_card,8,401.45
eba1872af76af0cd06f3a63bdef90a37,1,boleto,1,85.27
ebb2e4c3a4ed0d36a88cb8656e6a113d,1,boleto,1,226.18
ebc94658c583ab37ad4f8e9091c4bef2,1,voucher,1,64.16
ebca4856d6b3b849437fe99d11633d25,1,credit_card,4,138.63
ebf908ba5d7c097d2839701fb3366412,1,boleto,1,175.08
ec02fec9423ae39b2f91ff964bdfd87c,1,credit_card,1,27.36
ec5073f5584f047f32a6375d38a66f9e,1,boleto,1,56.49
ec5a5d1ef3b5144148279ec0141de946,1,credit_card,3,43.78
ec72b3cb886591a30fe474f7474720c8,1,credit_card,1,67.42
ec88ef2191b5e44c70cd7fc05d9b5e95,1,credit_card,3,209.46
ec8e9a10b613682c45e614fd392bb666,1,credit_card,4,84.9
ecae73914f65a01db35cc609281364ef,1,credit_card,3,154.63
ecc5a7a6cd9df305db7d2781708d6599,1,credit_card,10,212.61
ed04a2b3c21cbcd90c2071a22a8cbda2,1,credit_card,1,52.53
ed0b6f8c8617370e53735a5d963bb5b6,1,credit_card,9,98.72
ed1acc924e85e293849485a9d5dc3498,1,boleto,1,86.15
ed212234a6a31d41245df34b141e1830,1,credit_card,1,35.77
ed36a885373249eb36b298e9907b5ac3,1,credit_card,2,137.53
ed3efbd3a87bea76c2812c66a0b32219,1,voucher,1,191.46
ed5c580433cad6ca57016a2c8a3f4d60,1,boleto,1,95.95
ed75cc8989121918832e0dcd3de3b3a7,1,boleto,1,290.65
ed836a8fccba401754e0b283c9b32f09,1,credit_card,1,39.09
ed83f6065ae47112c8cfbd22e231b6d8,1,credit_card,7,75.93
ed90ba41c41da31da8e891ff43a584d1,1,credit_card,7,156.22
edc0fe108d350a1a98a62888287bc6f2,1,credit_card,1,80.51
edce2b8ca0cd95e95e9fdd2367beb2e3,1,boleto,1,124.09
eddf1b58726e1b53c010f681422195fc,1,credit_card,1,96.0
ee0ceef4f6b0b57613eedaf1568bff02,1,credit_card,10,208.92
ee21a244d02c03d23adaa14fe3049b88,1,credit_card,3,321.91
ee6059ea51c2fe6fa582bfee8d1a725e,1,credit_card,5,135.0
eeb03bd554e175a6c6ae5cdc2e86d841,1,credit_card,4,42.47
eed0820e183311e6ae0d016436318b19,1,credit_card,5,200.16
ef02392a4753ae9d3777f16b5feca9c7,1,boleto,1,312.31
ef0bfeea98c53b5b6fc4d39a7eeae081,1,credit_card,1,32.38
ef21cb9d3fa728f51493d679143b7834,1,credit_card,3,109.29
ef2ecde1a76f9bcc15c632e7970aca8d,1,credit_card,3,63.65
ef519547cb72d3ac42ff707948fdb963,1,credit_card,2,318.97
ef61fdf80c9616f588668f63379461bf,1,voucher,1,196.53
ef61fdf80c9616f588668f63379461bf,2,voucher,1,28.69
ef99f25a4dd935f92a388af905f868d1,1,credit_card,2,71.14
efacca5eaae8bd32666ea169089f3e59,1,credit_card,5,187.48
efba1a196f39b8f3451fa4a5804928e0,1,boleto,1,99.43
f00c74caaa25430b1fa361c158e8996a,1,credit_card,3,162.29
f01221bdbf37c9c792b4cc3e78dc5dc8,1,credit_card,4,350.41
f05357e2049ed23ef3cd55f90ab5f714,1,credit_card,1,120.0
f0a35c83ab3251347b674f0f3e0d01f1,1,credit_card,3,106.84
f0b3358d0acb067d9c09d3fb376a5e0d,1,credit_card,2,109.64
f0b47dadd5f372c41ae2cab6c72877da,1,boleto,1,46.58
f0c8fa435e06ab4c026e78d690a6948d,1,credit_card,5,117.51
f0d7cf07c69af0fc5220aa73b44efa81,1,credit_card,1,33.24
f0dabde4fd77bc24990f7107e4c46474,1,credit_card,7,73.72
f0df1737153829ba66d5269909e929a9,1,credit_card,4,44.08
f0ef4a7e953d49418b658852e46ae239,1,credit_card,8,103.93
f0efbfe7e1091577a93ddcf0d02e6119,1,credit_card,2,196.02
f10d89887008fbf26e4ac9027716360f,1,credit_card,1,25.26
f14cabd169ba0d0ecb7433e55c72aca2,1,credit_card,4,167.67
f162504b437717036cc81bdd9a02c4ba,1,credit_card,10,206.99
f16290559c863b848c56bd040fe3831c,1,credit_card,2,61.1
f186d03d544280e8b47474d4ca836ac5,1,credit_card,10,474.96
f18c6aa6a5d583e8ec36beaabb81d9a0,1,boleto,1,363.64
f199cd14cb3f15b4b30dd5b94dcb7cc1,1,credit_card,5,241.93
f1a96431843abf74cfdda6b6307971fa,1,credit_card,2,21.95
f1c86903d3391692abff1d2cbdb642ad,1,credit_card,1,51.14
f1d18fb87d755ecddcf4c37e141aa4f0,1,credit_card,7,73.52
f1f707a756579d773b3c1a28d213e85e,1,credit_card,7,78.08
f204f70875d6c6b3ef8858487847fec4,1,debit_card,1,119.88
f205336be829af209878b6339cf02c7e,1,credit_card,1,74.59
f20ad794a21ea34c982e74ec18f7aaec,1,credit_card,2,75.17
f2194f10572bc6bfabc99465a6d3f55d,1,boleto,1,43.69
f2793cd4b64bd3a177d4a367a3cf40bd,1,boleto,1,131.95
f280a33d2c98180e655aaca0e9b48cfe,1,boleto,1,319.11
f28e549e51f383974493cf9dbdce5d46,1,credit_card,2,112.09
f2ff6d86273f7dcc14a4ce28d03b3b12,1,credit_card,1,21.04
f31100a2f631a83441d0fcd3de9bb098,1,credit_card,1,53.35
f313336cf2b038a3ef433d8e48aec4d5,1,boleto,1,117.96
f313be47c42e07616027ad6d6ac3034c,1,credit_card,7,74.49
f31dd475a9e762d3b7b023b77d03a8e1,1,credit_card,6,100.95
f32506d911d029d9aa31e074798f2c2f,1,credit_card,1,68.33
f387eb734dc3346d68ecfdaf4f0ab0ee,1,credit_card,6,139.15
f391902a7436d24842c938f2e5b1bc34,1,credit_card,5,56.6
f396e1280028fa9c8c83111abee5f2e9,1,boleto,1,455.38
f3b592ea0db671d3d1977e043d2a1b10,1,credit_card,4,267.74
f3b7643e42ed973c3f506f7ba18a6723,1,credit_card,2,74.0
f3c19ec2622d12aafeb4c32621b951b2,1,credit_card,5,137.99
f3c973baad2d145cc17da5473621e0db,1,credit_card,8,165.05
f4293a053b040f6515c5b48808a282be,1,credit_card,1,105.29
f42d66ddca55a1f750b6797c4269cb30,1,credit_card,8,147.51
f44845a8eeec9bf829093ad92c846c09,1,credit_card,6,69.69
f4644597165c84bebe72a057c53a0698,1,credit_card,1,226.74
f47e4063d6bc1a7b8ae44e93faa70fc1,1,credit_card,1,145.34
f4929b75acb29f2ae641fdf4848b8ec2,1,credit_card,4,493.51
f495bbbd2a26c02d0518dec2f10251fe,1,credit_card,6,69.64
f4a0d0b492776bcd3baab5d1f826b131,1,credit_card,8,411.16
f4cf1adfbef386f1559758ebe5db01b1,1,debit_card,1,41.6
f5194ba2a4560ffa0e87746852c61fc1,1,boleto,1,31.75
f51c9940410ef77422e4efbca407c161,1,boleto,1,69.44
f52ec1996d054ab03ddef4968ff41fa5,1,credit_card,10,107.39
f53fa17609006c9c6669b5371ce08044,1,credit_card,1,26.38
f545c6d66e2fa494386ccbdd3e6762cd,1,credit_card,5,61.05
f55dcacbda42aa97458735683d9fbb76,1,credit_card,2,119.32
f561e528dd0491e6fd42ba9b07958979,1,boleto,1,137.7
f56dc9034c3962e36d49fb73baa12800,1,credit_card,4,205.81
f589bd1ff18deb4e471366b1aa443c84,1,credit_card,5,53.1
f5bdbbff47c740c2cca90305841220a8,1,credit_card,1,189.37
f5d54f3d6cc2c7125dc1de8888ce8975,1,boleto,1,121.84
f6284b20e702b2576ee9a3531fde571d,1,credit_card,1,62.55
f6284b20e702b2576ee9a3531fde571d,2,voucher,1,50.0
f6661fe3177a741fbfd91547b86a00e9,1,credit_card,8,88.11
f68b600a2c44fc312a68d5dce8f95803,1,credit_card,1,81.94
f6ab013773ba1820dc3239e7388ab5f1,1,boleto,1,30.1
f6b737b2892803a060990f8483c2f014,1,boleto,1,86.15
f6f4658567da4b739eacf70531b041df,1,boleto,1,138.53
f6f5da11ef603df65572d4a9444e1030,1,credit_card,2,144.56
f70a0aff17df5a6cdd9a7196128bd354,1,boleto,1,313.19
f76887473f528c398659936663331251,1,credit_card,7,73.34
f77d6449700df86a91049fdf2bb2e7f5,1,credit_card,7,347.52
f77e96b95a568b64ae8fbf7a413c3c4e,1,credit_card,7,77.19
f791078f5bc7c09db8f76d26f0db4588,1,credit_card,6,70.65
f7a0b8c521ea81bf3536ad4ef99fd376,1,credit_card,1,143.21
f7a7709b479c021664777ee929ab3ee4,1,credit_card,10,1030.83
f7a8ec3f633e448f2e6a8e76622eeb9f,1,credit_card,3,173.96
f803879e0bfd93a6599c19a3f2b4b74b,1,credit_card,1,73.34
f80896ddec0878ff2475719a8784d53c,1,credit_card,10,1789.02
f81e71dd7c044a9ee7c1d6e37d68d64f,1,voucher,1,785.2
f83c68e578bac1175f2406be22ffa402,1,credit_card,2,326.8
f84c351f8ea512e04301c11470be273b,1,credit_card,3,167.29
f84cf1b66945f7dd5a8f3d20d06a875c,1,credit_card,2,71.62
f86b96a15afabfbffbfe7fcad56b8ff9,1,credit_card,1,67.39
f888aadfaf9861131a6b24882e4c5ee4,1,credit_card,1,93.57
f8b13ccfc06fd1baa3b0b9a9f1d368de,1,boleto,1,49.42
f8b625b1a8ae63614f1c171fb18c7a49,1,credit_card,3,236.29
f8dcf163964a98422b218dd41bd47a7a,1,credit_card,8,309.89
f8dfc821045ffbcaa7a319a3320f7258,1,credit_card,10,130.52
f8f28698e5ebccf86845a38726e56ada,1,credit_card,1,149.2
f8f39c04af57100b2067941cddcb9376,1,credit_card,1,160.42
f91ebd94de8a3da272808b5187316a7a,1,credit_card,8,719.65
f92cfbd80ead6ae168b77674a374b196,1,credit_card,5,111.93
f974be4f3b9bbfd12587321f437e77b4,1,credit_card,1,95.56
f97ceada945c2f47998a4005f87f475d,1,credit_card,1,64.1
f98a633c73840753516ca92e24128574,1,credit_card,1,85.14
f9938fc84bc7f6ce7d868a41dace1777,1,credit_card,2,112.1
f99b507d95cd5bfaee408ab6cd51070d,1,boleto,1,97.61
f9a4431b06162517b2bc2fbaf8f9645a,1,credit_card,8,151.4
f9a84fc50b50973cb20ce6494f8e7eb5,1,credit_card,8,209.06
f9b7d4be1a26d7a0017957e6a6f26e01,1,boleto,1,63.23
f9b80bc225fe1efa4384db3fdb46c2e4,1,credit_card,2,29.09
f9c47932f5342ee9c86d3492bc4e50f5,1,boleto,1,88.72
f9d5bfb53147f381e81b89a848e26b16,1,credit_card,3,195.71
f9f15e02ed74cf8a21b8266a55498942,1,credit_card,5,112.94
f9f9db702438563b3248048f436bf2a0,1,credit_card,4,284.49
fa014da3aa5b1fd99b79a24c7a17d778,1,credit_card,1,136.18
fa0516e60526f3547106618fe2482801,1,credit_card,2,24.34
fa0516e60526f3547106618fe2482801,2,voucher,1,136.45
fa09bf06f137e4496f69f730fd93dcaf,1,credit_card,2,114.57
fa2211e05a1ebb8eedfa015e5d6d7957,1,boleto,1,125.27
fa3b973e0d6218a2905cf9808c158794,1,credit_card,1,100.54
fa4e39af0cabdc0f91adcba174a63b69,1,credit_card,4,51.68
fa501c06e7a60e98b43e678fd5205c37,1,credit_card,2,200.33
fa534840c9b5b3a7052a37a863ea1790,1,boleto,1,96.8
fa67f37b0eb6114117c4c0412aeaaf2d,1,credit_card,2,103.01
fa89b2c9bc90956a517714880dfeb6ac,1,credit_card,1,110.0
faf87806481a087a5380b61974971f90,1,credit_card,2,57.09
fb11780dd534a4af0611d27c007b88b0,1,credit_card,3,243.57
fb1d06cccaa9f157355d83d52634c957,1,credit_card,2,47.43
fb2e0a2eb0a7cd9fc655c3fdda628acc,1,credit_card,5,1821.82
fb66a068381c1be27f5ad0a25309d424,1,credit_card,2,51.05
fb73306df41afb7ed9222b25f9ebdfb4,1,credit_card,1,83.76
fb7df543b6622d01dba2c9340a23bb30,1,credit_card,3,454.66
fbab2f1499ada7711dc92e28e8e2cee9,1,boleto,1,135.57
fbacb2717f779ec85691cc7fcec4f1d7,1,credit_card,4,255.76
fbd3f15f34958b4aa4d193afa4a7278b,1,debit_card,1,22.37
fc10f44eba425f75f88abffef84186e8,1,boleto,1,121.26
fc4de496aefe84390ddbb5471ace9a8c,1,credit_card,1,224.12
fc55691eabf7bd6d38e8d49b4cdd8629,1,credit_card,1,92.78
fc5701b47c62ca3a3f7c2514cd5edc56,1,credit_card,5,82.78
fc62afb57b86ee5363aee2b7c04421c0,1,credit_card,1,10.07
fc62afb57b86ee5363aee2b7c04421c0,2,voucher,1,96.83
fc6fa7fa7977262db8df0b27a56474d8,1,boleto,1,450.76
fc79d61f2a305370fd69ee2c8048d5af,1,credit_card,4,95.91
fc9a5afd96050ceb0d9f12a4f8c5d9f0,1,boleto,1,70.97
fcc13f1fc01aacaf59da3b5bbc2e1b9e,1,credit_card,2,65.22
fcd0f8a6842216f0d6d5a217883eb711,1,boleto,1,74.2
fce11c1012b2c4e62437daaf24cf96a7,1,credit_card,2,195.5
fce3aaaad786e05cb7386b9274f5aa17,1,debit_card,1,108.68
fcfb164cd88eaf05a44e1cb84c5153e6,1,debit_card,1,39.15
fcfd2d9dca1b759a8838eac01a9ce2eb,1,credit_card,3,90.18
fd083ca236fb56074a653948afcacd8e,1,credit_card,3,220.68
fd1272ba40a94a5fbc6e9548a8486867,1,boleto,1,74.59
fd4907109f6bac23f07064af84bec02d,1,credit_card,2,219.0
fd4b04818375a4ba579a80c8d37f1b24,1,credit_card,1,42.42
fd54537438233bc798bd3fdac32bcfd9,1,credit_card,1,154.02
fd58bdbb6cc5d7519e063c3ceb7e951b,1,credit_card,2,80.48
fd6519b24982de9aec35784b4bc78d2b,1,boleto,1,42.52
fd84aa1fc4c825c367cbb777d82e5a2a,1,credit_card,7,74.34
fd910e1bec44f27b8680a01c7a5e377c,1,boleto,1,77.57
fd9cab205c6b8e485793804e2fdab6fc,1,credit_card,1,13.48
fd9cab205c6b8e485793804e2fdab6fc,2,voucher,1,24.3
fda9a222267a9db0d0831209bfe668e7,1,credit_card,6,298.99
fdaa819b4c4dba8f7ed72e2d1102971c,1,credit_card,3,47.2
fdd2049f954806e2fe0d0bb830563035,1,credit_card,2,28.86
fdde45331586a2e1145f846f3787feef,1,credit_card,1,365.26
fdeb8e2ed51d3a12a9d6c27a2f70e255,1,credit_card,6,158.3
fe2893f4e6b71e79a7aec9c777744a16,1,boleto,1,50.72
fe437c0788b9f47d5ec164c87988cbae,1,credit_card,2,128.99
fe456fd2155744fb9a7180989d61c30d,1,credit_card,2,157.22
fe784ed3dfc728fd4de44fa9918fe1eb,1,boleto,1,57.98
fe991211acd078df41a8c85aceadfb66,1,credit_card,8,232.14
fec76d3c7d37a989bdd3a22911340c75,1,credit_card,10,471.84
fecc4ea5a3e06ce3192ae2f05b7a8439,1,credit_card,1,216.0
ff229c2bb720b61c11d51e0249799aba,1,credit_card,10,190.43
ff2ac13b0f36dffb6af9699f59b18377,1,credit_card,20,885.36
ff3a45ee744a7c1f8096d2e72c1a23e4,1,credit_card,3,160.42
ff6373dfa00603bd092cb8f6eef3349a,1,credit_card,2,74.97
ff6ab7a209609f6d415e5465e903bbe0,1,credit_card,1,26.68
ff978de32e717acd3b5abe1fb069d2b6,1,voucher,1,30.0
ff978de32e717acd3b5abe1fb069d2b6,2,voucher,1,10.8
ff978de32e717acd3b5abe1fb069d2b6,3,voucher,1,0.66
ff978de32e717acd3b5abe1fb069d2b6,4,voucher,1,7.68
ffa39020fe7c8a3e907320e1bec4b985,1,credit_card,1,7.13
ffa39020fe7c8a3e907320e1bec4b985,2,voucher,1,64.01
ffd6f08f294bfa573e0eeb88d6afb17b,1,credit_card,1,366.8
ffe2b9e50ccbd9695f42c906f6d9010c,1,credit_card,3,201.37
