product_id,product_category_name,product_name_lenght,product_description_lenght,product_photos_qty,product_weight_g,product_length_cm,product_height_cm,product_width_cm
002ec297b1b00fb9dde7ee6ac24b6771,utilidades_domesticas,36,707,3,150,20,10,15
006baa9a5b8f95895f15273a35bc2664,esporte_lazer,33,223,2,950,60,15,15
00878d953636afec00d3e85d55a12e7f,beleza_saude,59,1631,4,2550,38,42,25
00a8c742ae1da97e9064205459977e6c,informatica_acessorios,38,581,1,150,16,23,13
00ab8a8b9fe219511dc3f178c6d79698,,,,,2100,50,30,30
0105b5323d24fc655f73052694dbbb3a,pc_gamer,59,621,4,2839,19,16,18
0129d1e9b29d3fe6833cc922374cd252,consoles_games,55,134,1,100,20,3,15
014a8a503291921f7b004a5215bb3c36,bebes,37,497,4,150,16,7,11
0152f69b6cf919bcdaf117aa8c43e5a2,cama_mesa_banho,40,116,1,250,40,4,30
015dfd6612249811b2e147c1f3be048f,utilidades_domesticas,33,912,4,300,17,28,11
015e04445dedbd5da301ef29cbb03f83,cama_mesa_banho,52,183,2,550,70,10,40
01b0238705b6ae8e35c6fea837e6ae4a,beleza_saude,57,460,1,900,20,4,11
01cf56cd6138b926a4802d16fc304149,eletronicos,43,3023,6,100,16,16,16
01e20e6604216c8adb31d463214ba00c,casa_construcao,48,627,1,300,16,11,16
01e25be2c25019945382e057a8292e72,cama_mesa_banho,59,330,1,1575,41,6,31
020a80cb704bf65f38761fcedf2af192,automotivo,35,1512,3,800,26,9,24
02293621a345f7cddda16c5d9c7990e4,telefonia,57,447,4,217,17,4,12
024063adde9af865418b7da3dd897b98,esporte_lazer,53,710,1,450,20,9,14
0254a096e569c4a89b6870e9d4a65c3c,papelaria,55,971,4,600,25,12,28
02623b0e4e6b951aefb23575de1f3886,utilidades_domesticas,27,828,1,1600,25,10,20
027cdd14a677a5834bc67a9789db5021,perfumaria,42,544,1,341,20,18,16
02a79d79e818ad0be36cfc843a6af7ad,esporte_lazer,60,1738,1,300,16,15,15
02a93c4e95263ca545e9f46ca2b59833,cool_stuff,52,134,6,1700,65,25,25
02ed3b595447e948efc3eac897e4df0e,cama_mesa_banho,30,413,2,725,31,7,31
02f5620577c231921c3b01678005d2ba,papelaria,60,574,5,500,21,7,15
02f8dd9b448d3ec2c73e65a22da1121c,relogios_presentes,43,597,1,250,18,9,17
02fbee632a2044d48ab16d57eec4db58,cama_mesa_banho,53,230,1,1017,39,15,34
0368744ea61d6163219e3bcbbbac3680,beleza_saude,46,799,1,2000,30,12,16
03826ede2cac52b3011b58cfd58c84f9,utilidades_domesticas,58,398,3,6900,70,15,33
03bb06cda40712fb8473f7962fb7d198,cama_mesa_banho,54,289,1,2000,34,9,33
03e1c946c0ddfc58724ff262aef08dff,utilidades_domesticas,46,465,1,550,16,22,12
04014f5d30de9dbe77b421f63985b5ef,automotivo,52,228,2,5550,55,35,30
0437850bd55b9b2b9cf104b59a611666,papelaria,59,244,7,350,18,2,20
044de1dc695094f06e9eca6c19921f20,moveis_decoracao,56,296,3,1300,100,7,15
046cf43a5b63303b3c3c4ba076d1d732,beleza_saude,48,1648,2,350,24,5,21
04af9f3af5c6afc4eece909c25330934,relogios_presentes,51,475,6,200,16,2,20
0502d1a36be75bd36b452f31c6ed264a,,,,,100,16,7,11
0515b574204dff0dbdc5dac180f3df3a,papelaria,51,58,1,100,16,5,16
052b8660ee8a9ee18815d9b276694a10,perfumaria,47,540,2,107,17,12,14
0561435e3af107a3bd2104466ad5985a,cama_mesa_banho,40,313,1,900,36,6,26
05a9ab81472f6bdcd910cb49b636c5b5,instrumentos_musicais,55,2290,5,250,16,9,11
05b9a00b36b50edaea8de91b8c19fc22,automotivo,50,385,4,400,21,8,11
060109450b2f49e4d5c4fdfd3d8ebc34,utilidades_domesticas,56,497,3,450,18,8,13
0603179793e4bf68b9dbdb4ba238a3b7,cama_mesa_banho,58,1290,1,1150,43,7,30
0603d2d85bcc46beb11bd247870c4841,cama_mesa_banho,30,66,1,1450,55,14,43
060cb19345d90064d1015407193c233d,automotivo,49,608,1,7150,65,10,65
060f0122cdc8f25db4a0d7359fdae7b0,relogios_presentes,50,835,5,250,16,2,11
061c050147b7b9fb6f088593900e8dc6,fashion_bolsas_e_acessorios,48,150,2,400,16,5,16
062619359d5f9a664606cb2a6ccb477a,beleza_saude,64,1394,1,2000,20,20,20
06649da52cbfbb4e9b6cfc332d56c119,eletrodomesticos,47,353,2,600,70,5,11
068ceaa8a3d9d385cbf53d5335f89f80,utilidades_domesticas,42,395,1,1200,27,18,23
06a47d0ecd4561565deab3dfd7d3c0ff,esporte_lazer,60,592,2,400,30,20,20
06c38a87544301cba8b0fb5a0796383d,brinquedos,45,553,5,2300,98,12,20
06c6e01186af8b98ee1fc9e01f9471e9,informatica_acessorios,53,144,2,200,25,5,15
06d156ad29691bb65b80a6bf398db4fc,esporte_lazer,60,576,5,2700,80,12,22
06edb72f1e0c64b14c5b79353f7abea3,cama_mesa_banho,39,161,2,350,25,8,19
06f442515f5159d999a684dfdb881917,pet_shop,24,513,6,10900,50,30,40
06f756df8d80309915285f3ee6ea1059,malas_acessorios,45,1333,4,700,16,40,40
0705b33fb285827a578fce4899f1b921,esporte_lazer,35,650,1,400,95,6,47
076e4ce53c8914382e7ff3732511b17e,beleza_saude,22,363,2,633,26,9,22
077599a82ee54960bc4f4c941b0d1359,beleza_saude,53,1140,3,1600,18,8,20
07c055536ebf10dfbb6c6db6dbfc36e5,moveis_decoracao,59,473,1,600,30,3,20
07f40f14df320969f0bb8cfc5cff5d3b,fashion_bolsas_e_acessorios,35,147,2,100,16,6,11
07fe9ffbb84b9d22610d79efb16e81a7,cool_stuff,29,234,1,50,23,15,15
07ffc018eaf23e086370dea42c74077b,construcao_ferramentas_jardim,55,2039,5,185,21,7,14
0829c25b4a3efca7651f07cd4b8e05bc,informatica_acessorios,52,983,5,100,16,4,14
083178fd17a5d863811733e46fc529ef,esporte_lazer,38,256,3,450,25,25,25
0836db91ee8fd88d685b5a57bed9ede0,,,,,6600,57,12,37
083ffd30820b592e294de7ed668ff975,informatica_acessorios,49,944,3,300,23,8,19
08574b074924071f4e201e151b152b4e,ferramentas_jardim,36,450,1,9000,42,12,39
0878701fe7102eb1ba7f0f00229b7944,esporte_lazer,44,312,2,950,17,5,14
08a58dc963320d6073623382b9ceb920,informatica_acessorios,56,2590,5,400,17,7,13
08c816d9a716567bf436173ef6f5f12e,eletronicos,60,740,1,150,18,12,15
091af6c2d579fe0926b4fcb8db07f78e,esporte_lazer,58,920,2,2350,20,20,20
09b069a1846b0e666a398952c8ba1605,esporte_lazer,50,3129,1,350,18,8,14
09e24bdfc054e52b9c4af78e3a286a98,perfumaria,44,343,1,75,16,11,11
09ff539a621711667c43eba6a3bd8466,bebes,60,865,3,,,,
0a2fff0d95ef3bbb7dffc618f9542ba9,relogios_presentes,26,567,1,283,18,12,13
0a4f9f421af66d2ea061fbb8883419f7,beleza_saude,60,919,1,200,22,3,15
0a57f7d2c983bcf8188589a5fea4a8da,relogios_presentes,33,932,1,396,18,11,14
0a6cf067b01351046739940c8cb7f60f,brinquedos,49,893,1,600,26,13,41
0a72af236c73afbd2e2a52dfdb14c667,cama_mesa_banho,52,301,2,840,37,23,35
0a8bc1a07183eceacf95ae5cb4cbd076,pet_shop,25,1399,1,165,16,10,11
0a9bdadab17a9b0f258f64d11a0adf7b,moveis_decoracao,37,1090,1,7480,53,48,26
0aabfb375647d9738ad0f7b4ea3653b1,consoles_games,49,100,4,150,16,12,12
0ac57b2df86eb6997b94d6ccf555e29d,esporte_lazer,57,487,1,137,18,5,13
0b0172eb0fd18479d29c3bc122c058c2,eletronicos,53,265,2,150,22,13,15
0b3f73dba78abf4576c187092dc5dc81,,,,,1300,30,16,20
0b41e00d58da605465f22bde5b7cf725,automotivo,45,556,1,11600,55,35,45
0b48dc720b9a40d75ce14eda10be0922,moveis_cozinha_area_de_servico_jantar_e_jardim,59,558,5,6950,47,23,37
0b814a3c8fa6dbb849df7c28c1bd6831,moveis_quarto,53,530,1,10700,93,63,11
0bbdc963004d9b2fd3427ee3c5ae3608,esporte_lazer,31,1479,3,150,23,7,12
0bbf093ffaa05565b79b64ee97f917cb,moveis_escritorio,42,1362,1,11575,57,55,22
0bcc3eeca39e1064258aa1e932269894,ferramentas_jardim,57,339,2,1800,37,22,40
0bdb7583b74c0323d413497fab3f2a3c,telefonia,53,141,2,400,16,6,11
0bed2811f66d80c67e51d3d9a5127233,telefonia,41,689,1,100,24,2,18
0c159d7ce798ebc726ad977f9ade848a,ferramentas_jardim,46,356,1,250,35,7,11
0c3256090b6cc52703b152c874827cd7,consoles_games,57,762,4,200,21,7,16
0c5aecba8eab00eb055c6e2e7b9b4346,beleza_saude,59,436,1,30000,55,75,61
0c71252f37443403376d2008034a7240,pet_shop,41,947,1,156,18,10,14
0c9439abe84dc40a64fc164365c4d064,bebidas,36,1481,1,2775,16,38,11
0c9ff9d8ed9b9bdd825487b3a66e05f5,automotivo,55,620,1,7225,61,13,61
0cb9f521598f339ad6e6b41e34a1b169,telefonia,59,348,2,220,20,12,17
0cdb6853db40cd5d117e1828fcef99af,esporte_lazer,54,1476,1,2700,31,33,31
0cf41187284d7f099adc8415a743ebbd,bebes,60,644,1,300,16,16,16
0d0bc6cf9765ffe8b4d3103138c96cdd,eletronicos,60,436,1,200,19,13,17
0d146484c69d613fe015c0229056b065,moveis_decoracao,24,458,4,100,80,10,60
0d1d0db051b49daf3c58068768d8fd2d,brinquedos,50,425,2,500,16,45,12
0d2c4e029804235bd546d1f771049ef3,cama_mesa_banho,51,901,1,975,34,5,26
0d5837a2580f92e18e2d1b5f7fa70c2d,utilidades_domesticas,57,1343,10,30000,60,70,60
0d704e7a1f7ac1c5c03247e845d18f93,utilidades_domesticas,40,73,5,200,18,4,12
0d9374142ba86a7c22357ea192bcfde6,utilidades_domesticas,60,1126,3,1275,27,26,27
0db04bfc9ca0d0dc2c530e7f2d023160,moveis_sala,58,1116,2,3325,30,11,30
0db4869ac8a908414823d44d742f5ba3,moveis_escritorio,47,1158,1,17000,63,58,24
0e089f539eaa543b2d6e4b4b4e128a3b,moveis_decoracao,36,1313,4,1367,39,15,29
0e1b67828c6d682c600b49872507d1ae,cool_stuff,60,899,3,1450,20,30,20
0e2d365a247d105fefc31b17ab8706d9,perfumaria,35,503,1,430,21,11,17
0e3f5da3b1d7aeb2b1aa661a99c4788c,moveis_decoracao,58,2434,2,300,69,11,11
0e632ab9f5b05a2703871a8f27e4e1a7,informatica_acessorios,42,521,3,400,16,8,16
0e90009c14c8245b4ec2646c22ca8b7d,fashion_calcados,51,1958,5,1500,33,13,20
0ec09d10ef472b982d230612dbd5bd16,cama_mesa_banho,54,289,1,3250,36,10,35
0ec63d4c614fff936b02b10d242bf955,moveis_decoracao,59,457,3,1350,45,15,35
0ec96e6d31a1493b0475805c9ae1a0a2,moveis_decoracao,48,409,4,1450,24,18,18
0f1734abf5ee5d3b99353b7ccb117426,relogios_presentes,33,194,2,200,18,6,17
0f3288619c16188d156acc3ba91f36ab,esporte_lazer,55,266,5,300,20,15,15
0f5332231359f783330b784af1b8c3bd,consoles_games,40,562,2,200,21,9,17
0f789be671fe3bd93cabfbb4a710f282,cama_mesa_banho,47,325,5,450,20,10,12
0fa81e7123fd0ebe03adbbe99d912827,cama_mesa_banho,60,189,1,1350,46,2,36
0fb4287d451ca41ec9311a82fd9599a3,cama_mesa_banho,52,276,1,850,34,23,42
0fe46ce0313d625bd5c3b7e0bb918d55,telefonia,52,1455,3,100,16,3,11
0fe922b7f7d43ef454bbc241416e7401,esporte_lazer,45,429,2,50,20,11,11
10070e29929f7c7d609ee3201f236b8e,casa_construcao,44,421,5,1250,23,30,15
1020b67af447026e34fadc5a08f786b1,automotivo,58,1145,6,3850,53,43,11
1042c4a6f451ec0825e8accbd9486349,moveis_decoracao,51,498,1,3600,30,30,30
10714d6a49c0af9ccdab2d806887c5f5,esporte_lazer,59,254,1,700,40,45,25
10717ff440b2320081989126e858b220,cama_mesa_banho,52,263,1,4867,70,16,50
10cdbbacd25110d10f8cbe925ea7853f,moveis_decoracao,41,1191,1,8975,57,57,22
10d9c039b5dcb3b2a4a4fd507fd187a0,cama_mesa_banho,52,127,2,900,50,5,50
10f2ada0cff82206dc9afa52ebac690b,livros_interesse_geral,25,3655,1,500,16,22,15
1107055c5c960ef6e183e781260aeafd,telefonia,59,752,6,300,17,4,12
111110604c6d3718f07e26dbff3d46bc,eletroportateis,39,57,1,800,16,35,25
111a3ef82d77e13260a73fbf58c41da5,perfumaria,59,509,6,350,16,5,15
111d8a7b2ef16e6e8c71a069075f8771,telefonia,40,928,3,100,18,18,18
1178e5819b87e4a8846d636e39df026b,automotivo,62,418,6,400,16,7,12
11875b30b49585209e608f40e8082e65,esporte_lazer,26,1465,1,1032,17,15,16
119618b5b8b80a24cd99506dd5424864,beleza_saude,53,137,3,200,19,11,23
119addecf70b398c86bec023de4b8786,moveis_decoracao,59,1180,2,1950,43,14,12
11b062c710beb867b4897ff2728e828d,moveis_cozinha_area_de_servico_jantar_e_jardim,50,445,1,1000,34,25,25
11b2b219c6995bd51ac7973c2b352a0d,cama_mesa_banho,59,679,1,1250,19,17,22
11dc4053871ff53ff79fb1fc7e6b160f,esporte_lazer,29,347,1,1600,100,7,11
11dcc970f7a5581e1bf777b6da3f7096,utilidades_domesticas,42,659,2,1038,41,22,28
11ea2b91f0f26a2d693ba6763a2eb4b0,,,,,800,35,15,20
11fcf75cb0f15b4e28842db20b062850,moveis_decoracao,63,461,2,800,80,10,60
12087840651e83b48206b82c213b76fd,esporte_lazer,27,521,1,1813,30,13,28
121f7f44c9e25be4873ca9296542ebd3,beleza_saude,56,2264,2,1025,23,18,20
1220978a08a6b29a202bc015b18250e9,portateis_cozinha_e_preparadores_de_alimentos,46,280,1,1200,25,33,25
124f74f703e88efe001a10bfa718b6ff,,,,,250,15,8,20
12679a5fde22662b441abe4f754345ae,utilidades_domesticas,54,1926,1,10825,48,35,45
1269d60fc5efbcf03e7eea49213091c6,cama_mesa_banho,27,423,1,200,16,12,11
1276de9d6e6200f71cfb172a76abf703,fashion_bolsas_e_acessorios,43,250,2,50,16,5,16
12a6286d3f2b371cc37370f3aa324b96,beleza_saude,36,1046,1,583,17,11,12
12b2d0d0afbc40130f01e2f2f591444c,sinalizacao_e_seguranca,57,922,7,750,16,20,16
12e3d9b67368b8d1563127a8b3407f79,automotivo,54,680,1,13700,35,20,20
12e6d0f655986ceff00c74658dec97b1,moveis_sala,47,511,1,7875,60,25,25
12f066474dfa3c415c169051c5e1967e,telefonia,60,749,3,200,22,8,15
12f749c76f15e9bf5743bebda92da24a,brinquedos,52,561,5,8050,30,20,50
130482add9fd75ccb6c57ba007694a2d,informatica_acessorios,55,60,1,2800,40,15,40
1332f9dadde087afb818a88c72db05f1,automotivo,53,394,3,75,20,2,15
138dac44dc568cd36c6f1d1e5e181d5d,automotivo,56,896,4,1400,25,9,26
13a58c8c026b664e412003b4cbdc30a3,utilidades_domesticas,50,1081,1,600,16,25,12
13e64813e400c6b383297c388eb38688,cool_stuff,54,2471,1,2000,33,44,19
140a6dabf1644704fc0d592be0be59d1,beleza_saude,41,547,3,968,27,20,21
1427b126f61597524866770b05d4eed2,informatica_acessorios,51,378,1,200,17,13,13
1434a45fb0e95dd43f674ddff1df8ca7,cama_mesa_banho,62,422,1,2000,35,10,25
144fc7abb16b6f6d92d2c9f34d3c3452,informatica_acessorios,39,1423,3,375,17,11,14
145028037adecb27b1a58cf9597676cc,moveis_escritorio,37,1259,1,6650,23,19,29
14555ba663de8689feacf1d0819cc3b3,esporte_lazer,42,660,1,2150,41,10,35
145978af3e89b318be0b717a0953649a,informatica_acessorios,56,295,3,150,31,3,28
1468c44dd6c3ecaa8e9b12a8a2a7ed0c,relogios_presentes,37,373,2,300,16,9,17
146eb6d2e5e311d926d672b5b25d3f4a,beleza_saude,43,1983,1,2300,30,10,20
14d8c1bbd5f367608c37522e99c47258,livros_interesse_geral,16,276,1,150,28,2,19
14dffa241a078aeaebaef48a49e807ca,bebes,43,746,4,250,16,7,11
1528d0673079ce2d79d29753b800d76e,beleza_saude,58,790,4,800,20,7,20
154e7e31ebfa092203795c972e5804a6,beleza_saude,48,575,1,100,20,15,15
155222243017ed8a8a43eabf5b04144c,agro_industria_e_comercio,49,689,1,1950,19,44,11
15627ec726c8361a54e87afd48c9ddab,informatica_acessorios,38,247,1,500,18,9,16
156929d95f2ef8373a04db2cb82bc3e1,fashion_bolsas_e_acessorios,54,840,1,100,16,14,14
15994dc9c5505e5feb9780945ed1cc8a,pet_shop,51,1294,5,9850,16,72,92
15b3d4c8373cd64166af5504b49d289d,moveis_decoracao,60,856,1,1400,43,5,30
15cf6e60f6f3fc09598470e5d9a6d13c,bebes,49,375,6,200,29,7,16
15d0beee06988a8a3a98717582e478e6,esporte_lazer,44,3674,1,1400,31,36,31
15fdd6032f35d4add5066fb90be28630,relogios_presentes,60,718,5,950,16,2,20
1600dcf1cea8c0c83702e07b577ab231,relogios_presentes,57,181,4,250,16,2,20
1612209b0b37fbe80e1e8e1b7d19ca1d,informatica_acessorios,56,580,4,1600,20,15,20
1613b819ab5dae53aead2dbb4ebdb378,automotivo,60,982,2,50,17,10,15
164979bae3a9db1859e725b3a793f4d2,informatica_acessorios,58,191,3,400,50,15,25
165f86fe8b799a708a20ee4ba125c289,cool_stuff,40,1456,1,2425,29,30,19
1686ad611d0c19159f8052758f93f660,telefonia,51,370,2,150,22,7,14
16ed6a6e3fce23b741650437fe58d65b,utilidades_domesticas,49,1226,1,750,35,15,35
17061c6ca6aaab457074d9f12c1882e6,automotivo,60,651,5,3400,78,4,47
173d5a1b6c4ea4f41aafca840646d240,informatica_acessorios,60,2442,4,100,16,16,16
173e9fe34bfe97f3a5e6dc57fe897b74,livros_tecnicos,36,890,1,950,29,3,21
17469cd3d2559b93669a813860296b8e,brinquedos,60,1212,4,1200,28,13,21
1750753e77dc38c4afe6fc90f02c39bc,brinquedos,48,633,4,600,22,12,12
177d3d5bb9d4d29222a222e3b3554f41,papelaria,59,241,6,7550,60,20,29
17823ffd2de8234f0e885a71109613a4,,,,,3750,42,20,24
17ad136b7421ea8690fded631b651158,relogios_presentes,60,112,2,250,16,2,20
17ad6786808ab3fedfb261a70a5932d6,audio,38,2916,1,620,23,15,17
180fbb426ea5ab0708d43ad3f3839bb9,moveis_sala,45,843,3,7600,61,11,46
18486698933fbb64af6c0a255f7dd64c,informatica_acessorios,40,322,1,225,17,14,13
186d7d472f062ca6ef30689faa935d2e,utilidades_domesticas,55,281,1,250,25,25,25
186fe07c8b8005ec6a498587ffbc1352,relogios_presentes,60,193,3,200,16,2,11
1878fcfa202ce65b4bfaa9d16250ee86,moveis_escritorio,46,1198,1,7725,53,51,18
187e7d92b8168c3661824809d0c5dffb,beleza_saude,30,1501,1,1900,27,9,18
18870238fd023ef96e834a59dbd4405f,perfumaria,57,698,1,563,25,11,18
188c2b55dbae7df073f4f4a24e232ce9,utilidades_domesticas,49,186,1,800,30,30,20
189898d15ec809a4ca45e1ac2221dea2,informatica_acessorios,26,327,1,478,20,14,18
189c49b159a847050e52afe5ec8d42c5,cama_mesa_banho,52,350,2,2069,65,19,44
18b0e642cbae7251e60a64aa07dd9eb9,informatica_acessorios,24,718,2,200,41,2,29
18c0b4a4150176a977ab587d549575e9,relogios_presentes,52,576,2,258,19,9,12
18d307d967bbf1300aa00b34f34c374c,beleza_saude,64,1135,1,4600,34,9,34
1900bad8eae4042922f8487abb59e3c5,alimentos,58,3719,6,600,28,15,15
190d9562bfbe9d3ed876c2ac6f2f5894,beleza_saude,51,405,2,150,20,20,20
191bd142a00d0d95fa54118635886d9e,fashion_calcados,57,404,4,1400,22,12,33
191c65cf8988d6fab9bde989aef39d61,eletronicos,42,324,3,6200,22,21,18
192f2d6f10ae35f57a57be5fc1ae7d56,brinquedos,37,724,1,600,25,12,40
19421075ae0b585f2dc13ff149e2119d,esporte_lazer,32,1797,1,150,16,16,11
1954739d84629e7323a4295812a3e0ec,portateis_cozinha_e_preparadores_de_alimentos,58,792,4,750,30,30,30
195a72beccf48da20d71e2d7530b470a,beleza_saude,48,474,4,425,20,11,14
196b3e3000c77b282069397fb84686dc,bebes,40,1109,1,28250,34,85,55
19ac4a7de40be5bd72347162024983f2,,,,,200,16,2,20
19c91ef95d509ea33eda93495c4d3481,beleza_saude,50,1257,1,700,25,12,19
19ee3f358951bb4ffb50cfc4f3780449,beleza_saude,51,558,1,200,20,10,20
1a080577618e7fe4d9ddd8fb2b47a964,relogios_presentes,33,623,1,425,19,13,16
1a428b685ede76217c9efb550c4aaa59,cama_mesa_banho,49,117,1,400,40,4,30
1a758361b1c10b3ffe3d3373332de319,esporte_lazer,56,819,4,175,17,10,13
1aaf80d4afeb6d8636711e75d02f1a7e,informatica_acessorios,50,220,1,50,40,2,24
1adcf68b3225c66329bed63fc288933f,esporte_lazer,52,553,1,350,18,18,18
1afdb4e17af189582b06591ae8a031a4,fashion_bolsas_e_acessorios,59,131,5,250,16,2,20
1b0e39ec889889ea1d492603d8512bfb,,,,,400,35,30,20
1b1bde24cbdf36a390e1abd717b2f7b0,cama_mesa_banho,43,124,1,300,40,4,30
1b28df0b54809d40f2bd2f2218c601a2,alimentos_bebidas,59,3762,1,875,23,17,17
1b34de23397f9ce6cd0f7afa27b60eac,beleza_saude,33,3664,1,430,22,17,21
1b363f393faf61f11af873b840645eb9,cama_mesa_banho,55,246,1,1050,38,10,38
1b6033cbf12974cf79c1cccbf8592ffd,beleza_saude,27,1840,1,250,17,12,12
1b6cecc37e5cf78922520ccb14860e63,utilidades_domesticas,52,427,1,5100,40,25,35
1b7b45fba5ad23e8117914f8b36e6772,esporte_lazer,46,1277,5,1600,42,10,22
1b861948326326b19c7442789ef59ebb,beleza_saude,53,144,1,100,16,11,11
1b8ee158f59c098470fad33f39660964,moveis_sala,32,327,2,6200,55,14,47
1b90a8c5fe7ad2ec9351f03282b30075,utilidades_domesticas,59,812,2,1000,30,15,25
1b979ed0acbd0350ce3aaee840601644,eletrodomesticos,55,276,3,300,34,13,17
1bfb290d7273a442c874dbe74b4abae6,moveis_escritorio,19,883,1,10075,55,64,26
1bfe62f326ac7bec0f5a83c10cfff228,brinquedos,47,74,2,5700,39,30,29
1c0b635cee597371e54d222a1d8e0386,relogios_presentes,52,706,2,300,16,11,11
1c27515baa5bece76d41e2353efcdd8e,utilidades_domesticas,56,358,1,900,71,13,11
1c590de8370cd15e869999037e92fea2,fashion_bolsas_e_acessorios,36,103,1,100,16,10,15
1c9b5793de6c3d9117b6218552c87a8f,perfumaria,54,956,1,50,16,5,11
1cbae91a0159b540e3d3a43193d3e970,relogios_presentes,56,555,1,150,20,5,15
1cc61b32763a4d816212b3507b6b6c59,livros_interesse_geral,55,556,1,1050,27,30,16
1ccef988a8dd457a93b0b4833b8f0724,telefonia,38,580,2,100,16,3,11
1cf0c9095608952cb1c65c4789946375,eletronicos,52,293,2,275,28,9,22
1d1d29cb3e67f3a4d7eb040b5a13d361,moveis_decoracao,30,634,1,25250,41,43,91
1d2ead71bc1ce7734db8e8a241fd1f1e,livros_tecnicos,39,1312,1,2050,28,5,22
1d3f55c00acdb29bd959f2760abc8b7d,automotivo,56,614,1,5150,60,12,60
1d4de03a6141ce2a2ae5a97f51cabb37,cama_mesa_banho,32,253,1,4050,40,15,23
1d9263e74c3e8e57d3a7bd505b7b871e,informatica_acessorios,42,885,1,200,28,2,40
1dd3a0b856546758b41e8ef9935f1831,utilidades_domesticas,53,532,1,600,20,7,20
1de74e63d630007567726953a4eb2b36,fashion_underwear_e_moda_praia,25,396,2,150,35,10,25
1dec4c88c685d5a07bf01dcb0f8bf9f8,automotivo,44,982,3,17600,49,49,23
1dee3524e3a91274c8255b3a31373ead,papelaria,57,2042,1,700,17,12,17
1e0d051115919ea51ac96e8e01816b57,moveis_decoracao,63,625,6,8050,40,40,30
1e5428c428e0f783acd6e3d94ba4ee2a,pcs,55,1067,1,12000,27,50,53
1e618d311a1b7f88a9d96ec50aa85582,utilidades_domesticas,42,540,4,9950,31,61,31
1eba879220bd0981a0e2fbab499ed4e1,moveis_escritorio,57,476,1,8950,52,51,17
1ec486885049bbb9b79351d150ed18c4,fashion_bolsas_e_acessorios,36,412,5,100,16,5,20
1f180c96859564dd5857185f5914d2c7,cama_mesa_banho,60,189,1,1900,36,7,29
1f2bcc5a21172c008ccbcc28afb8bced,moveis_decoracao,63,635,10,1300,38,15,23
1f30aacc69904c0d0bf8d05cb2abef72,cama_mesa_banho,58,293,1,1850,40,10,30
1fb344134cd7164d32dea4d87ba3ec5a,ferramentas_jardim,57,1160,1,625,23,18,20
2028bf1b01cafb2d2b1901fca4083222,perfumaria,54,1536,2,250,20,8,21
2029248294c186017ecfc48cecd47bbd,ferramentas_jardim,44,586,3,3250,32,14,22
202d6bc7af7609f371b94e032925d314,cama_mesa_banho,54,390,1,550,16,10,16
20332c1e41e427864b3561a657caaf0d,relogios_presentes,59,916,1,700,16,12,12
20518c6950587eb5e8f02dad2fa0d685,market_place,63,1652,3,200,22,4,15
2052b3c5e08893e567c2fb7778476c75,informatica_acessorios,46,227,1,810,16,10,12
20531b0644a0719b8d506c4db3c56609,utilidades_domesticas,55,375,3,10050,31,61,31
205ff90a4060e651110a277efa4633fd,beleza_saude,52,703,1,150,20,10,20
20856303113ea417297aa919436cf183,ferramentas_jardim,50,591,3,1450,20,20,20
20a2613eb3b1c3819e733de3e91644de,moveis_decoracao,40,789,1,2850,20,35,20
20ab1de6964467372e314a0e84d6719b,papelaria,59,899,10,1900,40,10,30
20ee98f10c16f05a43db060ab1cbfd7e,fashion_calcados,48,375,6,100,29,7,16
20f160a9cf2e856ee5eba259e9ae33f9,perfumaria,56,1224,3,556,21,16,16
210a8305d79b2f5719cbafb2c026797f,esporte_lazer,60,521,1,650,24,10,20
2136c70bbe723d338fab53da3c03e6dc,relogios_presentes,55,167,3,200,16,2,11
215d6de5878361301ea712b9d36dee94,brinquedos,59,410,1,1164,17,22,28
21a95b5525c6d658ff4e5e1b50f7c02d,brinquedos,24,318,2,650,18,25,19
21efeb0e47f3328f86002eda80b63321,fashion_roupa_masculina,28,696,2,100,16,2,11
222684e29ad17ce818d1b01753c0cfb8,perfumaria,45,163,1,461,20,16,17
223d34a3d9334039f5ff9511dc044bbb,telefonia,50,1246,1,900,23,7,16
22560e21f2b8afbeb6939cab114839f3,informatica_acessorios,47,618,2,250,16,15,15
22633013199a5fbb2c0094a6e2802386,brinquedos,53,31,1,600,25,30,20
226be9996759442f90f73b7d24c6baff,utilidades_domesticas,50,246,3,1950,16,105,14
228f57b1acb5bdce9401c58653c8cc14,relogios_presentes,39,542,1,433,21,12,16
229c012e97328ba74fd0f4a1c29f8e51,brinquedos,39,725,1,2450,38,34,34
22a8168cf1f1c6347da8d29863b7f75e,consoles_games,53,2013,4,155,16,7,14
22c404f4f28ee0c4d62d5af7993ecffa,esporte_lazer,56,3446,1,2000,42,32,32
22c5ddc22ea8cae84fc9917def682dc6,perfumaria,24,435,3,350,25,15,15
22dd24a9dd84994cf260ad173576d1d5,cama_mesa_banho,49,184,1,8250,31,71,51
232a5adb0fc1881bbfeb03560c639c31,casa_construcao,59,872,7,500,16,20,16
233284251960ee2c45f3bc9e68731630,utilidades_domesticas,54,681,1,1600,25,11,21
23365beed316535b4105bd800c46670e,telefonia,56,351,1,350,19,4,11
23384f296aa1bf6461d22912093a9847,cama_mesa_banho,63,434,8,100,16,10,16
233ad2cdae25fbf46f0d090b678d23f4,market_place,53,213,3,775,35,9,15
235b4ddb049ab79478e058d0d3609bae,relogios_presentes,58,884,6,500,16,11,12
23601216d4de33d54c6801f27dc59357,bebes,45,235,2,9400,75,15,50
23ab7bb9eac81e85ec43ed71064cf7ce,cama_mesa_banho,55,613,1,550,16,10,16
23b3e6e0aafa806f323de78534212b67,construcao_ferramentas_jardim,34,1007,5,5650,40,16,50
23bb156d1ade824158d1b0c799f9a641,cool_stuff,46,978,5,1000,50,20,20
23bcd6822a33df5534f9b290216eec1f,brinquedos,56,708,6,7000,20,62,35
23e8820ae7d5a7aee1299a1923876b78,bebes,56,645,1,500,99,3,65
2423252b2432f1803e4f29e0974c6cf7,brinquedos,60,919,5,1167,36,20,28
242edc6b84c00f0d48c664a020a92c52,malas_acessorios,39,131,1,500,23,45,32
249da1970e34871eedb6b6a70e89aec2,market_place,64,2112,2,1600,24,4,17
24c66f106f642621e524291a895c9032,beleza_saude,37,325,1,792,19,14,16
24cdea192c5e345910d4fda8580576bd,informatica_acessorios,56,1284,1,300,16,13,14
24d95adbf4d5909e2353d0256eb3ab4f,utilidades_domesticas,56,536,1,800,30,15,25
25055c4ea763803958c5c79b99a00439,informatica_acessorios,60,493,1,700,32,12,12
2515eea3c60c67ecbb38b2f6b72733a3,bebes,14,268,2,1100,30,5,45
252641aa4855aef622089db60c4ad90a,cool_stuff,58,3217,2,100,16,16,16
25292482a61cb3298df8dbe15ea69daf,beleza_saude,53,1865,1,500,24,6,12
254689a977285f8dd17c32b30870e933,bebes,57,2883,4,16500,43,83,43
256c61261c818dab727fa2a60d8964ca,moveis_escritorio,53,1092,1,8638,51,62,26
257726ef77c81150339893567c4de6cd,moveis_decoracao,60,1969,2,400,69,11,11
259a24ea2a742082c43dd2f5ce116b52,bebes,28,381,1,1454,24,22,20
259bd66612b61aa4e82ce3cde9272bbc,utilidades_domesticas,57,970,5,250,16,4,11
25d035762df754b895cf8e847168409a,pet_shop,27,1553,1,1167,24,28,20
25e2023ed83352bde98dc1490d14c3d8,brinquedos,30,1024,1,887,30,22,20
261dc97192b478e60fd1318cd0650618,utilidades_domesticas,47,811,2,1200,36,15,22
262855d4dd5b0d39f786a3c86c285c6a,bebidas,28,808,1,1700,25,25,25
2632e16b0014b5afd885ac27e0042358,perfumaria,60,732,2,550,22,16,16
2669a9fe1aaf6cb29071f8f866014afc,audio,60,619,4,450,17,8,12
268a2d46f49d8d1007f0381bc8c1edcc,esporte_lazer,46,180,1,525,40,9,14
26a2bba56daa3e3b02eca0780176efd2,fashion_bolsas_e_acessorios,46,257,2,400,16,8,11
26a4f62a409a78816adb31e0d729a163,,,,,11100,62,33,25
2715967684d6991f7501693bfe08c08b,brinquedos,44,420,1,800,28,35,18
271ce3fc018562e90257af8cd2af06bd,esporte_lazer,28,734,6,825,42,14,26
27415b11da7e8c4e6f14892108bdf02a,eletroportateis,59,763,2,200,28,9,18
2772d1e494d431a05b7bcc95b02163b6,pet_shop,57,2093,4,1550,40,32,20
27a8b41684f77dd86572fa185bc143ba,informatica_acessorios,20,347,1,400,16,19,15
27b8857ca0d1477e1ad34ffaba0b642c,eletronicos,54,560,3,150,16,4,11
27cdfae8c8c8a703a13663e4c629ef39,beleza_saude,52,399,1,500,20,6,11
27f0ec8644d62c85b25674aaa6d1124c,,,,,1000,40,11,15
281bbfe70848e0b304bef88fc2caf2c3,bebes,55,1631,1,600,20,13,20
283dc451ad3918badb976d56ff887289,cama_mesa_banho,58,188,1,1650,44,2,35
285443086e6af2a43edcd6f0274585af,telefonia,60,940,3,933,21,13,21
286bcf62e47dfc1e51cf0d525bd4d1bf,cama_mesa_banho,52,852,1,4200,31,43,21
2873da054c3a30189c5aac7b87d3b6e9,,,,,1150,40,11,15
28a652ff04e43c1bc57937a9f8770f9b,papelaria,55,264,4,7700,28,55,37
28b4eced95a52d9c437a4caf9d311b95,moveis_decoracao,60,1953,1,750,69,11,11
28bc7d95951d962dd5cdda791e07b56f,cama_mesa_banho,60,420,1,400,26,18,23
28beefcab28e6a3b659bae1bf1cbe453,telefonia,54,880,2,250,16,12,14
2907243f68e5e3eca9cea8276cc3fe04,informatica_acessorios,54,714,1,4200,30,10,30
293ee8ac0a45f559cdeba37b938fdb66,cama_mesa_banho,51,290,1,8550,40,32,40
29427de7f8a9ee983d9dbc51cec569b4,cool_stuff,54,995,1,4475,44,24,31
2944c269bc95271a46f4c63f07149b0a,cool_stuff,58,681,3,275,16,16,13
2948658cb6abc82847412be7201bfc4c,beleza_saude,59,1030,5,3500,36,25,21
29589c613b8c17e6fe91da9af08ed148,automotivo,45,736,3,350,25,10,20
29b85c2f1ec5f4d02b03737a8fd3698b,moveis_decoracao,23,922,1,850,16,19,15
2a11460730aaa623c8897e343fe38cb3,informatica_acessorios,46,2760,3,675,20,20,20
2a2d22ae30e026f1893083c8405ca522,cama_mesa_banho,60,744,2,8350,50,27,38
2a5806f10d0f00e5ad032dd2e3c8806e,moveis_escritorio,46,1350,1,11875,57,55,22
2a5fd02982127e736ae8f4d6d020fcc8,utilidades_domesticas,33,1520,1,5950,35,35,29
2a7841348f24a00ee83641784f88f9b4,automotivo,52,247,1,100,16,6,20
2ac0cca735ca6684053d28a17883b765,bebes,50,844,4,1400,20,15,15
2ada60128014f639dffa4a481cd1255a,perfumaria,39,238,1,100,16,8,19
2b0c892ab2b8e600a0b186db31f5947d,esporte_lazer,49,903,5,4325,40,25,33
2b2428ab65b564c08fd9b40e187df246,bebidas,44,304,1,1700,33,33,15
2b25ef4ad1788c0699dff628cdbbfbd0,utilidades_domesticas,41,349,1,525,24,10,24
2b4042dfabc3fe9d3f16951a8e1a3b70,utilidades_domesticas,56,623,3,900,38,9,21
2b4609f8948be18874494203496bc318,beleza_saude,59,492,3,250,22,10,18
2b50a33b93e3b489f648b9166a62e13d,moveis_decoracao,63,199,6,1100,31,11,26
2b54fb9a4acf707537eb53eb2458c241,artes_e_artesanato,53,923,5,1000,25,25,25
2b7aa376a6e728560bddb5558cc48e89,moveis_escritorio,59,1296,1,13388,54,47,28
2b849e71ada03a262ef4338a7abd8b79,utilidades_domesticas,56,786,6,1700,20,10,14
2b86ffeae831b59e4fb849565cdc28ca,brinquedos,28,842,4,400,25,20,20
2bb3e85f2a403543fdb64e266e70c792,brinquedos,57,925,5,19450,45,50,45
2befa4541c8bf3f4c76ebbed873f628f,eletroportateis,20,1839,1,8100,39,31,33
2c0c951471371afa81e47d7bf8d20522,telefonia,56,931,6,183,18,9,13
2c1cc48126c2bdca9e59a300ade4f1c8,brinquedos,41,515,1,600,18,13,15
2c42bf0cba650bd08bfeac2412b06ef6,cama_mesa_banho,60,340,1,800,40,7,34
2c818013dbc95f5cd2d6a393a31813e0,moveis_decoracao,63,233,11,1500,42,14,32
2ca9132c1c90ff5060c3ff9047904e5a,esporte_lazer,43,877,1,2120,26,25,25
2cd4861a56a6f98288e0281e47f4b1d5,cama_mesa_banho,57,293,1,6250,60,10,40
2cfec57b3d2ea171bceca7aef38d044a,market_place,37,199,1,50,40,40,30
2d37d1dbcba865841a1c8cfab20ab9a1,moveis_decoracao,56,1105,4,350,50,3,25
2d5bb6fc16b9fb75539ddcd93de86aa4,brinquedos,33,234,1,500,17,10,12
2d9048864a2855dc2235f380db5c1ec1,instrumentos_musicais,56,250,1,150,18,3,15
2da57168cd8fff36cb88b21369ce7e6d,automotivo,45,1014,3,3750,40,15,15
2ddbeb76f134690c05636162f2558594,,,,,1400,35,10,35
2de2a40099e05d5f0e47d69623a3c178,eletroportateis,48,1193,4,1800,46,15,13
2e104fe380a40d60654e7b36c7cf0fbf,sinalizacao_e_seguranca,53,1078,1,250,20,11,15
2e64d11879c5bbda600381dbb5452a38,beleza_saude,47,225,1,1350,26,18,11
2e830c73f28d3b8542af03cf2637dfc4,eletronicos,34,214,1,275,24,9,17
2ea92fab7565c4fe9f91a5e4e1756258,papelaria,55,178,3,10600,60,20,29
2eb72d11643aaae8f92fafc9296674c8,esporte_lazer,53,484,1,200,21,21,21
2ec8497962cc5f7730756635a5cbbf16,ferramentas_jardim,60,959,2,1100,25,5,13
2ef3d8599453e1d96a0adc55fa90ba91,pet_shop,55,1143,2,1600,50,20,40
2f178dc91b792930e1ff40a77a123506,telefonia,55,588,2,369,15,13,13
2f8074adf7fe41641ddf0df320e6a7bb,esporte_lazer,31,1055,1,1050,25,20,20
2fea0f2cec6b6324a277d4a61c2ed2c6,beleza_saude,57,2026,3,100,11,11,11
2ff995aead9c63a1f37a07b3664ead37,moveis_sala,45,353,1,7500,61,11,46
2ffdf10e724b958c0f7ea69e97d32f64,relogios_presentes,59,582,1,263,17,12,13
3006b8f5b476750a03137c1b2755cea1,informatica_acessorios,44,2911,5,100,16,16,16
306b0c58328826c0564cbc520787d508,cama_mesa_banho,31,209,3,765,35,20,48
306e6b5dda3397e4a9312f94d82565b5,brinquedos,54,1213,9,8450,30,26,12
3085b422a5fd43e691b42df75c8a63ba,beleza_saude,30,876,2,1500,53,48,30
30ac6df06dc59ad72cf2f158fc2d904c,utilidades_domesticas,53,1034,2,16550,22,65,40
30ad9d2c8a8e788a606a6c23e07260a9,informatica_acessorios,38,488,1,300,27,5,20
30ccf4724f5227265f837e9ba0246278,malas_acessorios,52,573,1,1450,49,10,33
31639956e7fac87ecfd9d608040638bd,cool_stuff,38,500,1,5150,90,4,42
31a2f42a87890f87d77daebdfabc182e,brinquedos,58,419,5,1700,30,35,25
31c79131e883e5fd8c4c85fe9f7d2bb2,telefonia,58,734,3,250,17,4,12
31eb78f384a585823382f8963cdf5849,papelaria,57,223,4,1500,60,20,29
3225c54bb2785c33f49f50398fcdb88c,relogios_presentes,47,547,1,269,17,11,13
324c1045d038cd3db368aee137a3114d,moveis_decoracao,55,1465,3,150,35,2,25
32b168004f17c743f16bcf5bab0de982,cool_stuff,23,789,1,5250,40,20,40
33403c26bd55e7f57cb5fe7ecca9de83,cool_stuff,53,1072,1,1843,25,25,32
3354a4e684f5e7199f9407db70ccd92b,cool_stuff,52,847,3,1200,42,25,15
336b5407e252cac6f4e4270979cec8ad,beleza_saude,53,585,1,900,16,25,15
337be49673e511e2bd38d390cf57d7c4,relogios_presentes,53,542,2,400,16,11,20
337f10f83d8ba37edab89b7a0e9f32b0,beleza_saude,41,3388,1,150,16,5,17
3385a47f5a1309eb44c03904a027faf2,cool_stuff,60,998,1,2800,42,25,15
33a07ea8a7b3dbab277c180e9f1233ea,automotivo,43,421,1,2000,20,21,15
33b9801fec06f14bb7d33af01769bb3f,utilidades_domesticas,55,214,1,700,60,8,20
33ba4b29d820b397054cc97e892ab1bc,automotivo,57,955,2,300,17,10,15
33ec1056063990a554e2e2cd85219de5,cama_mesa_banho,60,624,2,400,57,4,28
33f17ed3c6906f7a7ae17a0843536db4,telefonia,59,818,6,300,17,4,12
341687b53eae81d74a13127e8e23bd0a,esporte_lazer,51,914,2,4400,20,20,20
34239894e175b17d8c84edc6c73b4dad,bebes,35,221,5,400,29,12,23
342ea5301fb0561caa90fb8e64767deb,eletronicos,35,370,1,100,25,7,16
3488d2ce36e718097c1509444289ef7f,perfumaria,40,1176,1,514,18,12,15
349ce46a0e2e20054aa9d80c48af8816,construcao_ferramentas_iluminacao,41,971,1,1300,16,19,16
34aca073a68b7ae1d470940db997c295,esporte_lazer,60,941,8,6300,90,15,25
34bf36c866a9166fa14dda71be4fb95c,utilidades_domesticas,49,345,1,2750,30,20,30
34d25803f90d0109da75922858aa8aec,cama_mesa_banho,39,472,1,650,30,3,19
34dabb8af33b3756cf72df05fb327011,tablets_impressao_imagem,56,512,1,300,26,10,26
3514eab1c90b91adfa20380eb471816a,utilidades_domesticas,52,699,1,4000,50,12,35
3552627a68384dc559f0fd4cce173269,fashion_bolsas_e_acessorios,31,203,4,150,18,9,11
35582ccc8dcd2cc9841d257c0506b641,esporte_lazer,56,1235,1,4250,20,20,20
356260965b761056864ff939baeb4b22,pet_shop,48,761,4,9150,49,32,35
35afc973633aaeb6b877ff57b2793310,casa_conforto,56,176,1,1825,53,10,40
35b265fd684b08f6f780239bf05a390b,moveis_decoracao,56,1042,6,1170,22,12,20
35bc6c77029697004675d3a2ce505916,informatica_acessorios,36,327,1,610,27,12,20
35d6a7880150d5dacc9ad0c9a9cfb233,instrumentos_musicais,45,1546,5,725,28,8,23
35e5dc947c66435929389d8043b9a6ff,esporte_lazer,43,678,1,8900,63,75,11
35ebf08a93899d44e756809e11b14754,eletronicos,55,240,1,150,18,12,15
362b773250263786dd58670d2df42c3b,esporte_lazer,51,2526,1,200,16,16,11
3630657a252ca88c694edfa53f2ad9f2,ferramentas_jardim,60,408,1,300,26,3,12
363218ba55c610b750224f90bdd34be1,cama_mesa_banho,46,279,1,1813,67,12,47
364db9e9154fdb4355992287afa4f774,moveis_escritorio,43,1394,1,13550,58,55,24
36696562bef043d7e07305d62baf5ca7,moveis_decoracao,63,199,6,3800,42,16,26
367e3cfe13596a0efb512e235e40e754,cool_stuff,48,1031,3,1050,55,18,28
368343a35b2e888dae4f3f831d22437a,relogios_presentes,42,748,2,300,16,13,13
368c6c730842d78016ad823897a372db,ferramentas_jardim,57,366,2,1650,30,22,30
369dfa384d5ad2a0cb97cb4cda846c47,esporte_lazer,58,3784,7,225,25,18,18
36d2ea35ee407975d70fcef78e16e3a8,moveis_escritorio,49,2250,1,14050,58,20,58
36e11e6e23d31fb19391c75b1ed80a9a,utilidades_domesticas,49,79,2,7700,54,32,45
36efd30e7c14e8ed3a6557e9104112b3,eletronicos,58,1912,4,100,16,3,12
36f60d45225e60c7da4558b070ce4b60,informatica_acessorios,33,300,1,207,19,11,14
37095a57db396667492dcd7e10f5b792,ferramentas_jardim,51,86,2,850,16,10,11
378fed7e555fa94c149f571bba1d71b0,automotivo,55,993,4,950,41,45,11
37b975d07892522e3022d5f87abb097c,cama_mesa_banho,51,353,1,350,20,25,25
37bb05868e497e0d9356d850c3d3bab4,relogios_presentes,55,812,1,300,18,11,13
380b4664ba5bb18cc9db78ee6bac3558,relogios_presentes,44,322,4,250,16,2,11
381f27465b52fd5f9fe3b668e53c1eb7,eletroportateis,48,84,1,700,16,35,25
3822a27bc32b4e20694f1819c6d6e7ec,cama_mesa_banho,56,310,1,6400,30,6,25
382c2f734ff9d09b3cc73d86f618dbd6,moveis_decoracao,63,527,11,2400,41,26,31
385a33a408e9c35c9fbc2025c12f3784,informatica_acessorios,52,967,1,220,22,13,12
386486367c1f9d4f587a8864ccb6902b,cama_mesa_banho,54,120,1,835,40,9,33
388990ffe5ff78f59518dff76702a24e,perfumaria,41,1056,1,100,16,11,11
389d119b48cf3043d311335e499d9c6b,ferramentas_jardim,59,341,2,1750,37,22,40
38ad86e536a0e27c5a4d2dc30964259d,telefonia,60,540,2,300,17,4,12
38c7e0727a11964ebc52a23bead7d4f5,automotivo,49,1510,5,183,20,16,17
3904e66405ea8ec8d104534682a38c6d,consoles_games,37,300,4,200,20,30,20
39084b68d30ae3ce2bdaf467ed4f3dbc,perfumaria,23,217,2,250,16,11,11
3932e37f1f658768ac53fbe680f145bc,cama_mesa_banho,60,850,1,1100,40,10,30
399656db7a0d49d36300b81120bffeb1,cama_mesa_banho,59,416,1,3225,40,5,30
39a93ffccb8197be32c57f39ff8d826c,papelaria,40,68,1,100,24,7,14
39aa98469aa7460a9764311b3f8efb12,cama_mesa_banho,47,161,2,350,25,8,19
39c1ee864a1e202ce16e57becca2f68a,casa_construcao,49,897,5,550,17,26,17
39d927da9853bc98764f42316d02351f,esporte_lazer,49,1060,1,2100,33,25,28
3a221f8b6066d77649602c0ea9ec8922,ferramentas_jardim,55,640,4,8000,49,28,57
3a48c5b0b294fbbc416b0939e69f6f09,relogios_presentes,60,673,2,350,16,11,11
3a4db42aea95097b7a616b36f21d143f,papelaria,56,225,1,1000,33,32,38
3a5bfc952a6ad85598f16e431eb7622b,construcao_ferramentas_construcao,49,811,3,2530,19,17,17
3a92aca3f76960cbae25ef2496c03e09,beleza_saude,59,1066,3,150,20,10,20
3ae88ae7de71731768a584f527dc1fb0,bebes,40,1561,1,850,30,40,50
3b0f7951038b105522c2d566b54421f7,telefonia,56,341,1,175,17,6,13
3b30fb3ac17cda9e7e5b5112c692f665,cool_stuff,54,1704,1,2400,62,7,35
3b43f7794dc5da533ffd74ebfeccf539,esporte_lazer,42,696,1,467,22,26,22
3b60d513e90300a4e9833e5cda1f1d61,,,,,450,20,12,15
3ba2b0de14984ce8f072c58be8d701dd,brinquedos,59,1164,4,6133,44,35,48
3bd016185be10ea4b4b2baa6e7dd9e9b,livros_tecnicos,27,2155,1,650,17,24,11
3bdc89e963c6651b8af38ede485cc82b,utilidades_domesticas,50,387,1,25850,38,79,49
3c1fe640b9b303b8f12b612e350b9446,brinquedos,29,556,2,3075,44,45,23
3c242072afadf856cb9471ea7ead620d,brinquedos,40,742,2,400,20,20,20
3c2f792f1041177a81913a977431a99e,eletronicos,40,549,1,200,20,20,20
3c3d244942b424b931c33f1ddc122b80,pet_shop,31,612,1,122,17,10,14
3c794d260ad4b5f507a5d90df23523bf,market_place,63,2200,1,500,33,6,22
3c93c9bcf16515a2c279990471744198,moveis_decoracao,41,992,1,1050,17,27,17
3cb11cc74ce2cf42fd23d867c18a7745,brinquedos,58,701,6,2250,55,12,35
3cb39171fd36c50097f2dedbbe0dfe6e,automotivo,60,3136,4,100,17,10,15
3cc4b421c1f28dd22e86fc4aaafb600e,cama_mesa_banho,57,188,1,1100,44,2,35
3cc7ec95300ba6432c64f0b12673bae6,fraldas_higiene,49,317,1,250,20,20,20
3cce0d166c3fb2507956c630c1d0f87c,casa_construcao,58,415,6,900,32,24,11
3ceb44c75e6981ff0987bb90c95694c0,moveis_decoracao,63,1214,5,450,50,3,25
3d3c4219b64b1a968490e7bdfa43bf1f,utilidades_domesticas,53,117,6,1950,40,16,16
3d6c02b4d1a6c303569fe075e0c01831,moveis_decoracao,57,2042,2,3000,69,11,11
3d74d787086b0e22ac320ae43b240aea,cool_stuff,57,1003,3,200,30,20,40
3d82497d58f46e57e5fdb6cd68a03a2b,utilidades_domesticas,54,1696,6,525,18,8,14
3d92b609f553af0ae89982e4fae15b1f,esporte_lazer,57,937,1,200,16,2,20
3dacb3ae011b40803a508b23392e15a0,papelaria,57,1682,1,7200,43,23,33
3db75f31b76375c502f64d550dcd1166,informatica_acessorios,34,1078,2,200,41,2,29
3dd2a17168ec895c781a9191c1e95ad7,informatica_acessorios,48,894,1,533,22,11,20
3df9a620374297d963f991ff296639a4,moveis_decoracao,63,838,1,1500,43,5,30
3e0bc37e01b5c85e125dbaef7cc3f0ad,eletroportateis,58,566,3,3150,37,30,21
3e19791ee3fa124c96da5a87616794ac,automotivo,60,447,1,1500,30,20,60
3e442d09f9dfef002aadf31960869f65,informatica_acessorios,33,1084,2,200,41,2,29
3e5201fe0d1ba474d9b90152c83c706c,cama_mesa_banho,56,255,1,1800,30,5,30
3e6185f70df5a257fee1631488ba93d5,utilidades_domesticas,54,974,5,600,32,13,24
3e9b58f1436820c248d3f98d7229bb14,relogios_presentes,56,489,2,250,16,11,11
3f14d740544f37ece8a9e7bc8349797e,informatica_acessorios,44,655,1,321,19,14,13
3f3695c50cf443bfc1058ce0c8ab6a46,eletronicos,39,376,1,175,22,13,17
3f492185923b69e5e936c2d988dca905,relogios_presentes,58,731,2,250,16,11,11
3fb22448e11f38ac4437c25693fcac1e,moveis_escritorio,59,1219,6,2750,16,36,36
3fbc0ef745950c7932d5f2a446189725,beleza_saude,50,1257,1,350,19,12,13
3fbd1a96fca26cfab52984da93349a4b,fashion_roupa_masculina,46,1208,2,875,31,22,33
3fc00af0f0a8d4ac2933d3900416c977,climatizacao,59,624,5,2000,20,10,20
3fc5135bc733379e511defc64c61738d,sinalizacao_e_seguranca,48,1219,4,250,17,7,11
401b5632c06c51319df083f1245a96ca,audio,51,207,1,300,16,20,16
4025ee582ef6b8c478af3b44cf89054b,cama_mesa_banho,60,58,1,200,20,2,15
4048d207d5f97fb47be6486952d641aa,eletronicos,60,2429,1,10800,100,20,70
404a57563d487aecbc2b1a01d9b89aab,cama_mesa_banho,62,313,1,3500,45,15,35
407729653f67fdfa6e588c6b0853edd7,telefonia,56,483,1,100,19,4,11
407bc2771e1ae0911576de1560d3adcc,moveis_decoracao,54,532,1,600,65,7,11
40a4dfa74a737d541b3c2413edf9cdf6,utilidades_domesticas,27,840,1,1000,22,10,18
40cb225d40f0acc7c8a2dc7b27176874,informatica_acessorios,58,204,1,523,24,14,19
40cb7bb3d30559b9b6c4fb62bc837962,cama_mesa_banho,54,617,2,350,47,4,35
40eb3da673124832fdf8b3ee24215b95,alimentos,57,917,2,200,16,7,11
40f999464ef29d2a07cfaca1eea4c210,automotivo,44,334,2,125,16,20,20
41170f223fcfb9220a82df1a646d5c43,pet_shop,48,897,3,17500,74,32,40
41402af2a88247152583bb812ba235dd,relogios_presentes,53,486,2,533,20,8,11
4177b72d13340189543215377d48f3c3,eletroportateis,52,1075,1,3350,25,20,20
4178e16324fd0c9a8e18463caf390cc6,cool_stuff,51,582,1,11600,65,19,47
41888ddc79f5e2204681abacf72d608d,livros_tecnicos,36,417,1,1000,29,2,20
419cb1b441eda9b92ebd1a1b96090c26,telefonia,60,777,6,350,17,4,12
41b4baff1ceec845ba126eaeb07efa4a,relogios_presentes,48,363,1,400,16,2,11
41ca153cf03e7b597a7b872ac78cad69,telefonia,58,734,3,250,17,4,12
41ce18e06273b50422ebf6149066fa23,papelaria,36,41,1,100,16,5,16
41d506be95a4196a805249d2a21d5a1d,informatica_acessorios,36,347,1,837,37,14,14
41db6d8062fcd38410c699743ccc0265,telefonia,49,1438,2,125,19,5,11
41ddd4c8779d0943ee7706c384eeee8f,pet_shop,34,1540,2,700,24,20,24
41fbde40144efcd09db07250981d7b93,automotivo,51,840,1,5500,45,20,45
422879e10f46682990de24d770e7f83d,ferramentas_jardim,56,348,2,1550,30,22,30
423a6644f0aa529e8828ff1f91003690,agro_industria_e_comercio,54,2352,3,5800,30,30,20
424894ddaa2676e63fa0ec704d7132af,fashion_bolsas_e_acessorios,43,226,1,200,24,9,16
4257f45f6ea58aa46885ed7ef723b6c0,,,,,2300,29,13,25
426844dd9ed9ae105a5d4b3f1e18becc,ferramentas_jardim,47,590,4,133,18,8,12
428826d374cf2a3f61d6072163ca6502,cama_mesa_banho,54,209,1,550,16,10,16
4293865e4ead3d446609086b4cfedb4f,cama_mesa_banho,59,189,1,1650,46,3,34
4298b7e67dc399c200662b569563a2b2,informatica_acessorios,58,420,1,200,21,14,15
42a2efd39155b59e16bac90081495285,relogios_presentes,35,1073,1,348,18,11,15
42ca857208d059f51c317b503000c385,pet_shop,60,525,1,350,27,9,27
42eb5329dd0ee3d76d135ce04c84451b,alimentos_bebidas,54,920,1,1150,16,17,11
42ec84ace63b58b8c5a7ba7be01d5fb8,cool_stuff,52,1732,10,2550,24,23,27
42f14eda412436b96cde4f4025ed5f25,esporte_lazer,47,154,3,500,16,2,11
42f25a7251d847a86c1849731bf166ff,eletronicos,59,1413,2,450,16,16,11
42f61cf5c925b4e7fad27faee993c145,telefonia,56,530,5,300,17,4,12
4308439e0d80d5fe03f17ba83b57c493,beleza_saude,61,3745,6,600,16,17,17
4310ea4cadd7d41398ba376aa7383f82,automotivo,30,707,1,633,20,20,16
431d674f9a4fbd0957ecf6ba3fcb6899,telefonia,56,1892,4,450,17,3,11
4328139cbe9adde0aac493ca9871eab3,cama_mesa_banho,60,289,2,1150,30,10,30
43423cdffde7fda63d0414ed38c11a73,relogios_presentes,41,1159,4,350,16,14,11
43521df044c196283191f87529d1663f,moveis_decoracao,36,1517,2,250,18,10,18
436bc964ed67950b4956ce42cda4b350,perfumaria,40,975,2,83,16,11,13
4374f5c6e8ab35133a8dbc5517ec0388,ferramentas_jardim,25,486,4,2200,25,9,16
437c05a395e9e47f9762e677a7068ce7,beleza_saude,40,409,1,1110,19,11,18
439d0c278b77ddc4b1488de210c8df35,cama_mesa_banho,44,641,2,1950,50,10,40
43af87f38a5fdd07c23a32ec33727ba9,automotivo,56,762,5,50,24,2,17
43bce2c11df17f5e6e50fbb914fd13ea,relogios_presentes,58,499,1,200,16,11,11
43f88c8353708451babf9bcdd1fda92a,fashion_bolsas_e_acessorios,46,419,4,200,16,5,11
4407440c06d8c11ce1b2e61c4382a8f3,perfumaria,29,450,1,450,21,14,15
4413a608a42bd21bbf9d5abbd58c249a,cool_stuff,57,1620,1,2350,16,40,16
441d3f638e532d223ae9a0661abb6de6,utilidades_domesticas,28,730,4,300,21,7,15
4428f48461e892ef845849d4086d8d3f,telefonia,55,306,1,300,19,4,11
4444290d1f0ec9579d5b21dc589251c0,automotivo,51,680,1,4150,68,12,68
44523a5e61f0a718c2231922b8856ad7,relogios_presentes,42,266,2,286,18,11,14
44815c128303d654f94d021e47b0764f,esporte_lazer,50,417,2,600,50,10,30
448cbeba9628acd8b5b8bd6c8a5018a0,cool_stuff,60,627,4,200,25,6,16
44a34214a57dc373dcd80f54c919d006,esporte_lazer,21,207,2,350,67,15,15
44a6af14e39124bee07dc2eb2df39a54,pet_shop,52,425,4,150,27,9,26
44b4230f8020e880f0a7d9113a2af369,automotivo,44,3454,4,1900,41,45,11
44ce1d7bd584edde67a1d743349829f2,cama_mesa_banho,50,382,2,2800,47,21,41
44d097d59e8430f88a67517cd0c4f865,fashion_bolsas_e_acessorios,55,151,6,350,16,2,20
44dcb08478450d530b70de0c5c7c5f4a,,,,,1450,40,20,20
44fded21627553d1886d459384bbce06,eletronicos,56,280,1,150,25,7,16
450a44fbb7995e0ace31991a2bb05470,moveis_decoracao,50,446,2,1400,45,5,45
451f6a5c5b15c9c5819256be358df9f0,utilidades_domesticas,52,461,6,1250,28,20,28
4520766ec412348b8d4caa5e8a18c464,automotivo,59,956,1,50,16,16,17
456e335c5d854e2e4be306f7029cfe75,telefonia,53,513,1,100,16,6,15
457ca2b0e3bf044a65c8bee434d5c5f8,ferramentas_jardim,56,940,7,750,19,7,14
4583e308182e4e78d5b71b5af1804def,bebes,41,565,1,450,16,12,13
45d53108adfd3c40a54c578f431c45cc,informatica_acessorios,58,1675,1,1700,35,18,34
461f43be3bdf8844e65b62d9ac2c7a5a,relogios_presentes,35,591,3,444,20,14,16
4633dfeb3a2588bdb52af32d504b44eb,telefonia_fixa,46,218,4,150,16,4,11
4651cbf18222b853f46619003d9861f3,construcao_ferramentas_construcao,58,1495,7,400,19,11,11
46ffa04dbcbc5783861687bf69fc4f85,cama_mesa_banho,52,769,1,888,25,9,30
470433f95ba906e17efac3fce39e9ffd,informatica_acessorios,46,1186,4,4000,34,14,30
47125061c86148a6f08a9e8708cef1ff,malas_acessorios,48,665,7,1175,45,19,34
4720b3e7d949046722aaa29eb7c29d9f,utilidades_domesticas,50,300,3,300,16,16,16
474bb6b54fc608ca71059a6c4f7ecda3,eletronicos,43,538,1,150,30,10,20
47a3fbd41bb53db64dacc4562ba3aa52,cama_mesa_banho,40,702,1,1000,50,12,12
47ae44a186225b8a87ebb7bf39cc1444,cama_mesa_banho,45,2126,1,1700,30,23,11
47ce15bd790ba2e089ce44e95c9f1c1d,esporte_lazer,36,917,4,1009,17,14,13
47de5f36ace720b578ca1b30d0b45b8d,informatica_acessorios,53,192,1,900,26,13,21
47ed478ee7b2696c2c49229fcad56e98,perfumaria,55,556,7,1800,26,26,35
480be8d20c4b6a7df1eae0f2c17f2db2,livros_interesse_geral,58,1556,1,300,30,2,22
483691880798b6f0f657c203494cfe3a,utilidades_domesticas,55,582,2,1050,100,3,15
486cebbfac430b06cf0aa980b89a3543,brinquedos,47,1100,6,2025,50,27,27
4907ffcd08e217fc8e169a8e9584abc4,automotivo,37,791,1,300,20,15,15
4914f8796af2ecd359fd8f44b9b92339,,,,,100,16,11,12
4927206e432eb9e2cb9f4d182a16c7d5,relogios_presentes,56,486,2,367,18,8,12
49c8221f68acec04f84cc22c58be6c5a,pet_shop,54,947,4,700,36,12,30
49d2e2460386273b195e7e59b43587c3,brinquedos,40,180,3,750,26,15,26
49ebaaba28aca545f9a5ff9fc17ae988,papelaria,56,352,1,300,20,5,30
49edaf05a81224abe21b929ea492ccf9,esporte_lazer,50,906,5,4375,42,26,33
4a028badeceba3a65a3316aa0c0e0c4b,moveis_decoracao,32,1719,2,1000,53,8,11
4a5b6d3c24ac5f9eb93d07463ef04dba,esporte_lazer,56,1760,1,200,16,15,15
4a78f5e17416dcfec28c101279235838,beleza_saude,55,3135,1,2600,24,24,24
4a8c87facc0a20b726d5e1112ff3069f,bebes,54,305,4,1000,40,30,30
4aa6014eceb682077f9dc4bffebc05b0,utilidades_domesticas,43,1002,3,10150,89,15,40
4abef02c9dfc89006cb3d501d1f291c1,bebes,48,2296,1,250,16,6,13
4ac218f276a40201c282dd01401e9bd8,informatica_acessorios,38,1386,1,917,30,16,16
4ac50dbde931c0a5ed8c33d3dc047351,beleza_saude,33,1087,1,600,28,11,26
4ae6bbbe40edd8689f356e7d822c6dd3,cool_stuff,58,874,1,1900,30,13,30
4af81c9413dcb40e03e2a1bc15a6448b,automotivo,57,804,7,133,18,2,14
4afba85a48ad3d91d79215ba93ddb023,utilidades_domesticas,46,166,3,800,25,25,25
4b271b76eed185fd46be2bf42e1d02f3,market_place,34,368,3,200,22,35,22
4b456247c6fd6370f0c01903b0c6d67d,informatica_acessorios,59,476,2,200,20,15,20
4c05be00027392c898ab59a94fad2151,beleza_saude,53,1101,1,250,26,5,18
4c1bbc12438daec98a77243c2bf7a3ba,moveis_escritorio,24,985,1,15475,81,7,83
4c2065301aac51ff9004422acc07765d,ferramentas_jardim,50,204,1,1663,36,14,27
4c2394abfbac7ff59ec7a420918562fa,beleza_saude,49,1495,3,600,33,19,13
4c2c252ccca76d23a1ebdb3aa61e69d6,cool_stuff,55,940,1,2000,42,25,15
4c4dbaeebae887ed4fae3a70530901a1,beleza_saude,47,865,2,200,27,8,13
4c505e52bedf9651c08793647c925e65,cama_mesa_banho,58,744,1,350,16,10,16
4c5cc632a68ce10ff22b58b5b8c8b8f3,cama_mesa_banho,39,364,1,6300,51,22,36
4c743ef85742be2bfbf2036906e524f4,papelaria,54,171,2,1100,38,30,28
4cde3ff89f4a66c712c088e5542ee7a6,moveis_decoracao,55,241,1,2100,50,12,40
4ce6c1b5cfe26c9f980438fc1c810f8d,construcao_ferramentas_jardim,57,1227,1,6200,76,28,18
4ce9ab528124f89e091b17d11aa2e97c,informatica_acessorios,54,222,3,500,36,5,15
4cee3d875eb2f9d331aae01b8c4781e8,cama_mesa_banho,55,312,1,750,16,10,16
4d071a22b9cc548b64a75075a4c63151,eletrodomesticos,35,342,3,750,22,7,22
4d7ccacbf7d2dd3e566cf5f149fb92e8,informatica_acessorios,25,364,1,817,26,13,21
4d8de1d60513d0a0d3665dbde171be1c,fashion_bolsas_e_acessorios,47,218,4,150,16,9,19
4d8f78374f31cd4b4932c1f2a42c4674,perfumaria,54,171,2,100,16,16,11
4da0329350218978429b287440f4b87a,moveis_decoracao,63,683,1,400,21,5,15
4db7441d0d2cf3d22cb4d95f87d8bf63,eletronicos,56,902,3,9650,20,20,20
4dc44f95ece9249f0e50d10542ca6c03,relogios_presentes,59,731,2,350,16,11,11
4deb009c36a910076a023947a7929201,consoles_games,51,936,2,157,17,8,13
4e11734666acc305a4649de43f0bd181,pcs,56,3542,1,12650,52,26,52
4e58e4bd671d463cef30fa0bab322f9a,informatica_acessorios,60,971,1,105,16,11,11
4eb3e07a4b54437a7f63eeb577ebf73a,pet_shop,63,1515,2,850,19,15,18
4eb99b5f0d7e411f246a5c9c0ae27a5e,moveis_decoracao,63,330,1,15100,50,40,40
4ecb2783e8ddc82d12ff22a32b7490c2,beleza_saude,44,3561,6,450,27,14,14
4ed8030b452688a37d26044e966eff12,cama_mesa_banho,54,284,2,4200,41,13,13
4f0abfbee7569e43b80f9aaa256a9bf8,beleza_saude,60,919,1,150,22,3,15
4f18ca9862f511ecba98258b2194d061,moveis_quarto,20,252,1,12500,43,33,33
4fa87eb0a7d3d0e774828565b1b8020a,moveis_decoracao,55,1064,1,680,33,4,33
4fad4b56635e58d6f0534f39b5614512,utilidades_domesticas,42,2665,1,1850,43,48,48
4fb5aa1b9628ff1b6e79b07001874abd,esporte_lazer,31,219,2,1150,60,15,15
4fcb3d9a5f4871e8362dfedbdb02b064,automotivo,53,603,1,5950,65,11,65
4fe644d766c7566dbc46fb851363cb3b,artes,48,1232,1,1700,65,6,50
500870614ddcf5bd84f7d26861026c8a,telefonia,58,434,3,217,18,4,13
505bdfe93e66810bd2dfd42bcc61976b,informatica_acessorios,60,1503,5,588,20,17,15
50b82b74dfaf7b1e257d85b3e58bb977,beleza_saude,47,186,1,300,19,7,12
50d77758742285ff49f340ebdf0df5a7,eletrodomesticos,56,953,3,500,30,12,17
5113c9a5037013b0a750444df6dec60f,esporte_lazer,53,3189,6,6050,40,30,30
51250f90d798d377a1928e8a4e2e9ae1,perfumaria,54,937,1,50,16,5,11
513721dadfd93bcbce9da4d3bd67c06d,casa_construcao,63,376,4,700,26,9,24
513e834f4f9225e4e8b233716a699774,perfumaria,35,265,2,200,20,20,11
5176d8670222d50ebbe4d4c5dfba2b49,eletronicos,44,86,1,125,18,8,12
517d4955ffcf9fbd2bb0beb193c81a42,cool_stuff,54,871,6,900,45,15,16
519909332323abec396b19dddaebde3b,beleza_saude,28,59,1,125,16,7,12
519f998a3890d844a5f27a99c69d2c6a,utilidades_domesticas,43,4,1,1045,39,16,38
51c3bce480bc653e51d768e09253d6dd,automotivo,52,85,1,250,25,7,20
51cb73e9af0e2e23da237bafae0946d2,perfumaria,38,175,1,375,16,14,15
51ce083cd2b9078656a94655ab45b8a4,cama_mesa_banho,60,264,1,2450,41,8,36
51f876eb62be778c757503cf7f8a3b74,beleza_saude,33,198,1,67,17,15,14
5209af441a6c230d27624237dad53da9,bebes,59,2270,2,3000,69,11,11
5218770ee0cbcad0666569202deebc4f,esporte_lazer,34,1118,1,3214,27,27,17
521a361808bedd9fffb32181e501e09b,utilidades_domesticas,40,220,3,1200,20,25,20
525947dbe3304ac32bf51602f9557c12,cama_mesa_banho,60,236,1,2600,34,7,32
525f8fbde09c9bf777025c3141fbbc6e,climatizacao,52,346,3,250,22,11,16
526f833e1eb0a32ad9351145a761b9ab,relogios_presentes,60,491,2,250,16,2,11
529bb98486625f3590837af3e22e49a4,informatica_acessorios,42,652,3,250,19,3,15
529deff9c151e0db37c88a43952868bb,eletroportateis,54,565,3,3100,35,35,16
52c80cedd4e90108bf4fa6a206ef6b03,ferramentas_jardim,33,2188,2,7650,20,20,20
52d163dd9192d5a70afc33cd8c60131e,relogios_presentes,54,221,7,150,16,2,11
52d7a7207b9646509bdc754fed3a0cef,cama_mesa_banho,54,624,2,413,54,4,39
52d9fae94c2e139cde2318ee1e3a9d1f,informatica_acessorios,33,308,1,200,19,5,13
52e5fdcb5e51164483d584c75bd3a478,telefonia,55,211,1,150,19,8,16
5317355191eb96f3a163cad67055f135,automotivo,59,695,6,7125,56,11,32
5373e18844eec682770d139ba29cd32c,fashion_bolsas_e_acessorios,37,558,1,100,17,3,12
53759a2ecddad2bb87a079a1f1519f73,ferramentas_jardim,58,340,2,1500,30,22,30
53a49e6f80917f8d611ec74ccf84c157,utilidades_domesticas,56,757,1,20450,43,79,41
53b36df67ebb7c41585e8d54d6772e08,relogios_presentes,33,523,3,584,16,11,13
53c2dce98e95822ca42cb5cac7352d8c,moveis_sala,32,498,3,1925,40,35,19
53d2c16e7356d124bb2a3f64ca920754,esporte_lazer,60,1412,2,433,16,16,16
53d8ee87caa1a2320c66074ff9c99e61,relogios_presentes,55,1457,5,500,20,19,17
53e8156b28f9080cc0865b55d1bed9fe,audio,58,1235,2,900,40,8,30
53ea9da485f6aed8a6f03a85831fe021,relogios_presentes,33,439,1,346,18,10,13
5403528d987ad26e8d7cb25940411987,relogios_presentes,58,600,3,250,16,2,11
5411e9269501a870cabf632f05655131,papelaria,57,396,3,6550,38,30,28
5418df20cd587e12212d54c1d5d990fb,bebes,41,449,2,1050,70,10,40
5457c026a643626249213e1e39c31d10,perfumaria,52,980,1,463,19,16,18
548ace38f22cc53db6f049c551d31397,ferramentas_jardim,54,413,2,850,24,13,18
54a96160126877c6a5cd30bfd35831e3,beleza_saude,54,1510,1,1550,20,30,25
54d7ad85b648d3cb2b7069ed446d7f35,informatica_acessorios,42,503,1,1067,32,13,22
54d9ac713e253fa1fae9c8003b011c2a,cool_stuff,57,787,8,1867,36,6,36
54f45413afc0d5480c59f5dfeed2d19f,beleza_saude,31,490,3,2450,20,12,28
54fa56379393bc8cba2e5cbf558aa2fc,perfumaria,45,193,1,200,17,9,20
550dc4417c636abc04c71404342de695,informatica_acessorios,43,518,1,1238,34,19,24
55363f487ca324087a49ddfcfb91b971,cama_mesa_banho,32,433,1,200,20,12,20
553e0e7590d3116a072507a3635d2877,cama_mesa_banho,38,735,5,800,20,20,20
55403fdc84a027ae6565b360af50e1ee,perfumaria,59,1128,2,5446,21,14,18
556139e4bcee1fba36586a9c146cbf54,moveis_decoracao,43,199,4,600,25,11,14
55706d564fb262a790f8a7e5096f12ba,beleza_saude,37,955,1,100,16,5,17
557281eded333607ebffd2e626f96101,esporte_lazer,54,833,1,517,19,15,14
55782cb82e0efe052da0a3da237da3b2,automotivo,60,1159,3,2450,30,30,30
55b04296824029ae20bbeb3b200e69d0,moveis_decoracao,54,785,6,1300,60,12,12
55b71bf300a2765a382eaec566df531f,esporte_lazer,50,2164,5,3400,33,25,28
55ec10b39713ee81ee2c5bcb558cf866,fashion_bolsas_e_acessorios,53,1398,1,300,16,2,11
564d0015be20622253aee5b6e875bea8,telefonia,53,420,3,150,19,6,11
566837caf82af3f65421f9d9d8820a27,moveis_decoracao,56,385,1,700,25,2,17
568e52d4c670b4d5130bae2dbf211c40,automotivo,53,524,1,1675,63,9,63
569ffd16f8032478cbeb9800f2e94ba0,moveis_decoracao,49,544,1,410,39,3,28
56bf569283c7e75dbd7bd5ebaf6339e4,cama_mesa_banho,59,184,2,600,70,10,50
56d7faef0f7d847eea91b3302698bcc4,cama_mesa_banho,60,233,1,2600,46,8,38
576327798e521889c9a2b63d732cfcef,esporte_lazer,50,1082,2,100,20,18,18
57a0cb306bbd11620b9bbb927748b043,fashion_bolsas_e_acessorios,35,833,1,450,19,27,27
57ba9fd4b96512b1aced2dd46e1aea68,cama_mesa_banho,44,188,1,650,40,4,30
57cc92900f861f0c72fa1df2cfe85577,moveis_cozinha_area_de_servico_jantar_e_jardim,46,1635,1,3400,16,41,31
57d79905de06d8897872c551bfd09358,telefonia,59,540,4,300,17,4,12
57d9a5d185e8254383504f57c4b8ddcc,moveis_decoracao,55,466,2,500,16,30,30
57e089e3103f5cda6a4ce23b77399bdb,bebes,18,1194,4,650,20,8,14
5809b7fd257b16bbd9bdf9507931673a,fashion_bolsas_e_acessorios,57,360,3,600,43,16,27
580ac70ff46f836dcc769fa584f85273,telefonia,50,162,2,100,20,5,12
583761235b9cbaaf0f216aaa1fb5c70b,informatica_acessorios,54,557,5,150,16,8,11
583f158587cdecda3e8bdea694021e39,esporte_lazer,57,1042,7,800,42,8,26
5858f45c20fde7d7e49af37a2166635a,beleza_saude,38,1665,1,2300,17,9,32
585e7f7e97e55cb9e74556236b43b0be,utilidades_domesticas,57,1016,4,445,23,12,14
58e14150c9316b8f981742498dd97606,beleza_saude,42,2699,1,1567,22,16,17
591c08a1d9290193bd96d8c9e6e607ac,moveis_sala,33,611,2,9750,27,15,92
592ff96534d1910c18025cee34d5c8de,eletronicos,60,517,4,200,16,6,14
593236d0ff46b4299b4787fb8d43f7f0,industria_comercio_e_negocios,44,1396,2,7225,16,103,25
5948868c402a614a2dd3b90ebb06a253,pet_shop,53,795,17,1100,21,17,30
5956cad5849f642bfdf5d50303952beb,esporte_lazer,55,2165,2,500,17,17,17
595fac2a385ac33a80bd5114aec74eb8,perfumaria,29,178,1,400,19,13,19
596dd8bfc1289b4336ef857ffb960d47,fashion_bolsas_e_acessorios,27,184,4,250,18,9,11
59f09deeea7c839a9212a19f3416b892,utilidades_domesticas,58,1404,4,30000,60,66,29
5a0783457f0264ade6beeac64ba145f4,eletroportateis,37,194,1,400,20,11,12
5a3320037d5922a7708647c81ecc1f15,utilidades_domesticas,60,446,5,4900,36,22,36
5a42f73d92034010a4e00360fb0df099,esporte_lazer,55,144,1,3775,18,13,16
5a57a59c44429be19e1ce8e69e15c473,utilidades_domesticas,60,1056,2,8550,27,23,27
5a6b04657a4c5ee34285d1e4619a96b4,beleza_saude,34,1036,1,1000,16,16,16
5a6e53c3b4e8684b13388d6aa4afdf12,utilidades_domesticas,45,176,2,200,19,9,12
5a7cd5a522f29bef101933fea87a1a1a,fashion_bolsas_e_acessorios,38,533,4,600,31,12,31
5a848e4ab52fd5445cdc07aab1c40e48,,,,,400,20,12,15
5ab836116525006a1a417c5c24091e2f,malas_acessorios,46,237,1,600,45,10,33
5ac4f7986643a944501c66a2257bdd73,moveis_decoracao,45,920,1,600,17,17,17
5ac9d9e379c606e36a8094a6046f75dc,beleza_saude,46,2345,6,525,21,16,13
5ad2c4859aad6ecebd816a300d34f326,cool_stuff,57,2066,1,1650,33,44,19
5ae2f57d379f89f995f9444cdb6d5c60,cool_stuff,53,1621,2,133,16,9,13
5b3b5f9ae84ca9ead3138b199420cc94,brinquedos,48,1146,7,5400,20,60,50
5bd3ba44eb990450377a2cd863821cca,utilidades_domesticas,33,1047,5,4755,43,40,31
5bd46344df36a730cedb3c85d2d1b573,informatica_acessorios,31,589,2,600,20,6,18
5bd7e57735a44e529bf066fee83a9c60,cama_mesa_banho,56,684,1,1250,19,17,23
5c2bb11cf2149bd4d9fffcc1246458c3,papelaria,37,531,1,2283,27,35,35
5c5585c687a0293f10bb748c13cacc71,informatica_acessorios,51,194,1,214,18,14,13
5c692818d313aa12864b48ac0c2472c2,relogios_presentes,56,167,3,200,16,2,11
5c699beec1e114bd15b35cf8d01ec6b5,construcao_ferramentas_seguranca,43,471,1,640,22,15,17
5c75915e4a74994308fe805cdbfbf5f5,automotivo,43,668,2,100,20,15,15
5c7dfdd3e6d851f08d3cfe8213747ff5,fashion_bolsas_e_acessorios,46,375,2,150,16,5,15
5cb27eb7202ae6c53809618eb8549007,brinquedos,57,245,4,1675,44,24,23
5ccdfc35d9cff8db4fa46b83d5712899,pet_shop,30,764,1,15700,81,19,60
5cde85235c4ae7747e9b48de95178a14,informatica_acessorios,35,905,2,383,19,20,17
5d10b3779b68d58be0fcc46a1ee79689,automotivo,59,857,7,880,49,25,46
5d4259625c11acce3dcc39c169037a9a,construcao_ferramentas_construcao,34,797,1,958,29,18,25
5d686bbd116b2de2ea1a4e1056501240,utilidades_domesticas,36,592,3,300,40,5,40
5d6bea33648f018dbb563f3a2fab09f3,moveis_decoracao,53,616,1,4000,30,35,30
5d923ead886c44b86845f69e50520c3e,portateis_cozinha_e_preparadores_de_alimentos,58,284,1,1200,25,33,25
5d92abea542c2022dfee91dd630f2697,cama_mesa_banho,57,261,2,1580,66,13,45
5d9b91e8dc83f3caa1cadaf14cd68660,beleza_saude,51,1170,1,800,35,3,12
5da61f03fa61bb3e2d965b98aa102ad7,relogios_presentes,59,437,3,250,16,2,20
5db9185f3c52c4c488fd8a8dcea629f1,esporte_lazer,46,858,1,1350,30,30,35
5dc33472f14252b3f6085048159c9b96,esporte_lazer,57,486,6,150,22,3,13
5dcceb4689c06ac693117bc4296986ef,cama_mesa_banho,59,679,1,1000,28,14,16
5dce4ec7e7079a63b3086781d26c2cd8,ferramentas_jardim,60,883,7,400,25,5,11
5def61e8757e0dd68a807be19a120516,casa_conforto,59,217,3,6700,50,20,40
5df01d29194d92b3191aa24aa1eb3b07,brinquedos,25,3925,1,1650,32,15,32
5e26cbd45b83e411e82e3a8cafa8d951,bebes,37,1556,1,700,20,20,30
5e53af05c040b01584b81b3549945faf,construcao_ferramentas_ferramentas,53,470,3,200,16,16,16
5eb564652db742ff8f28759cd8d2652a,,,,,,,,
5ec1f2abfcd415baea5b1729d4cc5f83,automotivo,55,1034,3,3550,21,16,16
5ec9cc4e1217d387b9fedfa362b7bc24,automotivo,56,1310,1,3750,42,19,25
5ed3835ea6f96c77bdbe416dc1a96850,papelaria,33,197,3,200,24,7,14
5ed9eaf534f6936b51d0b6c5e4d5c2e9,cool_stuff,51,693,3,600,20,20,21
5f0bdec2fb222061ed8fe52586a5957d,telefonia,42,660,1,113,18,4,11
5f6ebc88683dcfc794febc8d8a8aeb0c,,,,,400,16,4,11
5f88f5e2b16a63a297be961b7f4f2e68,moveis_decoracao,45,185,2,800,33,8,24
5fe986940fc67df6769cf784fb063395,informatica_acessorios,47,309,2,150,16,5,11
60142008404f92c16972d1cb6dd0e3c8,utilidades_domesticas,58,1567,1,2000,16,20,11
60184212dae4e6b0da32bf54271a8c4a,relogios_presentes,59,476,2,394,17,11,14
601a360bd2a916ecef0e88de72a6531a,cool_stuff,33,897,1,1600,42,25,15
60495adb1f1a49c8aea75e5e56a47a48,beleza_saude,54,2736,1,150,19,7,12
6050226662d4986e159f6649567b357d,esporte_lazer,47,301,2,550,30,20,30
60567eaf5cdf794639e94508ec387a82,fashion_bolsas_e_acessorios,55,903,1,3350,62,20,40
607ef4aa416b93fdeb2a811c2c73ad81,cama_mesa_banho,57,189,1,1650,46,3,34
60b84165fc418389757838f274b728e6,utilidades_domesticas,44,1096,1,13000,30,32,30
60c93709754c1b56d6fcc7187a4810f3,utilidades_domesticas,57,685,1,2700,30,30,30
60ee9861f35c13d4a3a2bc10e86bb05b,beleza_saude,58,611,2,1567,35,25,28
6109d0cae3bcb57d579bc0fab6e61814,malas_acessorios,45,573,1,1250,49,10,34
61107c91091400f4c4523ed7b461a20e,utilidades_domesticas,59,2180,3,12150,63,37,29
613221d716be89edd3bb436c8060cd05,moveis_escritorio,56,674,2,22700,62,16,49
6139fa69b55f0d2940a87602dd20892d,automotivo,49,329,2,100,24,2,17
617186c3d97ea56c9c683a8a3974e8c1,perfumaria,59,1071,1,550,21,12,20
6186e311c6a52e7438c538015e82cda4,automotivo,51,387,1,283,17,9,14
619215fa0c29f244c5aa21084cf8d957,pet_shop,53,968,1,825,16,14,21
61937887eb6ee0b405a5759756426486,beleza_saude,45,1083,4,825,31,15,25
61eee7a9f1884caed59c316047c5832f,papelaria,58,778,4,1200,22,13,16
620f37abb44d006ced91c81d81db0412,construcao_ferramentas_seguranca,60,1796,3,150,17,7,17
621dce691c2ff3f99e21c21057ddc0ba,cama_mesa_banho,51,444,2,950,50,16,16
622bad99b4296aade0783ebecdd3fa15,esporte_lazer,47,1249,1,400,27,6,25
62644f19deb898e43ebdcd29ff3d9361,cool_stuff,60,594,1,900,28,20,20
629e019a6f298a83aeecc7877964f935,automotivo,57,1166,5,1750,30,30,30
62b40d45d531e2cb8b06d7188b627f3d,moveis_decoracao,56,493,3,100,16,3,23
62d8daeee0db3a60c234c2d1bfd10651,cama_mesa_banho,46,113,1,350,40,4,30
62efb2cde9269a637ebc6d2c0e02edfb,beleza_saude,22,1301,2,250,16,6,11
62f423e57a8c157d3877ee5867d7db88,informatica_acessorios,51,2385,1,50,30,30,25
632921e8d6c6b23ae47ff20950a56854,cama_mesa_banho,50,506,1,25,45,18,35
632fe3d92c45b5c83f4102fadd94ee92,industria_comercio_e_negocios,52,1561,2,6950,16,104,35
633a2a64a6478966e0b6805ea708de58,utilidades_domesticas,32,455,3,550,25,15,15
634256dbcd184b3757ffd7632c9fe52a,beleza_saude,49,295,1,150,16,5,17
638a9114d65182d28b1cf8a99e72d90e,construcao_ferramentas_construcao,54,297,1,2450,35,27,29
63c21c167a87abcbed6efe83c8169866,construcao_ferramentas_seguranca,59,825,1,1100,30,10,25
63cbf4066cf395d6634831160ddacbbd,moveis_decoracao,53,356,1,1200,20,16,20
63d6e7ab30f482382c9dfbbccae7da54,eletroportateis,56,1031,6,625,21,19,16
63de2743d05ab59d85caa49e49459ac1,beleza_saude,51,951,1,178,18,11,17
63f4d40c05db6ade462cecef857eec34,beleza_saude,57,1277,1,1200,16,30,16
6401d2f82d6e6c52998ce626fe4eda24,fashion_roupa_masculina,30,51,1,300,30,40,11
6410668313e664e438837bf86363fcb9,fashion_bolsas_e_acessorios,42,469,5,100,16,9,11
64187b994e1b15e6a59a6f72688fbea8,eletronicos,55,460,2,208,18,11,17
641a45900528e8324c4848dda4e0a3fa,utilidades_domesticas,55,303,1,250,30,30,30
642a40d4d73b4b2604968937de13634a,cama_mesa_banho,43,93,1,250,40,4,30
644e4cb8dd45b65f85f267f66e551c94,brinquedos,52,30,1,300,25,30,20
645fd9f79f14fad6e8a79fbc94dae528,,,,,5100,30,20,30
64b4fdd3c24f7e8c49133cad3718bfc4,moveis_decoracao,63,1253,8,30000,60,60,60
64b99eed898c1b99a94d93cbf5873690,moveis_decoracao,63,393,1,1750,45,15,35
64cb768ce668c3df58334a28d528b754,brinquedos,41,517,1,875,65,23,20
64f905cf518f84bfe0fbcc33bf6f0e9a,esporte_lazer,26,303,1,983,28,15,29
64fb265487de2238627ce43fe8a67efc,cama_mesa_banho,55,329,1,1825,44,14,34
64fc6010136aa59736e148c404e77a54,casa_construcao,59,918,6,750,16,20,16
650e39eebfbf781051ea573d02d0342a,instrumentos_musicais,40,418,7,16000,25,87,56
65266b2da20d04dbe00c5c2d3bb7859e,papelaria,38,316,4,250,51,15,15
6536314c94d43b787fc1c622941da14b,telefonia_fixa,42,309,3,100,19,3,20
65650c84064ff1a79e4a05988f4c3e9f,utilidades_domesticas,57,231,4,975,23,25,23
656e0eca68dcecf6a31b8ececfabe3e8,informatica_acessorios,45,236,1,173,18,13,12
65906875895d4c8ba11779d8bd5b1270,automotivo,49,695,4,450,30,30,30
659ad89a496494282d5dc1af1428c582,cama_mesa_banho,52,444,2,950,50,16,16
65ae1951caecbb80c7d5e2e662ddb0dc,utilidades_domesticas,58,1284,7,2700,25,15,25
65f42db0d3e2d8f4fe41b6c3eb0f6561,brinquedos,59,929,10,450,18,11,16
66077cc774ac8ba7c7fcb45fd8e03474,utilidades_domesticas,37,365,2,3121,42,25,30
6609d9a71a607da16750629d52615b9e,moveis_cozinha_area_de_servico_jantar_e_jardim,46,964,5,1100,20,16,30
660fc6f47144a19180d7309e37155f1e,fashion_roupa_masculina,54,265,2,800,40,6,30
6631e618f60618adc0361b7ab843c98d,informatica_acessorios,60,872,1,820,48,8,28
6642e66f26b6e23817ada36eeae229bc,informatica_acessorios,42,419,1,160,17,12,15
665aa1d687284a4d2d2b74c0c6724625,cama_mesa_banho,60,259,1,1550,30,5,30
666b4be3c007e9e960642dd6e0d88b17,telefonia_fixa,62,713,3,150,16,4,20
66b5f91356d928ae807ab4ee547f5e3e,pet_shop,47,115,6,500,20,20,20
6727051471a0fc4a0e7737b57bff2549,pc_gamer,60,1532,3,650,16,22,20
672a21bf17c63f71edbe01ecb9b14814,pet_shop,34,761,1,6800,45,20,45
672e757f331900b9deea127a2a7b79fd,agro_industria_e_comercio,39,383,1,2650,30,30,20
672ffb2231575afa70f7fee73fe400a1,automotivo,59,1793,1,23200,16,2,11
6767719f80aabbbf16ab2491899c32d9,telefonia,56,2569,2,375,16,8,14
679c97b6819e657c506237438cacf60f,relogios_presentes,53,566,2,250,16,11,11
67a7c7243c0585ccc44471b5a5c115e9,automotivo,58,288,3,20650,63,63,40
67b0d38a61d8e4c1c1df7d56276302aa,fashion_bolsas_e_acessorios,63,655,4,300,16,9,11
67c3a22492bcb6677d6ee56b8516f537,malas_acessorios,59,320,1,900,22,46,39
67cee25aae565b8f1182ea8c37440103,moveis_decoracao,56,296,3,1650,100,7,15
67e927f7378303fc91ee4c3fc301bf5a,perfumaria,47,2024,1,251,18,11,15
6800d91175b6abde04b1d70ff2474746,perfumaria,41,870,5,225,21,12,18
6803077179d24889430188e03fafd31a,eletronicos,48,287,1,100,23,8,18
6814dd9a0fcc3213534377d08d8a24fa,cama_mesa_banho,47,372,1,1450,34,12,40
682fa9a2b1120191903abcde5950f072,esporte_lazer,50,596,2,700,22,22,22
684083941cd33ec781a319a518f6ab96,ferramentas_jardim,59,1295,1,350,30,10,20
685919d3ededc26c0ec078b32241025a,bebes,48,1369,2,6850,48,25,34
685d230b37cfc4427f505662387c53e1,brinquedos,40,641,2,350,30,15,20
686f5682d2be7689714c5fae465de396,ferramentas_jardim,40,275,1,150,16,2,20
687578da8cc5f5b3da7d328a5aebadf7,automotivo,58,410,1,1700,33,27,26
6875b883a18364bf04f16698a335df55,papelaria,45,319,2,1500,18,35,29
687d4a56a1f4ac70dd11db114d47076c,telefonia,45,356,2,50,19,3,11
68b92c941d4052c59ba87c2b2824bfa8,cama_mesa_banho,54,373,1,1750,40,5,30
691f932fd9a1c168cbb5c579432de4fa,moveis_decoracao,56,1892,6,1550,69,11,11
69455f41626a745aea9ee9164cb9eafd,relogios_presentes,41,408,2,501,18,13,14
69530f4ebf4b017348e5f19323ab8a00,fashion_roupa_feminina,35,335,1,700,20,20,20
696a999ec17e492f74e0d1a76226b401,bebes,44,191,4,150,16,6,20
6987398dff454a3138231540e2a6ec61,informatica_acessorios,38,209,1,1033,31,17,22
69a6db5384c989b74cfe3f82ac932da7,esporte_lazer,51,1367,1,1700,25,25,25
69d3ff4f45d52d69e4b06760e0e154e2,instrumentos_musicais,63,3893,1,1250,26,6,26
69ddd03e946aeb806f29e21da4518329,cama_mesa_banho,53,120,1,1650,30,20,25
69f07c49379a0c4bd660dd794a72f02a,cool_stuff,47,1793,10,925,20,41,15
69f58c765fe75f61f1b098a6d0b0943e,perfumaria,53,1642,1,700,20,20,20
6a1a04054158fe995e1688d8f79605b2,esporte_lazer,59,254,1,1650,40,45,25
6a23ae3187f1dac41b7210a8c7739d6b,moveis_decoracao,52,832,1,750,20,35,20
6a2909ac21d16b721e4795e7e8ff3e68,esporte_lazer,53,618,1,283,24,23,20
6a2961a3f5c85026ed1b3406a9ac27cd,papelaria,50,226,2,10950,60,20,17
6a595ba787e397469b1a147508f361a9,automotivo,57,1553,3,500,16,21,18
6a709b701952f3257fb1bebb4388dcc3,climatizacao,55,347,1,150,22,8,16
6a8631b72a2f8729b91514db87e771c0,eletronicos,54,614,1,100,17,6,11
6a869de4b940e2bb63a0f869754a9c34,automotivo,50,1168,2,723,23,15,15
6aa640325da3a535ae4266a0252105bc,cama_mesa_banho,46,352,2,900,50,11,11
6abd84909e8ed79ef808c16f90b91093,beleza_saude,56,389,1,250,16,5,15
6ac3978babf6ca76087369391bb6ce5a,utilidades_domesticas,22,930,2,1683,25,22,22
6adab229374835b551f6402e0dc53267,pet_shop,56,499,4,1250,35,7,48
6aeed495dcb87dd06532f70dea6ebb5a,beleza_saude,64,1404,1,3100,16,33,17
6af5ae31a7d598601b840d205e11eb9c,pet_shop,40,711,4,350,16,7,16
6b3c88110203820df52c762cd2d2e80f,brinquedos,57,1647,1,700,16,30,30
6b7739f782cb37f71cc80e8151ebd6ac,cool_stuff,51,404,2,1300,40,30,30
6b7d060ef0837471c9790f413517a26e,automotivo,49,840,1,1700,45,20,45
6b80b94c131c21e8a80f8139fa458329,eletroportateis,54,360,1,16900,37,65,37
6ba4d9e6b21481dcc4646250fa189ac1,eletronicos,41,790,5,477,18,16,14
6bbe55cf8f85c87b6eebb775a53402f4,tablets_impressao_imagem,54,512,1,283,22,12,21
6bd248f93425ceeb625a8a97e2404112,papelaria,39,217,1,550,46,10,32
6bda3bc4a9032dc7f18b635e051d0c72,,,,,2300,47,23,32
6c32e1f7898b6a905ee6ccf087461abd,moveis_decoracao,60,764,1,900,20,20,20
6c3effec7c8ddba466d4f03f982c7aa3,consoles_games,56,237,3,100,16,12,12
6c55ba2343f9df32c7f88a468352ff22,relogios_presentes,58,167,2,250,16,2,20
6c6c606fb5adb58ab9ef88a8d96ddd09,beleza_saude,38,703,2,300,18,13,16
6c712952b8ef62f8d06a0314917400c8,beleza_saude,39,608,1,1200,21,13,19
6c8b2975a4a05d1f36948b20753b29ca,ferramentas_jardim,47,895,9,1500,45,10,35
6c936d19c8369a0133f91638147d81db,cama_mesa_banho,40,114,1,250,30,4,40
6cbb9a0a2b5565f3b3afb8185f6446f0,esporte_lazer,44,640,1,300,27,9,14
6cdd53843498f92890544667809f1595,beleza_saude,51,625,1,900,25,12,38
6ce07ff93c0dbafa9df5c10038e41287,cama_mesa_banho,33,1061,1,4150,26,26,36
6d2cb25a03acb6dd4e83969a770e772d,pet_shop,48,435,3,200,16,70,16
6d30e5e702df2b8719d9c6be1bdf425b,cool_stuff,44,909,4,25000,27,23,105
6d44b2c01b6843eb2e68beddf853dd82,beleza_saude,25,1236,1,1450,20,20,11
6d4bb6101d2927f04617ed23f0d6aee5,esporte_lazer,53,691,1,450,23,22,22
6d68112743e7ed2de3932554b033f544,livros_tecnicos,51,449,2,500,90,11,11
6d7a4492be45dfb8e38e762efe6614a4,telefonia,60,776,6,300,17,4,12
6d8096ca93caea3416a6b24bf411bc86,relogios_presentes,53,593,2,250,16,11,20
6d811b6e8cada9a8f7f38bb315620e1b,esporte_lazer,59,447,5,8700,25,60,40
6daadc7e6029cf01762f941e488caa1b,brinquedos,44,1384,5,6794,38,24,50
6dde44b4172999f35f08654d06bad633,moveis_escritorio,55,1180,1,16167,64,62,25
6e1b14d3cbb5fb3a2c00351007127dfd,cool_stuff,55,985,1,1625,44,24,32
6e3186505d9f4c946921bd51a5b79742,informatica_acessorios,43,230,1,580,32,13,17
6e40985ec667ded54668d2b70a7aa0a2,ferramentas_jardim,47,495,2,550,25,15,15
6e513315a63d66f74752d341f410109d,informatica_acessorios,59,306,1,300,20,20,20
6e6752783a53e4832b969f1417ca34cf,consoles_games,34,425,5,600,17,5,14
6e6bc9eb53618579e6184f84ae04dba9,beleza_saude,60,918,1,150,22,3,15
6e7b435ac3c84fc5348dba974e184322,perfumaria,42,299,1,280,17,14,14
6edc9b56c4c39bdb01f497fa86554003,consoles_games,60,865,1,150,22,26,25
6ee7217ab647f3c2b4a5161c75cadab3,moveis_decoracao,49,374,1,600,25,2,17
6eea749bfe9c1ab74295bad84d786e06,relogios_presentes,56,273,1,900,18,12,15
6f11a80f755a253700b454b4c6ac1cd5,instrumentos_musicais,33,362,2,1150,26,13,22
6f3b5b605d91b7439c5e3f5a8dffeea7,relogios_presentes,35,640,1,335,17,11,16
6f58431a7150fa91bac9f28f5454a8e8,informatica_acessorios,49,204,2,125,16,18,16
6f790ed0f75949b7fa234ec087aed912,bebes,48,1171,1,23033,49,84,49
6fa96cbd1d917acb1ef4bc8040116105,fashion_calcados,55,344,3,1850,36,37,16
6fb016838aaad4bf1ad6999980e1c2ef,eletronicos,57,373,1,175,20,12,16
6fd82d8f842424334fedf31190e54d24,relogios_presentes,60,160,3,250,16,2,20
6fd83eb3e0799b775e4f946bd66657c0,portateis_cozinha_e_preparadores_de_alimentos,52,280,1,1200,25,33,25
70275b3042e4c4b6f18637720387bc0c,beleza_saude,57,493,1,1250,30,10,17
7037ab6505f028103214580cac828445,moveis_decoracao,53,616,1,5200,30,35,30
703d742887bb9267f89b675608ba7aa0,cama_mesa_banho,35,509,2,950,35,6,45
704ef63ad0ac345842ea734060a83db2,cama_mesa_banho,55,249,1,850,38,10,38
707e0fe138efb7009e1cd32efe19ce83,automotivo,49,182,2,2050,41,31,31
7094fadc9773845c7d453e51b04289a8,cama_mesa_banho,32,253,1,1150,33,9,38
70aa499facb0946dc40ff974166fd522,automotivo,58,1683,8,2700,46,16,25
70adb75b3b2e86cffbb697c90867c3f3,moveis_decoracao,31,437,2,100,65,11,11
70bf4f61950297cf24e18a9b84c3208a,utilidades_domesticas,59,203,1,400,16,10,14
70e0c10acc3dd72e17f2136ddb027317,cool_stuff,57,1003,4,200,30,20,40
70ee0739ffd7d0eab9ceed83eae56374,esporte_lazer,57,863,1,3800,28,30,25
712c57780310856377c327e662653625,esporte_lazer,36,1228,1,800,25,23,25
71540d636652fc682032d3b3c0a180c1,casa_construcao,54,923,8,1050,16,27,16
7176cc4ccfa22cda4b0e01080c8d96ed,utilidades_domesticas,55,603,3,2250,50,3,30
717c660fd7ed52fdaa650d509dda7912,eletroportateis,41,959,1,463,23,18,16
7189fb70393a0b87189f93f19655f8db,brinquedos,43,428,1,1100,54,18,18
71a5f1c2a5fd9889ef26b5ac22aec9c6,moveis_decoracao,60,500,3,100,16,3,11
71a7800a633691de8ecdd17463335e2e,construcao_ferramentas_jardim,49,1845,5,550,20,16,30
71aa33d57a832e38f213d7ed6bad3841,papelaria,47,255,1,310,21,7,15
71bd8f5de551c71f6ff1386868d57526,esporte_lazer,52,522,1,100,17,7,14
71f5013915099a3ab0756dcabfcf12e8,informatica_acessorios,35,546,1,1200,35,21,20
72172e982e8b92155069e4201c92c0bb,esporte_lazer,60,3847,5,200,28,10,13
72406be6f45ec18d2d8b21bfb7a9ecf4,cool_stuff,31,1410,2,450,18,15,14
727a46f0b58a9ef165af9f7ebcfebfa9,esporte_lazer,33,1440,3,200,19,19,19
72a2153c4d20cfbcdb7f75d9c39f5814,utilidades_domesticas,36,565,3,1100,30,25,30
72c4ed817b3980cf86101f5fa7b234f7,esporte_lazer,53,550,1,200,16,10,20
72d68b642dd7c1a360b571d247989e25,informatica_acessorios,60,2298,4,525,19,11,20
72d92666be363eeed3cb22ad05964887,utilidades_domesticas,41,668,1,4267,47,23,31
72ebbdf0bf7a61d4772ff4d2e90d8b86,esporte_lazer,33,636,1,425,20,14,17
731599825523e54feea5f4678ca8f54f,brinquedos,47,1214,2,700,30,10,20
7324c4b82393a004e3e38a7632d1bba2,perfumaria,58,290,2,1450,25,19,25
73326828aa5efe1ba096223de496f596,alimentos,32,1392,1,330,20,15,16
734be9836ed8115f981a072369c2516c,cama_mesa_banho,51,242,1,2700,37,23,35
736c8680c4a1ce8fc7ed08c9df0431ab,automotivo,57,667,6,4450,56,11,32
738067b78d178e457fa0dc6db5d2cc58,informatica_acessorios,59,583,1,300,16,8,12
73ae8d8ca7df19a982c92fc1265d9e46,cama_mesa_banho,54,236,1,1150,34,7,32
73b4a12b226263790a8726fac9f30b34,moveis_decoracao,63,518,2,900,80,10,60
73c61364b22d14eac780a200b81d34c5,telefonia,58,818,5,300,17,4,12
73f835584b88d706c12bb3e9298a733c,cama_mesa_banho,53,228,1,1500,37,10,35
740867136b4bf7605e36c5913b91eb99,alimentos_bebidas,59,514,2,2800,27,19,24
740adb81f19fb346d1ce72237211ba51,pet_shop,37,1243,2,682,25,35,27
74104f4d2a450d95d04f0bed142b082c,utilidades_domesticas,48,1827,4,12800,35,104,35
741a31499a578979be85db7f80139e62,moveis_decoracao,59,473,1,600,30,3,20
741e14d6cfe9c7dfcace49c4a0989bf3,bebes,52,704,4,1350,60,20,50
746d236f81b4ae9d259030ace2833590,beleza_saude,52,1336,1,29100,50,50,11
747152211829957938862c1c57a30f16,moveis_decoracao,59,1862,2,1550,60,14,14
74850f45482382bc80f8000b2441d5b1,utilidades_domesticas,54,1862,6,1300,30,10,30
74a47de1d29e6b5c5b0135dbce365e67,moveis_escritorio,42,1326,1,6025,57,55,22
74ae869eb82594d9cbe6e934cf143e0c,telefonia,60,751,3,150,17,4,12
74cee16411adfa1d4d9a343d75aa6177,cama_mesa_banho,54,909,1,850,25,5,25
74dcf7b8d987fab2353ea92930186e0c,perfumaria,37,636,1,521,22,12,15
7564c1759c04fc0a38f2aa84f7a370ee,construcao_ferramentas_construcao,59,2432,3,1200,16,11,11
758acc685222455688ff4b46d5f5dfd6,moveis_decoracao,39,867,2,11600,65,40,40
759d6e247dae636cc8e135f50052865e,moveis_escritorio,55,1286,1,9125,57,55,22
75bc0bb91f61a5baa249e4db903eb504,ferramentas_jardim,58,143,1,3800,35,35,25
75c06ee06b201f9b6301d2b5e72993f8,perfumaria,54,939,1,50,16,5,11
75d6b6963340c6063f7f4cfcccfe6a30,perfumaria,51,999,2,400,18,11,20
7612afaa8218e79b3011243ed9edea9c,esporte_lazer,53,1135,5,3450,40,100,20
762e9c384b4752bbcbea568e3d89856f,pet_shop,25,236,2,200,21,16,17
764292b2b0f73f77a0272be03fdd45f3,moveis_decoracao,56,701,5,750,30,30,11
765c417cdc38443aaa558a0159a98591,malas_acessorios,26,998,7,3500,40,55,25
76914818a87f9b6b320e136e17e6ae06,moveis_sala,33,317,1,13800,59,17,58
76ad24d8518857df0f3dc45b2f5faf2d,beleza_saude,44,717,1,350,16,19,15
76bb142328fba1ac3a1e2ba033171d94,cool_stuff,61,2222,2,400,17,8,26
76d1a1a9d21ab677a61c3ae34b1b352f,,,,,550,16,7,11
76de7235ba0ddd12de1d998e1a5a1722,telefonia,57,166,2,150,20,5,12
7703b8cb5b77fbb36518ea91e2ca734f,relogios_presentes,54,192,5,250,16,2,11
770c257cdfc072fb50ebf2bbd6696fe1,bebes,54,581,1,1150,18,18,11
7721582bb750762d81850267d19881c1,cama_mesa_banho,63,837,1,1400,43,5,30
7724d1e2711ecb5f0b7678257e1a1cc6,cama_mesa_banho,58,277,1,8500,50,18,28
7736ea239e147291f6adb766c992beb1,cama_mesa_banho,46,128,1,250,40,4,30
7745fa765a4fbc559058c4ad0e5485aa,,,,,200,16,2,11
775bca2cd0c1c8165c893062195f9429,moveis_decoracao,44,472,2,2400,19,7,16
776ef0ee36e20757c513e64903f1fa8a,beleza_saude,45,494,3,925,25,6,16
77794668e2278bf0045019b0d8a308b2,moveis_decoracao,60,208,1,900,40,10,34
777d2e438a1b645f3aec9bd57e92672c,cama_mesa_banho,58,689,1,950,45,15,35
779dd392d4fbe5ca656bf3ceabecbf0b,construcao_ferramentas_construcao,29,1530,1,5450,23,24,23
77fa3381855b6763c52ca3b72824f508,fashion_bolsas_e_acessorios,60,177,6,250,16,2,20
77fdeb8d4f7502f75b6779205f30a875,cama_mesa_banho,56,333,1,12250,62,27,47
781afe929e3016a667f5f439afd55fce,esporte_lazer,42,590,1,400,18,18,18
7899001d8d8933d11d0f18ec5943f79e,,,,,1000,29,11,14
78efe838c04bbc568be034082200ac20,moveis_decoracao,57,272,1,2500,40,10,30
78f29023586e374cdc3773ce0af6bd2c,construcao_ferramentas_construcao,46,1148,1,2100,16,29,36
79366d6a24de9351b7ca6e3cf75a68ec,eletroportateis,44,2558,1,1100,34,11,25
793a96e3c85c5553d7a9ab25dcf370d3,automotivo,41,907,3,16250,56,15,15
7945bb528c42095fccdf46321742afce,utilidades_domesticas,31,536,1,775,44,3,34
79792fabf714677e94472c3ce5e719a5,moveis_decoracao,57,646,1,300,16,30,20
79a0f9f823d85410833d712d89666717,utilidades_domesticas,60,361,3,1400,39,18,27
79af04ca7d7a02c456b475f4e8e3fcac,eletrodomesticos_2,59,428,1,15700,42,33,42
79ccb1aca8fcf379a6ed2412fba0480e,moveis_decoracao,60,423,1,8050,52,18,35
79d2c1de4aaac73cf031b5e1f03a68aa,esporte_lazer,55,1129,1,300,18,12,14
7a10781637204d8d10485c71a6108a2e,relogios_presentes,42,236,1,342,18,13,15
7a18f72d8f0acfbd60eea36f2644ce8e,alimentos,63,670,6,200,17,9,16
7a33d7a1a85cb7db38bacbcc212a6013,beleza_saude,56,483,2,175,19,12,13
7a6aebc4c1205818e64f9275475a73e9,moveis_decoracao,37,998,3,12850,36,56,56
7ac0d3f8ac5b60c13d74b02b8cbb4623,pet_shop,40,1110,6,1050,20,17,25
7acc602a5598de7992eb7d3b4e080b7d,telefonia_fixa,31,1990,2,1700,22,9,30
7afdd65f79f63819ff5bee328843fa37,portateis_cozinha_e_preparadores_de_alimentos,48,305,1,750,20,20,20
7b2c4d6fa7d8e50000ac4c7fca609790,eletronicos,58,942,3,575,26,15,18
7b32b1b87594b60dced8abb4531d2986,telefonia,51,419,1,350,16,6,11
7b35ccd93a2184646c03b70326626923,esporte_lazer,30,2162,1,1563,20,16,17
7b49e585ac8c80b14c9b2815d4db465f,cama_mesa_banho,26,421,1,200,16,12,11
7b52ce3d6635ac7eb9d2bbb3dc931843,eletronicos,42,412,4,400,17,7,12
7b717060aa783eb7f23a747a3a733dd7,cool_stuff,46,595,2,500,16,12,22
7bb6d6699f4f2ff3315e4df8419d4584,papelaria,39,211,1,2900,32,44,21
7bcc0cf24eb0ae336943a57e67f6ab82,fashion_calcados,54,404,4,850,22,12,33
7c1bd920dbdf22470b68bde975dd3ccf,beleza_saude,59,492,2,200,22,10,18
7c3dd2ee1b4512bc2c741154fc0d2ad3,eletrodomesticos,39,99,1,147,22,15,22
7c4a8bec217df1de0df2b5aaf8175b65,audio,58,675,2,167,16,4,11
7cb5b984262835ef46a1ed83d04d0d44,bebidas,51,824,2,850,16,13,15
7cc67695a7648efc5e7a755603402b49,relogios_presentes,58,442,3,500,16,17,13
7cd29da0653abeb444703cc5a957f479,beleza_saude,23,565,1,1029,20,15,17
7ce94ab189134e2d3c05f496d635419c,eletronicos,39,400,1,200,25,7,16
7d19da97298dfc1d2e254146559095f3,esporte_lazer,52,281,1,8000,30,104,30
7d1a667dbc183583078324f912d42c6b,esporte_lazer,43,2420,1,150,16,6,11
7d3297b1d734f63d40632fcf8e1a2cec,telefonia,59,777,6,300,17,4,12
7d33844ffd50c5fb265a1e0ba03d9470,consoles_games,23,464,2,150,24,5,24
7d351c4e73f90af8f1e092a95bf57a3c,cama_mesa_banho,53,729,1,600,20,30,30
7d6bf2a74c5881cd8f7159032ad593e7,utilidades_domesticas,34,634,1,500,16,18,11
7d873ae7ba4e637167c1a8d544bd6af8,bebidas,26,742,1,1700,25,25,25
7dc0fd89c290eb0b3e5253d19be59f6f,,,,,800,20,25,20
7dffa5a576c3022da3db58e3b829f886,relogios_presentes,54,395,2,550,25,13,25
7e0dc102074f8285580c9777f79c90cf,ferramentas_jardim,60,1251,2,800,30,10,30
7e6850f360e60da72b7d3b1b37f42312,informatica_acessorios,59,859,3,800,33,11,14
7e786406ac65b91c288fe2be1d93bddc,relogios_presentes,34,519,2,400,16,27,17
7eaf66aca1ed54df09b3c864b7416110,construcao_ferramentas_jardim,55,2039,6,190,21,7,15
7f064525eaaa1ce9d22c085f7ff5413a,relogios_presentes,50,578,3,250,16,2,20
7f4e034245e45549110139d1de248f83,bebes,55,1629,1,600,20,13,13
7f601afbca26d221fc2d957b6e211e72,beleza_saude,45,214,1,600,20,30,20
7f72a8900b3d2fc8fa2635b7836d6e6e,brinquedos,38,571,1,147,14,10,12
7f8b42a3cbe617b6112e0623f0d32fa2,esporte_lazer,41,936,1,6300,101,16,25
7fa9cd17cea7ecbac9778cc86b7f9033,utilidades_domesticas,43,343,2,300,20,25,20
7fb04722aba7a2b632bac8f9819796f3,beleza_saude,48,594,1,1850,24,36,23
7fb7c9580222a2af9eb7a95a6ce85fc5,utilidades_domesticas,59,811,1,825,52,18,74
80077c975922ef05cb85da41e6f10fb1,automotivo,54,283,1,650,30,30,30
801e1758675639e98967a271d92f4054,moveis_cozinha_area_de_servico_jantar_e_jardim,38,1163,4,2000,45,15,35
801f0a5ea1ac28df44d65195cf4e2620,pet_shop,56,834,17,7300,33,30,44
80298f0be0af5a4873f12e2521515281,beleza_saude,48,523,1,275,18,6,13
803f77475e1b51b47f1bfec4f2ec353f,automotivo,58,672,3,350,17,6,20
80b391b2dc6c958ef3ad34fa7ee01423,automotivo,17,306,4,200,26,4,13
80c8ac047ca651a5672b8a7973085640,esporte_lazer,42,1469,2,4450,34,29,11
80d702d8e2231e25bee9d145c2c86b6f,perfumaria,51,544,1,450,20,20,20
8100d323ffa1909cfcf9fdf05f20b678,brinquedos,58,818,3,4017,38,35,42
811ea06b526cf16fd375cbabb9b8a99f,automotivo,58,1646,5,1200,16,9,31
811f973313e8219988a69cc140c447f0,cama_mesa_banho,50,465,1,13350,20,20,20
81227b918dc751995a7301b5f38437b8,telefonia_fixa,53,1265,1,750,27,12,27
81288df52439985f610be64465e53f57,esporte_lazer,53,3189,7,3775,35,30,30
813a30050677eb6996e12eea9ad400bf,beleza_saude,59,1726,5,12000,65,30,40
815ab08327dd05cc75b2b67311f83239,brinquedos,45,698,3,450,20,12,17
8171a6838a6c6eec7d768990eb7ecd42,cama_mesa_banho,42,170,1,300,31,6,26
817e1c2d22418c36386406ccacfa53e8,moveis_decoracao,37,267,1,2750,50,50,16
819cc553cef53e5f33e1e74ef5133409,beleza_saude,60,543,3,1075,23,8,20
819fc0e9c061a08bac3d5044eb92b173,malas_acessorios,59,320,1,850,20,44,39
81a3d1dc085d3226530f23cd4af5030b,brinquedos,44,232,3,547,22,13,21
81ad2aebdd010001ccb2bf579b5ad94c,moveis_escritorio,46,2412,1,10850,58,20,58
81b02d54ef048c9d96b59460939023bd,esporte_lazer,44,258,3,725,46,13,28
81b454070eecf89b21503cd5d313aa57,automotivo,50,2304,4,250,16,6,15
81c891c541361f1108fe9e2a645324d9,cool_stuff,47,832,3,13900,34,93,34
81d34fb425382e189529a619f8f2c077,automotivo,55,583,1,200,24,18,18
81dafd5731170e9cee4d7cc2d0be605c,moveis_decoracao,57,707,1,3100,35,23,35
81db76f3ab0fae3c8cbd73d201fde481,esporte_lazer,56,2846,3,1875,44,46,39
820e8f306dc9ffcf6d0957516084cca1,brinquedos,43,932,2,888,25,21,20
821a07e1e2a0382df1f3761ae3cd435c,cama_mesa_banho,56,184,1,1550,46,3,34
8229312bb3ac903dda978c5f6a7206bd,utilidades_domesticas,56,411,1,900,50,7,50
8232a265a535c1f886b38335667be2a5,bebes,59,1133,10,800,30,20,40
825993135690981b6014a46dbe75707e,moveis_decoracao,45,427,1,1000,20,15,20
826a5fa766c1c7241ffe63a2f3774d0b,esporte_lazer,55,659,1,475,35,21,30
8296481ad888f93f5dafcd25d65b09b8,cool_stuff,42,1022,2,1050,27,22,39
82a61259a621866c4ba63743da29a342,esporte_lazer,57,1307,1,4350,20,20,20
82c3ea364e5480f335f6743ee725a921,informatica_acessorios,58,419,2,275,16,5,20
82e4ad16521ca131d95e198d507db370,eletronicos,56,343,1,150,19,12,16
82ff671ac04e6599dbfb28ead3369f59,moveis_decoracao,54,649,3,21500,76,60,31
830345ab5d2e365c7c6b91459119ea2d,beleza_saude,50,3352,5,1400,22,29,13
8317b177579dd27ff068b83205e2169b,cool_stuff,43,465,1,400,18,12,14
835d8502d265ddeb4bdd39591d55fa2b,beleza_saude,50,3902,7,500,26,19,33
8366b2d52a690d2d4665824069db5d9e,papelaria,50,219,10,450,30,42,20
836c9611edefc9a7015fc464453ed246,beleza_saude,55,476,1,460,18,12,15
8384a437925520e96cb6acc65235e499,cama_mesa_banho,54,239,1,550,25,10,25
83b23a333b811855258c5ec9431f6d3e,beleza_saude,51,247,2,200,25,10,20
83b92639fffd1d55c9e04c77c86d8d2c,informatica_acessorios,56,901,1,280,20,15,14
83d199d296c44101c8c3b5c9c0cce9ea,brinquedos,26,855,2,500,18,6,21
83fe1ea6fd12c51fcd341a9968e65cc3,brinquedos,40,403,1,1200,47,7,26
84003eefe52bb4112252409a24ae3a73,perfumaria,48,450,1,400,19,19,16
84412fdf17ffe7f7b52913a82e73b5b2,esporte_lazer,54,1051,1,1600,20,25,20
8443cb4cf7bf64bd0ff6e70cd9c2b246,cama_mesa_banho,53,352,2,400,50,11,11
8445706ffa7ab0221698f5e1be2a9252,beleza_saude,59,2067,2,350,24,7,14
846145e9b8d412bd1c9bb478a52ab4a0,cool_stuff,55,444,2,200,16,8,14
84777fa5b1c62e5e495240dfd0b2f24a,moveis_decoracao,45,1151,1,10667,58,58,19
84a87daa85c8b432d90bc1baa0cb4388,bebes,37,1266,3,700,21,10,15
84b07ca699022a5dde105eddb4aac42c,beleza_saude,35,1830,1,3400,21,25,20
84bafdce8540f697ae16b41858256867,automotivo,47,293,3,50,20,4,16
84c79830527ae823029ee6b904cf948c,construcao_ferramentas_jardim,29,462,1,3520,25,25,23
84d2057bc1f88332d0892eea0e997d28,telefonia,60,734,4,300,17,4,12
84ecc25f4c77dacc5c0ceb89e09492e9,informatica_acessorios,50,220,1,5350,21,18,18
84f5c4f480ad6c9998d6a6860f1a2e41,alimentos_bebidas,56,963,1,1100,16,15,15
854289563c41e83bc59072f5b61fdece,relogios_presentes,43,575,1,300,19,10,15
85567ceb8a1521a09cdab785ab726b03,brinquedos,45,467,2,650,40,20,20
85c39c98aac0283cda6c5e6721749c8b,papelaria,43,482,2,550,20,20,20
85d8ae64b3b59814a1136254a96f5693,fashion_bolsas_e_acessorios,56,354,3,150,43,16,27
85f17a3ccc10ef41645833b7074f3d63,papelaria,42,148,4,800,29,10,25
85fa36e792c259f4f0022c6966c50c1c,utilidades_domesticas,42,328,4,400,27,9,18
85fd14e978b92176dd210c046abc3540,esporte_lazer,60,1201,1,200,16,16,16
86133a2151bd98a3ed2ad758709e6d1b,cool_stuff,59,1634,6,1750,20,8,14
8634ba98d69440265e955814c3e4cde1,cool_stuff,63,2267,8,400,17,9,12
86b22a03cb72239dd53996a67df35c63,construcao_ferramentas_construcao,47,380,2,7650,44,15,34
86b4986bc313d65b0b5e46f5be8d11ce,consoles_games,31,2287,5,1000,18,4,15
86c43103446290e7efacad3701cd654d,relogios_presentes,58,644,6,250,16,2,20
86ecc269de40ba13205e7beeee12f26f,telefonia,31,329,4,188,17,6,12
878c61936b5c51f321ac165750d97a0b,automotivo,58,300,3,88,21,11,15
87a71ae93900ab55fcf685c8040769b3,eletronicos,36,401,1,175,22,13,17
87ac501420e10a4e559d1094f172eb63,malas_acessorios,58,1146,4,500,35,25,25
87b92e06b320e803d334ac23966c80b1,utilidades_domesticas,58,914,5,15000,35,30,25
87c070a9069fffd77616e3581d8d2ba1,esporte_lazer,36,213,1,5900,105,8,27
87cc2aef12eddf0b170234138b0946e0,informatica_acessorios,58,2455,2,350,28,6,20
87db1d6af39ede804084ef2f8e6b9b46,brinquedos,51,761,6,900,43,18,23
880be32f4db1d9f6e2bec38fb6ac23ab,brinquedos,45,589,4,200,16,7,11
888de7e3435c871d1020b85023328c5b,esporte_lazer,46,578,1,1200,21,27,21
888e11f9e6f882701220d1139c58d462,instrumentos_musicais,40,343,1,200,16,5,11
88c20c5a22f2ca169af8cfc2df00a7a2,esporte_lazer,41,781,4,500,20,20,15
88e84a987b4681434dedc0bc9e00826b,industria_comercio_e_negocios,54,856,3,7800,16,105,30
88fb259945a739dec6cdd001e2cbad55,relogios_presentes,58,2025,3,850,35,17,17
88ffcf27478318ba55b1f9d22d65ce97,construcao_ferramentas_seguranca,53,246,1,600,25,31,25
8919fe2519b9ec1fb828896ac4f52959,perfumaria,21,50,1,400,16,16,11
89321f94e35fc6d7903d36f74e351d40,alimentos,59,982,1,150,17,13,13
89427567da9c9b075c9dca131535104d,brinquedos,45,111,3,550,50,10,25
89cea55405dd7811b48e500d9f263e43,telefonia,48,856,6,300,16,5,11
89d49f6d10ff422902b2c2cb05da7f1c,informatica_acessorios,50,528,1,850,18,16,18
89f59eee27a6a49b9f0d887136c71cd4,beleza_saude,41,1931,1,700,21,11,15
8a1e1c6e48f0d275628e3c626d57257f,beleza_saude,34,480,2,400,30,6,12
8a26f391ab8b209f67d87dd358f6f004,,,,,2200,24,28,24
8a330ba3cd34d650c45bce0fc21771ac,cool_stuff,44,1611,2,2400,32,25,39
8a443635fdf9759915c9be5be2e3b862,cama_mesa_banho,58,189,1,1400,46,2,36
8aa87bc5f3053b4df2b05a2d3059790b,cama_mesa_banho,42,599,9,1400,16,15,15
8ab78b6f871fd72d1ef38097498b70b7,construcao_ferramentas_construcao,59,1810,1,1650,16,11,11
8b39be5bbb8a4585ed19cacbf4162c27,esporte_lazer,25,1418,4,100,16,6,11
8b4a33d7c554bbe096de11bb33ce6f4a,automotivo,56,1586,3,550,16,21,18
8b50a72d52d7a91fb19d19fbe069e2f2,utilidades_domesticas,54,1754,1,250,20,8,13
8b5227e28272123eefd613a10ffd7704,relogios_presentes,51,404,3,820,18,12,16
8be155e42d9bde2616787ea27963ca71,utilidades_domesticas,27,331,2,500,20,20,20
8c292ca193d326152e335d77176746f0,beleza_saude,60,2894,1,200,17,11,15
8c31e10f98572eed00b427279e9ce0e6,cool_stuff,60,457,7,23500,60,42,57
8c5876b1c7768217964f353bc7e64393,telefonia,61,440,1,250,18,3,28
8c591ab0ca519558779df02023177f44,ferramentas_jardim,47,1893,1,6050,20,20,20
8ca6ebfd6293a5b03f104d27c4945718,beleza_saude,47,1290,1,1200,25,12,19
8cd1fa74f1b7e9cd6e7c574607081522,relogios_presentes,47,702,4,300,16,13,13
8ce5f222608f6e18ea3b7acb84313c6b,cama_mesa_banho,56,150,2,1400,47,21,41
8cf9973ba86ba4067dc5de39d247c47d,automotivo,51,617,2,100,33,27,26
8d165e4e114bdd886972a3061c44ebba,esporte_lazer,59,608,4,650,30,16,16
8d219c7aa1a8032569bbd8c4ad515daa,esporte_lazer,52,914,2,4350,20,20,20
8d23da47a7828cf786103f1c3fbeab43,cama_mesa_banho,57,663,1,3300,34,8,38
8d29622ad4b816113fa721f21af4f667,beleza_saude,48,1444,1,4200,30,10,20
8d4dac6177fb8134f26fb4c5cc6c0aff,beleza_saude,52,1649,1,250,22,5,15
8d944f9367ba7f153e0ab5b6dc7d063b,cama_mesa_banho,59,237,1,1500,37,10,37
8db26005b17d1f7e2e8b3ab829051790,informatica_acessorios,39,837,1,138,16,13,14
8dc0c7343c861029f0455cf20b0c19c0,cama_mesa_banho,52,286,1,650,30,4,19
8dcd68068a61eed3028761a74238dd1e,cama_mesa_banho,49,85,2,1400,44,22,31
8e070d077d43019c6ab43765f69d8401,cama_mesa_banho,49,1904,1,1200,60,15,40
8e26479962cb257aba82c608c10469e5,telefonia,31,580,2,100,16,3,20
8e74e3853aab7e70abf97b857562fee6,papelaria,55,62,1,100,16,5,16
8e93bf2cbba0420f166afa0c797525b0,moveis_decoracao,39,94,5,450,16,5,20
8ea2105f9dac119565ef0138ad05f6fb,relogios_presentes,44,688,3,500,20,12,15
8ebd584f33b5fdca6428a5130d6e17d2,moveis_decoracao,45,1011,4,425,30,10,21
8ed094bfe076c568f6bb10feada3f75d,moveis_escritorio,43,1128,1,16133,63,59,25
8f19c4fa78ba4a8d037bc977eef22927,beleza_saude,30,1131,1,700,16,35,11
8f1e43e0e3374ed8c84df748034d6179,beleza_saude,59,2710,1,1000,20,20,20
8f40f0b0018b8f6fd449c4c0713e3118,utilidades_domesticas,62,1240,4,2900,53,15,13
8f41c6ba389c91b377bba94e332bf925,cama_mesa_banho,60,600,1,1200,20,12,20
8fdbacf2ec7e78916268d1d11d544038,esporte_lazer,28,369,4,1050,74,30,25
9007d9a8a0d332c61d9dd611fa341f4b,papelaria,50,366,4,200,51,15,15
9069c427ca36847bc3907c09712f6cf8,brinquedos,56,1138,2,6250,60,20,40
907c84d5b8961d53ba1b803638fffcad,pet_shop,61,1257,4,620,14,8,12
909b87db6cb3a7ab26bd03cc59860136,informatica_acessorios,28,1111,1,169,16,10,12
90aaf7f993470e411207adabf5b998b6,informatica_acessorios,34,1727,1,50,30,30,20
90d0b33a310abf581b6eb73e4f40d0df,utilidades_domesticas,30,718,3,100,17,28,11
90efe66f56959c0750c866fd59f9f92e,automotivo,53,993,4,950,41,45,11
90f2ead613083f79ff1beeb9a0139aef,ferramentas_jardim,54,335,2,600,24,10,16
90f39a309a8c05fa7aa4ef02178059cb,papelaria,48,605,5,1000,40,35,28
913803e9e4b81c3fed4841cbbfdc59fd,esporte_lazer,54,379,1,3650,14,16,12
913dfadde395f6049127173cfbb96121,informatica_acessorios,24,718,2,200,41,2,29
914c9e9af640dd56f48764a225b00f89,moveis_escritorio,47,1047,1,7463,56,64,35
91846781ef75057e134949400768e272,esporte_lazer,59,1732,5,1550,40,20,20
91b08d34d0ba4db44da2dc382867ba49,telefonia,47,137,2,100,16,4,11
91c82ace62e0ca1b69b1a45bcc214b45,relogios_presentes,60,992,1,308,16,11,12
920840f7899b13c467d223950c89e9e9,bebes,26,655,1,250,23,14,28
92144cc00a16129494387f172aa54198,esporte_lazer,55,1392,1,1350,16,16,20
92503fc18ca14a8f32c182ce3f1b9f05,papelaria,59,140,2,3450,27,29,27
9257d3f01cd400076c63470f92434c7e,cool_stuff,41,349,3,500,16,11,11
926059cf1853879e8f148194b151ed49,automotivo,40,499,1,11500,60,60,19
926454d19f2417167bf0a9488af66a4a,esporte_lazer,40,1397,3,5000,100,9,23
927019d88409196f97d1fd56daaeecc1,beleza_saude,48,455,1,475,18,16,14
93492b51618a093d88d0616985f0c6cc,moveis_escritorio,59,1217,6,2150,16,26,26
9373355c0da0bbda1d469b3504731ccb,beleza_saude,15,552,1,50,20,20,16
939ca4eeb18f951c099e1178bc50772c,pet_shop,60,396,5,1500,22,19,22
93a12c289ca2b78e7069e469f5053ef2,informatica_acessorios,55,408,1,233,16,14,15
93b513d693c7e922381d6aec80dfb639,esporte_lazer,58,1715,5,1550,40,20,20
93c480c7d11c68ba0a71e850da61b674,informatica_acessorios,42,458,4,300,16,4,20
93c902b021a9e594f658ab1b0351602a,eletronicos,60,390,7,1250,26,10,18
940d38f0ef286bd93612fcdc91dd38ed,utilidades_domesticas,58,837,1,4300,30,30,30
946344697156947d846d27fe0d503033,cama_mesa_banho,55,619,1,500,16,17,17
946b65d028c40dd63ca9d45fa3e4b65e,informatica_acessorios,39,314,2,3695,41,27,33
9477e72598d2f21dc53f809bd42cf7a2,casa_conforto,48,159,1,23000,53,76,43
947d8cb9d15cf25fff1d6116e0c09730,moveis_decoracao,40,280,1,9700,40,40,40
94cc774056d3f2b0dc693486a589025e,fashion_bolsas_e_acessorios,29,99,3,150,20,20,20
94cff684a6f115a32507988ff6541801,construcao_ferramentas_construcao,56,225,1,300,20,12,25
952670bc019a73f0933157ec82ff6e4f,cama_mesa_banho,46,162,5,3300,60,18,50
9545d45c37449ccbc376de3a04c66e71,beleza_saude,39,1749,1,1350,27,9,18
955d13d7e0c184665441e35897a4f3c3,pet_shop,37,734,10,6100,48,28,31
9571759451b1d780ee7c15012ea109d4,automotivo,39,1042,1,1400,20,31,30
95a10f05868096cb2180c6a0bfbbbc39,cama_mesa_banho,49,148,1,550,40,4,30
95c40b993a22463c83beb5c51a03d46c,informatica_acessorios,33,1084,2,200,41,2,29
96277485af1fa20c328fa90e57754ead,moveis_decoracao,49,219,3,600,16,5,20
969a9ead309cdd6881492b674cbe5433,beleza_saude,60,1409,1,1000,27,10,19
969c31fd56d207713e9475c051d984c8,beleza_saude,57,312,6,700,25,25,25
96a77357ef9245d263e1edc51efb22e3,perfumaria,45,129,1,350,16,7,12
96aca2f53bcaed6f466449f7fb18ae75,,,,,400,16,16,16
96ea4f32befa14bd8ab36fd6827a5e3f,brinquedos,45,1217,2,375,30,9,18
97017430754804328eb9597b7f85da03,telefonia,60,818,5,300,17,4,12
9712e67c33f564648b46afc6505db72a,cama_mesa_banho,56,131,2,900,50,5,50
972c0d7dad0a283c8704296f1acaadd7,telefonia,60,777,6,75,18,6,13
9749139e09929de55d37e68e64b89706,beleza_saude,53,994,1,650,16,7,13
976f5de0b6a1c79fedf4e1f713251efa,cama_mesa_banho,63,665,1,2374,42,11,36
978859c6048ded0fa8bf3b9ea8236387,utilidades_domesticas,59,299,1,350,33,4,20
97db532f755c1c66eab401e27f687295,informatica_acessorios,49,202,1,633,26,14,14
980ecbcc15fe174ec1e5757c4d75b1bf,agro_industria_e_comercio,48,157,1,250,17,3,10
98190f6a2c3253d07ca86525bb238162,eletronicos,25,813,1,1836,61,6,24
98224bfc1eaadb3a394ec334c60453ff,automotivo,43,433,3,50,16,10,12
9867ef342d95bb4f9b6ebf39bad864f7,fashion_bolsas_e_acessorios,44,262,4,317,24,25,21
9879169b145e0626f5e30e5b5ef9f938,bebes,49,223,3,300,30,30,20
98b22c1129886cbd7fcae69d1c93e442,cama_mesa_banho,57,188,1,1350,44,2,35
98cd3776d33bddd0ebf8ad8b4732d1b4,moveis_decoracao,34,252,1,1200,16,34,34
98e0de96ebb0711db1fc3d1bad1a902f,eletronicos,60,3007,6,1571,18,6,18
98fe8fcab3c57495e05a61bf5946f2a0,beleza_saude,42,3084,5,1200,28,5,18
9901b5cedc1eb8d69d16d4c3aa8c67d3,,,,,500,24,4,15
990d135e28e075648cb7d83198fdccf4,bebes,29,764,1,340,19,22,17
990ecadcf56234a68b3a0af8d01c0d8a,perfumaria,36,681,1,100,20,15,15
992197904e1d4f0bf3994652373188e4,alimentos_bebidas,29,3758,1,1100,24,21,16
9933cfae62cc657f0eab6238a56b0750,informatica_acessorios,41,499,1,200,18,9,16
9969f7caa71f4ddb8127440e8d5890e8,cama_mesa_banho,51,807,2,4000,50,10,20
996ae0a67e63b78b427a1f8d07543e86,cama_mesa_banho,56,155,2,1500,48,6,39
99903e1e018dd80869032e7e79802059,papelaria,60,435,4,350,101,15,15
999f8a403c25d68c828a6915e13e89d9,telefonia,40,393,3,100,19,3,11
99a4788cb24856965c36a24e339b6058,cama_mesa_banho,54,245,1,1383,50,10,40
99e365fea0b15ee63272ff391fdde785,cama_mesa_banho,58,697,1,550,16,10,16
99f265229d46f700208ad7cb1ff48aae,telefonia,60,755,6,350,17,4,12
9a5393d4713520f3751a62e79de3dfbe,automotivo,55,105,4,7600,45,14,18
9ac1378f05cd222b3fb34a3cccc626c7,beleza_saude,31,1406,1,1075,21,19,19
9ad4fb75641c9a71f995a06d0386a6f9,automotivo,59,840,1,4150,45,20,45
9aed412277ca4485a7bf6e0c53e65786,informatica_acessorios,63,292,3,100,25,2,16
9af30b38efe5ca2a1a97330e77400717,esporte_lazer,59,666,6,700,22,17,12
9b1954fdd0f9b4ef4ee2d267ac9de4bd,beleza_saude,33,964,3,100,19,11,11
9b6aada2786f40a15f5f186b84d8dc5d,perfumaria,46,1529,2,300,16,4,11
9bb2d066e4b33b624cbdfec7d50b3dcb,pet_shop,53,1494,2,900,26,19,23
9bc7d25a36d620cf449cfdebe3de132f,beleza_saude,45,287,4,500,20,7,20
9bfc55df037ce3ac01bfd84781adf7e5,audio,45,1654,3,530,19,14,15
9c268694cc413affbf3c27d05ef796d1,fashion_bolsas_e_acessorios,35,277,2,200,19,11,15
9c31382f02ac001fe1a33a466471d98c,eletronicos,60,742,2,2200,22,7,17
9c5cec867c62c0ec4674b002eb1c3e0c,eletrodomesticos,33,94,1,15875,54,46,32
9c60b810e32e14c3a278742567720634,moveis_escritorio,47,559,1,17400,63,58,26
9c66292a0367d1a85842e4b302acca69,utilidades_domesticas,54,593,4,500,20,12,12
9c7ce59c96e74dfdfc51f13a4a6c3869,relogios_presentes,59,261,2,250,16,2,20
9cc7982cbd4b6bd47802ac85347035dd,informatica_acessorios,56,1026,1,350,16,12,12
9cf421049bcfaf6983bf0dfb40831a03,artes,59,2165,2,600,20,10,15
9d04b62c69bd020f5b68d1f887b7c930,eletronicos,60,262,1,100,19,13,15
9d0bb30eed80184666c8acad23921283,livros_interesse_geral,26,2857,1,500,20,22,15
9d12e90dff96cfce78ad02405d6467f4,beleza_saude,63,2454,1,800,16,16,15
9d32095f76b97762307e86cfc18dd7a0,cama_mesa_banho,38,213,2,400,25,9,19
9d6580f17a0cba74324ce82874fbbe13,telefonia,57,1239,3,8100,25,25,25
9d86a51639004c70d7b6037f43ecc070,ferramentas_jardim,64,1210,4,2093,58,51,17
9d8a0e115e802d845b4ce1eb794d1260,esporte_lazer,30,2299,1,150,20,10,15
9dbf7eb5228b2070008a2e331b114512,informatica_acessorios,35,1101,1,250,42,2,30
9ddd762ee8a13576a809dc66f22aa2b5,cama_mesa_banho,60,233,1,2600,41,8,36
9dfb2984ab775b6175202b9e9e678641,utilidades_domesticas,41,859,3,750,16,16,16
9e0e152552a1323f7e5dcf63d50cdae3,perfumaria,48,969,3,400,20,11,11
9e56753b5a372958503c899615659254,utilidades_domesticas,47,208,1,1000,38,39,38
9e61f47367a7a1d6cafa44817f88f8db,beleza_saude,46,175,1,364,18,14,14
9e93b2c4cb5eea05e75a481c129b104d,automotivo,42,291,2,300,16,3,11
9ec7999e5c743b8248b0e41e5cc4f47f,market_place,35,1186,5,400,35,15,25
9ecadb84c81da840dbf3564378b586e9,moveis_decoracao,41,789,1,950,20,35,20
9ede6b0570a75a4b9de4f383329f99ee,esporte_lazer,51,1193,1,1211,25,24,22
9f0599e0b0d3f41749a3288e0043f21e,cama_mesa_banho,59,289,1,3500,36,10,35
9f1330d9d3ea820ad8e4d0d58b7f08cd,eletroportateis,45,219,2,50,16,8,11
9f1c3e71d56894398a42b050b07f1baa,cool_stuff,25,176,1,163,17,11,13
9f3d5786e5d1ed02ec2d0a91849f64a5,brinquedos,58,716,2,150,16,3,15
9f65cd1fc2c7cf6ad8bc3d8c038abe44,beleza_saude,52,1270,2,200,16,16,11
9f6e8441548dd40516cdb98f1b29c3d5,,,,,2700,44,13,44
9fc98e39f04be8e382d8aa5e259f5489,cama_mesa_banho,29,200,1,600,40,5,30
9fe0fae81aacd72bbec601b9ceb9c25e,esporte_lazer,51,925,1,213,19,20,19
a00722035cea70bbf671b758459cde42,moveis_cozinha_area_de_servico_jantar_e_jardim,59,501,2,15742,16,95,33
a0245537bc3dfec325899fcd716f70cc,instrumentos_musicais,55,968,5,6600,30,30,30
a0253d43394dd4da9a5d7b1f546f1a32,informatica_acessorios,59,1890,2,740,23,13,13
a02d0123079f4ae96001ba2010d1a2df,construcao_ferramentas_iluminacao,57,771,1,12000,45,35,45
a03e401d58a45187271718c5d7610422,utilidades_domesticas,48,1297,3,9650,62,35,37
a04f52ded97b5530e8783e3c002b90f0,cama_mesa_banho,54,192,1,900,44,2,36
a080d0af331e8a4152c49bfc8113dec9,esporte_lazer,52,396,3,450,30,30,30
a0b7d5a992ccda646f2d34e418fff5a0,moveis_decoracao,45,67,2,12300,40,40,40
a0eef953cb25bc9ae40457e1c3c82946,moveis_decoracao,52,1559,4,700,68,8,13
a0f73bcb4e1fcfb056cfdc6ca7222249,telefonia,57,1164,3,200,18,6,20
a11998d0de02ca907c060119dabe8ead,utilidades_domesticas,40,979,2,12050,22,65,40
a12ece3f747b6aae747ca17176611aa2,brinquedos,31,1130,1,3000,43,19,37
a13cd9aaa328b21f5653ce455d88dce1,cama_mesa_banho,52,1089,2,1050,42,9,34
a140e83c184347be1aa71694fe525537,relogios_presentes,49,364,1,400,40,10,25
a1507b98cd821fad51fcfa3e9a95e94e,malas_acessorios,33,1193,1,24500,37,80,60
a177ae30ef17394975b58f6d5883a56f,pet_shop,47,725,6,14150,45,20,35
a1e2145e9868ce870c8ca2d1a1f2e364,moveis_decoracao,53,353,2,725,19,20,19
a1e247b4cedaed462f50049a633345da,utilidades_domesticas,52,62,3,700,23,23,20
a1e33e0a3ead282527fab4ff0f72706b,musica,55,435,1,400,25,10,18
a1ebb47a48200e6566603de49b83f621,esporte_lazer,52,474,1,2900,22,28,42
a27e14cc902719125790cc967be45070,moveis_decoracao,40,451,3,450,20,15,20
a285f1c6ce025a045e87b7cf90df1a1a,utilidades_domesticas,44,922,1,800,25,22,22
a291cc846d74d97f01611894f983073b,cool_stuff,58,478,1,600,22,6,22
a294436012a512193adfae667b8465f8,brinquedos,60,804,3,625,33,13,23
a298a105818dce6878b787e4af6cff7d,bebes,55,1158,2,400,30,10,30
a2cc1ca6628697fcdaa51066d6aa3014,utilidades_domesticas,56,729,4,1600,16,27,40
a2e23998b013d26d049d721aa7a32e1b,moveis_decoracao,46,273,3,200,19,11,18
a35a9f46dcee0a67c8c7ad8493eb4135,informatica_acessorios,33,1084,2,200,41,2,29
a38b238734207eeb0388676235cf56ec,relogios_presentes,60,416,2,3200,16,2,11
a39cc58c1b5926b6f9f378daa89f1315,casa_construcao,53,646,1,3800,30,35,30
a3daee3915d4fb98376e039ede6bdea6,moveis_decoracao,45,264,1,6450,35,30,35
a41d9e51c365f6e2f5eb1f98fa4097eb,beleza_saude,47,405,2,150,20,20,20
a44f1df44a1ab489c5e635885e91c9ed,beleza_saude,46,2123,1,2229,32,20,21
a4756663d007b0cd1af865754d08d968,portateis_cozinha_e_preparadores_de_alimentos,60,1304,4,650,22,6,14
a4aa7c1427c31344e5f7cc3d839fe562,pet_shop,52,625,8,2200,50,20,40
a4c27cf9767fe2b589251c764b891eda,perfumaria,58,1061,2,368,22,15,18
a4d0871577d73bc394c482dd0998af7d,beleza_saude,60,466,1,800,18,16,16
a4d44eb9f68b301db3a15c9a346f395c,malas_acessorios,56,730,3,3700,37,42,39
a4f46aac5fc5e88c9701aa860c2a957c,fashion_bolsas_e_acessorios,33,365,4,800,30,20,25
a50acd33ba7a8da8e9db65094fa990a4,automotivo,53,555,1,4105,67,10,67
a5215a7a9f46c4185b12f38e9ddf2abc,pcs,55,3632,4,2800,16,31,39
a5341e3f8155dbb3e62323d3ea289729,moveis_decoracao,50,422,7,2850,40,5,44
a55c51c1c5ef5e5d891b75fe02c21582,utilidades_domesticas,42,284,1,1500,20,25,20
a565c2e7c2af3eaf353b14a2e82daa53,cama_mesa_banho,57,293,1,2150,40,10,30
a59fb60fddcc72a9878b7ed5cb69d8e4,audio,48,424,1,200,27,5,20
a5ae8400fc9fcacd4af585a57bbf264a,pet_shop,57,747,2,1150,40,20,30
a5bbc554f75cf4afa2cd56791015ec27,instrumentos_musicais,60,1216,6,800,30,20,25
a5e28e21acf7c99188ad33f688f18837,informatica_acessorios,58,174,3,1550,20,4,20
a5e66fadbb9b49dffdbf63675436a332,esporte_lazer,57,2717,2,163,21,12,14
a62e25e09e05e6faf31d90c6ec1aa3d1,relogios_presentes,58,3006,2,1000,53,8,18
a62ff4d8c01bf520bd8ed7637dbb2042,informatica_acessorios,60,272,1,700,35,20,20
a630cc320a8c872f9de830cf121661a3,automotivo,59,1274,2,150,16,6,11
a6bbf1a7c24a6047e499f1374648d824,moveis_decoracao,46,1039,1,650,33,4,33
a710be5818329b097a82bb26b480f5fa,esporte_lazer,53,826,6,367,19,14,17
a72209f6ea270769cecf0ed4168d3893,brinquedos,44,603,4,400,30,20,20
a72df9d6b4412dbd03d886846a438a3c,consoles_games,39,1255,5,250,19,2,14
a7566c5565bf286a5c8fb48387d97bb8,perfumaria,44,259,2,425,23,14,17
a7591787a14b7107a21780cabc7d577e,informatica_acessorios,33,578,2,231,20,7,16
a75b732b129c2fe3d8e371dd8333cd00,moveis_cozinha_area_de_servico_jantar_e_jardim,38,731,5,6400,16,2,11
a783f0d718c28a1375f64c1dfff1818a,informatica_acessorios,59,1737,3,200,39,2,30
a78e2e8f49106bb2123fe7541fa86640,telefonia,58,477,5,250,17,4,12
a7b3741264beebf83457d10dea3b34ca,bebes,46,1065,1,850,36,15,25
a7c73814e6894bc049f7aac7d37f7175,telefonia,54,883,4,300,16,4,20
a7e5875c2fdf2682ee0e6ae1bdb5b137,papelaria,43,730,2,200,21,7,15
a85543a371d5cfafedb80a8177a692b5,utilidades_domesticas,59,470,2,750,34,14,24
a85fa7ea0b6ca7f780ad3034bf943070,malas_acessorios,51,445,1,1350,32,10,45
a86bf954ba3a0e7e31f2b6dc5267212b,relogios_presentes,41,66,1,700,20,13,15
a87229f9d53610c8fa59579c82e1da8f,malas_acessorios,49,278,3,850,20,5,20
a880fc1c1a8af0fbd7f9bf9b4e51870f,utilidades_domesticas,57,377,2,900,30,25,25
a8b89693eabf7221621a71285e07f486,cama_mesa_banho,57,164,2,6750,47,21,41
a8c6827a8a59c4b3bd37a9761715f3d8,esporte_lazer,53,985,2,3200,16,85,16
a8cd3c264c6b406a06a23ace0b16fd9a,moveis_decoracao,58,2110,3,1250,69,11,11
a8d32fcfb65fc140cd58623a0d1688bf,automotivo,37,157,1,7850,89,21,26
a8fe47ad6f852f93cc92c7b408687de3,esporte_lazer,27,202,5,400,70,10,20
a92930c327948861c015c919a0bcb4a8,relogios_presentes,59,319,4,250,16,2,20
a93cfe142d94a5cd5a24cd5eed21d7eb,beleza_saude,40,789,1,253,34,4,15
a94036c0bb4dfce8d5762777c07b7be2,cama_mesa_banho,57,2473,2,2500,43,8,33
a9b9032e79635ad9618808cfdd644c77,esporte_lazer,30,221,4,150,25,25,25
a9bd39d11fe4d2d378c44eee9b11d9ce,cama_mesa_banho,58,295,1,550,60,10,40
a9d28bf666feccc924dd16f0a19cb70b,beleza_saude,45,3091,1,150,24,5,11
a9e0a3a894f4bf7844830c090853c3e1,telefonia,49,79,1,375,18,10,16
a9fa0428bc677ac4d0a948fe2982ad1d,esporte_lazer,49,409,1,200,24,5,21
aa280035c50ba62c746480a59045eec4,brinquedos,56,678,3,200,16,8,11
aa5889064ca9c81e3a9dc65dd018187c,esporte_lazer,33,2440,2,1200,30,20,20
aa8d88eb4b9cb38894e33fa624c4287f,relogios_presentes,54,335,4,250,16,2,11
aa8dbe0ebad6906e9253479e1027185e,utilidades_domesticas,53,537,1,850,25,5,20
aadff88486740e0b0ebe2be6c09476ae,beleza_saude,56,390,1,250,16,5,15
aae9610f8843fbe3931dadce56c0ac94,informatica_acessorios,44,260,8,3765,44,22,52
aaf821b2000c1b2e28a531d97c405c58,bebes,49,375,6,200,29,7,16
aaff2ae684debfeafcf84e22e46e12d9,automotivo,42,497,1,550,20,10,15
ab169b33d13e5041b9b9d4a2fafce9d9,telefonia,59,734,4,300,17,4,12
ab464d315185546c908a888506fc22c1,utilidades_domesticas,58,641,1,1000,16,23,15
ab52c2c44ec8bebc9559a03ec12c8eec,papelaria,50,318,5,1500,38,30,28
aba86c093ccdbac75b09111d57e50004,moveis_escritorio,41,154,1,2600,40,45,39
abcadf3aeced9a5dd2c23cb61ca09a4c,automotivo,56,663,3,577,24,14,13
abcb73cf728c9fb13c9d9b2b3abe609b,brinquedos,53,378,1,650,30,10,20
abe236a52dbc43e90bad00fe6d794582,cama_mesa_banho,22,332,1,800,34,17,22
abe6b1e401ce596ad0c493aeedb488a4,cool_stuff,59,260,2,300,17,7,13
ac0bb4405e9661957160dd5ee9d5585c,brinquedos,54,407,5,1250,45,8,26
ac55865c931b6e828892c10b73887af4,instrumentos_musicais,56,802,2,3750,18,30,29
ac6c3623068f30de03045865e4e10089,ferramentas_jardim,59,409,1,3750,35,40,30
ac7e981115ad47f0e051f1b8b97e73b1,utilidades_domesticas,42,241,2,500,30,30,30
ac8af924237ed4591dc8d9b8c6a935f0,perfumaria,41,2282,4,6100,30,40,30
ac8d637154b9a2717786c0f933d4c7da,esporte_lazer,54,1375,3,650,18,8,15
ac99022a225e4eada5377fc101a4f68c,moveis_decoracao,49,1246,1,1200,54,8,11
ac9fba4745c7352cc4038631be412f70,relogios_presentes,59,358,1,425,24,5,22
aca2eb7d00ea1a7b8ebd4e68314663af,moveis_decoracao,44,903,6,2600,50,10,30
acc4fbb4362b73447d673cb3a4da716c,fashion_bolsas_e_acessorios,31,417,2,14550,29,69,48
acdd408fe971bbe29a81f8febb575ffc,eletronicos,50,237,1,175,20,16,18
acde6bd0b5f91190e2a123df389b0b47,automotivo,52,545,4,358,16,6,17
acdff5faea9652b2230cbcf4d475a220,perfumaria,45,179,2,313,21,12,15
ace5d86cf1ac63cdb76f49e5cd23d2f8,moveis_decoracao,60,473,1,600,30,4,20
ace91f88d635b9e5563e36cc0a0a8f09,moveis_decoracao,49,466,2,180,16,30,30
ad0a798e7941f3a5a2fb8139cb62ad78,cama_mesa_banho,55,617,1,600,16,10,16
ad148e862f7210012a3126ff066f56ec,beleza_saude,47,1322,1,2150,26,13,14
ad47aff134f11264c92d7ff1299163b1,construcao_ferramentas_construcao,60,455,5,4400,19,23,19
ad4b5def91ac7c575dbdf65b5be311f4,informatica_acessorios,55,665,1,250,39,9,11
ad4d0d4117b535484bf7e32089e5b1a5,construcao_ferramentas_construcao,59,896,4,2500,40,10,26
ad52cb93ae060c9bdd776831a915e94d,esporte_lazer,23,162,3,700,30,30,30
ad5396bf96af6ede77130e54ad266c61,moveis_decoracao,39,252,1,900,16,34,34
ad5cd855e1bda6a67dfa8f3366ea6481,relogios_presentes,47,461,1,325,18,12,14
ad88641611c35ebd59ecda07a9f17099,,,,,450,16,7,11
adae9f96e1647ed7ce3c54b261d4a544,livros_interesse_geral,48,534,3,250,20,10,30
adaf53b4c04b9aca88c0f5c9ba4c3880,automotivo,44,1793,5,300,16,10,16
adb5b8ee8b86e86930bc333c182bbead,informatica_acessorios,43,543,1,821,30,14,15
ae083e4a334a4210ae0ef7323f1584c5,beleza_saude,53,2789,1,250,19,7,12
ae386a85b1db680ff31ad0f2d07a9965,cama_mesa_banho,53,244,1,1900,45,15,35
ae4361f806c49f85066cc8be1370c91e,automotivo,59,499,1,4000,27,12,22
ae52b85c8712696950e9287398316251,construcao_ferramentas_construcao,55,414,2,1175,28,28,28
ae52eeb8383b94455f0a08b1f88ad002,informatica_acessorios,60,882,1,167,21,13,12
ae62bb0f95af63d64eae5f93dddea8d3,portateis_cozinha_e_preparadores_de_alimentos,59,927,1,10600,40,20,38
ae6a082af3a596a2fcbef378ebfae8c6,livros_interesse_geral,40,421,1,150,26,2,26
ae6b739ab6e9d7991fb2ddd70f9c0b6b,utilidades_domesticas,56,595,1,1200,30,30,30
ae7fbf136a49b58f2d38fafb2f3205b8,cama_mesa_banho,55,614,1,500,16,10,16
aede48631330269f65a8d680de491657,malas_acessorios,45,573,1,1400,48,10,33
aef29ba8f524551d01c5497f60832b2c,esporte_lazer,34,345,1,120,21,4,19
af33555ebc3047e394e7b0074772aaec,utilidades_domesticas,46,420,2,288,20,13,17
af5606ac1cb97d0519a67bd7d9af79b6,sinalizacao_e_seguranca,37,515,1,750,45,21,23
af8215adef2df1e9e66642f159e81e55,relogios_presentes,52,585,1,400,20,11,19
af893b2efa430418d774a852e7870601,utilidades_domesticas,59,566,3,1550,29,17,23
af9418dfcdd7f19b51906a2f32cd6bc0,cama_mesa_banho,59,289,1,2150,34,9,33
afd664c19120c43a47e34fc71f982d86,perfumaria,54,944,1,50,16,5,11
aff39c649de8c4e36d325880de8f4338,moveis_quarto,41,573,2,10600,93,63,11
b03f486273ee4263286c00383ef34f37,moveis_escritorio,57,274,1,6400,98,30,15
b042c934bd8f4316e7b38633aa14266b,bebes,47,235,2,9400,75,15,50
b044bbed524dc39f8465f2d1b5b620f8,esporte_lazer,58,3835,7,375,30,23,23
b05d2b2b1c20296cf580164a3c6e173b,beleza_saude,55,724,3,50,25,15,15
b05eda1aa0322626a26b40fe913ebfc5,telefonia,51,1257,1,75,19,5,11
b0961721fd839e9982420e807758a2a6,ferramentas_jardim,59,341,2,1850,37,22,40
b0acce29b45d9b1236d4787813058afd,beleza_saude,48,1248,3,1150,20,10,20
b0c8da302d49498d2ce6be8c631e4e20,informatica_acessorios,24,401,1,213,18,12,13
b10eba910a974df70b8a12d0665cdb9e,cama_mesa_banho,46,246,1,550,51,4,41
b114bf337c0626166abe574eee9e3f32,moveis_escritorio,47,1398,1,13350,57,56,22
b11cfc408f43a71b16c2288e79172244,cool_stuff,53,530,4,300,16,11,11
b12f82804a690dfabd840ce47db63c40,beleza_saude,60,1806,2,650,22,8,13
b1443a3dadb0b2b1edf47ffe38366788,eletrodomesticos,57,175,3,3900,35,40,25
b18d3e74e5793a823be8acec061a5977,brinquedos,58,78,2,367,29,21,21
b192be433004cc1f10b467c0e9ea309b,informatica_acessorios,57,977,1,725,25,8,24
b1acb7e8152c90c9619897753a75c973,beleza_saude,56,575,1,200,20,15,15
b1b787a4d7563b9e375ee8af5bee4a74,beleza_saude,57,2491,1,2300,27,27,20
b1d207586fca400a2370d50a9ba1da98,,,,,350,16,4,11
b1e7e283a4b6203aa8adbafe09c2a521,esporte_lazer,35,1238,3,18100,55,40,48
b206760d97dbc76527bb07029a6179cb,informatica_acessorios,35,1101,2,300,42,2,30
b224eb3c154415f1a25f604619f48b77,bebes,37,516,1,17200,65,36,45
b24af8bca8813bcde4140ff8562f5e47,telefonia,59,314,6,250,17,4,12
b2855c4e42b8a50f359904c6763eeddc,moveis_escritorio,35,2245,1,7625,52,41,69
b29c1749f99da888ea322a01420d5220,tablets_impressao_imagem,60,2532,5,1100,30,5,22
b2c4be88b59f29df2e70ade6bbd04ba0,telefonia,48,1440,2,150,18,6,11
b2cadfc2d6da74fba3a372470641ba61,utilidades_domesticas,26,201,1,400,16,9,12
b2fbf8beb178c391c49d80fa8c4435b6,livros_interesse_geral,52,951,1,700,25,15,20
b301f133a68b93a9a9a3db2987c1be36,informatica_acessorios,57,169,2,300,21,4,18
b343cce43d6f08fe602d2892b106ad59,moveis_escritorio,55,569,1,9200,52,51,17
b3527dfb6edff14e475198b5c8bdf85e,brinquedos,33,141,1,300,16,17,11
b363ba4802d9eca552da85a1125747eb,moveis_decoracao,41,397,3,6200,62,6,62
b36858b52183f641b1be7bd99cd0ca89,eletrodomesticos_2,46,373,3,15750,68,23,68
b36f3c918c91478c4559160022d3f14e,,,,,300,16,4,11
b3716b1e3576d3f2f246139d80c67d6a,brinquedos,45,215,1,200,45,15,35
b37a8cda46313ac91d79f16601ca5253,ferramentas_jardim,59,1105,9,600,21,8,13
b37b72d5a56f887725c2862184b8cab8,telefonia,59,566,1,150,19,4,11
b38b25d838ae0b8385e8cc68b9017644,beleza_saude,59,1153,4,200,18,3,20
b39f078aea47425a6a27417828a011a2,telefonia,59,667,3,800,20,20,20
b3a2e35138535549da5449d618352f46,utilidades_domesticas,34,260,4,550,16,12,15
b3cd6ea8ef75cbcb2856861b31eb9bc0,relogios_presentes,57,312,1,600,18,13,15
b3cf0a98f31b76ed0cec13d9c77102c4,market_place,26,1528,1,1300,33,6,22
b3da02c4cb913443d1b2d80852831557,esporte_lazer,60,933,1,150,20,5,15
b3e40ff639c185b9d726b4b19c17e6cd,cool_stuff,55,934,1,2150,42,25,15
b40ec43bdfc6d6fdd65e882066a5c895,informatica_acessorios,51,421,1,760,33,13,14
b44922681ddcd1565a9d62932f20dcfe,,,,,200,16,2,11
b46df49597c48fda458171cd058059c4,utilidades_domesticas,60,1566,2,2000,32,31,26
b4a47c0cbd9405faf99bd341602a206a,construcao_ferramentas_iluminacao,57,334,1,200,19,22,13
b4ea7aecf6304f60fe63221697a8e33b,fashion_roupa_masculina,33,315,2,400,16,5,16
b50a88003f2de609b7fb5d419bdb6b9c,esporte_lazer,60,715,2,200,24,7,15
b51119656391080bf4b0c2bb98b0f704,moveis_sala,49,677,2,14500,49,39,17
b520bae2a8c9790cac40196cb2025283,moveis_decoracao,40,94,5,200,16,5,20
b532349fe46b38fbc7bb3914c1bdae07,moveis_decoracao,49,829,1,850,20,25,20
b5425c2d45ee77117cf4c0305b97048d,utilidades_domesticas,51,518,1,1100,25,32,25
b57109d3dd3821f2685c6035112fc9a9,perfumaria,58,236,1,200,20,20,30
b59b5899ecf4bcc294a72fdd48adaa94,telefonia,55,419,3,225,17,6,13
b5aebb467d9a92162173cbd234e00d99,agro_industria_e_comercio,60,1843,3,550,16,16,16
b6075e028451d1426b276da0441684d3,beleza_saude,38,249,2,1300,20,7,20
b61d1388a17e3f547d2bc218df02335b,,,,,350,16,6,11
b623b7cb05ee3248fbe4a6ecbeed79a4,brinquedos,41,673,1,3008,32,45,32
b6467b14d837634f4e04f6f0698e7bd3,esporte_lazer,31,1537,1,900,20,20,20
b67902c15de1b4c26b61f79e0535b41f,fashion_bolsas_e_acessorios,53,133,5,150,16,9,11
b6af69cb42f5e5e78bcf59f9be1b61a7,beleza_saude,60,925,3,2400,25,25,25
b6e352d888ba31d8999af279cd63aa24,utilidades_domesticas,42,337,2,1225,27,26,26
b702f87f77d8feeade7ecf7598730aea,climatizacao,54,445,1,150,20,8,13
b70722d88b1dddd6ecbb159db90faf61,utilidades_domesticas,43,578,3,250,25,15,25
b709188b458871de07fd90a08dbcd1f0,telefonia_fixa,62,360,2,150,16,4,11
b7514da5a1afd83af30e0a524b561d3a,moveis_decoracao,47,2114,2,500,68,8,13
b761e337aed465b70aa4bf86f1b12f2d,papelaria,51,366,4,400,30,20,25
b7733895fca54f6ce4af8c29a3056680,informatica_acessorios,56,176,2,50,16,8,11
b7a89537c40b1f5a18b5ba75dbb91cbe,instrumentos_musicais,49,1051,1,594,20,15,16
b7c82520f8817fc72f7f5ac962035260,utilidades_domesticas,46,206,3,50,25,25,25
b7d3e30e28d937c46e0a72024c6cdc67,relogios_presentes,36,521,3,550,38,12,38
b7db6602d7706acf38d5b9a0e403002d,cama_mesa_banho,55,116,1,6600,45,25,35
b80910977a37536adeddd63663f916ad,eletrodomesticos_2,51,500,2,13300,32,90,22
b80921007ed3f68cf6e536e6daf08610,telefonia,58,751,4,300,17,4,12
b83738ac1903f7c8f0ed378cb085909c,eletronicos,56,1184,3,5700,20,15,13
b83ba81552d0748b45288e7e57c62888,beleza_saude,41,874,2,460,36,10,16
b846c1b90a30689a98f530aa20edd424,esporte_lazer,28,1567,4,13300,64,35,35
b866da669fde20a56fe475ded8ac41b9,fashion_bolsas_e_acessorios,47,566,1,150,22,2,19
b8a0d73b2a06e7910d9864dccdb0cda2,beleza_saude,43,295,1,371,20,16,16
b8b426747049f2d3d6e00b486d47dedb,beleza_saude,49,819,3,1250,42,11,12
b8b7f10b147bfcbdc69c03701866ef4e,sinalizacao_e_seguranca,43,727,3,1200,30,30,12
b8ce63487e1d8881dac505b123c8e9b6,bebes,53,715,5,1250,60,20,50
b914a18d4547eff292fedeccc82faec6,relogios_presentes,46,387,3,800,19,17,18
b92a7304ebad1ca5b393b53b2de5c70a,moveis_escritorio,55,1292,1,9725,53,52,17
b93ce2bec0961862bd811f643e704566,eletrodomesticos_2,29,223,1,6250,55,10,68
b95ce147ff20af1909bd69a2901e39b2,beleza_saude,60,1628,1,1250,19,17,17
b9732f4c0f20039130f5ff8cea1c2cb3,malas_acessorios,55,576,3,5400,90,9,39
b973581b7ad538c460edbf9378b173ad,beleza_saude,36,538,1,350,16,19,12
b984d2ef473c9daeaee1f7754f0076fb,utilidades_domesticas,57,403,2,200,28,5,15
b98992ea80b467987a7fbb88e7f2076a,moveis_cozinha_area_de_servico_jantar_e_jardim,58,576,1,10400,16,68,32
b99e4f4fa3f421e0ffbd512d9f152dec,eletronicos,52,240,1,1050,22,9,12
b9ac7314894a193a11fd3150f8c69307,beleza_saude,41,875,1,583,30,15,16
b9ce067d067a7390e6c3bf2700bf233d,telefonia,60,510,2,350,17,4,12
b9f0de89fde69dc44e3bd2a9c578a5ea,construcao_ferramentas_seguranca,58,238,1,150,20,20,20
ba453af64b21e4179a5635683be46d15,telefonia,58,517,3,350,17,4,12
ba52dec9207d2066d783571524614078,brinquedos,23,112,2,836,30,38,21
ba572ccfc6c650859ea32461831bed57,moveis_decoracao,52,1051,1,680,33,4,33
ba5fb4ab9cd70d201b74b5bad9d4ca00,telefonia,42,347,2,125,17,6,13
ba80c9f47a84d1e08465f72e22930c83,pet_shop,41,901,1,150,19,10,15
ba9a847a2c023953743ba9e5ef6c88c6,eletrodomesticos,39,229,1,200,26,15,35
ba9f160a6ae1c23f25d690fd06fe4fd8,brinquedos,56,707,5,7050,20,62,35
bac2d18d169f029e0721b8aca9c8f269,,,,,300,16,2,11
bac84fdf85ec2c85fa86f522f4423114,esporte_lazer,42,167,2,4825,46,8,37
bae0b638e494d65220866e1ae813f18b,eletrodomesticos,54,46,1,2479,21,24,22
bae8ac5e125a98fe445bc17714104709,malas_acessorios,57,455,3,10700,40,100,16
bb08ae1ab72eab2720e31508966b7742,livros_tecnicos,24,2472,1,250,21,2,14
bb09e8007aff97a9452967b19430cf53,utilidades_domesticas,57,571,1,2350,25,30,25
bb1378aaa2d6f539069001a8dfda9a58,brinquedos,32,473,1,400,23,18,16
bb3ba3a4e6d7471b6754e8e3f13f1464,brinquedos,59,1075,4,850,25,40,15
bb42f37fc3d9130e4a4339d24a47dd7c,cama_mesa_banho,59,81,1,400,20,2,15
bb48c8fda6bcf73c9a0178fd1a1a366d,cama_mesa_banho,59,58,1,400,20,2,15
bb50f2e236e5eea0100680137654686c,beleza_saude,60,2644,6,400,34,4,22
bb5fc9090888f494938ab2b3c90dda7a,papelaria,36,406,1,150,16,6,11
bb7181410b4e02f93f3697f765db53c7,bebes,36,1058,1,14950,77,20,53
bbaef2eadf31fe3ea6702077398be06c,perfumaria,45,1003,2,400,18,11,11
bc055ae94989497c0d66bfa4263ccf61,informatica_acessorios,49,544,1,150,24,12,13
bc15663c211a5ec5ac7d927b7ba60e1f,moveis_decoracao,52,314,1,950,40,5,30
bc1771eea502c7888f4fa3d568a69111,bebes,62,121,1,950,39,16,40
bc4a074ab7a7ff14e98fa64671a79dc0,beleza_saude,21,1000,1,1450,25,25,16
bc4cd4da98dd128c39bf0b8c2674032f,pcs,55,3610,4,2650,16,31,39
bc5b673b87453987a45b11d34bb69de8,moveis_decoracao,37,260,1,2750,50,50,16
bc7783fa09789dd5984d2c9213413a97,beleza_saude,58,1665,1,175,19,14,16
bca66c2fcd992d2efac1dd904524edc6,beleza_saude,57,866,1,650,23,20,15
bcb4f6803e8889a70dc5ed14c2f5f785,informatica_acessorios,41,685,2,200,16,12,11
bcd58b852a3b0152b6b384c4e4474ba2,cool_stuff,59,797,2,1400,25,20,20
bd089e9fe06981d16b0daf6f97bef3bc,relogios_presentes,47,557,1,150,20,5,15
bd0c8fe7ca76c396baeb6968121eb825,fashion_bolsas_e_acessorios,60,1664,7,150,17,2,19
bd6e6fce9ada76ea2db0f1912e8e478f,cama_mesa_banho,49,381,1,850,25,18,40
bd6eb9532e448ca538cec41d0b9dc228,instrumentos_musicais,47,182,1,1100,90,20,40
bd8c0934082247e8c53c9b8fe35a4dad,relogios_presentes,37,277,1,483,16,11,16
bd94ffbca2eff2c87f0ef59c000db3f6,utilidades_domesticas,36,400,1,2500,45,10,33
bd95c4b0bfc450567eef9efbb0fed500,cama_mesa_banho,59,1237,6,1550,35,8,35
bdc3291ab242ec1effc8eb0987850268,eletronicos,53,830,1,541,19,12,16
bdcf6a834e8faa30dac3886c7a58e92e,beleza_saude,26,394,1,1614,31,16,28
be29276f7c3781b418ca51f707255455,beleza_saude,53,522,1,350,19,12,13
be5f0f785e9495b018017045cc207457,market_place,50,389,6,455,18,12,13
be8fabd5f8a50dbb81c1f36499f077d8,cama_mesa_banho,56,516,1,6500,30,30,30
bed164d9d628cf0593003389c535c6e0,portateis_cozinha_e_preparadores_de_alimentos,54,382,2,850,30,21,22
bed48285a1d145ff8ca0ac0d77496ba3,casa_construcao,58,1533,1,12100,60,25,25
bee2e070c39f3dd2f6883a17a5f0da45,informatica_acessorios,53,871,4,175,20,20,20
bf04528618b481f107b7ea5747432102,eletrodomesticos_2,46,1147,2,300,16,11,16
bf2ccdfcde5e9644cc41491d56f4921a,cama_mesa_banho,58,93,1,2000,40,15,40
bf359473d58e90d8fc29bf8f3d282ea9,artes,37,606,1,350,28,4,22
bf477d995ee4444807afc574cfbcc1c1,brinquedos,46,1206,2,325,30,8,18
bf53d80c6cb1cbf63ba17e2175d521a5,bebes,32,1531,2,600,30,40,50
bfa0e398bef2d28bb421d42997982cab,,,,,3100,28,20,40
bfb85a2851757334da980ac9893a6261,,,,,200,16,2,11
bfd4d65a528678737bcb523e5a3c5f58,ferramentas_jardim,44,586,4,2500,22,14,22
bfdd5b3ebd8caed3cbd037fd900ac21c,moveis_decoracao,62,669,9,1200,40,15,28
bff395cb3a536fd2f70b47ac8dbb85ba,construcao_ferramentas_seguranca,60,216,1,150,20,20,20
bffdb7d6bdb994823039ac983d6d30ec,pet_shop,31,621,1,144,18,12,16
c006d1427332464b79808bd9dfaec943,moveis_decoracao,36,252,1,500,16,34,34
c0704b7b41d23540e8576c5e84484dcb,beleza_saude,38,2113,1,250,17,11,13
c075b8e131353552218860f1c421e4ef,moveis_cozinha_area_de_servico_jantar_e_jardim,30,1565,4,1750,20,16,30
c081e0bd900ca695285255e5588f2ae0,brinquedos,46,868,2,1600,30,32,21
c099dea24256de1aa15369a19d7c9712,beleza_saude,33,597,1,2300,33,10,16
c0a0b5aa4507363e601eb90082c9c008,bebidas,31,895,1,1700,25,25,25
c0c4cfd8255da22de900ac9e613e2a73,ferramentas_jardim,57,361,1,800,24,13,18
c0e452663c284f3f8e578f390dc3ab21,bebidas,38,790,1,1300,25,25,25
c0e80f6b9babc428416eb1700c01e245,esporte_lazer,36,502,2,542,53,21,15
c10a7001e8b49dfc03817444b5f2ed81,relogios_presentes,46,670,1,500,16,2,11
c1343b2f78e0f750b57cb917529039ee,papelaria,55,567,1,230,20,10,15
c155f6ba0dae0f11299f1e33fafdea65,esporte_lazer,58,1678,1,5800,36,31,31
c15c05beb23ff0f89b50e98c810dbc03,utilidades_domesticas,58,391,1,950,45,20,25
c19d5ba108c34b8255cf9a524da92bc4,informatica_acessorios,40,413,5,150,16,16,20
c1d14f1a3879495b9df24a6c48880642,beleza_saude,46,1873,1,1538,18,19,18
c20a3f598c16d77249da67e81caa8317,utilidades_domesticas,57,529,4,575,16,18,12
c20d93bddf6dbfdaffdfda9e9a2e0d7b,pet_shop,60,2377,2,1100,30,20,20
c224f464aeeb2c6af33f0682a181efa7,utilidades_domesticas,60,1809,1,12600,16,2,11
c22d563bae38dd4598dc104eefa52224,moveis_decoracao,60,430,1,300,40,10,30
c230b471b7e21ff9060e68ee154afd70,,,,,200,16,5,11
c2a1ff8408a1c857c8730e4d12da714e,utilidades_domesticas,56,1221,3,1450,21,17,22
c2c4abda0d688d5c2a7f48644ee55a8c,eletronicos,60,663,2,150,20,11,16
c2ece64199af7a53793ed9612a89a8cd,moveis_decoracao,59,955,7,2500,60,12,20
c2fb73db15e28aa021dcf7b2856fef27,bebes,52,704,4,3600,60,20,50
c389f712c4b4510bc997cee93e8b1a28,malas_acessorios,41,500,1,2965,41,27,34
c39071c6647a7c3e20d61989ec98c305,moveis_decoracao,42,544,1,450,32,2,22
c3ba4e8d3cb30049213b682e751e9d00,relogios_presentes,58,737,3,350,16,2,20
c3d5a66bdd6bd3a9c7b3b53a46adc4d7,telefonia,54,2201,2,175,18,5,12
c3e34cbfe33021ebcb984bc07aef6b73,malas_acessorios,42,348,1,750,25,3,20
c3e43e07f541c49ce73e9778dfecc6ca,ferramentas_jardim,51,590,1,2400,43,42,11
c3f6113d5b61bc95468432072b27e23d,informatica_acessorios,64,676,1,300,36,9,11
c403e106353e1aa40efe783ecb39ed7a,cama_mesa_banho,30,169,1,550,40,5,30
c40b4d64d9a3328382ec1fc2948c4af0,telefonia,30,797,1,100,17,5,12
c43e56cd1eb509cca120446a61579ec0,utilidades_domesticas,60,413,1,1800,30,30,30
c44fd47f82e429f739693c82c73a43b4,telefonia,41,749,3,401,17,9,11
c450c2e066134b9a836264ba72586ff6,eletronicos,56,308,1,150,22,11,16
c47d256557f7fa30144ecea5722eebc2,papelaria,59,307,2,8350,38,30,28
c4aa0ceec0529a29290c24f2bb490b3d,telefonia,49,2200,1,100,19,4,11
c4b3162faf1aec728250f9355a476380,eletronicos,38,1390,3,600,30,8,18
c4baedd846ed09b85f78a781b522f126,ferramentas_jardim,58,1893,1,5950,20,20,20
c4e71b64511b959455e2107fe7859020,utilidades_domesticas,59,1371,2,200,18,15,15
c50ca07e9e4db9ea5011f06802c0aea0,beleza_saude,59,1782,1,125,25,14,18
c56400aa5823575d5a92a8f98077490a,moveis_escritorio,48,1043,1,9150,35,52,35
c56fd76d4c3a8dacc3af588c1e06ff53,eletrodomesticos_2,54,1000,1,15250,80,23,44
c5a00e7e34e45fe4c79a38d102248b48,bebes,38,820,3,275,16,11,11
c5b72065154ec27c2d1ed8a654c3348f,relogios_presentes,36,1116,1,416,18,9,13
c5c1c5b904f5571d76dc3f494d3440bd,automotivo,59,575,6,5200,36,28,28
c5d8b84a90f73bd09c30e71e76caaa11,market_place,49,415,6,1150,35,25,25
c5fb7fbe39f4e09e048ffbc5b28db49a,sinalizacao_e_seguranca,51,1212,1,450,16,5,16
c6336fa91fbd87c359e44f5dca5a90ed,esporte_lazer,39,772,1,150,16,16,11
c638e232871cb1e760eaa7e724bc3eb2,,,,,300,20,17,13
c6758bd39e90df0a71fb8de73b3a2bf0,moveis_decoracao,55,207,11,900,30,10,25
c697e67e0129d1836951f781a913cb4a,cama_mesa_banho,57,557,1,650,16,10,16
c6aeb159daefcd63e4caed10bf47ef0b,brinquedos,51,698,1,14050,70,30,40
c6dd917a0be2a704582055949915ab32,cool_stuff,54,1012,1,1200,42,25,15
c6e3c9a59b663e36a8b95b2dde81fa33,esporte_lazer,30,451,2,1300,30,10,25
c6e513054b982283c1cbbb2a45d02d83,cool_stuff,56,777,5,300,18,7,12
c6eea384e62b799e78267eaeea987eaa,bebes,60,1443,6,30000,84,54,45
c6f208a57dcc1f0a7bd262cd2e604194,consoles_games,35,807,3,600,33,28,41
c708ba7c6269161f89ce0683cdd7c432,relogios_presentes,60,379,3,300,16,2,20
c72336b153d63586e6c0599a1b78f47c,esporte_lazer,52,1416,1,300,16,16,16
c72934d64cbbd011b07ae48e528b35dd,esporte_lazer,50,620,5,150,16,10,11
c72edc98e7d77f0c4c04ec80730c05f5,esporte_lazer,18,370,1,700,26,14,24
c73628b1c3144b2e0c9c88072f21a213,automotivo,60,1892,2,850,20,9,14
c77780d5086829345e6632976fb648a0,utilidades_domesticas,59,595,2,850,21,21,21
c7843df62cbb199241a00e90a988aac2,cama_mesa_banho,54,123,2,250,70,8,45
c7a3f1a7f9eef146cc499368b578b884,portateis_cozinha_e_preparadores_de_alimentos,52,1372,5,7350,40,30,23
c7b8e643fca22f6d8ec5f4b76b72e65f,beleza_saude,45,723,1,1100,20,10,15
c7dc39bcc7f9bf8a9b253b8727a0cde5,consoles_games,40,658,4,150,26,5,24
c7e02747ef9366a4fb7f4ac4fd261c36,informatica_acessorios,59,2168,7,900,35,10,19
c857b96593773e940454e76efa8eabb3,moveis_decoracao,55,133,1,700,35,4,30
c862d801c5bf9b08e1bde0e3801199ed,automotivo,56,1445,2,1100,32,13,30
c8a06a6cf1dbd09f3273d65d3dc2da99,beleza_saude,52,2496,1,100,16,6,11
c8a4ec6d4201d92e157eafb89eab932b,automotivo,50,586,1,1850,41,18,40
c8aa3a6754ab1ad362858eca26f58c8b,cama_mesa_banho,64,409,2,10900,45,15,35
c8c073a1cae6a98799d7581958ede514,eletrodomesticos_2,43,1009,2,6025,32,35,35
c8cfa622661e047ea2499f8bce4731a5,bebes,56,628,2,650,24,14,18
c8dc26795ea2ee96f3fa57453cd7667e,pet_shop,59,888,1,300,30,30,30
c8e3b23381d275296ec611061b616789,beleza_saude,60,1493,4,468,23,9,22
c8f7df520102efbaf9927f5acf21b928,brinquedos,54,452,6,450,21,9,16
c92f0e7b9d49a9543558d6532772441b,malas_acessorios,48,485,5,17550,73,20,47
c98141af5de0ad24a74753a12a9eb40b,relogios_presentes,56,539,1,350,18,12,16
c982dbea53b864f4d27c1d36f14b6053,brinquedos,19,328,3,600,48,10,48
c9845573653d06921e63975a8eca331e,telefonia,48,461,5,150,19,4,11
c9c6fde711572c1ad99ca12728c6af00,telefonia,51,678,2,150,17,8,14
c9d1849f97b6fe404378805a105d64ec,utilidades_domesticas,48,1204,7,600,27,13,27
c9e536daef57f35f9bf12642ef857287,moveis_decoracao,44,164,1,1900,49,32,11
c9f715b64f3ef33d99418422fdacd013,automotivo,60,1382,8,150,18,5,12
ca0439ecf23442fd24fcaf4c62b85ed5,moveis_decoracao,63,3546,5,5200,45,13,28
ca5c923962558430573f83661dbe36d6,pet_shop,59,747,2,1250,40,20,30
ca8b9b8192b5fd79de43cf6480c6cdeb,esporte_lazer,60,473,1,250,17,15,16
ca8df6d98683f15986ab0d2e2d6f0939,esporte_lazer,44,912,1,470,19,17,15
caa41bf17e27022341da028e79152c4c,beleza_saude,60,365,1,180,16,13,11
caacfe6fb59d88b766dda4c46f8be6be,climatizacao,49,686,1,3575,39,33,29
cac2a35a7d2ff513045a3114a29b4398,informatica_acessorios,52,414,4,225,16,19,20
cac9e5692471a0700418aa3400b9b2b1,bebes,57,2440,1,375,29,14,20
cadb69af336c16aba5c5223599821245,eletronicos,41,386,1,200,25,7,16
cafd558df4c3c9d1c338ba6930ea9a62,bebes,45,1009,1,16450,44,70,32
cb319c5e10eb5b7a23ded617e71fbd92,cama_mesa_banho,59,430,1,2900,42,11,36
cb57bf79c8852724011a0b046b7a07c9,bebes,55,344,2,3600,37,22,40
cb5df9426d14898cd286c3c5ac0b8cea,automotivo,51,840,1,6800,45,20,45
cb81df0e3ccece253557f2a07df4727e,esporte_lazer,25,469,1,225,18,15,16
cb92637d91f8267856d2143b6fc7bd9e,esporte_lazer,49,1806,4,250,22,14,11
cb9cc307a215ac435ec87b0f799e8dab,ferramentas_jardim,36,1049,1,5450,23,7,20
cb9d764f38ee4d0c00af64d5c388f837,portateis_cozinha_e_preparadores_de_alimentos,57,306,1,625,28,27,24
cbecf0dca7a42c56c9ad9e20c74af1fd,utilidades_domesticas,52,1374,2,1110,20,20,18
cbfe76ab27b6cb27aaafcc2199f9dab9,esporte_lazer,49,3025,1,6450,51,31,31
cc02ea01817f1cb21e6708bc19f1ee20,industria_comercio_e_negocios,45,704,1,4400,36,12,45
cc2232dbef2c9fca23f4c7f6a19a42e3,eletroportateis,63,587,3,300,21,11,17
cc4c16052222d5347726b1af1bfe7462,relogios_presentes,51,882,2,133,17,11,13
cc5447118c174dcc6456c84ccb29e6f7,perfumaria,25,549,1,550,19,13,18
cc961d60c672271c34511cd57140a646,beleza_saude,50,551,1,200,30,3,40
ccadfeab525a9eb1569983b66e5075c4,fashion_bolsas_e_acessorios,35,920,7,100,20,2,25
ccd686475dbff77b93871eae4754526b,brinquedos,60,528,2,3850,47,15,45
cce679660c66e6fbd5c8091dfd29e9cd,cama_mesa_banho,43,125,1,250,40,4,30
cd46a885543f0e169a49f1eb25c04e43,informatica_acessorios,58,1390,2,3475,54,13,48
cd48f265a63e13b762601f5f794c5fca,bebidas,48,859,3,175,23,21,21
cd71c76f5ab15f51f24fb214fc42d8ab,perfumaria,43,714,1,367,21,15,18
cd82271424be9568801391194697361c,cama_mesa_banho,56,999,1,400,19,13,15
cda8b19a05af621d957a97a979b6fa9a,bebes,50,1220,6,16333,56,48,38
cdbda59a8f5cbd6a8020e6e2289b9960,utilidades_domesticas,41,1020,1,300,25,15,20
cdd914e78124a73cc28a165cfc4a0bbc,livros_tecnicos,34,1580,1,1800,29,3,21
cdeefdce9704b2a961a01e89b1f19e7b,informatica_acessorios,52,2518,2,400,28,6,20
ce066f4a83649651549d717c9b566816,esporte_lazer,49,831,1,2300,20,20,20
ce169d5f9421a6f21e41a7bf54d0b98e,instrumentos_musicais,41,163,1,500,30,20,30
ce582a7aa032280b20a5f169195202e7,bebes,30,309,1,150,16,5,16
ce6f74096c84567f22728c84f3d6e7fc,cama_mesa_banho,60,352,2,1300,30,10,30
ce87eb0f80420c505b53adef21bf93d6,livros_tecnicos,18,612,1,500,23,2,16
ce9b5e2f3503d1142f9c9866db452633,utilidades_domesticas,53,335,5,1800,30,50,30
ceb25e5f3be12c14a1c69bd9e9e0f67f,brinquedos,51,1510,7,318,19,23,18
cebed2cb3b44b298e374ec88155024f6,fashion_bolsas_e_acessorios,42,353,1,250,16,2,11
cef9d587c2c31442c9b95eef617db1f4,telefonia,54,838,2,600,16,2,11
cf45cea95e6b4d46e80fe098eda10c8f,perfumaria,49,1814,1,350,36,6,22
cf5407ad3a5c603fa46d5c2613661a09,pet_shop,49,410,2,8750,45,28,45
cf6020146772dc8cdcd583c1651170a1,papelaria,59,223,4,5150,60,20,29
cf8316c961640d38321241895b7811c2,cama_mesa_banho,56,189,1,1800,46,3,34
cf84f4d055494a42ee49d58b5f82afa2,beleza_saude,56,2137,1,1600,30,30,16
cf857bce01d442bb8631a548a4432def,bebes,56,1123,4,1533,39,13,32
cf8c83ef74f69705d1bec196473b1b45,cama_mesa_banho,36,183,1,600,20,40,30
cfb133b7458336455fa60b97ac3aaba9,brinquedos,47,121,2,600,20,31,30
cfce05163d94540468fd6c92c62fa5db,utilidades_domesticas,60,766,1,8161,50,34,36
cfd652b39b87b4e06cf4ea106a32db47,cool_stuff,33,659,1,1250,42,25,15
cfe99a31516679fb9515881d25891570,fashion_calcados,35,222,5,500,29,12,23
cfe9e8e1f0400c8cc665d41722f34086,moveis_decoracao,44,696,4,1500,35,40,35
cfebc59cb2b67aa6a8c005c53c875616,moveis_decoracao,53,223,1,13200,56,48,38
d00af18ab556193d160b6ce26d232a96,esporte_lazer,42,2498,1,3000,22,31,22
d00c845d98a49bda7c00543fa86d2540,esporte_lazer,53,674,1,400,21,19,19
d00f6c52d2730de05fb409f09ab6e732,utilidades_domesticas,53,167,1,2150,30,19,25
d011223de539cd224b5c5c8082313d46,moveis_decoracao,50,676,2,2125,28,27,33
d017a2151d543a9885604dc62a3d9dcc,fashion_bolsas_e_acessorios,59,93,7,250,16,2,11
d018c7ba1ccfa2cb5c49f3874ee36e19,moveis_decoracao,51,225,1,2400,32,47,32
d02e5b014cc50a42a3ede0b3dc1fc63e,utilidades_domesticas,44,203,1,1100,19,22,19
d03a2a3433372ac8f9f6649d1dacadae,beleza_saude,60,919,1,150,22,3,15
d03a3e22b08287c1c29aa67a79f3b2ff,esporte_lazer,54,1099,8,5400,85,15,22
d12318481f2561883aa76eadb93f798c,beleza_saude,58,184,1,1100,20,12,13
d169836257fb54117a84c70913117d6f,informatica_acessorios,45,229,2,200,16,22,16
d1833b7b959fa2d25e6d970bda08f59e,instrumentos_musicais,52,1112,2,5400,21,39,41
d189fbf8b5d79a670cebcaaad68d77b2,papelaria,49,453,1,3000,30,10,30
d199462b8361a3e047e64595bce5b6ea,papelaria,49,483,2,550,20,20,20
d1a7965ac8d6ae62c9c1984434227cb6,informatica_acessorios,45,663,2,1100,30,30,20
d1c11e104455ab36d3e5b7458a9189d2,pet_shop,47,933,1,417,19,17,16
d1c427060a0f73f6b889a5c7c61f2ac4,informatica_acessorios,59,1893,1,6550,20,20,20
d2085f7e0f9533605386960fc7e987ec,ferramentas_jardim,40,207,4,150,16,2,11
d21bf4652c855ccafcf94116891cc7ce,fashion_roupa_masculina,33,1154,3,600,20,20,20
d22625c4bd160a54f96629f139153c74,esporte_lazer,42,3495,1,2386,29,30,26
d239ed6ed6dabbcbfd8a3b776e1ca50c,utilidades_domesticas,59,1199,10,30000,60,60,60
d274714b715480aa8ca7fca7d2524233,utilidades_domesticas,53,484,2,1590,38,20,23
d285360f29ac7fd97640bf0baef03de0,relogios_presentes,46,501,4,363,18,13,13
d2909bb1200f91eae8737b0baef36afb,brinquedos,27,261,2,990,32,37,18
d2c7a1e57b8f3e74095798f867334b36,relogios_presentes,52,222,5,300,16,2,11
d2f2c2b94c6ac44ece0bd0dd202c7939,moveis_decoracao,54,241,4,1050,32,12,32
d2f5484cbffe4ca766301b21ab9246dd,informatica_acessorios,51,448,1,180,16,9,16
d2fc2696871ca6b94af5deb0a8d5590d,livros_interesse_geral,32,1003,10,2500,17,25,12
d31338a9a593a25d79c8fd461f1602d8,eletronicos,52,489,3,200,31,18,38
d315b738a6e96f4d9710af966cb7cd5b,utilidades_domesticas,58,331,4,300,16,5,12
d328462624ad874c591813fcfadbf1a0,cama_mesa_banho,53,413,1,1850,42,11,36
d34347977e0997e8f5635d50e60b3c20,informatica_acessorios,58,926,3,167,16,4,11
d3450bc0d7d9c8a11a079aa78614e3f3,fashion_bolsas_e_acessorios,51,1398,1,200,16,2,20
d3796e73f7d260e45f5d5b9dc1c5a7a1,cama_mesa_banho,38,567,1,2600,37,23,35
d38b73f9519632415b56acb83abc77fa,utilidades_domesticas,54,620,3,1900,47,11,25
d39421ec4cc2bf52e35f8bf00f1ec314,beleza_saude,56,1534,1,1600,35,25,20
d3a1e0ce5009f1a816a6ba558908fdf0,eletroportateis,54,124,1,400,16,35,25
d3a8b40808854363a045f0f4131b0894,cama_mesa_banho,59,1101,1,2726,24,28,28
d3c044bd42d84a79e3b0c42662806a48,esporte_lazer,32,3831,1,150,16,16,11
d3c395bcfed8dcf4539f11fbc4094527,cool_stuff,48,1482,3,2650,30,40,28
d3c4c77b75d9e3c3d4ee9b1e40591b04,automotivo,47,800,2,183,18,7,13
d3ce671d83f4434fbe5a05ff93427ef0,telefonia,33,580,2,100,16,3,11
d3f90867737a01e4df1ff8879e235a9a,utilidades_domesticas,39,518,1,5100,60,17,90
d41a23bd2bc3ec10cfffc66c0611a290,moveis_decoracao,56,297,2,1000,100,5,20
d47ac622fbf41c4fc51f979a13862000,beleza_saude,35,675,1,185,16,14,12
d48bacc1dcd9c86bf1ed4ed2a303336c,brinquedos,52,752,3,1232,38,18,25
d4a3b5aa064bf44e74f1e71862bea22a,utilidades_domesticas,59,236,1,100,21,9,13
d4a4ff95f641981ed47802cce0ea5c88,fashion_bolsas_e_acessorios,46,129,1,100,16,10,15
d4fa4ad0e82fea0c12d7cf3f773a03b1,cama_mesa_banho,51,739,1,1300,20,40,20
d4fe034cde911805af12724d73fde7e0,cama_mesa_banho,53,867,1,1100,20,16,20
d58020f0dc3b18e41728f846f5072a6c,telefonia,58,678,3,150,17,8,14
d5991653e037ccb7af6ed7d94246b249,informatica_acessorios,42,363,1,922,30,15,17
d5ad2be418dec48e9d0c4745e431c384,informatica_acessorios,43,893,1,150,21,11,12
d5b703c271f43f9c588a6f512a00f77e,brinquedos,27,531,4,150,16,7,20
d5de9e83335830f4597d314e63845eb3,ferramentas_jardim,59,1125,6,11600,52,23,22
d605e53683803c3a25f24ac1597fdfbe,brinquedos,45,709,3,250,16,26,16
d63c1011f49d98b976c352955b1c4bea,beleza_saude,57,614,1,950,35,25,20
d67212d63e76d57ee86cec463681f842,automotivo,44,123,1,640,16,11,14
d692d19cee022f7acab76373f297ad6a,cama_mesa_banho,56,286,1,1850,70,17,50
d696750e550fd0f733979dd7e5dff921,utilidades_domesticas,44,916,2,950,53,5,13
d699f2079ed493d4c96bc4ce92838723,beleza_saude,39,330,1,600,20,35,20
d6b4d1a0d7b4224aa86e3ceff1d78217,eletroportateis,49,2370,2,8050,35,46,35
d6c0cf7f61cc2a5daa3a86d91d00497e,instrumentos_musicais,59,967,4,500,27,7,22
d6d73c1fe2e8c0e3e90e2421ffa4b963,informatica_acessorios,59,1165,3,800,31,9,11
d6f3bd7b1fc04fb1a2effb51ae44ab17,consoles_games,47,348,4,400,19,7,17
d7474b7ea7868cefdb2dba4e92345505,brinquedos,56,237,2,400,18,6,15
d76c049f36a5b4975aa3cf095a6fa499,informatica_acessorios,56,246,1,194,21,15,15
d790fcd60d4743d309fedf7e7bb4c902,beleza_saude,39,811,1,650,50,5,30
d85783d7c896fdb2fadbbc19c6a1c58e,,,,,700,30,12,20
d86408ff5f272d41f18d18f8cbefa1a3,pet_shop,27,2918,1,5300,30,30,35
d86963242e7dda7eed04f57e492ed655,brinquedos,47,453,1,1100,43,6,30
d87ee5661dc46c5bc7bc19780f6f8360,instrumentos_musicais,45,331,1,100,20,20,20
d881c75404b591b0912840f5401ae57a,relogios_presentes,55,1604,2,220,16,11,12
d8aa9936fd75e2d1cac692da307ff48a,perfumaria,38,85,1,500,20,20,20
d8aead84c0ff5356cacb9ac841ec3a5f,utilidades_domesticas,28,203,2,600,39,21,11
d8c8e837ccfe496c02186b5572df55ed,esporte_lazer,54,92,4,700,30,15,25
d8cabd83757ecf48a7d2628dee9135c1,perfumaria,38,775,1,553,20,12,16
d8de812ed5d981fc6a3984f4caa2aa05,esporte_lazer,44,1854,6,525,29,16,20
d8dee61c2034d6d075997acef1870e9b,,,,,300,16,7,20
d902e8400cd0c58b64ea157af940e670,bebes,52,786,2,3800,44,23,43
d982791b03ad95faaa03fc746ad04672,informatica_acessorios,35,1543,3,2300,42,29,28
d9bba71d1d1ad35925593d365a2ab43e,eletronicos,58,1473,1,1850,56,12,39
d9e7d13814ea50f9ae1f612ef6b3a1f1,cama_mesa_banho,55,556,1,650,16,10,16
da051bd767b7457572d55aba23fd846a,esporte_lazer,49,473,1,1075,22,23,22
da1cfaaffa7720fe28f26f18d52f5ad9,fashion_bolsas_e_acessorios,59,409,3,150,16,9,11
da3d93a1cb86a9e0369c04900f413a5d,ferramentas_jardim,39,1053,2,2660,34,25,16
da4c44449f78250fa54a9a21f337ac05,fashion_bolsas_e_acessorios,47,243,3,250,16,5,12
da6f9d8ce4950ad572b7b4fe7d7e6c90,beleza_saude,46,2184,3,275,21,3,15
da7a746a5e1464d8e8ee38bab3afa5b6,bebes,32,1531,2,900,30,40,50
da97969972a524bca894f97ea6bcff90,automotivo,43,186,2,400,35,4,25
dab2413ead0edda9967edbc9bda2a64e,telefonia,57,680,2,250,17,7,13
dabbb10b2f36548cf2aff2993f4cf5e2,brinquedos,53,1013,5,950,40,6,37
db1e6fed56643b852af3132d255d9ddc,cama_mesa_banho,54,289,1,4050,40,12,38
db25a58a5da5dfe2fd19f2604491bd27,eletroportateis,52,1074,1,900,16,10,16
db31f6c4f2b2a910fab39406640ef294,cama_mesa_banho,57,178,1,475,28,4,28
db5efde3ad0cc579b130d71c4b2db522,audio,40,232,1,6663,17,11,13
db6677c6f890ba1730c0b75bd8132579,beleza_saude,57,615,2,950,35,25,20
db6796aa712a2626572bb3d0b9a039cf,cama_mesa_banho,53,561,3,1350,45,15,35
db71a8783ee43c3bb7ac7fe8f0cf9e6b,instrumentos_musicais,48,1891,1,1350,35,25,35
db7f3f42ccab32fa6328b3063b278bcc,consoles_games,28,919,3,300,25,5,24
dbb4ce89c8ed5fb6fd901e2e51093179,utilidades_domesticas,34,545,3,2200,48,25,25
dbb67791e405873b259e4656bf971246,informatica_acessorios,32,321,1,207,17,12,13
dbe520fb381ad695a7e1f2807d20c765,pc_gamer,60,840,6,800,18,22,22
dbedc5c46934d0708dd37cccef1c2184,moveis_decoracao,60,87,1,1500,40,7,34
dc9f66a56b89e4278d921898a861a29a,,,,,200,22,3,22
dceb3f67aef3484498a7caa4ba50f484,ferramentas_jardim,49,551,3,8800,100,7,35
dcf52f4379548f058d90279fe9fc3f14,esporte_lazer,52,1192,1,400,33,21,27
dd0dcee76f9c12fff4bc0eb641d57c7f,eletronicos,44,431,1,250,25,7,14
dd4bb630f241ce3910d9595b395efeb5,pet_shop,23,1151,1,160,16,11,11
dd4c3b4ab7e001aaf385ea2e68952030,bebes,23,358,1,450,30,7,20
dd5a5e7b2b76089d6415070e8d6d5456,utilidades_domesticas,52,4,1,1450,27,29,26
dd841bf589f05e0948ddb0c8d2c749ab,moveis_decoracao,58,2084,2,1350,69,11,11
ddb1ee27e79832962326a8a79e3220f6,esporte_lazer,40,437,1,288,23,12,17
ddb9028236525b8ab493fc24f99e8d1a,cama_mesa_banho,60,268,1,1800,34,7,32
ddc50b859563aa0b3d663559f3696690,moveis_escritorio,30,1343,1,11113,58,55,24
ddceb6eef6af67e9fbbd4c148dbe5fd9,cool_stuff,52,516,1,4650,37,20,34
ddea6741f6642c13acc25c9fb9165e55,beleza_saude,63,2654,1,1750,16,16,15
ddebc97ddf43a9787d1ee7012e394ccc,cool_stuff,63,3976,3,2300,22,29,16
ddf1b126559b4800f031240ceda06a89,moveis_decoracao,47,863,1,2650,40,7,60
de18af36238944b4db169fd05ab9d541,telefonia,48,451,4,100,19,3,11
de1eee6c50298db6028af08bd88a702a,utilidades_domesticas,48,313,1,1100,25,12,35
de480e3ae31eea2d2d97d694c43172fc,informatica_acessorios,48,535,4,150,16,5,11
de533fe5b9448ea9792195806938dbf5,moveis_decoracao,51,676,1,1650,35,23,35
defce8530200d29d2c50f4ca66400e06,papelaria,53,890,3,8000,50,9,16
df3655ac9aa8c6cbfa63bdd8d3b09c50,telefonia,58,549,3,300,17,4,12
df3a9e7f7f59298a2bf47cc0917dae1d,,,,,800,23,5,31
df3ad3f81d16c72bccc160c5c81e40d3,telefonia,57,1311,2,50,18,6,11
df8951356a3ac20689379dffca179561,informatica_acessorios,51,418,1,813,29,16,16
dfb1a850d59b126de9fa01dcde19b43d,brinquedos,49,949,3,600,20,25,25
dfb97c88e066dc22165f31648efe1312,automotivo,53,597,1,5417,47,44,44
dfc9d9ea4c2fbabe7abb0066097d9905,cama_mesa_banho,54,797,1,3300,19,35,31
dfdb2655c564597331d2197ac771b2c0,perfumaria,44,206,1,120,16,16,16
dfec64aac9b864b2807a7be33222b75f,cama_mesa_banho,58,252,4,850,38,7,28
e0104b143b87f5f1e013446c12add851,relogios_presentes,32,611,4,700,17,13,15
e06506f28cebdffaab496680a2ed3a3e,utilidades_domesticas,38,489,6,368,20,12,13
e06f99e79036d681effa3de75989bf22,relogios_presentes,54,257,5,200,16,2,20
e070a61270050c4b1b704300f331cca6,pet_shop,57,558,1,850,30,20,30
e07510e0b85899f2e922f28bfc0643c2,relogios_presentes,40,777,4,325,19,8,12
e09b95d6c02bf2a7831c8edc25c57843,cool_stuff,40,1534,2,943,24,16,29
e0a36dd15c245dbe1a52080fd6d048b2,esporte_lazer,28,645,1,500,28,25,25
e0c53c03a642ddca93689255bd4af194,artigos_de_natal,54,821,2,283,16,12,14
e0cf79767c5b016251fe139915c59a26,beleza_saude,55,388,1,250,16,5,15
e0d64dcfaa3b6db5c54ca298ae101d05,relogios_presentes,35,514,2,4338,17,12,14
e135dad580bf1f80d9e2828e5e85e7a6,beleza_saude,56,1363,2,200,16,14,16
e146dbd6493fdfb50152400fc162f25a,esporte_lazer,38,1449,1,160,17,13,17
e178e8610a35f4d6c9b0934fb5e20e85,beleza_saude,33,577,1,929,24,16,20
e1963d980dceccd99cce847556e111ae,utilidades_domesticas,56,658,3,1500,30,24,20
e1bf2f209fd2b08e1af3ed71732d9008,pet_shop,34,630,1,127,18,10,14
e1e932dfb67414e80b87ad97688cf2a3,brinquedos,45,404,5,3850,52,7,55
e20be15ef3888b958c8a76a2f0edfc25,,,,,400,25,8,11
e20fcfa5bcdc5c4341d6680cca2bae68,esporte_lazer,48,265,2,950,60,15,15
e251ebd2858be1aa7d9b2087a6992580,ferramentas_jardim,34,511,4,8875,40,14,43
e255eb3c42d6fbb54d63d32e4095de49,utilidades_domesticas,60,236,1,100,21,9,13
e2600770da5cfd446d3e971c1d41b44c,informatica_acessorios,42,149,1,300,50,5,20
e2c3ed9aaddfd2312a6a5fe9b3ddadd3,brinquedos,53,579,1,675,22,24,21
e2e426d1332240070b0a836a854d057b,cama_mesa_banho,57,701,2,1100,50,12,12
e2fcaac49de7a3a90f0dc74d7b1e9f10,casa_conforto,60,249,3,4550,40,30,40
e307200b995cf8d99d85db7d09e4ba00,automotivo,59,295,1,61,21,2,15
e30a07181e238b29af319577b9bb22fe,beleza_saude,48,1250,2,1100,20,10,20
e357a8646a17191f03fd9f833a0fa29b,moveis_decoracao,52,1348,6,1175,34,20,22
e3735b32b9df1055b996a9dc680bfe27,telefonia,38,233,1,100,19,4,11
e3a3f867448d4e54c737944db7122dbd,cool_stuff,33,895,1,1100,42,25,15
e3af4b7c220aca1535b34416de24dfb7,brinquedos,32,254,1,250,16,10,11
e3b5a4c3f8512fe1315f05564e461ff4,informatica_acessorios,50,1150,1,500,16,12,16
e3c0fe9e5a36dc645cee4e5a2ec95f60,esporte_lazer,58,516,1,2450,29,25,16
e3de19106e36f3981c320553135a6610,esporte_lazer,58,2170,1,500,24,20,20
e3f7b3cbb0ccf1f1e361e6974b22e346,cama_mesa_banho,56,608,1,650,16,10,16
e3ffa5b25f4a372e7ccf597b6ceb6c90,bebes,57,2049,2,600,65,11,11
e40dacc1c350d93c25ee648abbdd9236,moveis_escritorio,53,953,1,9183,52,52,18
e41a6ac2f57a273eb0d214c7cbab5db9,moveis_escritorio,56,1085,1,8975,35,52,36
e4262d799e5dd6ed9c4b7937eb3be56f,perfumaria,44,135,3,400,22,4,15
e435ceb7ced9b8446defd858630454ed,beleza_saude,28,792,1,440,20,11,17
e44f675b60b3a3a2453ec36421e06f0f,esporte_lazer,35,1058,1,350,17,17,17
e47eff9f97c9536c9f768f86e13252f6,,,,,10250,40,32,32
e4985e03cd939f1a9f81c65e949f1688,beleza_saude,31,386,1,50,20,10,15
e4ca5b20cfe1a020e15e36fe14e880ee,eletronicos,46,331,1,125,20,13,18
e5196a46c6c0e0874d6e41ed149dcf20,cama_mesa_banho,46,128,1,250,40,4,30
e53e557d5a159f5aa2c5e995dfdf244b,informatica_acessorios,33,256,1,180,17,10,13
e5403f78625641d4ae41af599772fbfd,perfumaria,41,306,1,366,17,14,16
e5431fe7b289028ba2b453fafd45f0f8,moveis_sala,57,692,3,1350,50,11,40
e57b2d6510f090860888171c76b42b21,perfumaria,57,917,3,300,18,16,17
e57e360b85e2ef90b804521ee8e16909,eletrodomesticos_2,56,363,2,4100,22,37,22
e57eb018e37376580079825eb29a3419,relogios_presentes,43,878,1,300,16,14,11
e59dd207c69d86e890febadc796d1078,cool_stuff,54,850,1,125,16,12,12
e59f9160ef2e37fd48efdb84a4c30126,moveis_decoracao,42,993,1,1050,17,27,17
e5ae72c62ebfa708624f5029d609b160,informatica_acessorios,60,367,1,156,18,12,15
e5cac955339b48ea3b9773f034623e29,relogios_presentes,53,1271,1,282,17,11,14
e5d446c4355d56bf6c3b7be469a66a42,eletroportateis,48,748,1,11833,46,53,37
e5eadf9be70a4a9fa514019542fc330a,eletrodomesticos,48,543,2,1200,35,20,30
e5fe79a5ccd19d20b3b095bf73cf9b5d,perfumaria,37,742,1,258,23,15,18
e5ff2945f13a69162a72acc5170ba684,cama_mesa_banho,58,303,1,20600,61,52,44
e6659901062c8258ead0161dec94ec0e,moveis_decoracao,52,247,1,1750,20,20,20
e671b914e8cc916b75cecb4034143e31,malas_acessorios,36,560,4,1350,32,52,19
e6746d9281278108ca3319c4f0e6d05e,perfumaria,12,417,1,463,17,14,13
e67f32f0a3e66440cba31dc13d5cfb0b,telefonia,57,564,5,400,17,5,12
e69137c3731a8a094d7e2ad97f76c95f,perfumaria,47,918,1,150,16,9,11
e69d971f8bf365efb842b0d56f960682,fashion_roupa_masculina,35,325,2,400,30,5,30
e6b314a2236c162ede1a879f1075430f,informatica_acessorios,47,284,1,167,24,14,11
e6fd80a00ebb1a3e0d58a38555fbbf2c,informatica_acessorios,31,600,2,500,19,9,16
e70d8bce868310111ec36d96f6d80a9c,papelaria,35,332,2,100,16,6,11
e71ce72b19b83080d97cf4f06c90d096,esporte_lazer,57,1537,5,400,30,16,16
e729528d0513c6dfec158a515a47187b,esporte_lazer,56,574,4,5850,90,20,20
e745ef0b16caf129dfc0f4979c347619,fashion_bolsas_e_acessorios,59,409,3,150,16,9,11
e7467a3d68aba3dce30c17002bccd8da,esporte_lazer,59,772,1,2450,20,11,20
e7a6e03b3e02c37299f6ea8398a08629,automotivo,59,448,5,150,21,15,14
e7ab5dc415d1ef9ab700f49ce67adbdb,sinalizacao_e_seguranca,54,1049,1,300,20,11,15
e7c8819338fc9a87e81ea2d90898f612,ferramentas_jardim,27,320,1,4000,47,14,20
e7cc48a9daff5436f63d3aad9426f28b,telefonia,58,1500,4,700,32,15,21
e7d5464b94c9a5963f7c686fc80145ad,relogios_presentes,42,938,5,275,16,14,14
e7ef7e0bc312196681f8304cf7ddd92e,automotivo,37,269,3,6700,70,25,22
e80a0c4b0bb3f2f171f0fe8360513d90,fashion_roupa_masculina,34,185,1,225,19,27,27
e8316a4667e5870c85e906b1f062bde1,moveis_escritorio,58,1135,1,9200,53,52,17
e87b2200e1df21f624eea3e9bd087dc0,brinquedos,23,234,1,350,17,14,12
e8980f13841769bf1770127583697d59,fashion_bolsas_e_acessorios,50,521,7,100,16,3,17
e8ac111f2d0b0e9a43d2980d387d0e7c,beleza_saude,40,2521,1,3100,19,16,19
e8c389b93037dc27ba9eb2b1270ad55c,utilidades_domesticas,48,1544,1,9750,30,48,27
e8f7d2639ff8caa8b86e5973295898b7,fashion_esporte,30,543,2,150,20,10,16
e932008cf0ea7c93a077dd8d7e5f49eb,climatizacao,60,3270,4,7350,105,10,40
e96a50fc74fa04fd6f23b324d87a1a81,livros_importados,34,472,1,800,30,2,21
e97c75fa6d2e8a1b94aeb56327b25493,cama_mesa_banho,47,729,1,3050,20,30,30
e9a69340883a438c3f91739d14d3a56d,utilidades_domesticas,60,1912,5,3000,33,12,34
e9cf370eb883adbdcb4b8738057a9d8b,papelaria,54,1156,1,245,16,9,14
e9def91e99c8ecb7c5cef5e31506a056,brinquedos,34,867,2,500,19,11,20
e9ef247417650a07f8cf312c16904d74,cama_mesa_banho,57,1364,1,1600,21,8,18
ea0342e49437a3633a3a35c326aa1e46,cama_mesa_banho,32,212,3,940,35,20,48
ea1d9847778160f2d0c74950812fd8d0,automotivo,57,370,1,5600,30,25,25
ea2012e0b6ae52438a98f2c18108beed,beleza_saude,60,1451,2,250,16,16,16
ea44caac707f7f1325182a538007f838,bebes,59,809,5,6600,45,25,35
ea4f6504cf603bc9b3233999c4ba4ff8,beleza_saude,39,789,3,400,40,7,18
ea5774e69135147e6f0e1eb593d9b105,beleza_saude,55,1202,3,500,20,10,20
ea9b0b855335919945731f9368f83dc9,la_cuisine,51,232,1,8800,55,15,55
eaa26a34984cbfedc19b1e45f09f3c9a,cool_stuff,49,214,2,422,18,12,15
eac691ff8062bb3ed4f465466245accd,cama_mesa_banho,57,232,1,8875,48,43,53
eb8c629f70275fd1c4f809116cce1efc,moveis_decoracao,51,831,1,1400,20,30,20
eba7488e1c67729f045ab43fac426f2e,perfumaria,43,259,1,610,22,14,16
ebb7abe5ebd35c40595ab16a4ada5c9d,livros_tecnicos,32,3408,1,550,23,2,16
ec1faa2edc27ce32372fee59d1f9e969,perfumaria,57,571,1,200,17,10,12
ec268f069320a08af47861967e4d7bee,esporte_lazer,30,410,1,1207,24,25,21
ec2d43cc59763ec91694573b31f1c29a,cama_mesa_banho,38,735,5,800,20,20,20
ec5b3c8bb77ad22278f6e9d719a83de3,casa_conforto_2,46,348,1,700,65,18,28
ecb07a06fd523021fdce82a3c43a1a65,perfumaria,51,524,1,800,20,14,13
ecb092c44590e3c5867a4b8bb4f08ce5,beleza_saude,50,1362,1,725,22,14,17
ecf60cb41ee36163755ee427f85ef680,esporte_lazer,55,265,3,200,16,10,11
ecf9484703bdfb9cfcc1ac9c2084b567,utilidades_domesticas,57,270,5,11400,45,19,45
ed3d4d9d28256f0c6c2af63d199cd720,perfumaria,57,525,1,367,16,15,15
ed3f966cd58a4389bd3959ebf14f18c6,livros_interesse_geral,51,1095,2,600,30,4,20
ed46d1fbd7bf78ce79910c09fb892abb,esporte_lazer,52,406,1,800,20,25,25
ed5122a6a757a4fea8f32a6fb95a5135,cama_mesa_banho,25,250,1,1938,48,11,41
ed836edc15625c202f6ba85dbbe95c3a,relogios_presentes,59,564,3,200,16,2,11
ede062bcd13ef64b5cc87369e4edaf62,beleza_saude,58,391,1,250,16,5,15
ee2568e85817bc2c070154cec07135ac,brinquedos,39,111,2,400,20,31,30
ee406bf28024d97771c4b1e8b7e8e219,cool_stuff,54,629,1,1050,36,24,22
ee44bbb5a0629d88932b9b6fbadc5354,automotivo,60,270,1,250,16,6,16
ee5329ffbe604bebcf84b2fd7792024e,beleza_saude,53,84,1,250,23,7,15
ee7b75ae9c945d4775460a67051036db,utilidades_domesticas,59,156,1,775,23,21,17
ee92961b88199a0d4329a6beca8f63da,esporte_lazer,55,308,2,450,35,7,25
eee404f099d4035b0f3e4dc374669a31,portateis_casa_forno_e_cafe,57,194,1,150,16,11,11
eef398550dd9575d23eb2d8be74bd45a,,,,,1100,35,15,20
ef0e165d773ec293c5aeb5470a08b183,cool_stuff,57,1620,1,2250,16,40,16
ef1c671d636510846d72e7aa3af1e0a5,telefonia,60,220,4,300,17,4,12
ef66e63137bdd1b2e44aa968646fc1e3,moveis_decoracao,41,789,1,750,20,35,20
ef6fb97da4e206dd38306ba55b9d5cbe,cool_stuff,55,229,2,700,30,22,16
ef8856db4e302ad33dc4d91e40f7593c,esporte_lazer,29,531,2,1350,41,10,35
efa91c03c750cf82e0e9fc5523aca73c,moveis_decoracao,56,220,7,1000,31,11,26
efab00780753fd85d64e8c727c331a60,cama_mesa_banho,54,586,1,13650,50,50,50
efeb7b23db334d617250aca97cd3f1e8,cama_mesa_banho,51,404,1,1500,30,15,20
f0354861ab19941a53209c2acbb1b604,brinquedos,22,546,1,1007,33,27,22
f03859e4cc21018569f5ae7a03897ff4,consoles_games,47,458,2,150,18,2,16
f04c24eaa43e9192315d3aa0b3f00c1c,moveis_decoracao,54,492,1,1200,25,25,25
f0aeff7723abbe804226f96c5b1db7ef,esporte_lazer,57,371,4,233,19,6,14
f0b7332bf477f047972f58a8d70942ce,fashion_calcados,50,375,6,200,29,7,16
f0effb9347ed5787c680f4c756f0bbdb,papelaria,38,852,1,462,18,13,14
f0f3c686ec837b27ec9da08762d85317,automotivo,41,353,2,200,25,42,25
f0f5a9211c208c91441a70cb5241214e,esporte_lazer,59,2087,1,200,35,15,15
f102842fbe436027eeeb7fc76d3063aa,consoles_games,59,434,3,350,20,20,20
f107bcdf49e25fab8c0b66fbabb97fc1,construcao_ferramentas_construcao,59,1007,2,400,34,4,16
f111bc943c81722e3b96cb1d089026fb,automotivo,55,925,2,3300,65,25,25
f12a26f5ddd49ba9e1bf0ec9d0239326,beleza_saude,31,229,2,250,16,5,20
f177b434709ecb652dbee4f4b19aef2f,fashion_bolsas_e_acessorios,56,197,5,200,16,16,16
f18333439cbbfd0ae30acf09ae09c0f0,,,,,23300,56,48,40
f18ab2ae5b32acd3afdaa8c5f96087ec,esporte_lazer,48,33,2,400,20,20,20
f1c7f353075ce59d8a6f3cf58f419c9c,cama_mesa_banho,56,162,5,9750,35,12,30
f1d3e7a4605f6cd5f2a3cf9bde5c7845,market_place,40,565,3,1000,31,6,33
f1fe595ee7ef768b41bd9b246d13432d,ferramentas_jardim,52,1292,7,1900,17,13,31
f25bb6afe10215e774d598f4f79d74e8,brinquedos,54,491,4,1400,41,4,41
f264c1d9b20b5e4a340254d0405e613b,cool_stuff,48,874,1,1050,42,25,15
f27f3e8b4b3836e4d6cd756dfb83e750,esporte_lazer,48,1322,2,550,26,16,21
f2890c4d40c6794ce51e525c1ec37660,eletronicos,57,1925,2,5100,70,10,25
f2e53dd1670f3c376518263b3f71424d,cama_mesa_banho,53,236,2,1975,41,13,31
f2f411f86bd5bd427e28e2a30771761f,cama_mesa_banho,58,188,1,1150,44,2,35
f302b45f5aa089951788558a689713de,moveis_decoracao,46,783,4,350,22,5,15
f343690217692891e7a092d5c1e5eef7,beleza_saude,60,344,2,250,16,16,11
f35013cb05a9538a4428fa6161b2c96b,cama_mesa_banho,60,680,1,1275,19,17,23
f361fccba568fabe00db466f80626d1e,automotivo,20,908,1,75,17,8,13
f3bdb4d3d673cd7bb48636be1d431c0f,utilidades_domesticas,54,632,1,10325,56,23,31
f3c62fde9d2e2acf6c7c46648571c070,consoles_games,19,642,1,150,18,20,11
f3d1c2c26a2b8f3398af192dfdef56be,fashion_bolsas_e_acessorios,58,1666,6,100,17,5,18
f40876e0ef3cd5f9132b1f16b04b1346,beleza_saude,42,250,1,427,15,17,14
f41f2bc23bbc617dd7fe3bbe1168754a,malas_acessorios,56,302,2,950,42,22,26
f4470c119e77b79863901b5d2152fc6f,,,,,250,16,4,11
f457c5f0c72ba4cae17636c5174add2e,informatica_acessorios,54,573,2,150,16,4,16
f4f67ccaece962d013a4e1d7dc3a61f7,automotivo,52,603,1,7625,61,14,61
f4fb1fcc46bdd61b314fe0292175e5db,cool_stuff,53,270,1,850,33,44,19
f5043f8b770cb875d3157ec66f8a9dd3,telefonia,56,501,3,125,19,4,11
f521813909e310116b6b2f0b11f3dd44,moveis_decoracao,54,576,4,750,17,20,17
f538d01bc771eed83997a9e729627b73,bebes,49,796,2,100,16,8,11
f56e93f8bec270456dd5ec3272bd42f3,moveis_decoracao,63,1700,1,700,60,11,20
f5790565f09ac993cd58c68bc58c2daa,moveis_decoracao,36,849,1,600,20,15,20
f59062775ff63deba00e8b425f127e35,,,,,1400,32,36,20
f5b43eb04df32b98c282b6168cd72a5b,ferramentas_jardim,60,312,1,8800,33,102,26
f5f0e64686adaf487590fbb8a75a1d2c,esporte_lazer,51,929,1,2200,22,22,22
f699b297070aa38aaf3de9639302506a,esporte_lazer,55,3830,1,1250,31,32,31
f69c0a81b54c02376872d8bab620c55c,cool_stuff,57,2066,1,5700,33,44,19
f6ba4f9e6851627ea2d5ec8b06d471d2,automotivo,49,572,3,100,24,2,17
f6ce2f79a280fa3c1ddc114d34ab273d,eletroportateis,52,1074,1,1150,16,16,16
f6d6246239cec75f604b82f359cdf148,relogios_presentes,49,174,2,350,16,10,11
f6e0b7ccc34e4decc1b855f8da06a5fc,brinquedos,59,257,3,900,30,4,20
f6fa93875f4a7dac03e0a22143f4d815,cama_mesa_banho,37,212,2,450,25,9,19
f6fe388c9bfc145a2790437f1e4888d9,fashion_roupa_masculina,53,1434,2,300,16,2,11
f71f42e2381752836563b70beb542f80,informatica_acessorios,34,1078,2,250,41,2,29
f731f8587d4088c174397e010cf892a9,perfumaria,47,963,1,375,21,11,17
f7684280fac20a1c9cb683d7ea7d9514,informatica_acessorios,59,816,4,1725,29,31,16
f7a17d2c51d9df89a4f1711c4ac17f33,utilidades_domesticas,56,1245,5,350,22,8,19
f7bb503725fb4d7bb55301d5bceba728,esporte_lazer,48,1781,1,400,22,18,12
f7c758899e1679f82c7e9f006866674d,beleza_saude,59,1232,2,1300,16,20,20
f7dd5959f7e2832eb2acbfd9c2e2af19,fashion_bolsas_e_acessorios,28,673,1,100,17,7,12
f7de1b16a0e8b8c65d0f3761e89d5f2a,utilidades_domesticas,45,245,1,1650,40,30,30
f7f9a91ba39234c9bb9c7b159806f4d9,utilidades_domesticas,40,779,5,800,21,19,19
f8077831f3c3f393fb67b93c5acd8daf,casa_construcao,57,921,7,750,16,20,16
f819f0c84a64f02d3a5606ca95edd272,relogios_presentes,59,452,1,710,19,13,14
f81a1edab43cbf08299503316612bacf,automotivo,59,555,1,8400,61,13,61
f8328e9125f089a968fc6b36116c4bb9,esporte_lazer,45,1418,1,575,20,16,16
f849624adffb78b4cd40066ecf73aaeb,,,,,9400,45,39,33
f88585b513695493f26dbffb34c01e75,moveis_decoracao,60,149,1,500,30,16,26
f889fb87b505b73de10c18b93352469f,beleza_saude,60,919,1,150,22,3,15
f8b5807c6dfdce709e2872a820c1c7b1,instrumentos_musicais,59,905,4,650,26,10,22
f8b624d4e475bb8d1bddf1b65c6a64f6,utilidades_domesticas,46,323,1,2841,40,23,26
f8d86453c62a01cc2920531c0bdf194d,esporte_lazer,42,522,3,1150,27,16,22
f8dfab2c2740b7381e94ef1af03739b6,cool_stuff,31,303,1,9500,52,44,27
f8e5d2574bedbb98efe044c829386487,moveis_decoracao,36,592,1,2300,25,3,65
f8fd8cb547c24b155448d09bfc478059,moveis_sala,46,848,2,6950,61,11,46
f9088946a1127f1713187e8d1e0921c2,esporte_lazer,58,1622,1,2200,31,6,42
f9259c9e7c0f12c70f7a81409680a5ff,esporte_lazer,45,407,2,925,52,21,33
f9377612042bc929a4aae64a8dbc58da,automotivo,60,1957,1,50,18,10,16
f95d9369ebf76f811194c72bd22ff244,moveis_decoracao,60,1152,3,3700,45,11,65
f992bc38a69c993979545475f05ba50f,perfumaria,31,1097,2,308,22,17,20
f9b0ee95ce8b1ef8b50eecc5e0fa4348,esporte_lazer,59,2993,1,1250,23,23,23
f9ce5e5592c6836c379b156a1b043684,esporte_lazer,59,247,2,1250,60,15,15
fa1faf99691e04a296f0f8d11c58ac24,moveis_decoracao,48,3175,1,800,41,23,25
fa381a4a9af65ea5fc8f3829214045f9,esporte_lazer,60,1351,7,3050,62,10,22
fa7be99321f2dbb1e518d2139ccb1d39,esporte_lazer,63,1908,5,500,27,15,20
fa87bc5ccdd8ea6e54117916e485cb48,cama_mesa_banho,54,634,1,1000,16,10,16
fa93c0bb0bce886ddae9cb218afb8033,beleza_saude,49,1038,1,3700,21,16,31
faa268ecc8a8434cb4ebee091b3222d6,eletronicos,48,2276,4,1800,55,20,45
fab8297a9d2e7e1e756998675831f7e9,pet_shop,63,1440,3,6700,40,20,50
fad4c004f68304a86535ea71c79cfaa4,ferramentas_jardim,43,69,2,1400,16,11,11
fad534edb8f35664713c4b766fa473d4,cama_mesa_banho,58,81,1,400,20,2,15
fad9c24cf8c042a01ea0f381957f9ea5,cool_stuff,31,2101,4,500,16,6,16
fadced14c797b6382fe83c56c85f7eb0,construcao_ferramentas_seguranca,47,1446,3,520,19,13,16
fb01a5fc09b9b9563c2ee41a22f07d54,consoles_games,33,912,2,1500,33,25,11
fb10a064e6f5151ebfffc589e166c917,audio,44,236,1,1742,17,11,17
fb14dbd8b5d4195d70df81f35b593889,eletronicos,53,279,2,365,20,10,20
fb29f48bfea41db52e349454f433340e,informatica_acessorios,59,690,1,300,39,9,20
fb55982be901439613a95940feefd9ee,papelaria,52,211,2,7000,60,20,30
fb5dcf669bb92534be46c2fef1131651,telefonia_fixa,60,802,9,2250,23,6,23
fb783e3e545937820b57fe539b2c5a6c,cama_mesa_banho,57,189,1,1100,41,9,31
fb8c11da2e1b1634e879d1c3c6762dc2,pcs,56,1658,5,2400,16,31,39
fbb4594a7d9aff5d02ae898ee494b935,utilidades_domesticas,56,796,2,1250,16,35,22
fbcd62530875b193a5e21728242d77a4,relogios_presentes,53,582,2,100,20,7,15
fbce4c4cb307679d89a3bf3d3bb353b9,cama_mesa_banho,53,597,1,6550,30,30,30
fbd4031ddbc3d02b95834b62769d3ad0,utilidades_domesticas,55,375,2,10050,37,61,26
fc13bac52be6640d9a77f54894e2c0e6,beleza_saude,42,1158,1,550,17,9,13
fc1d8637c0268af3db482c14b7ef8e75,cama_mesa_banho,60,269,1,1700,34,7,32
fc2d17e60bdd3349a25f3ca6a802a91e,papelaria,52,486,2,500,20,20,20
fc470dc1924bf42ce34d83187505dbe4,instrumentos_musicais,57,55,1,150,20,7,15
fc4d6bb8b2fba6297e0bd65aaa38624a,fashion_bolsas_e_acessorios,59,438,5,150,19,9,11
fc5dd987f12a7b823a76a44aa1ba88f6,,,,,250,21,3,16
fca62108387e25005784da2f551466a1,moveis_decoracao,42,87,3,14600,84,8,84
fcf50ee5ad1f1a48671052487d2b0bff,informatica_acessorios,23,151,3,250,16,15,15
fcf6ad274391aea29f5d6e5ef9da5050,pet_shop,51,1592,2,513,19,15,18
fd1e94b07608d8b4a74b0c81dd4fe10e,brinquedos,50,874,2,1700,16,42,42
fd87595e4b416c50ca77899592f2bef3,cama_mesa_banho,55,505,6,1117,31,15,26
fd9222f5293048868b832e5179fa3ec5,bebes,55,973,2,2950,32,22,16
fda8e9e4aa94f525fc48f6777ff040ea,cool_stuff,33,412,4,13800,24,58,15
fdad06d08341796c0a7975fcaaba7a2e,utilidades_domesticas,60,555,6,650,52,8,12
fdc86b2fc0a185e4044ef057bb75a977,telefonia,28,763,5,175,21,16,18
fdd6cd13962a20732851bc7cefd37549,cama_mesa_banho,53,190,1,350,36,4,25
fdd84aefb08c8f8225e0b8c97429d53b,beleza_saude,59,1726,5,123,18,9,15
fde4e97b75bd817d8c4aef8de39ed4d9,fashion_bolsas_e_acessorios,39,582,6,150,16,9,11
fde71f25e699ca0a2a83a6c3a249b816,livros_importados,51,93,1,600,29,2,22
fe077ec80df6b4ee60bb4498d5ab1962,informatica_acessorios,56,195,1,200,16,15,15
fe406983ad8b9e20a5b18801f39ece27,cama_mesa_banho,43,410,1,3213,49,19,42
fe6a9515d655fa7936b8a7c841039f34,cool_stuff,29,266,3,5650,73,73,20
fe75529a267b76ac6e96f0c322a899a4,beleza_saude,33,374,1,304,20,15,15
fe95eb948375116da759c8ef60295001,cama_mesa_banho,58,556,1,800,45,15,35
fe9dfbe7f974621789683b7b78be2a16,beleza_saude,54,1131,3,5300,30,24,38
fef0296e6442db59700c92c692c90e90,construcao_ferramentas_jardim,40,275,1,150,16,4,11
ff26b56ca9aba312af54ea3f368af943,automotivo,31,574,1,500,45,30,11
ff29d8cb1cd0cd5ea37b80dac9939e1c,eletronicos,47,485,1,200,30,10,20
ff55834c0b3272853dfe62340f2bb91b,relogios_presentes,52,150,4,250,16,2,11
ff6caf9340512b8bf6d2a2a6df032cfa,,,,,200,16,5,12
ffa5d8273d8e03363bb4014de3f89dce,pet_shop,50,619,5,1150,40,20,30
ffaaddefb271481c66d4bd79844ecdae,utilidades_domesticas,45,316,1,200,25,10,20
ffc9caf33e2d1e9f44e3e06da19085f7,beleza_saude,22,279,1,2134,25,22,16
ffd4bf4306745865e5692f69bd237893,fashion_bolsas_e_acessorios,54,193,5,150,16,16,16
ffedbd68fa6f44e788ff6c2db8094715,livros_tecnicos,36,739,1,450,23,2,16
fff515ea94dbf35d54d256b3e39f0fea,relogios_presentes,57,641,1,450,28,10,18
